Index,ex_scene_encode,ex_scene_size,ex_object_encode,ex_object_size,ex_target_pos,ex_condition_encode,ex_lure,ex_lure_size,ex_lure_pos,ex_new,ex_new_scene_size,jitter_ITI,thisN,thisTrialN,thisRepN,slider_example.response,slider_example.rt,key_ex_rate.keys,key_ex_rate.rt,key_ex_rate.duration,Scene,Scene_Size,Condition_Encode,Object_Encode,Object_Size,Condition_Old,Correct_Key_Old,Obj_Lure,Lure_size,Target_pos,Lure_pos,Correct_key_AFC,slider_cong.response,slider_cong.rt,key_rate.keys,key_rate.rt,key_rate.duration,ex_scene_old_new,scene_size,condition_encode,key_ex_old.keys,key_ex_old.rt,key_ex_old.duration,key_item.keys,key_item.corr,key_item.rt,key_item.duration,key_ex_2AFC.keys,key_ex_2AFC.rt,key_ex_2AFC.duration,key_2AFC.keys,key_2AFC.corr,key_2AFC.rt,key_2AFC.duration,exemplo_PAL.thisRepN,exemplo_PAL.thisTrialN,exemplo_PAL.thisN,exemplo_PAL.thisIndex,trial_encode.thisRepN,trial_encode.thisTrialN,trial_encode.thisN,trial_encode.thisIndex,trial_ex_old.thisRepN,trial_ex_old.thisTrialN,trial_ex_old.thisN,trial_ex_old.thisIndex,trial_item.thisRepN,trial_item.thisTrialN,trial_item.thisN,trial_item.thisIndex,trial_ex_2AFC.thisRepN,trial_ex_2AFC.thisTrialN,trial_ex_2AFC.thisN,trial_ex_2AFC.thisIndex,trial_asso.thisRepN,trial_asso.thisTrialN,trial_asso.thisN,trial_asso.thisIndex,thisRow.t,notes,Welcome.started,text_hi.started,key_welcome.started,Welcome.stopped,Explanation_PAL.started,text_Explain_PAL.started,key_explain_PAL.started,Explanation_PAL.stopped,Explain_Rating.started,text_explain_rate.started,key_explain_rate.started,Explain_Rating.stopped,blank.started,image_blank.started,cross_25.started,cross_25.stopped,image_blank.stopped,blank.stopped,Example_PAL.started,image_ex_scene.started,image_ex_object.started,slider_example.started,text_example.started,key_ex_rate.started,slider_example.stopped,text_example.stopped,key_ex_rate.stopped,Example_PAL.stopped,exemplo_PAL.slider_example.response,exemplo_PAL.slider_example.rt,exemplo_PAL.key_ex_rate.keys,exemplo_PAL.key_ex_rate.rt,exemplo_PAL.key_ex_rate.duration,Start_PAL.started,text_end_ex.started,text_start_PAL.started,key_start_PAL.started,text_end_ex.stopped,Start_PAL.stopped,key_start_PAL.keys,key_start_PAL.rt,key_start_PAL.duration,Encode.started,image_scene_encode.started,image_object_encode.started,text_rating.started,slider_cong.started,key_rate.started,text_rating.stopped,slider_cong.stopped,key_rate.stopped,Encode.stopped,trial_encode.slider_cong.response,trial_encode.slider_cong.rt,trial_encode.key_rate.keys,trial_encode.key_rate.rt,trial_encode.key_rate.duration,image_scene_encode.stopped,image_object_encode.stopped,Pause_1.started,text_pausa1.started,Pause_1.stopped,n_trials_total,n_go,n_nogo,hits,misses,correct_rejections,false_alarms,go_accuracy_percent,nogo_accuracy_percent,mean_rt_go_correct,Go_Nogo_task.started,Go_Nogo_task.stopped,Cog_Oral.started,text_endGo.started,text_endGo.stopped,text_call.started,key_end_cog.started,text_call.stopped,Cog_Oral.stopped,key_end_cog.keys,key_end_cog.rt,key_end_cog.duration,Retomar.started,text_retomar.started,key_resp.started,Retomar.stopped,key_resp.keys,key_resp.rt,key_resp.duration,Explanation_Recall.started,text_explain_recall.started,key_continue.started,Explanation_Recall.stopped,Explain_Old_New.started,text_explain_old_new.started,key_explain_old.started,Explain_Old_New.stopped,key_explain_old.keys,key_explain_old.rt,key_explain_old.duration,Exemplo_old.started,image_exemplo_old_new.started,key_ex_old.started,text_ex_old.started,Exemplo_old.stopped,trial_ex_old.key_ex_old.keys,trial_ex_old.key_ex_old.rt,trial_ex_old.key_ex_old.duration,Start_Recall.started,text_start_recall.started,key_start_recall.started,Start_Recall.stopped,key_start_recall.keys,key_start_recall.rt,key_start_recall.duration,Old_New_Task.started,image_old_new.started,key_item.started,text_item.started,Old_New_Task.stopped,trial_item.key_item.keys,trial_item.key_item.corr,trial_item.key_item.rt,trial_item.key_item.duration,image_old_new.stopped,key_item.stopped,text_item.stopped,End_Old_New.started,text_end_item.started,key_resp_2.started,End_Old_New.stopped,key_resp_2.keys,key_resp_2.rt,key_resp_2.duration,Explain_2AFC.started,text_explain_2afc.started,key_end_explain_2afc.started,Explain_2AFC.stopped,key_end_explain_2afc.keys,key_end_explain_2afc.rt,key_end_explain_2afc.duration,Exemplo_2AFC.started,image_ex_2AFC.started,image_ex_target.started,image_ex_lure.started,key_ex_2AFC.started,Exemplo_2AFC.stopped,trial_ex_2AFC.key_ex_2AFC.keys,trial_ex_2AFC.key_ex_2AFC.rt,trial_ex_2AFC.key_ex_2AFC.duration,trial_2AFC.started,image_scene_2AFC.started,key_2AFC.started,image_target.started,image_lure.started,trial_2AFC.stopped,trial_asso.key_2AFC.keys,trial_asso.key_2AFC.corr,trial_asso.key_2AFC.rt,trial_asso.key_2AFC.duration,image_scene_2AFC.stopped,key_2AFC.stopped,image_target.stopped,image_lure.stopped,end.started,text_end.started,text_end.stopped,end.stopped,participant,session,date,expName,psychopyVersion,frameRate,expStart,
,,,,,,,,,,,,,,,,,,,,,,,,,,,,,,,,,,,,,,,,,,,,,,,,,,,,,,,,,,,,,,,,,,,,,,,,,,,,,,,,,0.049721699999281554,0.05197520000001532,0.05197520000001532,51.78490359999887,,,,,,,,,,,,,,,,,,,,,,,,,,,,,,,,,,,,,,,,,,,,,,,,,,,,,,,,,,,,,,,,,,,,,,,,,,,,,,,,,,,,,,,,,,,,,,,,,,,,,,,,,,,,,,,,,,,,,,,,,,,,,,,,,,,,,,,,,,,,,,,,,,,,,,,,,,,,,,,,,,,,,,,AR2804,001,2026-04-28_12h23.38.692,SEED,2024.2.5,60.0629459672694,2026-04-28 12h27.11.358474 +0100,
,,,,,,,,,,,,,,,,,,,,,,,,,,,,,,,,,,,,,,,,,,,,,,,,,,,,,,,,,,,,,,,,,,,,,,,,,,,,,,,,,,,,,51.78492770000048,51.79943160000039,53.79958979999901,64.69978330000049,,,,,,,,,,,,,,,,,,,,,,,,,,,,,,,,,,,,,,,,,,,,,,,,,,,,,,,,,,,,,,,,,,,,,,,,,,,,,,,,,,,,,,,,,,,,,,,,,,,,,,,,,,,,,,,,,,,,,,,,,,,,,,,,,,,,,,,,,,,,,,,,,,,,,,,,,,,,,,,,,,,AR2804,001,2026-04-28_12h23.38.692,SEED,2024.2.5,60.0629459672694,2026-04-28 12h27.11.358474 +0100,
,,,,,,,,,,,,,,,,,,,,,,,,,,,,,,,,,,,,,,,,,,,,,,,,,,,,,,,,,,,,,,,,,,,,,,,,,,,,,,,,,,,,,,,,,64.6998134000005,64.71624990000055,66.69995149999886,71.3001449000003,,,,,,,,,,,,,,,,,,,,,,,,,,,,,,,,,,,,,,,,,,,,,,,,,,,,,,,,,,,,,,,,,,,,,,,,,,,,,,,,,,,,,,,,,,,,,,,,,,,,,,,,,,,,,,,,,,,,,,,,,,,,,,,,,,,,,,,,,,,,,,,,,,,,,,,,,,,,,,,AR2804,001,2026-04-28_12h23.38.692,SEED,2024.2.5,60.0629459672694,2026-04-28 12h27.11.358474 +0100,
Ex2,Scenes_Dataset/painting_workshop_A.jpg,"(600, 450)",Objects_Dataset/fish_hook.png,"(130, 200)","(300, 200)",incongruent,Objects_Dataset/barrier.png,"(300, 300)","(300, -200)",Scenes_Dataset/athletics_track_A,"(600, 450)",2.5,0,0,0,None,None,num_1,1.7354531000000861,0.17590740000014193,,,,,,,,,,,,,,,,,,,,,,,,,,,,,,,,,,,0,0,0,1,,,,,,,,,,,,,,,,,,,,,71.31657760000053,,,,,,,,,,,,,,71.30446200000006,71.31657760000053,73.54977680000047,73.79972909999924,73.81597080000029,73.79981709999993,73.81296040000052,73.81597080000029,73.81597080000029,76.30176329999995,76.30176329999995,76.30176329999995,78.79979339999954,78.79979339999954,78.79979339999954,78.8003761,None,None,num_1,1.7354531000000861,0.17590740000014193,,,,,,,,,,,,,,,,,,,,,,,,,,,,,,,,,,,,,,,,,,,,,,,,,,,,,,,,,,,,,,,,,,,,,,,,,,,,,,,,,,,,,,,,,,,,,,,,,,,,,,,,,,,,,,,,,,,,,,,,,,,,,,,,,,,,,,,,,,AR2804,001,2026-04-28_12h23.38.692,SEED,2024.2.5,60.0629459672694,2026-04-28 12h27.11.358474 +0100,
Ex3,Scenes_Dataset/cellars_A.jpg,"(600, 399)",Objects_Dataset/barrier.png,"(300, 300)","(300, -200)",incongruent,Objects_Dataset/hang_glider.png,"(450, 275)","(300, 200)",None,None,3,1,1,0,None,None,num_1,1.129369800000859,0.15995789999942644,,,,,,,,,,,,,,,,,,,,,,,,,,,,,,,,,,,0,1,1,2,,,,,,,,,,,,,,,,,,,,,78.81641320000017,,,,,,,,,,,,,,78.80055859999993,78.81641320000017,81.04982410000048,81.29988690000027,81.82045379999909,81.80022629999985,81.81750509999983,81.82045379999909,81.82045379999909,84.29977750000035,84.29977750000035,84.29977750000035,86.80174009999973,86.80174009999973,86.80174009999973,86.80234550000023,None,None,num_1,1.129369800000859,0.15995789999942644,,,,,,,,,,,,,,,,,,,,,,,,,,,,,,,,,,,,,,,,,,,,,,,,,,,,,,,,,,,,,,,,,,,,,,,,,,,,,,,,,,,,,,,,,,,,,,,,,,,,,,,,,,,,,,,,,,,,,,,,,,,,,,,,,,,,,,,,,,AR2804,001,2026-04-28_12h23.38.692,SEED,2024.2.5,60.0629459672694,2026-04-28 12h27.11.358474 +0100,
Ex4,Scenes_Dataset/river_B.jpg,"(600, 450)",Objects_Dataset/drone.png,"(300, 144)","(300, 200)",congruent,Objects_Dataset/fish_hook.png,"(130, 200)","(300, -200)",None,None,2.5,2,2,0,None,None,num_2,0.6053941999998642,0.06389740000122401,,,,,,,,,,,,,,,,,,,,,,,,,,,,,,,,,,,0,2,2,3,,,,,,,,,,,,,,,,,,,,,86.81647799999882,,,,,,,,,,,,,,86.80255539999962,86.81647799999882,89.04992800000036,89.29997319999893,89.32148280000001,89.30040089999966,89.31683630000043,89.32148280000001,89.32148280000001,91.79982100000052,91.79982100000052,91.79982100000052,94.29999169999974,94.29999169999974,94.29999169999974,94.3180013000001,None,None,num_2,0.6053941999998642,0.06389740000122401,,,,,,,,,,,,,,,,,,,,,,,,,,,,,,,,,,,,,,,,,,,,,,,,,,,,,,,,,,,,,,,,,,,,,,,,,,,,,,,,,,,,,,,,,,,,,,,,,,,,,,,,,,,,,,,,,,,,,,,,,,,,,,,,,,,,,,,,,,AR2804,001,2026-04-28_12h23.38.692,SEED,2024.2.5,60.0629459672694,2026-04-28 12h27.11.358474 +0100,
Ex1,Scenes_Dataset/sky_A.jpg,"(600, 398)",Objects_Dataset/hang_glider.png,"(450, 275)","(300, -200)",congruent,Objects_Dataset/drone.png,"(300, 144)","(300, 200)",Scenes_Dataset/temple_A.jpg,"(600, 358)",2,3,3,0,None,None,num_3,1.2337962000001426,0.16778840000006312,,,,,,,,,,,,,,,,,,,,,,,,,,,,,,,,,,,0,3,3,0,,,,,,,,,,,,,,,,,,,,,94.33331159999943,,,,,,,,,,,,,,94.31826890000048,94.33331159999943,96.55021579999993,96.80480019999959,96.33345240000017,96.78397849999965,96.80174140000054,96.80480019999959,96.80480019999959,99.28358909999952,99.28358909999952,99.28358909999952,101.78362290000041,101.78362290000041,101.78362290000041,101.80118519999996,None,None,num_3,1.2337962000001426,0.16778840000006312,,,,,,,,,,,,,,,,,,,,,,,,,,,,,,,,,,,,,,,,,,,,,,,,,,,,,,,,,,,,,,,,,,,,,,,,,,,,,,,,,,,,,,,,,,,,,,,,,,,,,,,,,,,,,,,,,,,,,,,,,,,,,,,,,,,,,,,,,,AR2804,001,2026-04-28_12h23.38.692,SEED,2024.2.5,60.0629459672694,2026-04-28 12h27.11.358474 +0100,
,,,,,,,,,,,,,,,,,,,,,,,,,,,,,,,,,,,,,,,,,,,,,,,,,,,,,,,,,,,,,,,,,,,,,,,,,,,,,,,,,,,,,,,,,,,,,,,,,,,,,,,,,,,,,,,,,,101.80135130000053,101.81676530000004,103.28357700000015,103.28357700000015,103.31683059999887,105.15077220000057,space,1.8657863999997062,None,,,,,,,,,,,,,,,,,,,,,,,,,,,,,,,,,,,,,,,,,,,,,,,,,,,,,,,,,,,,,,,,,,,,,,,,,,,,,,,,,,,,,,,,,,,,,,,,,,,,,,,,,,,,,,,,,,,,,,,,,,,,,,,,,AR2804,001,2026-04-28_12h23.38.692,SEED,2024.2.5,60.0629459672694,2026-04-28 12h27.11.358474 +0100,
18,,,,,,,,,,,,2.85,0,0,0,,,,,,Scenes_Dataset/soccer_stadium_B.jpg,"(600, 400)",Congruent,Objects_Dataset/football_boots.png,"(300, 300)",old,left,Objects_Dataset/whistle.png,"(200, 151)","(300, -200)","(300, 200)",down,None,None,num_3,1.2390034000000014,0.20796770000015385,,,,,,,,,,,,,,,,,,,,,,0,0,0,17,,,,,,,,,,,,,,,,,105.17741980000028,,,,,,,,,,,,,,105.175536499999,105.17741980000028,107.40013460000046,107.65024219999941,108.03784020000057,108.01754119999896,,,,,,,,,,,,,,,,,,,,,,,,,108.03537109999888,108.03784020000057,108.03784020000057,110.51819419999993,110.51819419999993,110.51819419999993,113.01727249999931,113.01727249999931,113.01727249999931,113.03472429999965,None,None,num_3,1.2390034000000014,0.20796770000015385,,,,,,,,,,,,,,,,,,,,,,,,,,,,,,,,,,,,,,,,,,,,,,,,,,,,,,,,,,,,,,,,,,,,,,,,,,,,,,,,,,,,,,,,,,,,,,,,,,,,,,,,,,,,,,,,,,AR2804,001,2026-04-28_12h23.38.692,SEED,2024.2.5,60.0629459672694,2026-04-28 12h27.11.358474 +0100,
24,,,,,,,,,,,,3.15,1,1,0,,,,,,Scenes_Dataset/marina_A.jpg,"(600, 450)",Congruent,Objects_Dataset/sailor_hat.png,"(300, 250)",old,left,Objects_Dataset/rope.png,"(300, 248)","(300, -200)","(300, 200)",down,None,None,num_3,1.4177263000001403,0.22372229999928095,,,,,,,,,,,,,,,,,,,,,,0,1,1,23,,,,,,,,,,,,,,,,,113.05030169999918,,,,,,,,,,,,,,113.0349972999993,113.05030169999918,115.26715689999946,115.51708990000043,116.20268279999982,116.1840145999995,,,,,,,,,,,,,,,,,,,,,,,,,116.19996580000043,116.20268279999982,116.20268279999982,118.68371079999997,118.68371079999997,118.68371079999997,121.1841800000002,121.1841800000002,121.1841800000002,121.18534809999983,None,None,num_3,1.4177263000001403,0.22372229999928095,,,,,,,,,,,,,,,,,,,,,,,,,,,,,,,,,,,,,,,,,,,,,,,,,,,,,,,,,,,,,,,,,,,,,,,,,,,,,,,,,,,,,,,,,,,,,,,,,,,,,,,,,,,,,,,,,,AR2804,001,2026-04-28_12h23.38.692,SEED,2024.2.5,60.0629459672694,2026-04-28 12h27.11.358474 +0100,
50,,,,,,,,,,,,3.15,2,2,0,,,,,,Scenes_Dataset/playground_A.jpg,"(600, 337)",Incongruent,Objects_Dataset/water_dispenser.png,"(300, 300)",old,left,Objects_Dataset/wine_cork.png,"(250, 163)","(300, 200)","(300, -200)",up,None,None,num_2,1.482997200000682,0.2160208999994211,,,,,,,,,,,,,,,,,,,,,,0,2,2,49,,,,,,,,,,,,,,,,,121.20073479999883,,,,,,,,,,,,,,121.18576989999929,121.20073479999883,123.43381229999977,123.68379319999985,124.3610021000004,124.33446899999944,,,,,,,,,,,,,,,,,,,,,,,,,124.35538710000037,124.3610021000004,124.3610021000004,126.83424500000001,126.83424500000001,126.83424500000001,129.3342964000003,129.3342964000003,129.3342964000003,129.3518810000005,None,None,num_2,1.482997200000682,0.2160208999994211,,,,,,,,,,,,,,,,,,,,,,,,,,,,,,,,,,,,,,,,,,,,,,,,,,,,,,,,,,,,,,,,,,,,,,,,,,,,,,,,,,,,,,,,,,,,,,,,,,,,,,,,,,,,,,,,,,AR2804,001,2026-04-28_12h23.38.692,SEED,2024.2.5,60.0629459672694,2026-04-28 12h27.11.358474 +0100,
59,,,,,,,,,,,,2.3,3,3,0,,,,,,Scenes_Dataset/golf_course_A.jpg,"(600, 400)",Incongruent,Objects_Dataset/clothesline_retouched_2.png,"(350, 231)",old,left,Objects_Dataset/computer_monitor.png,"(300, 300)","(300, 200)","(300, -200)",up,None,None,num_1,0.27131610000105866,0.19984309999927063,,,,,,,,,,,,,,,,,,,,,,0,3,3,58,,,,,,,,,,,,,,,,,129.36765319999904,,,,,,,,,,,,,,129.3521923999997,129.36765319999904,131.58503810000002,131.85883920000015,131.66739570000027,131.83464599999934,,,,,,,,,,,,,,,,,,,,,,,,,131.85522289999972,131.85883920000015,131.85883920000015,134.33403319999888,134.33403319999888,134.33403319999888,136.83396989999892,136.83396989999892,136.83396989999892,136.85178319999977,None,None,num_1,0.27131610000105866,0.19984309999927063,,,,,,,,,,,,,,,,,,,,,,,,,,,,,,,,,,,,,,,,,,,,,,,,,,,,,,,,,,,,,,,,,,,,,,,,,,,,,,,,,,,,,,,,,,,,,,,,,,,,,,,,,,,,,,,,,,AR2804,001,2026-04-28_12h23.38.692,SEED,2024.2.5,60.0629459672694,2026-04-28 12h27.11.358474 +0100,
52,,,,,,,,,,,,3.25,4,4,0,,,,,,Scenes_Dataset/parking_lot_A.jpg,"(600, 397)",Incongruent,Objects_Dataset/digital_piano_retouched.png,"(350, 350)",old,left,Objects_Dataset/toothbrush.png,"(300, 215)","(300, 200)","(300, -200)",up,None,None,num_1,0.7003427999989071,0.2398218000016641,,,,,,,,,,,,,,,,,,,,,,0,4,4,51,,,,,,,,,,,,,,,,,136.86720549999882,,,,,,,,,,,,,,136.85218209999948,136.86720549999882,139.0841218000005,139.33414429999902,140.12814849999995,140.10156180000013,,,,,,,,,,,,,,,,,,,,,,,,,140.1251233999992,140.12814849999995,140.12814849999995,142.6168706999997,142.6168706999997,142.6168706999997,145.11956509999982,145.11956509999982,145.11956509999982,145.12015489999976,None,None,num_1,0.7003427999989071,0.2398218000016641,,,,,,,,,,,,,,,,,,,,,,,,,,,,,,,,,,,,,,,,,,,,,,,,,,,,,,,,,,,,,,,,,,,,,,,,,,,,,,,,,,,,,,,,,,,,,,,,,,,,,,,,,,,,,,,,,,AR2804,001,2026-04-28_12h23.38.692,SEED,2024.2.5,60.0629459672694,2026-04-28 12h27.11.358474 +0100,
15,,,,,,,,,,,,2.7,5,5,0,,,,,,Scenes_Dataset/river_A.jpg,"(600, 450)",Congruent,Objects_Dataset/kayak.png,"(450, 338)",old,left,Objects_Dataset/paddle.png,"(300, 299)","(300, -200)","(300, 200)",down,None,None,num_3,0.9169637000013608,0.22387939999862283,,,,,,,,,,,,,,,,,,,,,,0,5,5,14,,,,,,,,,,,,,,,,,145.13351489999877,,,,,,,,,,,,,,145.12037129999953,145.13351489999877,147.36712099999932,147.61718649999966,147.84815510000044,147.8188353000005,,,,,,,,,,,,,,,,,,,,,,,,,147.84484789999988,147.84815510000044,147.84815510000044,150.33621920000041,150.33621920000041,150.33621920000041,152.8363059000003,152.8363059000003,152.8363059000003,152.83720220000032,None,None,num_3,0.9169637000013608,0.22387939999862283,,,,,,,,,,,,,,,,,,,,,,,,,,,,,,,,,,,,,,,,,,,,,,,,,,,,,,,,,,,,,,,,,,,,,,,,,,,,,,,,,,,,,,,,,,,,,,,,,,,,,,,,,,,,,,,,,,AR2804,001,2026-04-28_12h23.38.692,SEED,2024.2.5,60.0629459672694,2026-04-28 12h27.11.358474 +0100,
48,,,,,,,,,,,,3.05,6,6,0,,,,,,Scenes_Dataset/ballet_room_A.jpg,"(600, 398)",Incongruent,Objects_Dataset/hiking_boots.png,"(300, 300)",old,left,Objects_Dataset/bicycle_bell.png,"(250, 210)","(300, 200)","(300, -200)",up,None,None,num_1,1.0375392999994801,0.22389990000010584,,,,,,,,,,,,,,,,,,,,,,0,6,6,47,,,,,,,,,,,,,,,,,152.85049459999937,,,,,,,,,,,,,,152.83755779999956,152.85049459999937,155.08394339999904,155.33545760000015,155.90445629999886,155.88455280000017,,,,,,,,,,,,,,,,,,,,,,,,,155.90183640000032,155.90445629999886,155.90445629999886,158.3836309999988,158.3836309999988,158.3836309999988,160.88384039999983,160.88384039999983,160.88384039999983,160.90191550000054,None,None,num_1,1.0375392999994801,0.22389990000010584,,,,,,,,,,,,,,,,,,,,,,,,,,,,,,,,,,,,,,,,,,,,,,,,,,,,,,,,,,,,,,,,,,,,,,,,,,,,,,,,,,,,,,,,,,,,,,,,,,,,,,,,,,,,,,,,,,AR2804,001,2026-04-28_12h23.38.692,SEED,2024.2.5,60.0629459672694,2026-04-28 12h27.11.358474 +0100,
4,,,,,,,,,,,,2.15,7,7,0,,,,,,Scenes_Dataset/pastry_shop_A.jpg,"(600, 400)",Congruent,Objects_Dataset/cake_holder.png,"(300, 209)",old,left,Objects_Dataset/cake_tongs_retouched.png,"(300, 75)","(300, -200)","(300, 200)",down,None,None,num_3,1.0636938999996346,0.23201789999984612,,,,,,,,,,,,,,,,,,,,,,0,7,7,3,,,,,,,,,,,,,,,,,160.91749379999965,,,,,,,,,,,,,,160.90245080000022,160.91749379999965,163.13410519999888,163.38738319999902,163.0673702999993,163.36766809999972,,,,,,,,,,,,,,,,,,,,,,,,,163.38478439999926,163.38738319999902,163.38738319999902,165.869460599999,165.869460599999,165.869460599999,168.3673977999988,168.3673977999988,168.3673977999988,168.3853799999997,None,None,num_3,1.0636938999996346,0.23201789999984612,,,,,,,,,,,,,,,,,,,,,,,,,,,,,,,,,,,,,,,,,,,,,,,,,,,,,,,,,,,,,,,,,,,,,,,,,,,,,,,,,,,,,,,,,,,,,,,,,,,,,,,,,,,,,,,,,,AR2804,001,2026-04-28_12h23.38.692,SEED,2024.2.5,60.0629459672694,2026-04-28 12h27.11.358474 +0100,
34,,,,,,,,,,,,2.35,8,8,0,,,,,,Scenes_Dataset/flower_shop_A.jpg,"(600, 450)",Incongruent,Objects_Dataset/trumpet_retouched.png,"(300, 122)",old,left,Objects_Dataset/sailor_hat.png,"(300, 250)","(300, 200)","(300, -200)",up,None,None,num_1,0.8706478000003699,0.21589449999919452,,,,,,,,,,,,,,,,,,,,,,0,8,8,33,,,,,,,,,,,,,,,,,168.40077399999973,,,,,,,,,,,,,,168.38598590000038,168.40077399999973,170.6175476999997,170.8709715999994,170.75085059999947,170.8510783999991,,,,,,,,,,,,,,,,,,,,,,,,,170.86825599999975,170.8709715999994,170.8709715999994,173.35054219999984,173.35054219999984,173.35054219999984,175.85089999999946,175.85089999999946,175.85089999999946,175.8524082999993,None,None,num_1,0.8706478000003699,0.21589449999919452,,,,,,,,,,,,,,,,,,,,,,,,,,,,,,,,,,,,,,,,,,,,,,,,,,,,,,,,,,,,,,,,,,,,,,,,,,,,,,,,,,,,,,,,,,,,,,,,,,,,,,,,,,,,,,,,,,AR2804,001,2026-04-28_12h23.38.692,SEED,2024.2.5,60.0629459672694,2026-04-28 12h27.11.358474 +0100,
39,,,,,,,,,,,,2.6,9,9,0,,,,,,Scenes_Dataset/garage_A.jpg,"(600, 397)",Incongruent,Objects_Dataset/crown.png,"(300, 249)",old,left,Objects_Dataset/oxygen_mask_retouched.png,"(300, 300)","(300, 200)","(300, -200)",up,None,None,num_1,1.3264423000000534,0.22408750000067812,,,,,,,,,,,,,,,,,,,,,,0,9,9,38,,,,,,,,,,,,,,,,,175.86826409999958,,,,,,,,,,,,,,175.85290429999986,175.86826409999958,178.10104859999956,178.35094240000035,178.47542070000054,178.45141390000026,,,,,,,,,,,,,,,,,,,,,,,,,178.4727296000001,178.47542070000054,178.47542070000054,180.95071300000018,180.95071300000018,180.95071300000018,183.45081769999888,183.45081769999888,183.45081769999888,183.4686726,None,None,num_1,1.3264423000000534,0.22408750000067812,,,,,,,,,,,,,,,,,,,,,,,,,,,,,,,,,,,,,,,,,,,,,,,,,,,,,,,,,,,,,,,,,,,,,,,,,,,,,,,,,,,,,,,,,,,,,,,,,,,,,,,,,,,,,,,,,,AR2804,001,2026-04-28_12h23.38.692,SEED,2024.2.5,60.0629459672694,2026-04-28 12h27.11.358474 +0100,
28,,,,,,,,,,,,2.05,10,10,0,,,,,,Scenes_Dataset/public_toilet_A.jpg,"(600, 375)",Congruent,Objects_Dataset/hands_dryer.png,"(350, 267)",old,left,Objects_Dataset/paper_towel_dispenser.png,"(300, 400)","(300, -200)","(300, 200)",down,None,None,num_3,0.7071467000005214,0.271982799999023,,,,,,,,,,,,,,,,,,,,,,0,10,10,27,,,,,,,,,,,,,,,,,183.48512269999992,,,,,,,,,,,,,,183.46910790000038,183.48512269999992,185.70104410000022,185.95957119999912,185.53441949999979,185.9348990999988,,,,,,,,,,,,,,,,,,,,,,,,,185.95669429999907,185.95957119999912,185.95957119999912,188.43403240000043,188.43403240000043,188.43403240000043,190.93426770000042,190.93426770000042,190.93426770000042,190.95227479999994,None,None,num_3,0.7071467000005214,0.271982799999023,,,,,,,,,,,,,,,,,,,,,,,,,,,,,,,,,,,,,,,,,,,,,,,,,,,,,,,,,,,,,,,,,,,,,,,,,,,,,,,,,,,,,,,,,,,,,,,,,,,,,,,,,,,,,,,,,,AR2804,001,2026-04-28_12h23.38.692,SEED,2024.2.5,60.0629459672694,2026-04-28 12h27.11.358474 +0100,
54,,,,,,,,,,,,2.05,11,11,0,,,,,,Scenes_Dataset/campsite_A.jpg,"(600, 402)",Incongruent,Objects_Dataset/door_mat.png,"(300, 300)",old,left,Objects_Dataset/remote_control.png,"(300, 293)","(300, 200)","(300, -200)",up,None,None,num_2,1.0716470000006666,0.2320464999993419,,,,,,,,,,,,,,,,,,,,,,0,11,11,53,,,,,,,,,,,,,,,,,190.9677453000004,,,,,,,,,,,,,,190.95272429999932,190.9677453000004,193.18452969999998,193.44046049999997,193.017828,193.4182970999991,,,,,,,,,,,,,,,,,,,,,,,,,193.43748810000034,193.44046049999997,193.44046049999997,195.9175352000002,195.9175352000002,195.9175352000002,198.4185626999988,198.4185626999988,198.4185626999988,198.4192922000002,None,None,num_2,1.0716470000006666,0.2320464999993419,,,,,,,,,,,,,,,,,,,,,,,,,,,,,,,,,,,,,,,,,,,,,,,,,,,,,,,,,,,,,,,,,,,,,,,,,,,,,,,,,,,,,,,,,,,,,,,,,,,,,,,,,,,,,,,,,,AR2804,001,2026-04-28_12h23.38.692,SEED,2024.2.5,60.0629459672694,2026-04-28 12h27.11.358474 +0100,
30,,,,,,,,,,,,2.15,12,12,0,,,,,,Scenes_Dataset/locker_room_B.jpg,"(600, 399)",Congruent,Objects_Dataset/locker.png,"(264, 400)",old,left,Objects_Dataset/slippers.png,"(280, 300)","(300, -200)","(300, 200)",down,None,None,num_3,1.7934449000003951,0.25598490000083984,,,,,,,,,,,,,,,,,,,,,,0,12,12,29,,,,,,,,,,,,,,,,,198.4342985000003,,,,,,,,,,,,,,198.41953040000044,198.4342985000003,200.6678348000005,200.92700779999905,200.58447429999978,200.90173890000005,,,,,,,,,,,,,,,,,,,,,,,,,200.92391940000016,200.92700779999905,200.92700779999905,203.4037673999992,203.4037673999992,203.4037673999992,205.90110699999968,205.90110699999968,205.90110699999968,205.91918989999976,None,None,num_3,1.7934449000003951,0.25598490000083984,,,,,,,,,,,,,,,,,,,,,,,,,,,,,,,,,,,,,,,,,,,,,,,,,,,,,,,,,,,,,,,,,,,,,,,,,,,,,,,,,,,,,,,,,,,,,,,,,,,,,,,,,,,,,,,,,,AR2804,001,2026-04-28_12h23.38.692,SEED,2024.2.5,60.0629459672694,2026-04-28 12h27.11.358474 +0100,
13,,,,,,,,,,,,2.6,13,13,0,,,,,,Scenes_Dataset/circus_A.jpg,"(600, 421)",Congruent,Objects_Dataset/unicycle_retouched.png,"(159, 300)",old,left,Objects_Dataset/juggling_balls_retouched.png,"(350, 197)","(300, -200)","(300, 200)",down,None,None,num_3,0.68367760000001,0.26384950000101526,,,,,,,,,,,,,,,,,,,,,,0,13,13,12,,,,,,,,,,,,,,,,,205.93518120000044,,,,,,,,,,,,,,205.91970419999961,205.93518120000044,208.15167420000034,208.40170480000052,208.54290949999995,208.51839780000046,,,,,,,,,,,,,,,,,,,,,,,,,208.5402637999996,208.54290949999995,208.54290949999995,211.01765369999885,211.01765369999885,211.01765369999885,213.51784550000048,213.51784550000048,213.51784550000048,213.53693269999894,None,None,num_3,0.68367760000001,0.26384950000101526,,,,,,,,,,,,,,,,,,,,,,,,,,,,,,,,,,,,,,,,,,,,,,,,,,,,,,,,,,,,,,,,,,,,,,,,,,,,,,,,,,,,,,,,,,,,,,,,,,,,,,,,,,,,,,,,,,AR2804,001,2026-04-28_12h23.38.692,SEED,2024.2.5,60.0629459672694,2026-04-28 12h27.11.358474 +0100,
35,,,,,,,,,,,,2.4,14,14,0,,,,,,Scenes_Dataset/dentist_A.jpg,"(600, 400)",Incongruent,Objects_Dataset/basketball.png,"(282, 300)",old,left,Objects_Dataset/chandelier_retouched.png,"(250, 300)","(300, 200)","(300, -200)",up,None,None,num_1,0.8078788000002532,0.2081432999984827,,,,,,,,,,,,,,,,,,,,,,0,14,14,34,,,,,,,,,,,,,,,,,213.55127170000014,,,,,,,,,,,,,,213.5371796999989,213.55127170000014,215.76798699999927,216.0256047999992,215.95149879999917,216.00210049999987,,,,,,,,,,,,,,,,,,,,,,,,,216.02300549999927,216.0256047999992,216.0256047999992,218.50126660000024,218.50126660000024,218.50126660000024,221.00150759999997,221.00150759999997,221.00150759999997,221.0193660999994,None,None,num_1,0.8078788000002532,0.2081432999984827,,,,,,,,,,,,,,,,,,,,,,,,,,,,,,,,,,,,,,,,,,,,,,,,,,,,,,,,,,,,,,,,,,,,,,,,,,,,,,,,,,,,,,,,,,,,,,,,,,,,,,,,,,,,,,,,,,AR2804,001,2026-04-28_12h23.38.692,SEED,2024.2.5,60.0629459672694,2026-04-28 12h27.11.358474 +0100,
2,,,,,,,,,,,,2.05,15,15,0,,,,,,Scenes_Dataset/waiting_room_A.jpg,"(600, 450)",Congruent,Objects_Dataset/clock.png,"(250, 248)",old,left,Objects_Dataset/water_dispenser.png,"(300, 300)","(300, -200)","(300, 200)",down,None,None,num_1,0.772492100000818,0.26407839999956195,,,,,,,,,,,,,,,,,,,,,,0,15,15,1,,,,,,,,,,,,,,,,,221.03492689999985,,,,,,,,,,,,,,221.0198803000003,221.03492689999985,223.25158109999938,223.50580919999993,223.08476239999982,223.48519110000052,,,,,,,,,,,,,,,,,,,,,,,,,223.5026610999994,223.50580919999993,223.50580919999993,225.98468589999902,225.98468589999902,225.98468589999902,228.48477429999912,228.48477429999912,228.48477429999912,228.50290379999933,None,None,num_1,0.772492100000818,0.26407839999956195,,,,,,,,,,,,,,,,,,,,,,,,,,,,,,,,,,,,,,,,,,,,,,,,,,,,,,,,,,,,,,,,,,,,,,,,,,,,,,,,,,,,,,,,,,,,,,,,,,,,,,,,,,,,,,,,,,AR2804,001,2026-04-28_12h23.38.692,SEED,2024.2.5,60.0629459672694,2026-04-28 12h27.11.358474 +0100,
56,,,,,,,,,,,,2.15,16,16,0,,,,,,Scenes_Dataset/fountain_A.jpg,"(600, 443)",Incongruent,Objects_Dataset/plasticine.png,"(250, 167)",old,left,Objects_Dataset/hands_dryer.png,"(350, 267)","(300, 200)","(300, -200)",up,None,None,None,,,,,,,,,,,,,,,,,,,,,,,,0,16,16,55,,,,,,,,,,,,,,,,,228.51868019999893,,,,,,,,,,,,,,228.50335970000015,228.51868019999893,230.73514319999958,230.9927532999991,230.66848009999921,230.96889969999938,,,,,,,,,,,,,,,,,,,,,,,,,230.99017730000014,230.9927532999991,230.9927532999991,233.46815269999934,233.46815269999934,233.46815269999934,235.96834750000016,235.96834750000016,235.96834750000016,235.98772599999938,None,None,None,,,,,,,,,,,,,,,,,,,,,,,,,,,,,,,,,,,,,,,,,,,,,,,,,,,,,,,,,,,,,,,,,,,,,,,,,,,,,,,,,,,,,,,,,,,,,,,,,,,,,,,,,,,,,,,,,,,,AR2804,001,2026-04-28_12h23.38.692,SEED,2024.2.5,60.0629459672694,2026-04-28 12h27.11.358474 +0100,
32,,,,,,,,,,,,2.25,17,17,0,,,,,,Scenes_Dataset/elevator_A.jpg,"(600, 450)",Incongruent,Objects_Dataset/cake_tongs_retouched.png,"(300, 75)",old,left,Objects_Dataset/3d_glasses_retouched.png,"(300, 300)","(300, 200)","(300, -200)",up,None,None,num_2,1.1016529000007722,0.2561151999998401,,,,,,,,,,,,,,,,,,,,,,0,17,17,31,,,,,,,,,,,,,,,,,236.0016486000004,,,,,,,,,,,,,,235.98820759999944,236.0016486000004,238.21847329999946,238.47350430000006,238.25206029999936,238.4523552999999,,,,,,,,,,,,,,,,,,,,,,,,,238.47103199999947,238.47350430000006,238.47350430000006,240.95145599999887,240.95145599999887,240.95145599999887,243.45198039999923,243.45198039999923,243.45198039999923,243.4699576999992,None,None,num_2,1.1016529000007722,0.2561151999998401,,,,,,,,,,,,,,,,,,,,,,,,,,,,,,,,,,,,,,,,,,,,,,,,,,,,,,,,,,,,,,,,,,,,,,,,,,,,,,,,,,,,,,,,,,,,,,,,,,,,,,,,,,,,,,,,,,AR2804,001,2026-04-28_12h23.38.692,SEED,2024.2.5,60.0629459672694,2026-04-28 12h27.11.358474 +0100,
55,,,,,,,,,,,,2.1,18,18,0,,,,,,Scenes_Dataset/lake_A.jpg,"(600, 442)",Incongruent,Objects_Dataset/thermometer.png,"(300, 199)",old,left,Objects_Dataset/ticket_machine.png,"(200, 300)","(300, 200)","(300, -200)",up,None,None,num_1,1.6181679999990592,0.2877998000003572,,,,,,,,,,,,,,,,,,,,,,0,18,18,54,,,,,,,,,,,,,,,,,243.48519839999972,,,,,,,,,,,,,,243.47049379999953,243.48519839999972,245.70292019999943,245.95781299999908,245.5853460999988,245.93609669999933,,,,,,,,,,,,,,,,,,,,,,,,,245.95516639999914,245.95781299999908,245.95781299999908,248.43502249999983,248.43502249999983,248.43502249999983,250.93545470000026,250.93545470000026,250.93545470000026,250.95316189999903,None,None,num_1,1.6181679999990592,0.2877998000003572,,,,,,,,,,,,,,,,,,,,,,,,,,,,,,,,,,,,,,,,,,,,,,,,,,,,,,,,,,,,,,,,,,,,,,,,,,,,,,,,,,,,,,,,,,,,,,,,,,,,,,,,,,,,,,,,,,AR2804,001,2026-04-28_12h23.38.692,SEED,2024.2.5,60.0629459672694,2026-04-28 12h27.11.358474 +0100,
40,,,,,,,,,,,,2.65,19,19,0,,,,,,Scenes_Dataset/kindergarten_A.jpg,"(600, 338)",Incongruent,Objects_Dataset/payment_terminal.png,"(285, 300)",old,left,Objects_Dataset/message_bottle.png,"(284, 177)","(300, 200)","(300, -200)",up,None,None,num_1,1.8154066999995848,0.09584230000109528,,,,,,,,,,,,,,,,,,,,,,0,19,19,39,,,,,,,,,,,,,,,,,250.96860949999973,,,,,,,,,,,,,,250.95369480000045,250.96860949999973,253.18561380000028,253.43549770000027,253.62285899999915,253.60280789999888,,,,,,,,,,,,,,,,,,,,,,,,,253.6202016999996,253.62285899999915,253.62285899999915,256.10196390000056,256.10196390000056,256.10196390000056,258.60223190000033,258.60223190000033,258.60223190000033,258.6202659999999,None,None,num_1,1.8154066999995848,0.09584230000109528,,,,,,,,,,,,,,,,,,,,,,,,,,,,,,,,,,,,,,,,,,,,,,,,,,,,,,,,,,,,,,,,,,,,,,,,,,,,,,,,,,,,,,,,,,,,,,,,,,,,,,,,,,,,,,,,,,AR2804,001,2026-04-28_12h23.38.692,SEED,2024.2.5,60.0629459672694,2026-04-28 12h27.11.358474 +0100,
60,,,,,,,,,,,,2.35,20,20,0,,,,,,Scenes_Dataset/field_A.jpg,"(600, 403)",Incongruent,Objects_Dataset/computer_monitor.png,"(300, 300)",old,left,Objects_Dataset/plasticine.png,"(250, 167)","(300, 200)","(300, -200)",up,None,None,num_1,0.7561860999994678,0.22370240000054764,,,,,,,,,,,,,,,,,,,,,,0,20,20,59,,,,,,,,,,,,,,,,,258.6354271,,,,,,,,,,,,,,258.6207483999988,258.6354271,260.85263699999996,261.1093383999996,260.9859063999993,261.08621680000033,,,,,,,,,,,,,,,,,,,,,,,,,261.1065304999993,261.1093383999996,261.1093383999996,263.58520419999877,263.58520419999877,263.58520419999877,266.08552000000054,266.08552000000054,266.08552000000054,266.10343999999895,None,None,num_1,0.7561860999994678,0.22370240000054764,,,,,,,,,,,,,,,,,,,,,,,,,,,,,,,,,,,,,,,,,,,,,,,,,,,,,,,,,,,,,,,,,,,,,,,,,,,,,,,,,,,,,,,,,,,,,,,,,,,,,,,,,,,,,,,,,,AR2804,001,2026-04-28_12h23.38.692,SEED,2024.2.5,60.0629459672694,2026-04-28 12h27.11.358474 +0100,
44,,,,,,,,,,,,2.85,21,21,0,,,,,,Scenes_Dataset/boat_interior_A.jpg,"(600, 400)",Incongruent,Objects_Dataset/scooter_retouched.png,"(311, 350)",old,left,Objects_Dataset/car_mat.png,"(230, 258)","(300, 200)","(300, -200)",up,None,None,num_1,1.1127692999998544,0.21588419999898179,,,,,,,,,,,,,,,,,,,,,,0,21,21,43,,,,,,,,,,,,,,,,,266.1189151999988,,,,,,,,,,,,,,266.10394180000003,266.1189151999988,268.33566710000014,268.5856308000002,268.977259199999,268.95369240000036,,,,,,,,,,,,,,,,,,,,,,,,,268.9744238000003,268.977259199999,268.977259199999,271.4684421999991,271.4684421999991,271.4684421999991,273.9688084999998,273.9688084999998,273.9688084999998,273.97006820000024,None,None,num_1,1.1127692999998544,0.21588419999898179,,,,,,,,,,,,,,,,,,,,,,,,,,,,,,,,,,,,,,,,,,,,,,,,,,,,,,,,,,,,,,,,,,,,,,,,,,,,,,,,,,,,,,,,,,,,,,,,,,,,,,,,,,,,,,,,,,AR2804,001,2026-04-28_12h23.38.692,SEED,2024.2.5,60.0629459672694,2026-04-28 12h27.11.358474 +0100,
25,,,,,,,,,,,,3.2,22,22,0,,,,,,Scenes_Dataset/building_entrance_A.jpg,"(600, 400)",Congruent,Objects_Dataset/envelope_retouched.png,"(250, 211)",old,left,Objects_Dataset/door_mat.png,"(300, 300)","(300, -200)","(300, 200)",down,None,None,num_3,0.8314165000010689,0.2239079999999376,,,,,,,,,,,,,,,,,,,,,,0,22,22,24,,,,,,,,,,,,,,,,,273.98561100000006,,,,,,,,,,,,,,273.9705131999999,273.98561100000006,276.21897179999905,276.46903889999885,277.18794379999963,277.1720150000001,,,,,,,,,,,,,,,,,,,,,,,,,277.18514589999904,277.18794379999963,277.18794379999963,279.6856850000004,279.6856850000004,279.6856850000004,282.18588289999934,282.18588289999934,282.18588289999934,282.1872906999997,None,None,num_3,0.8314165000010689,0.2239079999999376,,,,,,,,,,,,,,,,,,,,,,,,,,,,,,,,,,,,,,,,,,,,,,,,,,,,,,,,,,,,,,,,,,,,,,,,,,,,,,,,,,,,,,,,,,,,,,,,,,,,,,,,,,,,,,,,,,AR2804,001,2026-04-28_12h23.38.692,SEED,2024.2.5,60.0629459672694,2026-04-28 12h27.11.358474 +0100,
22,,,,,,,,,,,,3.05,23,23,0,,,,,,Scenes_Dataset/cavern_A.jpg,"(600, 410)",Congruent,Objects_Dataset/canteen.png,"(150, 250)",old,left,Objects_Dataset/hiking_boots.png,"(300, 300)","(300, -200)","(300, 200)",down,None,None,num_2,1.1330476000002818,0.22380470000098285,,,,,,,,,,,,,,,,,,,,,,0,23,23,21,,,,,,,,,,,,,,,,,282.2025023999995,,,,,,,,,,,,,,282.1877175999998,282.2025023999995,284.43571689999953,284.6887558999988,285.2653723000003,285.2367037999993,,,,,,,,,,,,,,,,,,,,,,,,,285.26271669999915,285.2653723000003,285.2653723000003,287.7521349999988,287.7521349999988,287.7521349999988,290.25248929999907,290.25248929999907,290.25248929999907,290.2536717999992,None,None,num_2,1.1330476000002818,0.22380470000098285,,,,,,,,,,,,,,,,,,,,,,,,,,,,,,,,,,,,,,,,,,,,,,,,,,,,,,,,,,,,,,,,,,,,,,,,,,,,,,,,,,,,,,,,,,,,,,,,,,,,,,,,,,,,,,,,,,AR2804,001,2026-04-28_12h23.38.692,SEED,2024.2.5,60.0629459672694,2026-04-28 12h27.11.358474 +0100,
41,,,,,,,,,,,,2.7,24,24,0,,,,,,Scenes_Dataset/attic_A.jpg,"(600, 400)",Incongruent,Objects_Dataset/ticket_machine.png,"(200, 300)",old,left,Objects_Dataset/cake_holder.png,"(300, 209)","(300, 200)","(300, -200)",up,None,None,num_2,1.49693920000027,0.2480262999997649,,,,,,,,,,,,,,,,,,,,,,0,24,24,40,,,,,,,,,,,,,,,,,290.2692128999988,,,,,,,,,,,,,,290.2540885999988,290.2692128999988,292.4859304999991,292.73601099999905,292.97339959999954,292.9532025999997,,,,,,,,,,,,,,,,,,,,,,,,,292.9706269999988,292.97339959999954,292.97339959999954,295.4521827999997,295.4521827999997,295.4521827999997,297.9548995999994,297.9548995999994,297.9548995999994,297.9555608999999,None,None,num_2,1.49693920000027,0.2480262999997649,,,,,,,,,,,,,,,,,,,,,,,,,,,,,,,,,,,,,,,,,,,,,,,,,,,,,,,,,,,,,,,,,,,,,,,,,,,,,,,,,,,,,,,,,,,,,,,,,,,,,,,,,,,,,,,,,,AR2804,001,2026-04-28_12h23.38.692,SEED,2024.2.5,60.0629459672694,2026-04-28 12h27.11.358474 +0100,
9,,,,,,,,,,,,2.4,25,25,0,,,,,,Scenes_Dataset/childrens_room_A.jpg,"(600, 524)",Congruent,Objects_Dataset/abacus.png,"(185, 200)",old,left,Objects_Dataset/doll.png,"(191, 300)","(300, -200)","(300, 200)",down,None,None,num_3,0.7382113000003301,0.2079147999993438,,,,,,,,,,,,,,,,,,,,,,0,25,25,8,,,,,,,,,,,,,,,,,297.97055030000047,,,,,,,,,,,,,,297.95583649999935,297.97055030000047,300.20268099999885,300.4688538999999,300.3704780999997,300.4364504999994,,,,,,,,,,,,,,,,,,,,,,,,,300.46152900000016,300.4688538999999,300.4688538999999,302.93895899999916,302.93895899999916,302.93895899999916,305.4385669000003,305.4385669000003,305.4385669000003,305.4388541999997,None,None,num_3,0.7382113000003301,0.2079147999993438,,,,,,,,,,,,,,,,,,,,,,,,,,,,,,,,,,,,,,,,,,,,,,,,,,,,,,,,,,,,,,,,,,,,,,,,,,,,,,,,,,,,,,,,,,,,,,,,,,,,,,,,,,,,,,,,,,AR2804,001,2026-04-28_12h23.38.692,SEED,2024.2.5,60.0629459672694,2026-04-28 12h27.11.358474 +0100,
49,,,,,,,,,,,,3.1,26,26,0,,,,,,Scenes_Dataset/restaurant_A.jpg,"(600, 400)",Incongruent,Objects_Dataset/comb.png,"(250, 250)",old,left,Objects_Dataset/football_boots.png,"(300, 300)","(300, 200)","(300, -200)",up,None,None,num_1,0.6464813999991748,0.2160700000003999,,,,,,,,,,,,,,,,,,,,,,0,26,26,48,,,,,,,,,,,,,,,,,305.45463670000026,,,,,,,,,,,,,,305.4389711999993,305.45463670000026,307.6871969999993,307.93708479999987,308.55596329999935,308.53852019999977,,,,,,,,,,,,,,,,,,,,,,,,,308.5533524000002,308.55596329999935,308.55596329999935,311.03872930000034,311.03872930000034,311.03872930000034,313.5382443999988,313.5382443999988,313.5382443999988,313.5555476999998,None,None,num_1,0.6464813999991748,0.2160700000003999,,,,,,,,,,,,,,,,,,,,,,,,,,,,,,,,,,,,,,,,,,,,,,,,,,,,,,,,,,,,,,,,,,,,,,,,,,,,,,,,,,,,,,,,,,,,,,,,,,,,,,,,,,,,,,,,,,AR2804,001,2026-04-28_12h23.38.692,SEED,2024.2.5,60.0629459672694,2026-04-28 12h27.11.358474 +0100,
47,,,,,,,,,,,,3,27,27,0,,,,,,Scenes_Dataset/entrance_hall_B.jpg,"(600, 421)",Incongruent,Objects_Dataset/movie_reels.png,"(350, 268)",old,left,Objects_Dataset/payment_terminal.png,"(285, 300)","(300, 200)","(300, -200)",up,None,None,num_2,0.6299443999996583,0.2159382000008918,,,,,,,,,,,,,,,,,,,,,,0,27,27,46,,,,,,,,,,,,,,,,,313.5711300999992,,,,,,,,,,,,,,313.5557981000002,313.5711300999992,315.7868927999989,316.0394706999996,316.57583429999977,316.5541878999993,,,,,,,,,,,,,,,,,,,,,,,,,316.57307299999957,316.57583429999977,316.57583429999977,319.0552786999997,319.0552786999997,319.0552786999997,321.55471489999945,321.55471489999945,321.55471489999945,321.5551532999998,None,None,num_2,0.6299443999996583,0.2159382000008918,,,,,,,,,,,,,,,,,,,,,,,,,,,,,,,,,,,,,,,,,,,,,,,,,,,,,,,,,,,,,,,,,,,,,,,,,,,,,,,,,,,,,,,,,,,,,,,,,,,,,,,,,,,,,,,,,,AR2804,001,2026-04-28_12h23.38.692,SEED,2024.2.5,60.0629459672694,2026-04-28 12h27.11.358474 +0100,
19,,,,,,,,,,,,2.9,28,28,0,,,,,,Scenes_Dataset/island_A.jpg,"(600, 420)",Congruent,Objects_Dataset/message_bottle.png,"(284, 177)",old,left,Objects_Dataset/kayak.png,"(450, 338)","(300, -200)","(300, 200)",down,None,None,num_2,0.5856815999995888,0.1999654000010196,,,,,,,,,,,,,,,,,,,,,,0,28,28,18,,,,,,,,,,,,,,,,,321.5708445,,,,,,,,,,,,,,321.5552998000003,321.5708445,323.80459809999957,324.0712463999989,324.4695654999996,324.45507279999947,,,,,,,,,,,,,,,,,,,,,,,,,324.4666787999995,324.4695654999996,324.4695654999996,326.97155720000046,326.97155720000046,326.97155720000046,329.45585029999893,329.45585029999893,329.45585029999893,329.4561460999994,None,None,num_2,0.5856815999995888,0.1999654000010196,,,,,,,,,,,,,,,,,,,,,,,,,,,,,,,,,,,,,,,,,,,,,,,,,,,,,,,,,,,,,,,,,,,,,,,,,,,,,,,,,,,,,,,,,,,,,,,,,,,,,,,,,,,,,,,,,,AR2804,001,2026-04-28_12h23.38.692,SEED,2024.2.5,60.0629459672694,2026-04-28 12h27.11.358474 +0100,
12,,,,,,,,,,,,2.55,29,29,0,,,,,,Scenes_Dataset/castle_A.jpg,"(600, 450)",Congruent,Objects_Dataset/sword_retouched.png,"(300, 300)",old,left,Objects_Dataset/shield.png,"(199, 300)","(300, -200)","(300, 200)",down,None,None,num_3,0.4609608999999182,0.22395090000100026,,,,,,,,,,,,,,,,,,,,,,0,29,29,11,,,,,,,,,,,,,,,,,329.47068059999947,,,,,,,,,,,,,,329.4562728000001,329.47068059999947,331.7046389999996,331.9547077999996,332.0250544999999,332.00492870000016,,,,,,,,,,,,,,,,,,,,,,,,,332.02212789999976,332.0250544999999,332.0250544999999,334.50425749999886,334.50425749999886,334.50425749999886,337.00409749999926,337.00409749999926,337.00409749999926,337.0209329999998,None,None,num_3,0.4609608999999182,0.22395090000100026,,,,,,,,,,,,,,,,,,,,,,,,,,,,,,,,,,,,,,,,,,,,,,,,,,,,,,,,,,,,,,,,,,,,,,,,,,,,,,,,,,,,,,,,,,,,,,,,,,,,,,,,,,,,,,,,,,AR2804,001,2026-04-28_12h23.38.692,SEED,2024.2.5,60.0629459672694,2026-04-28 12h27.11.358474 +0100,
53,,,,,,,,,,,,2,30,30,0,,,,,,Scenes_Dataset/operating_room_A.jpg,"(600, 416)",Incongruent,Objects_Dataset/rope.png,"(300, 248)",old,left,Objects_Dataset/scooter_retouched.png,"(311, 350)","(300, 200)","(300, -200)",up,None,None,num_1,0.6170096999994712,0.19162920000053418,,,,,,,,,,,,,,,,,,,,,,0,30,30,52,,,,,,,,,,,,,,,,,337.0379962999996,,,,,,,,,,,,,,337.0212879999999,337.0379962999996,339.2716696999996,339.53873419999945,339.03796899999907,339.5215929999995,,,,,,,,,,,,,,,,,,,,,,,,,339.53602200000023,339.53873419999945,339.53873419999945,342.02042040000015,342.02042040000015,342.02042040000015,344.5370559999992,344.5370559999992,344.5370559999992,344.53760469999906,None,None,num_1,0.6170096999994712,0.19162920000053418,,,,,,,,,,,,,,,,,,,,,,,,,,,,,,,,,,,,,,,,,,,,,,,,,,,,,,,,,,,,,,,,,,,,,,,,,,,,,,,,,,,,,,,,,,,,,,,,,,,,,,,,,,,,,,,,,,AR2804,001,2026-04-28_12h23.38.692,SEED,2024.2.5,60.0629459672694,2026-04-28 12h27.11.358474 +0100,
10,,,,,,,,,,,,2.45,31,31,0,,,,,,Scenes_Dataset/toy_store_B.jpg,"(600, 415)",Congruent,Objects_Dataset/doll.png,"(191, 300)",old,left,Objects_Dataset/abacus.png,"(185, 200)","(300, -200)","(300, 200)",down,None,None,num_3,0.5726020000001881,0.20785149999937858,,,,,,,,,,,,,,,,,,,,,,0,31,31,9,,,,,,,,,,,,,,,,,344.55360010000004,,,,,,,,,,,,,,344.5378037999999,344.55360010000004,346.7877028999992,347.04096840000057,347.00451169999906,347.0209376999992,,,,,,,,,,,,,,,,,,,,,,,,,347.0382013999988,347.04096840000057,347.04096840000057,349.52056230000017,349.52056230000017,349.52056230000017,352.0206889000001,352.0206889000001,352.0206889000001,352.038296499999,None,None,num_3,0.5726020000001881,0.20785149999937858,,,,,,,,,,,,,,,,,,,,,,,,,,,,,,,,,,,,,,,,,,,,,,,,,,,,,,,,,,,,,,,,,,,,,,,,,,,,,,,,,,,,,,,,,,,,,,,,,,,,,,,,,,,,,,,,,,AR2804,001,2026-04-28_12h23.38.692,SEED,2024.2.5,60.0629459672694,2026-04-28 12h27.11.358474 +0100,
42,,,,,,,,,,,,2.75,32,32,0,,,,,,Scenes_Dataset/hut_A.jpg,"(600, 384)",Incongruent,Objects_Dataset/sled_retouched.png,"(450, 286)",old,left,Objects_Dataset/stapler.png,"(250, 178)","(300, 200)","(300, -200)",up,None,None,num_1,0.7100238999992143,0.17598270000053162,,,,,,,,,,,,,,,,,,,,,,0,32,32,41,,,,,,,,,,,,,,,,,352.053789399999,,,,,,,,,,,,,,352.03869920000034,352.053789399999,354.27087519999986,354.52118659999906,354.8116644999991,354.7878789000006,,,,,,,,,,,,,,,,,,,,,,,,,354.8070588999999,354.8116644999991,354.8116644999991,357.28716859999986,357.28716859999986,357.28716859999986,359.7873605999994,359.7873605999994,359.7873605999994,359.8062902999991,None,None,num_1,0.7100238999992143,0.17598270000053162,,,,,,,,,,,,,,,,,,,,,,,,,,,,,,,,,,,,,,,,,,,,,,,,,,,,,,,,,,,,,,,,,,,,,,,,,,,,,,,,,,,,,,,,,,,,,,,,,,,,,,,,,,,,,,,,,,AR2804,001,2026-04-28_12h23.38.692,SEED,2024.2.5,60.0629459672694,2026-04-28 12h27.11.358474 +0100,
37,,,,,,,,,,,,2.5,33,33,0,,,,,,Scenes_Dataset/vault_A.jpg,"(600, 398)",Incongruent,Objects_Dataset/fan.png,"(350, 350)",old,left,Objects_Dataset/cactus.png,"(300, 248)","(300, 200)","(300, -200)",up,None,None,num_2,1.4007959999999002,0.20796180000070308,,,,,,,,,,,,,,,,,,,,,,0,33,33,36,,,,,,,,,,,,,,,,,359.82084419999956,,,,,,,,,,,,,,359.80668909999986,359.82084419999956,362.03749919999973,362.2874847999992,362.3267632999996,362.30449430000044,,,,,,,,,,,,,,,,,,,,,,,,,362.3240793999994,362.3267632999996,362.3267632999996,364.8043266000004,364.8043266000004,364.8043266000004,367.3042174000002,367.3042174000002,367.3042174000002,367.3236016999999,None,None,num_2,1.4007959999999002,0.20796180000070308,,,,,,,,,,,,,,,,,,,,,,,,,,,,,,,,,,,,,,,,,,,,,,,,,,,,,,,,,,,,,,,,,,,,,,,,,,,,,,,,,,,,,,,,,,,,,,,,,,,,,,,,,,,,,,,,,,AR2804,001,2026-04-28_12h23.38.692,SEED,2024.2.5,60.0629459672694,2026-04-28 12h27.11.358474 +0100,
33,,,,,,,,,,,,2.3,34,34,0,,,,,,Scenes_Dataset/ice_rink_A.jpg,"(600, 450)",Incongruent,Objects_Dataset/paper_towel_dispenser.png,"(300, 400)",old,left,Objects_Dataset/saxophone.png,"(250, 250)","(300, 200)","(300, -200)",up,None,None,num_1,0.42957730000125594,0.18393730000025243,,,,,,,,,,,,,,,,,,,,,,0,34,34,32,,,,,,,,,,,,,,,,,367.3374908000005,,,,,,,,,,,,,,367.32398920000014,367.3374908000005,369.5542083,369.80448780000006,369.64011579999897,369.7876407999993,,,,,,,,,,,,,,,,,,,,,,,,,369.80143379999936,369.80448780000006,369.80448780000006,372.28756859999885,372.28756859999885,372.28756859999885,374.78765419999945,374.78765419999945,374.78765419999945,374.788653399999,None,None,num_1,0.42957730000125594,0.18393730000025243,,,,,,,,,,,,,,,,,,,,,,,,,,,,,,,,,,,,,,,,,,,,,,,,,,,,,,,,,,,,,,,,,,,,,,,,,,,,,,,,,,,,,,,,,,,,,,,,,,,,,,,,,,,,,,,,,,AR2804,001,2026-04-28_12h23.38.692,SEED,2024.2.5,60.0629459672694,2026-04-28 12h27.11.358474 +0100,
7,,,,,,,,,,,,2.3,35,35,0,,,,,,Scenes_Dataset/snow_B.jpg,"(600, 450)",Congruent,Objects_Dataset/wool_cap.png,"(250, 250)",old,left,Objects_Dataset/eskimo_coat.png,"(300, 300)","(300, -200)","(300, 200)",down,None,None,num_3,1.5780733999999939,0.21594139999979234,,,,,,,,,,,,,,,,,,,,,,0,35,35,6,,,,,,,,,,,,,,,,,374.80422499999986,,,,,,,,,,,,,,374.7890019999995,374.80422499999986,377.0387694000001,377.28770710000026,377.10434689999965,377.2715439000003,,,,,,,,,,,,,,,,,,,,,,,,,377.28041499999927,377.28770710000026,377.28770710000026,379.77110150000044,379.77110150000044,379.77110150000044,382.2710558999988,382.2710558999988,382.2710558999988,382.2717069999999,None,None,num_3,1.5780733999999939,0.21594139999979234,382.28771919999963,382.28771919999963,,,,,,,,,,,,,,,,,,,,,,,,,,,,,,,,,,,,,,,,,,,,,,,,,,,,,,,,,,,,,,,,,,,,,,,,,,,,,,,,,,,,,,,,,,,,,,,,,,,,,,,,,,,,,,,,AR2804,001,2026-04-28_12h23.38.692,SEED,2024.2.5,60.0629459672694,2026-04-28 12h27.11.358474 +0100,
5,,,,,,,,,,,,2.2,36,36,0,,,,,,Scenes_Dataset/movie_theater_A.jpg,"(600, 364)",Congruent,Objects_Dataset/3d_glasses_retouched.png,"(300, 300)",old,left,Objects_Dataset/movie_reels.png,"(350, 268)","(300, -200)","(300, 200)",down,None,None,num_3,0.4467571000004682,0.2079212999997253,,,,,,,,,,,,,,,,,,,,,,0,36,36,4,,,,,,,,,,,,,,,,,382.28771919999963,,,,,,,,,,,,,,382.2719199000003,382.28771919999963,384.521232699999,384.77090599999974,384.4878905000005,384.754873599999,,,,,,,,,,,,,,,,,,,,,,,,,384.76832599999943,384.77090599999974,384.77090599999974,387.25432609999916,387.25432609999916,387.25432609999916,389.75443239999913,389.75443239999913,389.75443239999913,389.75491599999987,None,None,num_3,0.4467571000004682,0.2079212999997253,389.7721746999996,389.7721746999996,,,,,,,,,,,,,,,,,,,,,,,,,,,,,,,,,,,,,,,,,,,,,,,,,,,,,,,,,,,,,,,,,,,,,,,,,,,,,,,,,,,,,,,,,,,,,,,,,,,,,,,,,,,,,,,,AR2804,001,2026-04-28_12h23.38.692,SEED,2024.2.5,60.0629459672694,2026-04-28 12h27.11.358474 +0100,
31,,,,,,,,,,,,2.2,37,37,0,,,,,,Scenes_Dataset/balcony.jpg,"(600, 450)",Incongruent,Objects_Dataset/car_key.png,"(300, 125)",old,left,Objects_Dataset/staple_puller_retouched.png,"(400, 400)","(300, 200)","(300, -200)",up,None,None,num_1,1.0512094000005163,0.19200649999947927,,,,,,,,,,,,,,,,,,,,,,0,37,37,30,,,,,,,,,,,,,,,,,389.7721746999996,,,,,,,,,,,,,,389.7551069000001,389.7721746999996,392.0045467,392.2546017000004,391.97139549999883,392.2381446999989,,,,,,,,,,,,,,,,,,,,,,,,,392.25204510000003,392.2546017000004,392.2546017000004,394.73800630000005,394.73800630000005,394.73800630000005,397.2381913999998,397.2381913999998,397.2381913999998,397.2393340999988,None,None,num_1,1.0512094000005163,0.19200649999947927,,,,,,,,,,,,,,,,,,,,,,,,,,,,,,,,,,,,,,,,,,,,,,,,,,,,,,,,,,,,,,,,,,,,,,,,,,,,,,,,,,,,,,,,,,,,,,,,,,,,,,,,,,,,,,,,,,AR2804,001,2026-04-28_12h23.38.692,SEED,2024.2.5,60.0629459672694,2026-04-28 12h27.11.358474 +0100,
43,,,,,,,,,,,,2.8,38,38,0,,,,,,Scenes_Dataset/home_office_A.jpg,"(600, 399)",Incongruent,Objects_Dataset/bicycle_bell.png,"(250, 210)",old,left,Objects_Dataset/unicycle_retouched.png,"(159, 300)","(300, 200)","(300, -200)",up,None,None,num_1,1.7471924999990733,0.18393400000059046,,,,,,,,,,,,,,,,,,,,,,0,38,38,42,,,,,,,,,,,,,,,,,397.2546760000005,,,,,,,,,,,,,,397.2397100999988,397.2546760000005,399.4880534999993,399.73806069999955,400.06136569999944,400.03870629999983,,,,,,,,,,,,,,,,,,,,,,,,,400.0587479000005,400.06136569999944,400.06136569999944,402.53795629999877,402.53795629999877,402.53795629999877,405.0379075000001,405.0379075000001,405.0379075000001,405.0559945999994,None,None,num_1,1.7471924999990733,0.18393400000059046,,,,,,,,,,,,,,,,,,,,,,,,,,,,,,,,,,,,,,,,,,,,,,,,,,,,,,,,,,,,,,,,,,,,,,,,,,,,,,,,,,,,,,,,,,,,,,,,,,,,,,,,,,,,,,,,,,AR2804,001,2026-04-28_12h23.38.692,SEED,2024.2.5,60.0629459672694,2026-04-28 12h27.11.358474 +0100,
27,,,,,,,,,,,,2,39,39,0,,,,,,Scenes_Dataset/toilet_A.jpg,"(600, 450)",Congruent,Objects_Dataset/toothbrush.png,"(300, 215)",old,left,Objects_Dataset/hairdryer_retouched.png,"(250, 241)","(300, -200)","(300, 200)",down,None,None,num_3,0.5912396000003355,0.2240512000007584,,,,,,,,,,,,,,,,,,,,,,0,39,39,26,,,,,,,,,,,,,,,,,405.07145839999976,,,,,,,,,,,,,,405.05634759999884,405.07145839999976,407.2881827000001,407.5414456999988,407.071552899999,407.5219302000005,,,,,,,,,,,,,,,,,,,,,,,,,407.5387649000004,407.5414456999988,407.5414456999988,410.0219111000006,410.0219111000006,410.0219111000006,412.5219658999995,412.5219658999995,412.5219658999995,412.5227649999997,None,None,num_3,0.5912396000003355,0.2240512000007584,,,,,,,,,,,,,,,,,,,,,,,,,,,,,,,,,,,,,,,,,,,,,,,,,,,,,,,,,,,,,,,,,,,,,,,,,,,,,,,,,,,,,,,,,,,,,,,,,,,,,,,,,,,,,,,,,,AR2804,001,2026-04-28_12h23.38.692,SEED,2024.2.5,60.0629459672694,2026-04-28 12h27.11.358474 +0100,
3,,,,,,,,,,,,2.1,40,40,0,,,,,,Scenes_Dataset/car_interior_A.jpg,"(600, 389)",Congruent,Objects_Dataset/car_mat.png,"(230, 258)",old,left,Objects_Dataset/car_key.png,"(300, 125)","(300, -200)","(300, 200)",down,None,None,num_3,0.4197730000014417,0.20794690000002447,,,,,,,,,,,,,,,,,,,,,,0,40,40,2,,,,,,,,,,,,,,,,,412.53855119999935,,,,,,,,,,,,,,412.52304209999966,412.53855119999935,414.7716719,415.0291460999997,414.6383442999995,415.0052371999991,,,,,,,,,,,,,,,,,,,,,,,,,415.02607890000036,415.0291460999997,415.0291460999997,417.50539579999895,417.50539579999895,417.50539579999895,420.00537189999886,420.00537189999886,420.00537189999886,420.00613669999984,None,None,num_3,0.4197730000014417,0.20794690000002447,,,,,,,,,,,,,,,,,,,,,,,,,,,,,,,,,,,,,,,,,,,,,,,,,,,,,,,,,,,,,,,,,,,,,,,,,,,,,,,,,,,,,,,,,,,,,,,,,,,,,,,,,,,,,,,,,,AR2804,001,2026-04-28_12h23.38.692,SEED,2024.2.5,60.0629459672694,2026-04-28 12h27.11.358474 +0100,
38,,,,,,,,,,,,2.55,41,41,0,,,,,,Scenes_Dataset/garden_A.jpg,"(600, 446)",Incongruent,Objects_Dataset/airplane_belt.png,"(300, 249)",old,left,Objects_Dataset/saline_retouched.png,"(300, 225)","(300, 200)","(300, -200)",up,None,None,num_1,0.9181901000010839,0.1760467999993125,,,,,,,,,,,,,,,,,,,,,,0,41,41,37,,,,,,,,,,,,,,,,,420.0220492999997,,,,,,,,,,,,,,420.00647050000043,420.0220492999997,422.2550013,422.505049899999,422.5781103999998,422.55539189999945,,,,,,,,,,,,,,,,,,,,,,,,,422.5753406999993,422.5781103999998,422.5781103999998,425.0548684000005,425.0548684000005,425.0548684000005,427.55554350000057,427.55554350000057,427.55554350000057,427.55651249999937,None,None,num_1,0.9181901000010839,0.1760467999993125,,,,,,,,,,,,,,,,,,,,,,,,,,,,,,,,,,,,,,,,,,,,,,,,,,,,,,,,,,,,,,,,,,,,,,,,,,,,,,,,,,,,,,,,,,,,,,,,,,,,,,,,,,,,,,,,,,AR2804,001,2026-04-28_12h23.38.692,SEED,2024.2.5,60.0629459672694,2026-04-28 12h27.11.358474 +0100,
14,,,,,,,,,,,,2.65,42,42,0,,,,,,Scenes_Dataset/palace_interior_A.jpg,"(600, 447)",Congruent,Objects_Dataset/chandelier_retouched.png,"(250, 300)",old,left,Objects_Dataset/crown.png,"(300, 249)","(300, -200)","(300, 200)",down,None,None,num_3,0.8676900999998907,0.2398828000004869,,,,,,,,,,,,,,,,,,,,,,0,42,42,13,,,,,,,,,,,,,,,,,427.5717421999998,,,,,,,,,,,,,,427.55703600000015,427.5717421999998,429.80517039999904,430.0551341999999,430.220997299999,430.2056047999995,,,,,,,,,,,,,,,,,,,,,,,,,430.21781439999904,430.220997299999,430.220997299999,432.7055036999991,432.7055036999991,432.7055036999991,435.20566469999903,435.20566469999903,435.20566469999903,435.20661850000033,None,None,num_3,0.8676900999998907,0.2398828000004869,,,,,,,,,,,,,,,,,,,,,,,,,,,,,,,,,,,,,,,,,,,,,,,,,,,,,,,,,,,,,,,,,,,,,,,,,,,,,,,,,,,,,,,,,,,,,,,,,,,,,,,,,,,,,,,,,,AR2804,001,2026-04-28_12h23.38.692,SEED,2024.2.5,60.0629459672694,2026-04-28 12h27.11.358474 +0100,
16,,,,,,,,,,,,2.75,43,43,0,,,,,,Scenes_Dataset/hair_salon_A.jpg,"(600, 386)",Congruent,Objects_Dataset/hairdryer_retouched.png,"(250, 241)",old,left,Objects_Dataset/comb.png,"(250, 250)","(300, -200)","(300, 200)",down,None,None,num_3,0.7585118999995757,0.2163007999988622,,,,,,,,,,,,,,,,,,,,,,0,43,43,15,,,,,,,,,,,,,,,,,435.22221739999986,,,,,,,,,,,,,,435.2069914999993,435.22221739999986,437.45540939999955,437.705260499999,437.9754123999992,437.9558154999995,,,,,,,,,,,,,,,,,,,,,,,,,437.97294390000025,437.9754123999992,437.9754123999992,440.45456600000034,440.45456600000034,440.45456600000034,442.9720588,442.9720588,442.9720588,442.97293009999885,None,None,num_3,0.7585118999995757,0.2163007999988622,,,,,,,,,,,,,,,,,,,,,,,,,,,,,,,,,,,,,,,,,,,,,,,,,,,,,,,,,,,,,,,,,,,,,,,,,,,,,,,,,,,,,,,,,,,,,,,,,,,,,,,,,,,,,,,,,,AR2804,001,2026-04-28_12h23.38.692,SEED,2024.2.5,60.0629459672694,2026-04-28 12h27.11.358474 +0100,
8,,,,,,,,,,,,2.35,44,44,0,,,,,,Scenes_Dataset/igloo_A.jpg,"(600, 450)",Congruent,Objects_Dataset/eskimo_coat.png,"(300, 300)",old,left,Objects_Dataset/wool_cap.png,"(250, 250)","(300, -200)","(300, 200)",down,None,None,num_3,0.42709800000011455,0.21603239999967627,,,,,,,,,,,,,,,,,,,,,,0,44,44,7,,,,,,,,,,,,,,,,,442.98817269999927,,,,,,,,,,,,,,442.9732337000005,442.98817269999927,445.2049386999988,445.4636790000004,445.3383443999992,445.4387373999998,,,,,,,,,,,,,,,,,,,,,,,,,445.46026429999984,445.4636790000004,445.4636790000004,447.9380349000003,447.9380349000003,447.9380349000003,450.43819950000034,450.43819950000034,450.43819950000034,450.45628880000004,None,None,num_3,0.42709800000011455,0.21603239999967627,,,,,,,,,,,,,,,,,,,,,,,,,,,,,,,,,,,,,,,,,,,,,,,,,,,,,,,,,,,,,,,,,,,,,,,,,,,,,,,,,,,,,,,,,,,,,,,,,,,,,,,,,,,,,,,,,,AR2804,001,2026-04-28_12h23.38.692,SEED,2024.2.5,60.0629459672694,2026-04-28 12h27.11.358474 +0100,
26,,,,,,,,,,,,3.25,45,45,0,,,,,,Scenes_Dataset/hospital_room_B.jpg,"(600, 400)",Congruent,Objects_Dataset/saline_retouched.png,"(300, 225)",old,left,Objects_Dataset/pills.png,"(216, 250)","(300, -200)","(300, 200)",down,None,None,num_3,0.6076625999994576,0.21598090000043157,,,,,,,,,,,,,,,,,,,,,,0,45,45,25,,,,,,,,,,,,,,,,,450.4717579999997,,,,,,,,,,,,,,450.4567881999992,450.4717579999997,452.68867130000035,452.9382817000005,453.73492629999964,453.7081860999988,,,,,,,,,,,,,,,,,,,,,,,,,453.73198149999916,453.73492629999964,453.73492629999964,456.22143349999897,456.22143349999897,456.22143349999897,458.72158619999936,458.72158619999936,458.72158619999936,458.72237289999975,None,None,num_3,0.6076625999994576,0.21598090000043157,,,,,,,,,,,,,,,,,,,,,,,,,,,,,,,,,,,,,,,,,,,,,,,,,,,,,,,,,,,,,,,,,,,,,,,,,,,,,,,,,,,,,,,,,,,,,,,,,,,,,,,,,,,,,,,,,,AR2804,001,2026-04-28_12h23.38.692,SEED,2024.2.5,60.0629459672694,2026-04-28 12h27.11.358474 +0100,
58,,,,,,,,,,,,2.25,46,46,0,,,,,,Scenes_Dataset/museum_A.jpg,"(600, 337)",Incongruent,Objects_Dataset/bikini.png,"(350, 350)",old,left,Objects_Dataset/clothesline_retouched_2.png,"(350, 231)","(300, 200)","(300, -200)",up,None,None,num_1,0.6038805999996839,0.175994899998841,,,,,,,,,,,,,,,,,,,,,,0,46,46,57,,,,,,,,,,,,,,,,,458.73831959999916,,,,,,,,,,,,,,458.7226966999988,458.73831959999916,460.97189660000004,461.2235664999989,460.9885009999998,461.20610189999934,,,,,,,,,,,,,,,,,,,,,,,,,461.22093099999984,461.2235664999989,461.2235664999989,463.7052696999999,463.7052696999999,463.7052696999999,466.22312749999946,466.22312749999946,466.22312749999946,466.22379790000014,None,None,num_1,0.6038805999996839,0.175994899998841,,,,,,,,,,,,,,,,,,,,,,,,,,,,,,,,,,,,,,,,,,,,,,,,,,,,,,,,,,,,,,,,,,,,,,,,,,,,,,,,,,,,,,,,,,,,,,,,,,,,,,,,,,,,,,,,,,AR2804,001,2026-04-28_12h23.38.692,SEED,2024.2.5,60.0629459672694,2026-04-28 12h27.11.358474 +0100,
45,,,,,,,,,,,,2.9,47,47,0,,,,,,Scenes_Dataset/factory_B.jpg,"(600, 415)",Incongruent,Objects_Dataset/shield.png,"(199, 300)",old,left,Objects_Dataset/trumpet_retouched.png,"(300, 122)","(300, 200)","(300, -200)",up,None,None,num_1,2.102413999999044,0.19192020000082266,,,,,,,,,,,,,,,,,,,,,,0,47,47,44,,,,,,,,,,,,,,,,,466.2385818999992,,,,,,,,,,,,,,466.2240655000005,466.2385818999992,468.4553176999998,468.7052595999994,469.1474572999996,469.1225964999994,,,,,,,,,,,,,,,,,,,,,,,,,469.14441239999906,469.1474572999996,469.1474572999996,471.6228331000002,471.6228331000002,471.6228331000002,474.1218190999989,474.1218190999989,474.1218190999989,474.1398986999993,None,None,num_1,2.102413999999044,0.19192020000082266,,,,,,,,,,,,,,,,,,,,,,,,,,,,,,,,,,,,,,,,,,,,,,,,,,,,,,,,,,,,,,,,,,,,,,,,,,,,,,,,,,,,,,,,,,,,,,,,,,,,,,,,,,,,,,,,,,AR2804,001,2026-04-28_12h23.38.692,SEED,2024.2.5,60.0629459672694,2026-04-28 12h27.11.358474 +0100,
46,,,,,,,,,,,,2.95,48,48,0,,,,,,Scenes_Dataset/skate_park_A.jpg,"(600, 450)",Incongruent,Objects_Dataset/paddle.png,"(300, 299)",old,left,Objects_Dataset/fan.png,"(350, 350)","(300, 200)","(300, -200)",up,None,None,num_1,0.792560500000036,0.1600787000006676,,,,,,,,,,,,,,,,,,,,,,0,48,48,45,,,,,,,,,,,,,,,,,474.15545419999944,,,,,,,,,,,,,,474.1403317000004,474.15545419999944,476.372267499999,476.6221243,477.1220357000002,477.0897781999993,,,,,,,,,,,,,,,,,,,,,,,,,477.11665080000057,477.1220357000002,477.1220357000002,479.58860749999985,479.58860749999985,479.58860749999985,482.10531359999914,482.10531359999914,482.10531359999914,482.1061119999995,None,None,num_1,0.792560500000036,0.1600787000006676,,,,,,,,,,,,,,,,,,,,,,,,,,,,,,,,,,,,,,,,,,,,,,,,,,,,,,,,,,,,,,,,,,,,,,,,,,,,,,,,,,,,,,,,,,,,,,,,,,,,,,,,,,,,,,,,,,AR2804,001,2026-04-28_12h23.38.692,SEED,2024.2.5,60.0629459672694,2026-04-28 12h27.11.358474 +0100,
1,,,,,,,,,,,,2,49,49,0,,,,,,Scenes_Dataset/office_work_A.jpg,"(600, 470)",Congruent,Objects_Dataset/staple_puller_retouched.png,"(400, 400)",old,left,Objects_Dataset/clock.png,"(250, 248)","(300, -200)","(300, 200)",down,None,None,num_3,0.38893479999933334,0.22398099999918486,,,,,,,,,,,,,,,,,,,,,,0,49,49,0,,,,,,,,,,,,,,,,,482.1222039000004,,,,,,,,,,,,,,482.10643919999893,482.1222039000004,484.3390056999997,484.59377159999895,484.12250479999966,484.57268809999914,,,,,,,,,,,,,,,,,,,,,,,,,484.591112099999,484.59377159999895,484.59377159999895,487.0721260999999,487.0721260999999,487.0721260999999,489.57463540000026,489.57463540000026,489.57463540000026,489.57546580000053,None,None,num_3,0.38893479999933334,0.22398099999918486,,,,,,,,,,,,,,,,,,,,,,,,,,,,,,,,,,,,,,,,,,,,,,,,,,,,,,,,,,,,,,,,,,,,,,,,,,,,,,,,,,,,,,,,,,,,,,,,,,,,,,,,,,,,,,,,,,AR2804,001,2026-04-28_12h23.38.692,SEED,2024.2.5,60.0629459672694,2026-04-28 12h27.11.358474 +0100,
20,,,,,,,,,,,,2.95,50,50,0,,,,,,Scenes_Dataset/basketball_field_A.jpg,"(600, 399)",Congruent,Objects_Dataset/whistle.png,"(200, 151)",old,left,Objects_Dataset/basketball.png,"(282, 300)","(300, -200)","(300, 200)",down,None,None,num_3,0.6629038000010041,0.18393560000004072,,,,,,,,,,,,,,,,,,,,,,0,50,50,19,,,,,,,,,,,,,,,,,489.58909420000055,,,,,,,,,,,,,,489.57575759999963,489.58909420000055,491.8224021999995,492.0738240999999,492.54248519999965,492.52289389999896,,,,,,,,,,,,,,,,,,,,,,,,,492.54006839999965,492.54248519999965,492.54248519999965,495.02225050000015,495.02225050000015,495.02225050000015,497.5224440999991,497.5224440999991,497.5224440999991,497.54040449999957,None,None,num_3,0.6629038000010041,0.18393560000004072,,,,,,,,,,,,,,,,,,,,,,,,,,,,,,,,,,,,,,,,,,,,,,,,,,,,,,,,,,,,,,,,,,,,,,,,,,,,,,,,,,,,,,,,,,,,,,,,,,,,,,,,,,,,,,,,,,AR2804,001,2026-04-28_12h23.38.692,SEED,2024.2.5,60.0629459672694,2026-04-28 12h27.11.358474 +0100,
6,,,,,,,,,,,,2.25,51,51,0,,,,,,Scenes_Dataset/stationary_store_A.jpg,"(600, 370)",Congruent,Objects_Dataset/stapler.png,"(250, 178)",old,left,Objects_Dataset/envelope_retouched.png,"(250, 211)","(300, -200)","(300, 200)",down,None,None,num_3,0.7234900000003108,0.22390029999951366,,,,,,,,,,,,,,,,,,,,,,0,51,51,5,,,,,,,,,,,,,,,,,497.55578649999916,,,,,,,,,,,,,,497.5409488000005,497.55578649999916,499.77257029999964,500.0277260999992,499.80587209999976,500.0067051999995,,,,,,,,,,,,,,,,,,,,,,,,,500.0247311000003,500.0277260999992,500.0277260999992,502.5056492999993,502.5056492999993,502.5056492999993,505.0059134000003,505.0059134000003,505.0059134000003,505.02397980000023,None,None,num_3,0.7234900000003108,0.22390029999951366,,,,,,,,,,,,,,,,,,,,,,,,,,,,,,,,,,,,,,,,,,,,,,,,,,,,,,,,,,,,,,,,,,,,,,,,,,,,,,,,,,,,,,,,,,,,,,,,,,,,,,,,,,,,,,,,,,AR2804,001,2026-04-28_12h23.38.692,SEED,2024.2.5,60.0629459672694,2026-04-28 12h27.11.358474 +0100,
23,,,,,,,,,,,,3.1,52,52,0,,,,,,Scenes_Dataset/desert_A.jpg,"(600, 375)",Congruent,Objects_Dataset/cactus.png,"(300, 248)",old,left,Objects_Dataset/canteen.png,"(150, 250)","(300, -200)","(300, 200)",down,None,None,num_2,1.062594099999842,0.20789140000124462,,,,,,,,,,,,,,,,,,,,,,0,52,52,22,,,,,,,,,,,,,,,,,505.0393623,,,,,,,,,,,,,,505.02447050000046,505.0393623,507.2559010999994,507.50829499999963,508.14189389999956,508.1230006000005,,,,,,,,,,,,,,,,,,,,,,,,,508.1393055999997,508.14189389999956,508.14189389999956,510.62253409999903,510.62253409999903,510.62253409999903,513.1225553999993,513.1225553999993,513.1225553999993,513.1406699999989,None,None,num_2,1.062594099999842,0.20789140000124462,,,,,,,,,,,,,,,,,,,,,,,,,,,,,,,,,,,,,,,,,,,,,,,,,,,,,,,,,,,,,,,,,,,,,,,,,,,,,,,,,,,,,,,,,,,,,,,,,,,,,,,,,,,,,,,,,,AR2804,001,2026-04-28_12h23.38.692,SEED,2024.2.5,60.0629459672694,2026-04-28 12h27.11.358474 +0100,
21,,,,,,,,,,,,3,53,53,0,,,,,,Scenes_Dataset/pharmacy_A.jpg,"(600, 461)",Congruent,Objects_Dataset/pills.png,"(216, 250)",old,left,Objects_Dataset/thermometer.png,"(300, 199)","(300, -200)","(300, 200)",down,None,None,num_3,0.43762640000022657,0.21601510000073176,,,,,,,,,,,,,,,,,,,,,,0,53,53,20,,,,,,,,,,,,,,,,,513.1559096000001,,,,,,,,,,,,,,513.1413395,513.1559096000001,515.3728066999993,515.6234660999999,516.1598474999992,516.1404172000002,,,,,,,,,,,,,,,,,,,,,,,,,516.1567501999998,516.1598474999992,516.1598474999992,518.6394222999988,518.6394222999988,518.6394222999988,521.1396826,521.1396826,521.1396826,521.1574980999994,None,None,num_3,0.43762640000022657,0.21601510000073176,,,,,,,,,,,,,,,,,,,,,,,,,,,,,,,,,,,,,,,,,,,,,,,,,,,,,,,,,,,,,,,,,,,,,,,,,,,,,,,,,,,,,,,,,,,,,,,,,,,,,,,,,,,,,,,,,,AR2804,001,2026-04-28_12h23.38.692,SEED,2024.2.5,60.0629459672694,2026-04-28 12h27.11.358474 +0100,
51,,,,,,,,,,,,3.2,54,54,0,,,,,,Scenes_Dataset/clinic_A.jpg,"(600, 400)",Incongruent,Objects_Dataset/juggling_balls_retouched.png,"(350, 197)",old,left,Objects_Dataset/sled_retouched.png,"(450, 286)","(300, 200)","(300, -200)",up,None,None,num_1,0.6770481999992626,0.20803169999999227,,,,,,,,,,,,,,,,,,,,,,0,54,54,50,,,,,,,,,,,,,,,,,521.1728161999999,,,,,,,,,,,,,,521.1580233999994,521.1728161999999,523.3895186999998,523.639790199999,524.3761749999994,524.3569356999997,,,,,,,,,,,,,,,,,,,,,,,,,524.373051999999,524.3761749999994,524.3761749999994,526.8560767999988,526.8560767999988,526.8560767999988,529.3728603999989,529.3728603999989,529.3728603999989,529.3739504999994,None,None,num_1,0.6770481999992626,0.20803169999999227,,,,,,,,,,,,,,,,,,,,,,,,,,,,,,,,,,,,,,,,,,,,,,,,,,,,,,,,,,,,,,,,,,,,,,,,,,,,,,,,,,,,,,,,,,,,,,,,,,,,,,,,,,,,,,,,,,AR2804,001,2026-04-28_12h23.38.692,SEED,2024.2.5,60.0629459672694,2026-04-28 12h27.11.358474 +0100,
57,,,,,,,,,,,,2.2,55,55,0,,,,,,Scenes_Dataset/road_A.jpg,"(600, 450)",Incongruent,Objects_Dataset/wine_cork.png,"(250, 163)",old,left,Objects_Dataset/locker.png,"(264, 400)","(300, 200)","(300, -200)",up,None,None,num_1,0.6564357999995991,0.224021800000628,,,,,,,,,,,,,,,,,,,,,,0,55,55,56,,,,,,,,,,,,,,,,,529.3896458999989,,,,,,,,,,,,,,529.374354399999,529.3896458999989,531.6062094999997,531.864121999999,531.5896155999999,531.8401249999988,,,,,,,,,,,,,,,,,,,,,,,,,531.8616082999997,531.864121999999,531.864121999999,534.3406297999991,534.3406297999991,534.3406297999991,536.8398462999994,536.8398462999994,536.8398462999994,536.8589348999994,None,None,num_1,0.6564357999995991,0.224021800000628,,,,,,,,,,,,,,,,,,,,,,,,,,,,,,,,,,,,,,,,,,,,,,,,,,,,,,,,,,,,,,,,,,,,,,,,,,,,,,,,,,,,,,,,,,,,,,,,,,,,,,,,,,,,,,,,,,AR2804,001,2026-04-28_12h23.38.692,SEED,2024.2.5,60.0629459672694,2026-04-28 12h27.11.358474 +0100,
29,,,,,,,,,,,,2.1,56,56,0,,,,,,Scenes_Dataset/pool_B.jpg,"(600, 450)",Congruent,Objects_Dataset/slippers.png,"(280, 300)",old,left,Objects_Dataset/bikini.png,"(350, 350)","(300, -200)","(300, 200)",down,None,None,num_3,0.4622397999992245,0.22411900000042806,,,,,,,,,,,,,,,,,,,,,,0,56,56,28,,,,,,,,,,,,,,,,,536.8731262000001,,,,,,,,,,,,,,536.8593865999992,536.8731262000001,539.0897979999991,539.3412833999992,538.9732308000002,539.3238112999989,,,,,,,,,,,,,,,,,,,,,,,,,539.3382349000003,539.3412833999992,539.3412833999992,541.8229019999999,541.8229019999999,541.8229019999999,544.3230786000004,544.3230786000004,544.3230786000004,544.3411471999989,None,None,num_3,0.4622397999992245,0.22411900000042806,,,,,,,,,,,,,,,,,,,,,,,,,,,,,,,,,,,,,,,,,,,,,,,,,,,,,,,,,,,,,,,,,,,,,,,,,,,,,,,,,,,,,,,,,,,,,,,,,,,,,,,,,,,,,,,,,,AR2804,001,2026-04-28_12h23.38.692,SEED,2024.2.5,60.0629459672694,2026-04-28 12h27.11.358474 +0100,
17,,,,,,,,,,,,2.8,57,57,0,,,,,,Scenes_Dataset/stage_A.jpg,"(600, 396)",Congruent,Objects_Dataset/saxophone.png,"(250, 250)",old,left,Objects_Dataset/digital_piano_retouched.png,"(350, 350)","(300, -200)","(300, 200)",down,None,None,num_2,0.9975811000003887,0.2161323000000266,,,,,,,,,,,,,,,,,,,,,,0,57,57,16,,,,,,,,,,,,,,,,,544.3565108999992,,,,,,,,,,,,,,544.3418266999997,544.3565108999992,546.5749794000003,546.8399472000001,547.1619281000003,547.1402794000005,,,,,,,,,,,,,,,,,,,,,,,,,547.1591642000003,547.1619281000003,547.1619281000003,549.639592399999,549.639592399999,549.639592399999,552.1396972000002,552.1396972000002,552.1396972000002,552.1581253000004,None,None,num_2,0.9975811000003887,0.2161323000000266,,,,,,,,,,,,,,,,,,,,,,,,,,,,,,,,,,,,,,,,,,,,,,,,,,,,,,,,,,,,,,,,,,,,,,,,,,,,,,,,,,,,,,,,,,,,,,,,,,,,,,,,,,,,,,,,,,AR2804,001,2026-04-28_12h23.38.692,SEED,2024.2.5,60.0629459672694,2026-04-28 12h27.11.358474 +0100,
11,,,,,,,,,,,,2.5,58,58,0,,,,,,Scenes_Dataset/airplane_interior_A.jpg,"(600, 480)",Congruent,Objects_Dataset/oxygen_mask_retouched.png,"(300, 300)",old,left,Objects_Dataset/airplane_belt.png,"(300, 249)","(300, -200)","(300, 200)",down,None,None,num_3,0.385038500000519,0.1918160999994143,,,,,,,,,,,,,,,,,,,,,,0,58,58,10,,,,,,,,,,,,,,,,,552.1732723000005,,,,,,,,,,,,,,552.158647799999,552.1732723000005,554.3915018999996,554.656585499999,554.6800160000003,554.6570047000005,,,,,,,,,,,,,,,,,,,,,,,,,554.6770385999989,554.6800160000003,554.6800160000003,557.1562766999996,557.1562766999996,557.1562766999996,559.6565874999997,559.6565874999997,559.6565874999997,559.6748112000005,None,None,num_3,0.385038500000519,0.1918160999994143,,,,,,,,,,,,,,,,,,,,,,,,,,,,,,,,,,,,,,,,,,,,,,,,,,,,,,,,,,,,,,,,,,,,,,,,,,,,,,,,,,,,,,,,,,,,,,,,,,,,,,,,,,,,,,,,,,AR2804,001,2026-04-28_12h23.38.692,SEED,2024.2.5,60.0629459672694,2026-04-28 12h27.11.358474 +0100,
36,,,,,,,,,,,,2.45,59,59,0,,,,,,Scenes_Dataset/stable_A.jpg,"(600, 450)",Incongruent,Objects_Dataset/remote_control.png,"(300, 293)",old,left,Objects_Dataset/sword_retouched.png,"(300, 300)","(300, 200)","(300, -200)",up,None,None,num_1,0.5656230000004143,0.19191909999972268,,,,,,,,,,,,,,,,,,,,,,0,59,59,35,,,,,,,,,,,,,,,,,559.6900262999989,,,,,,,,,,,,,,559.6753110999998,559.6900262999989,561.9067247000003,562.1629682999992,562.1401793999994,562.1412887999995,,,,,,,,,,,,,,,,,,,,,,,,,562.1602702,562.1629682999992,562.1629682999992,564.6395267999997,564.6395267999997,564.6395267999997,567.1568922999995,567.1568922999995,567.1568922999995,567.1581010999998,None,None,num_1,0.5656230000004143,0.19191909999972268,,,,,,,,,,,,,,,,,,,,,,,,,,,,,,,,,,,,,,,,,,,,,,,,,,,,,,,,,,,,,,,,,,,,,,,,,,,,,,,,,,,,,,,,,,,,,,,,,,,,,,,,,,,,,,,,,,AR2804,001,2026-04-28_12h23.38.692,SEED,2024.2.5,60.0629459672694,2026-04-28 12h27.11.358474 +0100,
,,,,,,,,,,,,,,,,,,,,,,,,,,,,,,,,,,,,,,,,,,,,,,,,,,,,,,,,,,,,,,,,,,,,,,,,,,,,,,,,,,,,,,,,,,,,,,,,,,,,,,,,,,,,,,,,,,,,,,,,,,,,,,,,,,,,,,,,,,,,567.1583059000004,567.1732437999999,572.3412552999998,,,,,,,,,,,,,,,,,,,,,,,,,,,,,,,,,,,,,,,,,,,,,,,,,,,,,,,,,,,,,,,,,,,,,,,,,,,,,,,,,,,,,,,,,,,,,,,,,,,,,,,,,,,,,AR2804,001,2026-04-28_12h23.38.692,SEED,2024.2.5,60.0629459672694,2026-04-28 12h27.11.358474 +0100,
,,,,,,,,,,,,,,,,,,,,,,,,,,,,,,,,,,,,,,,,,,,,,,,,,,,,,,,,,,,,,,,,,,,,,,,,,,,,,,,,,,,,,,,,,,,,,,,,,,,,,,,,,,,,,,,,,,,,,,,,,,,,,,,,,,,,,,,,,,,,,,,100,76,24,76,0,22,2,100.0,91.66666666666666,0.5040070157893799,779.7673644999995,779.7685015999996,,,,,,,,,,,,,,,,,,,,,,,,,,,,,,,,,,,,,,,,,,,,,,,,,,,,,,,,,,,,,,,,,,,,,,,,,,,,,,,,,,,,,,,,,,,,,,,,,AR2804,001,2026-04-28_12h23.38.692,SEED,2024.2.5,60.0629459672694,2026-04-28 12h27.11.358474 +0100,
,,,,,,,,,,,,,,,,,,,,,,,,,,,,,,,,,,,,,,,,,,,,,,,,,,,,,,,,,,,,,,,,,,,,,,,,,,,,,,,,,,,,,,,,,,,,,,,,,,,,,,,,,,,,,,,,,,,,,,,,,,,,,,,,,,,,,,,,,,,,,,,,,,,,,,,,,,,779.768521,779.7723293999989,781.7769217000005,781.7769217000005,789.7771699999994,791.7770206000005,1459.9546226999992,space,670.1646688000001,None,,,,,,,,,,,,,,,,,,,,,,,,,,,,,,,,,,,,,,,,,,,,,,,,,,,,,,,,,,,,,,,,,,,,,,,,,,,,,,,,,,,,,,,AR2804,001,2026-04-28_12h23.38.692,SEED,2024.2.5,60.0629459672694,2026-04-28 12h27.11.358474 +0100,
,,,,,,,,,,,,,,,,,,,,,,,,,,,,,,,,,,,,,,,,,,,,,,,,,,,,,,,,,,,,,,,,,,,,,,,,,,,,,,,,,,,,,,,,,,,,,,,,,,,,,,,,,,,,,,,,,,,,,,,,,,,,,,,,,,,,,,,,,,,,,,,,,,,,,,,,,,,,,,,,,,,,,1459.9548102999997,1459.9704371999997,1459.9704371999997,1463.3544382,space,3.3707377999999153,None,,,,,,,,,,,,,,,,,,,,,,,,,,,,,,,,,,,,,,,,,,,,,,,,,,,,,,,,,,,,,,,,,,,,,,,,,,,,,,,,AR2804,001,2026-04-28_12h23.38.692,SEED,2024.2.5,60.0629459672694,2026-04-28 12h27.11.358474 +0100,
,,,,,,,,,,,,,,,,,,,,,,,,,,,,,,,,,,,,,,,,,,,,,,,,,,,,,,,,,,,,,,,,,,,,,,,,,,,,,,,,,,,,,,,,,,,,,,,,,,,,,,,,,,,,,,,,,,,,,,,,,,,,,,,,,,,,,,,,,,,,,,,,,,,,,,,,,,,,,,,,,,,,,,,,,,,,1463.3545494999998,1463.3706031000002,1463.3706031000002,1466.5381104999997,,,,,,,,,,,,,,,,,,,,,,,,,,,,,,,,,,,,,,,,,,,,,,,,,,,,,,,,,,,,,,,,,,,,,,,,,,,,AR2804,001,2026-04-28_12h23.38.692,SEED,2024.2.5,60.0629459672694,2026-04-28 12h27.11.358474 +0100,
,,,,,,,,,,,,,,,,,,,,,,,,,,,,,,,,,,,,,,,,,,,,,,,,,,,,,,,,,,,,,,,,,,,,,,,,,,,,,,,,,,,,,,,,,,,,,,,,,,,,,,,,,,,,,,,,,,,,,,,,,,,,,,,,,,,,,,,,,,,,,,,,,,,,,,,,,,,,,,,,,,,,,,,,,,,,,,,,1466.5381871999998,1466.5541453000005,1466.5541453000005,1497.5726465999996,space,31.00300950000019,None,,,,,,,,,,,,,,,,,,,,,,,,,,,,,,,,,,,,,,,,,,,,,,,,,,,,,,,,,,,,,,,,,,,,,AR2804,001,2026-04-28_12h23.38.692,SEED,2024.2.5,60.0629459672694,2026-04-28 12h27.11.358474 +0100,
4,,,,,,,,,,,,3.25,0,0,0,,,,,,,,,,,,,,,,,,,,,,,Scenes_Dataset/athletics_track_A,"(600, 450)",new,None,,,,,,,,,,,,,,,,,,,,,,0,0,0,3,,,,,,,,,,,,,1497.5895540000001,,,,,,,,,,,,,,1497.5787,1497.5895540000001,1499.8383890999994,1500.089428199999,1500.8563211,1500.8390089000004,,,,,,,,,,,,,,,,,,,,,,,,,,,,,,,,,,,,,,,,,,,,,,,,,,,,,,,,,,,,,,,,,,,,,,,,,,,,,,,,,,,,,1500.8517264999991,1500.8563211,1500.8563211,1500.8563211,1503.8401966000001,None,,,,,,,,,,,,,,,,,,,,,,,,,,,,,,,,,,,,,,,,,,,,,,,,,,,,,,,,,,,,,,,AR2804,001,2026-04-28_12h23.38.692,SEED,2024.2.5,60.0629459672694,2026-04-28 12h27.11.358474 +0100,
3,,,,,,,,,,,,2.5,1,1,0,,,,,,,,,,,,,,,,,,,,,,,Scenes_Dataset/temple_A.jpg,"(600, 358)",new,right,1.5350570999999036,0.21584299999994982,,,,,,,,,,,,,,,,,,,,0,1,1,2,,,,,,,,,,,,,1503.8560796000002,,,,,,,,,,,,,,1503.8403479999997,1503.8560796000002,1506.0903428000001,1506.3547335000003,1506.3742380999993,1506.3550443999993,,,,,,,,,,,,,,,,,,,,,,,,,,,,,,,,,,,,,,,,,,,,,,,,,,,,,,,,,,,,,,,,,,,,,,,,,,,,,,,,,,,,,1506.3678767000001,1506.3742380999993,1506.3742380999993,1506.3742380999993,1509.3554268999997,right,1.5350570999999036,0.21584299999994982,,,,,,,,,,,,,,,,,,,,,,,,,,,,,,,,,,,,,,,,,,,,,,,,,,,,,,,,,,,,,AR2804,001,2026-04-28_12h23.38.692,SEED,2024.2.5,60.0629459672694,2026-04-28 12h27.11.358474 +0100,
1,,,,,,,,,,,,2,2,2,0,,,,,,,,,,,,,,,,,,,,,,,Scenes_Dataset/sky_A.jpg,"(600, 398)", old,left,2.552312300000267,0.20810639999945124,,,,,,,,,,,,,,,,,,,,0,2,2,0,,,,,,,,,,,,,1509.3732108000004,,,,,,,,,,,,,,1509.3557722000005,1509.3732108000004,1511.6080248999988,1511.8769639999991,1511.372435199999,1511.8567139999996,,,,,,,,,,,,,,,,,,,,,,,,,,,,,,,,,,,,,,,,,,,,,,,,,,,,,,,,,,,,,,,,,,,,,,,,,,,,,,,,,,,,,1511.873302099999,1511.8769639999991,1511.8769639999991,1511.8769639999991,1514.8731929000005,left,2.552312300000267,0.20810639999945124,,,,,,,,,,,,,,,,,,,,,,,,,,,,,,,,,,,,,,,,,,,,,,,,,,,,,,,,,,,,,AR2804,001,2026-04-28_12h23.38.692,SEED,2024.2.5,60.0629459672694,2026-04-28 12h27.11.358474 +0100,
2,,,,,,,,,,,,3,3,3,0,,,,,,,,,,,,,,,,,,,,,,,Scenes_Dataset/painting_workshop_A.jpg,"(600, 450)",old,left,2.8478702000011253,None,,,,,,,,,,,,,,,,,,,,0,3,3,1,,,,,,,,,,,,,1514.8891654,,,,,,,,,,,,,,1514.8734062000003,1514.8891654,1517.1224413,1517.3728678999996,1517.8932993999988,1517.8726785,,,,,,,,,,,,,,,,,,,,,,,,,,,,,,,,,,,,,,,,,,,,,,,,,,,,,,,,,,,,,,,,,,,,,,,,,,,,,,,,,,,,,1517.8892780000006,1517.8932993999988,1517.8932993999988,1517.8932993999988,1520.8728978999989,left,2.8478702000011253,None,,,,,,,,,,,,,,,,,,,,,,,,,,,,,,,,,,,,,,,,,,,,,,,,,,,,,,,,,,,,,AR2804,001,2026-04-28_12h23.38.692,SEED,2024.2.5,60.0629459672694,2026-04-28 12h27.11.358474 +0100,
,,,,,,,,,,,,,,,,,,,,,,,,,,,,,,,,,,,,,,,,,,,,,,,,,,,,,,,,,,,,,,,,,,,,,,,,,,,,,,,,,,,,,,,,,,,,,,,,,,,,,,,,,,,,,,,,,,,,,,,,,,,,,,,,,,,,,,,,,,,,,,,,,,,,,,,,,,,,,,,,,,,,,,,,,,,,,,,,,,,,,,,,,,,,,,,1520.8731804,1520.8898467999988,1520.8898467999988,1524.989958799999,space,4.099299199999223,None,,,,,,,,,,,,,,,,,,,,,,,,,,,,,,,,,,,,,,,,,,,,,,,,,,,,,,AR2804,001,2026-04-28_12h23.38.692,SEED,2024.2.5,60.0629459672694,2026-04-28 12h27.11.358474 +0100,
74,,,,,,,,,,,,2.8,0,0,0,,,,,,Scenes_Dataset/terrace_A.jpg,"(600, 451)",Lure,None,None,new,right,None,None,None,None,None,,,,,,,,,,,,right,1,2.2373416000009456,0.17618269999911718,,,,,,,,,,,,,,,,,,,,0,0,0,73,,,,,,,,,1525.0173252000004,,,,,,,,,,,,,,1525.0155455999993,1525.0173252000004,1527.2395873000005,1527.4893582000004,1527.8237682999988,1527.806455599999,,,,,,,,,,,,,,,,,,,,,,,,,,,,,,,,,,,,,,,,,,,,,,,,,,,,,,,,,,,,,,,,,,,,,,,,,,,,,,,,,,,,,,,,,,,,,,,,,,,,1527.8193814000006,1527.8237682999988,1527.8237682999988,1527.8237682999988,1530.8227965999995,right,1,2.2373416000009456,0.17618269999911718,,,,,,,,,,,,,,,,,,,,,,,,,,,,,,,,,,,,,,,,,,,,,AR2804,001,2026-04-28_12h23.38.692,SEED,2024.2.5,60.0629459672694,2026-04-28 12h27.11.358474 +0100,
54,,,,,,,,,,,,2.05,1,1,0,,,,,,Scenes_Dataset/campsite_A.jpg,"(600, 402)",Incongruent,Objects_Dataset/door_mat.png,"(300, 300)",old,left,Objects_Dataset/remote_control.png,"(300, 293)","(300, 200)","(300, -200)",up,,,,,,,,,,,,left,1,0.9876457000009395,0.18394099999932223,,,,,,,,,,,,,,,,,,,,0,1,1,53,,,,,,,,,1530.8392112000001,,,,,,,,,,,,,,1530.8232504999996,1530.8392112000001,1533.0558803000004,1533.3213971000005,1532.8887224999999,1533.2892257000003,,,,,,,,,,,,,,,,,,,,,,,,,,,,,,,,,,,,,,,,,,,,,,,,,,,,,,,,,,,,,,,,,,,,,,,,,,,,,,,,,,,,,,,,,,,,,,,,,,,,1533.3027698000005,1533.3213971000005,1533.3213971000005,1533.3213971000005,1536.3056103999988,left,1,0.9876457000009395,0.18394099999932223,,,,,,,,,,,,,,,,,,,,,,,,,,,,,,,,,,,,,,,,,,,,,AR2804,001,2026-04-28_12h23.38.692,SEED,2024.2.5,60.0629459672694,2026-04-28 12h27.11.358474 +0100,
13,,,,,,,,,,,,2.6,2,2,0,,,,,,Scenes_Dataset/circus_A.jpg,"(600, 421)",Congruent,Objects_Dataset/unicycle_retouched.png,"(159, 300)",old,left,Objects_Dataset/juggling_balls_retouched.png,"(350, 197)","(300, -200)","(300, 200)",down,,,,,,,,,,,,left,1,1.4188276999993832,0.20786880000014207,,,,,,,,,,,,,,,,,,,,0,2,2,12,,,,,,,,,1536.3221845999997,,,,,,,,,,,,,,1536.3060492000004,1536.3221845999997,1538.5388956999996,1538.7888592,1538.9224307000004,1538.906051,,,,,,,,,,,,,,,,,,,,,,,,,,,,,,,,,,,,,,,,,,,,,,,,,,,,,,,,,,,,,,,,,,,,,,,,,,,,,,,,,,,,,,,,,,,,,,,,,,,,1538.9186807999995,1538.9224307000004,1538.9224307000004,1538.9224307000004,1541.906162199999,left,1,1.4188276999993832,0.20786880000014207,1541.9222231999993,1541.9222231999993,1541.9222231999993,,,,,,,,,,,,,,,,,,,,,,,,,,,,,,,,,,,,,,,,,,AR2804,001,2026-04-28_12h23.38.692,SEED,2024.2.5,60.0629459672694,2026-04-28 12h27.11.358474 +0100,
60,,,,,,,,,,,,2.35,3,3,0,,,,,,Scenes_Dataset/field_A.jpg,"(600, 403)",Incongruent,Objects_Dataset/computer_monitor.png,"(300, 300)",old,left,Objects_Dataset/plasticine.png,"(250, 167)","(300, 200)","(300, -200)",up,,,,,,,,,,,,left,1,0.9430347999987134,0.1839618000012706,,,,,,,,,,,,,,,,,,,,0,3,3,59,,,,,,,,,1541.9222231999993,,,,,,,,,,,,,,1541.9066127000006,1541.9222231999993,1544.1555568000003,1544.4062720000002,1544.2722771999997,1544.3893764999993,,,,,,,,,,,,,,,,,,,,,,,,,,,,,,,,,,,,,,,,,,,,,,,,,,,,,,,,,,,,,,,,,,,,,,,,,,,,,,,,,,,,,,,,,,,,,,,,,,,,1544.4026231999997,1544.4062720000002,1544.4062720000002,1544.4062720000002,1547.3893148999996,left,1,0.9430347999987134,0.1839618000012706,1547.4054610000003,1547.4054610000003,1547.4054610000003,,,,,,,,,,,,,,,,,,,,,,,,,,,,,,,,,,,,,,,,,,AR2804,001,2026-04-28_12h23.38.692,SEED,2024.2.5,60.0629459672694,2026-04-28 12h27.11.358474 +0100,
45,,,,,,,,,,,,2.9,4,4,0,,,,,,Scenes_Dataset/factory_B.jpg,"(600, 415)",Incongruent,Objects_Dataset/shield.png,"(199, 300)",old,left,Objects_Dataset/trumpet_retouched.png,"(300, 122)","(300, 200)","(300, -200)",up,,,,,,,,,,,,left,1,0.9404792000004818,0.18387690000054135,,,,,,,,,,,,,,,,,,,,0,4,4,44,,,,,,,,,1547.4054610000003,,,,,,,,,,,,,,1547.3897433000002,1547.4054610000003,1549.6390142,1549.8889899999995,1550.3047910000005,1550.2892362000002,,,,,,,,,,,,,,,,,,,,,,,,,,,,,,,,,,,,,,,,,,,,,,,,,,,,,,,,,,,,,,,,,,,,,,,,,,,,,,,,,,,,,,,,,,,,,,,,,,,,1550.3008517999988,1550.3047910000005,1550.3047910000005,1550.3047910000005,1553.2893812999991,left,1,0.9404792000004818,0.18387690000054135,,,,,,,,,,,,,,,,,,,,,,,,,,,,,,,,,,,,,,,,,,,,,AR2804,001,2026-04-28_12h23.38.692,SEED,2024.2.5,60.0629459672694,2026-04-28 12h27.11.358474 +0100,
89,,,,,,,,,,,,2.25,5,5,0,,,,,,Scenes_Dataset/beach_A.jpg,"(600, 450)",Lure,None,None,new,right,None,None,None,None,None,,,,,,,,,,,,right,1,1.2622924000006606,0.20016469999973197,,,,,,,,,,,,,,,,,,,,0,5,5,88,,,,,,,,,1553.3057277999997,,,,,,,,,,,,,,1553.2899844999993,1553.3057277999997,1555.5391287000002,1555.7910689,1555.5557000999997,1555.773810499999,,,,,,,,,,,,,,,,,,,,,,,,,,,,,,,,,,,,,,,,,,,,,,,,,,,,,,,,,,,,,,,,,,,,,,,,,,,,,,,,,,,,,,,,,,,,,,,,,,,,1555.7862767999995,1555.7910689,1555.7910689,1555.7910689,1558.789451499999,right,1,1.2622924000006606,0.20016469999973197,,,,,,,,,,,,,,,,,,,,,,,,,,,,,,,,,,,,,,,,,,,,,AR2804,001,2026-04-28_12h23.38.692,SEED,2024.2.5,60.0629459672694,2026-04-28 12h27.11.358474 +0100,
70,,,,,,,,,,,,2.6,6,6,0,,,,,,Scenes_Dataset/ballet_room_B.jpg,"(600, 400)",Lure,None,None,new,right,None,None,None,None,None,,,,,,,,,,,,right,1,1.183772599999429,0.19227110000065295,,,,,,,,,,,,,,,,,,,,0,6,6,69,,,,,,,,,1558.805832099999,,,,,,,,,,,,,,1558.7898753999998,1558.805832099999,1561.0392465999994,1561.2891956999993,1561.4054677000004,1561.3896578000004,,,,,,,,,,,,,,,,,,,,,,,,,,,,,,,,,,,,,,,,,,,,,,,,,,,,,,,,,,,,,,,,,,,,,,,,,,,,,,,,,,,,,,,,,,,,,,,,,,,,1561.4017783999989,1561.4054677000004,1561.4054677000004,1561.4054677000004,1564.3906315999993,right,1,1.183772599999429,0.19227110000065295,,,,,,,,,,,,,,,,,,,,,,,,,,,,,,,,,,,,,,,,,,,,,AR2804,001,2026-04-28_12h23.38.692,SEED,2024.2.5,60.0629459672694,2026-04-28 12h27.11.358474 +0100,
16,,,,,,,,,,,,2.75,7,7,0,,,,,,Scenes_Dataset/hair_salon_A.jpg,"(600, 386)",Congruent,Objects_Dataset/hairdryer_retouched.png,"(250, 241)",old,left,Objects_Dataset/comb.png,"(250, 250)","(300, -200)","(300, 200)",down,,,,,,,,,,,,left,1,1.0713685999999143,0.2079327999999805,,,,,,,,,,,,,,,,,,,,0,7,7,15,,,,,,,,,1564.4061375,,,,,,,,,,,,,,1564.3912182000004,1564.4061375,1566.6393606000001,1566.8893026000005,1567.1578668000002,1567.1397560000005,,,,,,,,,,,,,,,,,,,,,,,,,,,,,,,,,,,,,,,,,,,,,,,,,,,,,,,,,,,,,,,,,,,,,,,,,,,,,,,,,,,,,,,,,,,,,,,,,,,,1567.1503095999997,1567.1578668000002,1567.1578668000002,1567.1578668000002,1570.1562448999994,left,1,1.0713685999999143,0.2079327999999805,,,,,,,,,,,,,,,,,,,,,,,,,,,,,,,,,,,,,,,,,,,,,AR2804,001,2026-04-28_12h23.38.692,SEED,2024.2.5,60.0629459672694,2026-04-28 12h27.11.358474 +0100,
90,,,,,,,,,,,,2.3,8,8,0,,,,,,Scenes_Dataset/laundry_A.jpg,"(600, 408)",Lure,None,None,new,right,None,None,None,None,None,,,,,,,,,,,,right,1,0.9902437000000646,0.17612609999923734,,,,,,,,,,,,,,,,,,,,0,8,8,89,,,,,,,,,1570.1725134999997,,,,,,,,,,,,,,1570.156660499999,1570.1725134999997,1572.3893647999994,1572.639056599999,1572.4726140000002,1572.6245141,,,,,,,,,,,,,,,,,,,,,,,,,,,,,,,,,,,,,,,,,,,,,,,,,,,,,,,,,,,,,,,,,,,,,,,,,,,,,,,,,,,,,,,,,,,,,,,,,,,,1572.6352654000002,1572.639056599999,1572.639056599999,1572.639056599999,1575.6243887,right,1,0.9902437000000646,0.17612609999923734,1575.6394789999995,1575.6394789999995,1575.6394789999995,,,,,,,,,,,,,,,,,,,,,,,,,,,,,,,,,,,,,,,,,,AR2804,001,2026-04-28_12h23.38.692,SEED,2024.2.5,60.0629459672694,2026-04-28 12h27.11.358474 +0100,
62,,,,,,,,,,,,2.2,9,9,0,,,,,,Scenes_Dataset/soccer_stadium_A.jpg,"(600, 400)",Lure,None,None,new,right,None,None,None,None,None,,,,,,,,,,,,right,1,1.7707252000000153,0.19977560000006633,,,,,,,,,,,,,,,,,,,,0,9,9,61,,,,,,,,,1575.6394789999995,,,,,,,,,,,,,,1575.6248352000002,1575.6394789999995,1577.8894596999999,1578.138601999999,1577.8394952999988,1578.1231647000004,,,,,,,,,,,,,,,,,,,,,,,,,,,,,,,,,,,,,,,,,,,,,,,,,,,,,,,,,,,,,,,,,,,,,,,,,,,,,,,,,,,,,,,,,,,,,,,,,,,,1578.1347635000002,1578.138601999999,1578.138601999999,1578.138601999999,1581.1233071999995,right,1,1.7707252000000153,0.19977560000006633,,,,,,,,,,,,,,,,,,,,,,,,,,,,,,,,,,,,,,,,,,,,,AR2804,001,2026-04-28_12h23.38.692,SEED,2024.2.5,60.0629459672694,2026-04-28 12h27.11.358474 +0100,
25,,,,,,,,,,,,3.2,10,10,0,,,,,,Scenes_Dataset/building_entrance_A.jpg,"(600, 400)",Congruent,Objects_Dataset/envelope_retouched.png,"(250, 211)",old,left,Objects_Dataset/door_mat.png,"(300, 300)","(300, -200)","(300, 200)",down,,,,,,,,,,,,left,1,0.9536028000002261,0.25623020000057295,,,,,,,,,,,,,,,,,,,,0,10,10,24,,,,,,,,,1581.1394832000005,,,,,,,,,,,,,,1581.1237954999997,1581.1394832000005,1583.3728126000005,1583.6227579000006,1584.339543,1584.3232418999996,,,,,,,,,,,,,,,,,,,,,,,,,,,,,,,,,,,,,,,,,,,,,,,,,,,,,,,,,,,,,,,,,,,,,,,,,,,,,,,,,,,,,,,,,,,,,,,,,,,,1584.3292266999997,1584.339543,1584.339543,1584.339543,1587.3234921999992,left,1,0.9536028000002261,0.25623020000057295,1587.339559099999,1587.339559099999,1587.339559099999,,,,,,,,,,,,,,,,,,,,,,,,,,,,,,,,,,,,,,,,,,AR2804,001,2026-04-28_12h23.38.692,SEED,2024.2.5,60.0629459672694,2026-04-28 12h27.11.358474 +0100,
35,,,,,,,,,,,,2.4,11,11,0,,,,,,Scenes_Dataset/dentist_A.jpg,"(600, 400)",Incongruent,Objects_Dataset/basketball.png,"(282, 300)",old,left,Objects_Dataset/chandelier_retouched.png,"(250, 300)","(300, 200)","(300, -200)",up,,,,,,,,,,,,right,0,2.4460909999997966,0.20015430000057677,,,,,,,,,,,,,,,,,,,,0,11,11,34,,,,,,,,,1587.339559099999,,,,,,,,,,,,,,1587.3238686000004,1587.339559099999,1589.5729880999988,1589.8229871999993,1589.7397607999992,1589.8066268000002,,,,,,,,,,,,,,,,,,,,,,,,,,,,,,,,,,,,,,,,,,,,,,,,,,,,,,,,,,,,,,,,,,,,,,,,,,,,,,,,,,,,,,,,,,,,,,,,,,,,1589.8101855999994,1589.8229871999993,1589.8229871999993,1589.8229871999993,1592.8068464999997,right,0,2.4460909999997966,0.20015430000057677,,,,,,,,,,,,,,,,,,,,,,,,,,,,,,,,,,,,,,,,,,,,,AR2804,001,2026-04-28_12h23.38.692,SEED,2024.2.5,60.0629459672694,2026-04-28 12h27.11.358474 +0100,
59,,,,,,,,,,,,2.3,12,12,0,,,,,,Scenes_Dataset/golf_course_A.jpg,"(600, 400)",Incongruent,Objects_Dataset/clothesline_retouched_2.png,"(350, 231)",old,left,Objects_Dataset/computer_monitor.png,"(300, 300)","(300, 200)","(300, -200)",up,,,,,,,,,,,,right,0,1.2749908000005234,0.1919837000004918,,,,,,,,,,,,,,,,,,,,0,12,12,58,,,,,,,,,1592.8231421,,,,,,,,,,,,,,1592.8071748999992,1592.8231421,1595.0565489,1595.3063622999998,1595.122902699999,1595.2900914000002,,,,,,,,,,,,,,,,,,,,,,,,,,,,,,,,,,,,,,,,,,,,,,,,,,,,,,,,,,,,,,,,,,,,,,,,,,,,,,,,,,,,,,,,,,,,,,,,,,,,1595.2949761,1595.3063622999998,1595.3063622999998,1595.3063622999998,1598.2903060999997,right,0,1.2749908000005234,0.1919837000004918,,,,,,,,,,,,,,,,,,,,,,,,,,,,,,,,,,,,,,,,,,,,,AR2804,001,2026-04-28_12h23.38.692,SEED,2024.2.5,60.0629459672694,2026-04-28 12h27.11.358474 +0100,
33,,,,,,,,,,,,2.3,13,13,0,,,,,,Scenes_Dataset/ice_rink_A.jpg,"(600, 450)",Incongruent,Objects_Dataset/paper_towel_dispenser.png,"(300, 400)",old,left,Objects_Dataset/saxophone.png,"(250, 250)","(300, 200)","(300, -200)",up,,,,,,,,,,,,left,1,0.9579745999999432,0.24001459999999497,,,,,,,,,,,,,,,,,,,,0,13,13,32,,,,,,,,,1598.306676799999,,,,,,,,,,,,,,1598.290705899999,1598.306676799999,1600.5398478999996,1600.7912359999991,1600.6064628999993,1600.7747596999998,,,,,,,,,,,,,,,,,,,,,,,,,,,,,,,,,,,,,,,,,,,,,,,,,,,,,,,,,,,,,,,,,,,,,,,,,,,,,,,,,,,,,,,,,,,,,,,,,,,,1600.787288899999,1600.7912359999991,1600.7912359999991,1600.7912359999991,1603.7902534999994,left,1,0.9579745999999432,0.24001459999999497,,,,,,,,,,,,,,,,,,,,,,,,,,,,,,,,,,,,,,,,,,,,,AR2804,001,2026-04-28_12h23.38.692,SEED,2024.2.5,60.0629459672694,2026-04-28 12h27.11.358474 +0100,
72,,,,,,,,,,,,2.7,14,14,0,,,,,,Scenes_Dataset/underwater_A.jpg,"(600, 450)",Lure,None,None,new,right,None,None,None,None,None,,,,,,,,,,,,right,1,0.9547345999999379,0.19188109999959124,,,,,,,,,,,,,,,,,,,,0,14,14,71,,,,,,,,,1603.806448899999,,,,,,,,,,,,,,1603.790815299999,1603.806448899999,1606.0399180999993,1606.2899079,1606.5064899999998,1606.4903883999996,,,,,,,,,,,,,,,,,,,,,,,,,,,,,,,,,,,,,,,,,,,,,,,,,,,,,,,,,,,,,,,,,,,,,,,,,,,,,,,,,,,,,,,,,,,,,,,,,,,,1606.4959335000003,1606.5064899999998,1606.5064899999998,1606.5064899999998,1609.4916850999998,right,1,0.9547345999999379,0.19188109999959124,,,,,,,,,,,,,,,,,,,,,,,,,,,,,,,,,,,,,,,,,,,,,AR2804,001,2026-04-28_12h23.38.692,SEED,2024.2.5,60.0629459672694,2026-04-28 12h27.11.358474 +0100,
32,,,,,,,,,,,,2.25,15,15,0,,,,,,Scenes_Dataset/elevator_A.jpg,"(600, 450)",Incongruent,Objects_Dataset/cake_tongs_retouched.png,"(300, 75)",old,left,Objects_Dataset/3d_glasses_retouched.png,"(300, 300)","(300, 200)","(300, -200)",up,,,,,,,,,,,,left,1,1.0153336000003037,0.23192639999979292,,,,,,,,,,,,,,,,,,,,0,15,15,31,,,,,,,,,1609.5067705000001,,,,,,,,,,,,,,1609.4922578000005,1609.5067705000001,1611.739975299999,1611.9899736999996,1611.756613399999,1611.9737526999997,,,,,,,,,,,,,,,,,,,,,,,,,,,,,,,,,,,,,,,,,,,,,,,,,,,,,,,,,,,,,,,,,,,,,,,,,,,,,,,,,,,,,,,,,,,,,,,,,,,,1611.9801975999999,1611.9899736999996,1611.9899736999996,1611.9899736999996,1614.9739776999995,left,1,1.0153336000003037,0.23192639999979292,,,,,,,,,,,,,,,,,,,,,,,,,,,,,,,,,,,,,,,,,,,,,AR2804,001,2026-04-28_12h23.38.692,SEED,2024.2.5,60.0629459672694,2026-04-28 12h27.11.358474 +0100,
83,,,,,,,,,,,,3.25,16,16,0,,,,,,Scenes_Dataset/living_room_A.jpg,"(600, 436)",Lure,None,None,new,right,None,None,None,None,None,,,,,,,,,,,,right,1,1.4176213000009739,0.1839431999997032,,,,,,,,,,,,,,,,,,,,0,16,16,82,,,,,,,,,1614.9902502999994,,,,,,,,,,,,,,1614.974455399999,1614.9902502999994,1617.223285099999,1617.4733032000004,1618.2436958999988,1618.2239764999995,,,,,,,,,,,,,,,,,,,,,,,,,,,,,,,,,,,,,,,,,,,,,,,,,,,,,,,,,,,,,,,,,,,,,,,,,,,,,,,,,,,,,,,,,,,,,,,,,,,,1618.2399597999993,1618.2436958999988,1618.2436958999988,1618.2436958999988,1621.2403426,right,1,1.4176213000009739,0.1839431999997032,,,,,,,,,,,,,,,,,,,,,,,,,,,,,,,,,,,,,,,,,,,,,AR2804,001,2026-04-28_12h23.38.692,SEED,2024.2.5,60.0629459672694,2026-04-28 12h27.11.358474 +0100,
22,,,,,,,,,,,,3.05,17,17,0,,,,,,Scenes_Dataset/cavern_A.jpg,"(600, 410)",Congruent,Objects_Dataset/canteen.png,"(150, 250)",old,left,Objects_Dataset/hiking_boots.png,"(300, 300)","(300, -200)","(300, 200)",down,,,,,,,,,,,,left,1,1.0339848999992682,0.20797550000133924,,,,,,,,,,,,,,,,,,,,0,17,17,21,,,,,,,,,1621.256595499999,,,,,,,,,,,,,,1621.2409626999997,1621.256595499999,1623.4735901999993,1623.723342199999,1624.3072542999998,1624.2903124000004,,,,,,,,,,,,,,,,,,,,,,,,,,,,,,,,,,,,,,,,,,,,,,,,,,,,,,,,,,,,,,,,,,,,,,,,,,,,,,,,,,,,,,,,,,,,,,,,,,,,1624.3029205999992,1624.3072542999998,1624.3072542999998,1624.3072542999998,1627.2901091000003,left,1,1.0339848999992682,0.20797550000133924,1627.3062472000001,1627.3062472000001,1627.3062472000001,,,,,,,,,,,,,,,,,,,,,,,,,,,,,,,,,,,,,,,,,,AR2804,001,2026-04-28_12h23.38.692,SEED,2024.2.5,60.0629459672694,2026-04-28 12h27.11.358474 +0100,
52,,,,,,,,,,,,3.25,18,18,0,,,,,,Scenes_Dataset/parking_lot_A.jpg,"(600, 397)",Incongruent,Objects_Dataset/digital_piano_retouched.png,"(350, 350)",old,left,Objects_Dataset/toothbrush.png,"(300, 215)","(300, 200)","(300, -200)",up,,,,,,,,,,,,right,0,0.9519540000001143,0.1998476999997365,,,,,,,,,,,,,,,,,,,,0,18,18,51,,,,,,,,,1627.3062472000001,,,,,,,,,,,,,,1627.2907166000005,1627.3062472000001,1629.5397395,1629.789752999999,1630.5574816999997,1630.5401146000004,,,,,,,,,,,,,,,,,,,,,,,,,,,,,,,,,,,,,,,,,,,,,,,,,,,,,,,,,,,,,,,,,,,,,,,,,,,,,,,,,,,,,,,,,,,,,,,,,,,,1630.5539336000002,1630.5574816999997,1630.5574816999997,1630.5574816999997,1633.5566154999997,right,0,0.9519540000001143,0.1998476999997365,,,,,,,,,,,,,,,,,,,,,,,,,,,,,,,,,,,,,,,,,,,,,AR2804,001,2026-04-28_12h23.38.692,SEED,2024.2.5,60.0629459672694,2026-04-28 12h27.11.358474 +0100,
85,,,,,,,,,,,,2.05,19,19,0,,,,,,Scenes_Dataset/forest_A.jpg,"(600, 375)",Lure,None,None,new,right,None,None,None,None,None,,,,,,,,,,,,right,1,1.098261500001172,0.20772159999978612,,,,,,,,,,,,,,,,,,,,0,19,19,84,,,,,,,,,1633.5730074000003,,,,,,,,,,,,,,1633.5573177000006,1633.5730074000003,1635.7897711999994,1636.0432189000003,1635.6232127000003,1636.023591199999,,,,,,,,,,,,,,,,,,,,,,,,,,,,,,,,,,,,,,,,,,,,,,,,,,,,,,,,,,,,,,,,,,,,,,,,,,,,,,,,,,,,,,,,,,,,,,,,,,,,1636.0397011999994,1636.0432189000003,1636.0432189000003,1636.0432189000003,1639.0404761999998,right,1,1.098261500001172,0.20772159999978612,,,,,,,,,,,,,,,,,,,,,,,,,,,,,,,,,,,,,,,,,,,,,AR2804,001,2026-04-28_12h23.38.692,SEED,2024.2.5,60.0629459672694,2026-04-28 12h27.11.358474 +0100,
11,,,,,,,,,,,,2.5,20,20,0,,,,,,Scenes_Dataset/airplane_interior_A.jpg,"(600, 480)",Congruent,Objects_Dataset/oxygen_mask_retouched.png,"(300, 300)",old,left,Objects_Dataset/airplane_belt.png,"(300, 249)","(300, -200)","(300, 200)",down,,,,,,,,,,,,left,1,1.0396586999995634,0.2718665000011242,,,,,,,,,,,,,,,,,,,,0,20,20,10,,,,,,,,,1639.056438399999,,,,,,,,,,,,,,1639.0411951000006,1639.056438399999,1641.2731210000002,1641.5231602000003,1641.5576784000004,1641.540330599999,,,,,,,,,,,,,,,,,,,,,,,,,,,,,,,,,,,,,,,,,,,,,,,,,,,,,,,,,,,,,,,,,,,,,,,,,,,,,,,,,,,,,,,,,,,,,,,,,,,,1641.553715,1641.5576784000004,1641.5576784000004,1641.5576784000004,1644.5578542000003,left,1,1.0396586999995634,0.2718665000011242,,,,,,,,,,,,,,,,,,,,,,,,,,,,,,,,,,,,,,,,,,,,,AR2804,001,2026-04-28_12h23.38.692,SEED,2024.2.5,60.0629459672694,2026-04-28 12h27.11.358474 +0100,
1,,,,,,,,,,,,2,21,21,0,,,,,,Scenes_Dataset/office_work_A.jpg,"(600, 470)",Congruent,Objects_Dataset/staple_puller_retouched.png,"(400, 400)",old,left,Objects_Dataset/clock.png,"(250, 248)","(300, -200)","(300, 200)",down,,,,,,,,,,,,left,1,1.0722700000005716,0.2641600999995717,,,,,,,,,,,,,,,,,,,,0,21,21,0,,,,,,,,,1644.5732167000006,,,,,,,,,,,,,,1644.558559699999,1644.5732167000006,1646.7899450999994,1647.045041899999,1646.5732403999991,1647.024100999999,,,,,,,,,,,,,,,,,,,,,,,,,,,,,,,,,,,,,,,,,,,,,,,,,,,,,,,,,,,,,,,,,,,,,,,,,,,,,,,,,,,,,,,,,,,,,,,,,,,,1647.041148299999,1647.045041899999,1647.045041899999,1647.045041899999,1650.040574499999,left,1,1.0722700000005716,0.2641600999995717,,,,,,,,,,,,,,,,,,,,,,,,,,,,,,,,,,,,,,,,,,,,,AR2804,001,2026-04-28_12h23.38.692,SEED,2024.2.5,60.0629459672694,2026-04-28 12h27.11.358474 +0100,
31,,,,,,,,,,,,2.2,22,22,0,,,,,,Scenes_Dataset/balcony.jpg,"(600, 450)",Incongruent,Objects_Dataset/car_key.png,"(300, 125)",old,left,Objects_Dataset/staple_puller_retouched.png,"(400, 400)","(300, 200)","(300, -200)",up,,,,,,,,,,,,left,1,0.8529139999991457,0.2559549000015977,,,,,,,,,,,,,,,,,,,,0,22,22,30,,,,,,,,,1650.0566378999993,,,,,,,,,,,,,,1650.0411784999997,1650.0566378999993,1652.2752856999996,1652.5443631999988,1652.2566231,1652.5239617999996,,,,,,,,,,,,,,,,,,,,,,,,,,,,,,,,,,,,,,,,,,,,,,,,,,,,,,,,,,,,,,,,,,,,,,,,,,,,,,,,,,,,,,,,,,,,,,,,,,,,1652.540520999999,1652.5443631999988,1652.5443631999988,1652.5443631999988,1655.5403841999996,left,1,0.8529139999991457,0.2559549000015977,,,,,,,,,,,,,,,,,,,,,,,,,,,,,,,,,,,,,,,,,,,,,AR2804,001,2026-04-28_12h23.38.692,SEED,2024.2.5,60.0629459672694,2026-04-28 12h27.11.358474 +0100,
69,,,,,,,,,,,,2.55,23,23,0,,,,,,Scenes_Dataset/museum_B.jpg,"(600, 400)",Lure,None,None,new,right,None,None,None,None,None,,,,,,,,,,,,right,1,1.3395405999999639,0.20016979999854811,,,,,,,,,,,,,,,,,,,,0,23,23,68,,,,,,,,,1655.5566684999994,,,,,,,,,,,,,,1655.5409738999988,1655.5566684999994,1657.773770599999,1658.0233666000004,1658.1136936999992,1658.0920867999994,,,,,,,,,,,,,,,,,,,,,,,,,,,,,,,,,,,,,,,,,,,,,,,,,,,,,,,,,,,,,,,,,,,,,,,,,,,,,,,,,,,,,,,,,,,,,,,,,,,,1658.109951299999,1658.1136936999992,1658.1136936999992,1658.1136936999992,1661.1074049999988,right,1,1.3395405999999639,0.20016979999854811,,,,,,,,,,,,,,,,,,,,,,,,,,,,,,,,,,,,,,,,,,,,,AR2804,001,2026-04-28_12h23.38.692,SEED,2024.2.5,60.0629459672694,2026-04-28 12h27.11.358474 +0100,
78,,,,,,,,,,,,3,24,24,0,,,,,,Scenes_Dataset/market_A.jpg,"(600, 455)",Lure,None,None,new,right,None,None,None,None,None,,,,,,,,,,,,right,1,0.9230480000005628,0.199738499999512,,,,,,,,,,,,,,,,,,,,0,24,24,77,,,,,,,,,1661.1233555999988,,,,,,,,,,,,,,1661.1080356000002,1661.1233555999988,1663.3569702999994,1663.6068417000006,1664.1304170000003,1664.1074014999995,,,,,,,,,,,,,,,,,,,,,,,,,,,,,,,,,,,,,,,,,,,,,,,,,,,,,,,,,,,,,,,,,,,,,,,,,,,,,,,,,,,,,,,,,,,,,,,,,,,,1664.1261348999997,1664.1304170000003,1664.1304170000003,1664.1304170000003,1667.1079233,right,1,0.9230480000005628,0.199738499999512,,,,,,,,,,,,,,,,,,,,,,,,,,,,,,,,,,,,,,,,,,,,,AR2804,001,2026-04-28_12h23.38.692,SEED,2024.2.5,60.0629459672694,2026-04-28 12h27.11.358474 +0100,
87,,,,,,,,,,,,2.15,25,25,0,,,,,,Scenes_Dataset/train_station_A.jpg,"(600, 415)",Lure,None,None,new,right,None,None,None,None,None,,,,,,,,,,,,right,1,1.0906259000003047,0.18416679999972985,,,,,,,,,,,,,,,,,,,,0,25,25,86,,,,,,,,,1667.1233333,,,,,,,,,,,,,,1667.108343599999,1667.1233333,1669.356869199999,1669.6104581,1669.2736662999996,1669.590656299999,,,,,,,,,,,,,,,,,,,,,,,,,,,,,,,,,,,,,,,,,,,,,,,,,,,,,,,,,,,,,,,,,,,,,,,,,,,,,,,,,,,,,,,,,,,,,,,,,,,,1669.6068978999992,1669.6104581,1669.6104581,1669.6104581,1672.6072788000001,right,1,1.0906259000003047,0.18416679999972985,,,,,,,,,,,,,,,,,,,,,,,,,,,,,,,,,,,,,,,,,,,,,AR2804,001,2026-04-28_12h23.38.692,SEED,2024.2.5,60.0629459672694,2026-04-28 12h27.11.358474 +0100,
4,,,,,,,,,,,,2.15,26,26,0,,,,,,Scenes_Dataset/pastry_shop_A.jpg,"(600, 400)",Congruent,Objects_Dataset/cake_holder.png,"(300, 209)",old,left,Objects_Dataset/cake_tongs_retouched.png,"(300, 75)","(300, -200)","(300, 200)",down,,,,,,,,,,,,left,1,0.9138857999987522,0.27964320000137377,,,,,,,,,,,,,,,,,,,,0,26,26,3,,,,,,,,,1672.623995,,,,,,,,,,,,,,1672.6079809999992,1672.623995,1674.8403689999996,1675.0915566000003,1674.7740570999995,1675.0741123999996,,,,,,,,,,,,,,,,,,,,,,,,,,,,,,,,,,,,,,,,,,,,,,,,,,,,,,,,,,,,,,,,,,,,,,,,,,,,,,,,,,,,,,,,,,,,,,,,,,,,1675.0874958999993,1675.0915566000003,1675.0915566000003,1675.0915566000003,1678.0909028999995,left,1,0.9138857999987522,0.27964320000137377,,,,,,,,,,,,,,,,,,,,,,,,,,,,,,,,,,,,,,,,,,,,,AR2804,001,2026-04-28_12h23.38.692,SEED,2024.2.5,60.0629459672694,2026-04-28 12h27.11.358474 +0100,
27,,,,,,,,,,,,2,27,27,0,,,,,,Scenes_Dataset/toilet_A.jpg,"(600, 450)",Congruent,Objects_Dataset/toothbrush.png,"(300, 215)",old,left,Objects_Dataset/hairdryer_retouched.png,"(250, 241)","(300, -200)","(300, 200)",down,,,,,,,,,,,,left,1,1.4545974000011483,0.23978009999882488,,,,,,,,,,,,,,,,,,,,0,27,27,26,,,,,,,,,1678.1071684999988,,,,,,,,,,,,,,1678.091497899999,1678.1071684999988,1680.3240368999996,1680.5747360999994,1680.1072361999995,1680.5575408999994,,,,,,,,,,,,,,,,,,,,,,,,,,,,,,,,,,,,,,,,,,,,,,,,,,,,,,,,,,,,,,,,,,,,,,,,,,,,,,,,,,,,,,,,,,,,,,,,,,,,1680.5702813999997,1680.5747360999994,1680.5747360999994,1680.5747360999994,1683.5576633,left,1,1.4545974000011483,0.23978009999882488,1683.5739517999991,1683.5739517999991,1683.5739517999991,,,,,,,,,,,,,,,,,,,,,,,,,,,,,,,,,,,,,,,,,,AR2804,001,2026-04-28_12h23.38.692,SEED,2024.2.5,60.0629459672694,2026-04-28 12h27.11.358474 +0100,
26,,,,,,,,,,,,3.25,28,28,0,,,,,,Scenes_Dataset/hospital_room_B.jpg,"(600, 400)",Congruent,Objects_Dataset/saline_retouched.png,"(300, 225)",old,left,Objects_Dataset/pills.png,"(216, 250)","(300, -200)","(300, 200)",down,,,,,,,,,,,,left,1,1.2524130000001605,0.23993569999947795,,,,,,,,,,,,,,,,,,,,0,28,28,25,,,,,,,,,1683.5739517999991,,,,,,,,,,,,,,1683.558350199999,1683.5739517999991,1685.8073657000004,1686.0573870999997,1686.8248612999996,1686.807695399999,,,,,,,,,,,,,,,,,,,,,,,,,,,,,,,,,,,,,,,,,,,,,,,,,,,,,,,,,,,,,,,,,,,,,,,,,,,,,,,,,,,,,,,,,,,,,,,,,,,,1686.8208921000005,1686.8248612999996,1686.8248612999996,1686.8248612999996,1689.8078449999994,left,1,1.2524130000001605,0.23993569999947795,1689.824036,1689.824036,1689.824036,,,,,,,,,,,,,,,,,,,,,,,,,,,,,,,,,,,,,,,,,,AR2804,001,2026-04-28_12h23.38.692,SEED,2024.2.5,60.0629459672694,2026-04-28 12h27.11.358474 +0100,
18,,,,,,,,,,,,2.85,29,29,0,,,,,,Scenes_Dataset/soccer_stadium_B.jpg,"(600, 400)",Congruent,Objects_Dataset/football_boots.png,"(300, 300)",old,left,Objects_Dataset/whistle.png,"(200, 151)","(300, -200)","(300, 200)",down,,,,,,,,,,,,right,0,1.4253874000005453,0.21599849999984144,,,,,,,,,,,,,,,,,,,,0,29,29,17,,,,,,,,,1689.824036,,,,,,,,,,,,,,1689.808443,1689.824036,1692.0574999,1692.3076870999994,1692.6758095000005,1692.6594540000006,,,,,,,,,,,,,,,,,,,,,,,,,,,,,,,,,,,,,,,,,,,,,,,,,,,,,,,,,,,,,,,,,,,,,,,,,,,,,,,,,,,,,,,,,,,,,,,,,,,,1692.6666353,1692.6758095000005,1692.6758095000005,1692.6758095000005,1695.6596733999995,right,0,1.4253874000005453,0.21599849999984144,1695.6744072000001,1695.6744072000001,1695.6744072000001,,,,,,,,,,,,,,,,,,,,,,,,,,,,,,,,,,,,,,,,,,AR2804,001,2026-04-28_12h23.38.692,SEED,2024.2.5,60.0629459672694,2026-04-28 12h27.11.358474 +0100,
3,,,,,,,,,,,,2.1,30,30,0,,,,,,Scenes_Dataset/car_interior_A.jpg,"(600, 389)",Congruent,Objects_Dataset/car_mat.png,"(230, 258)",old,left,Objects_Dataset/car_key.png,"(300, 125)","(300, -200)","(300, 200)",down,,,,,,,,,,,,right,0,0.9747268999999505,0.19247329999961948,,,,,,,,,,,,,,,,,,,,0,30,30,2,,,,,,,,,1695.6744072000001,,,,,,,,,,,,,,1695.6602721,1695.6744072000001,1697.9243655999999,1698.1746679999997,1697.7742939,1698.1592261999995,,,,,,,,,,,,,,,,,,,,,,,,,,,,,,,,,,,,,,,,,,,,,,,,,,,,,,,,,,,,,,,,,,,,,,,,,,,,,,,,,,,,,,,,,,,,,,,,,,,,1698.1706209000004,1698.1746679999997,1698.1746679999997,1698.1746679999997,1701.158259599999,right,0,0.9747268999999505,0.19247329999961948,1701.1742095999998,1701.1742095999998,1701.1742095999998,,,,,,,,,,,,,,,,,,,,,,,,,,,,,,,,,,,,,,,,,,AR2804,001,2026-04-28_12h23.38.692,SEED,2024.2.5,60.0629459672694,2026-04-28 12h27.11.358474 +0100,
30,,,,,,,,,,,,2.15,31,31,0,,,,,,Scenes_Dataset/locker_room_B.jpg,"(600, 399)",Congruent,Objects_Dataset/locker.png,"(264, 400)",old,left,Objects_Dataset/slippers.png,"(280, 300)","(300, -200)","(300, 200)",down,,,,,,,,,,,,left,1,1.138129700000718,0.2558943999993062,,,,,,,,,,,,,,,,,,,,0,31,31,29,,,,,,,,,1701.1742095999998,,,,,,,,,,,,,,1701.1588116999992,1701.1742095999998,1703.4242980999989,1703.6752118000004,1703.3243863999996,1703.6582804999998,,,,,,,,,,,,,,,,,,,,,,,,,,,,,,,,,,,,,,,,,,,,,,,,,,,,,,,,,,,,,,,,,,,,,,,,,,,,,,,,,,,,,,,,,,,,,,,,,,,,1703.6717088000005,1703.6752118000004,1703.6752118000004,1703.6752118000004,1706.6581671000004,left,1,1.138129700000718,0.2558943999993062,1706.6752352000003,1706.6752352000003,1706.6752352000003,,,,,,,,,,,,,,,,,,,,,,,,,,,,,,,,,,,,,,,,,,AR2804,001,2026-04-28_12h23.38.692,SEED,2024.2.5,60.0629459672694,2026-04-28 12h27.11.358474 +0100,
8,,,,,,,,,,,,2.35,32,32,0,,,,,,Scenes_Dataset/igloo_A.jpg,"(600, 450)",Congruent,Objects_Dataset/eskimo_coat.png,"(300, 300)",old,left,Objects_Dataset/wool_cap.png,"(250, 250)","(300, -200)","(300, 200)",down,,,,,,,,,,,,left,1,1.9164113999995607,0.22380519999933313,,,,,,,,,,,,,,,,,,,,0,32,32,7,,,,,,,,,1706.6752352000003,,,,,,,,,,,,,,1706.6587691000004,1706.6752352000003,1708.9076279,1709.1610022000004,1709.0244366999996,1709.1419129000005,,,,,,,,,,,,,,,,,,,,,,,,,,,,,,,,,,,,,,,,,,,,,,,,,,,,,,,,,,,,,,,,,,,,,,,,,,,,,,,,,,,,,,,,,,,,,,,,,,,,1709.1566536999999,1709.1610022000004,1709.1610022000004,1709.1610022000004,1712.1581772999998,left,1,1.9164113999995607,0.22380519999933313,,,,,,,,,,,,,,,,,,,,,,,,,,,,,,,,,,,,,,,,,,,,,AR2804,001,2026-04-28_12h23.38.692,SEED,2024.2.5,60.0629459672694,2026-04-28 12h27.11.358474 +0100,
43,,,,,,,,,,,,2.8,33,33,0,,,,,,Scenes_Dataset/home_office_A.jpg,"(600, 399)",Incongruent,Objects_Dataset/bicycle_bell.png,"(250, 210)",old,left,Objects_Dataset/unicycle_retouched.png,"(159, 300)","(300, 200)","(300, -200)",up,,,,,,,,,,,,left,1,1.322414199999912,0.2405478000000585,,,,,,,,,,,,,,,,,,,,0,33,33,42,,,,,,,,,1712.1742751000002,,,,,,,,,,,,,,1712.158828399999,1712.1742751000002,1714.3910004999998,1714.6409998999989,1714.9788375999997,1714.958198299999,,,,,,,,,,,,,,,,,,,,,,,,,,,,,,,,,,,,,,,,,,,,,,,,,,,,,,,,,,,,,,,,,,,,,,,,,,,,,,,,,,,,,,,,,,,,,,,,,,,,1714.9752470000003,1714.9788375999997,1714.9788375999997,1714.9788375999997,1717.974976899999,left,1,1.322414199999912,0.2405478000000585,,,,,,,,,,,,,,,,,,,,,,,,,,,,,,,,,,,,,,,,,,,,,AR2804,001,2026-04-28_12h23.38.692,SEED,2024.2.5,60.0629459672694,2026-04-28 12h27.11.358474 +0100,
76,,,,,,,,,,,,2.9,34,34,0,,,,,,Scenes_Dataset/laboratory_A.jpg,"(600, 400)",Lure,None,None,new,right,None,None,None,None,None,,,,,,,,,,,,right,1,0.9871846000005462,0.18396650000067893,,,,,,,,,,,,,,,,,,,,0,34,34,75,,,,,,,,,1717.9909186999994,,,,,,,,,,,,,,1717.9756161000005,1717.9909186999994,1720.2079039,1720.4577037999989,1720.8980453000004,1720.8752079999995,,,,,,,,,,,,,,,,,,,,,,,,,,,,,,,,,,,,,,,,,,,,,,,,,,,,,,,,,,,,,,,,,,,,,,,,,,,,,,,,,,,,,,,,,,,,,,,,,,,,1720.8944379999994,1720.8980453000004,1720.8980453000004,1720.8980453000004,1723.891545299999,right,1,0.9871846000005462,0.18396650000067893,,,,,,,,,,,,,,,,,,,,,,,,,,,,,,,,,,,,,,,,,,,,,AR2804,001,2026-04-28_12h23.38.692,SEED,2024.2.5,60.0629459672694,2026-04-28 12h27.11.358474 +0100,
71,,,,,,,,,,,,2.65,35,35,0,,,,,,Scenes_Dataset/field_B.jpg,"(600, 381)",Lure,None,None,new,right,None,None,None,None,None,,,,,,,,,,,,right,1,0.87666580000041,0.20796189999964554,,,,,,,,,,,,,,,,,,,,0,35,35,70,,,,,,,,,1723.907945699999,,,,,,,,,,,,,,1723.8921405,1723.907945699999,1726.1245890999999,1726.3745749999998,1726.5605868000002,1726.5417096,,,,,,,,,,,,,,,,,,,,,,,,,,,,,,,,,,,,,,,,,,,,,,,,,,,,,,,,,,,,,,,,,,,,,,,,,,,,,,,,,,,,,,,,,,,,,,,,,,,,1726.5570293,1726.5605868000002,1726.5605868000002,1726.5605868000002,1729.5584344,right,1,0.87666580000041,0.20796189999964554,,,,,,,,,,,,,,,,,,,,,,,,,,,,,,,,,,,,,,,,,,,,,AR2804,001,2026-04-28_12h23.38.692,SEED,2024.2.5,60.0629459672694,2026-04-28 12h27.11.358474 +0100,
5,,,,,,,,,,,,2.2,36,36,0,,,,,,Scenes_Dataset/movie_theater_A.jpg,"(600, 364)",Congruent,Objects_Dataset/3d_glasses_retouched.png,"(300, 300)",old,left,Objects_Dataset/movie_reels.png,"(350, 268)","(300, -200)","(300, 200)",down,,,,,,,,,,,,left,1,1.3297207999985403,0.22386850000111735,,,,,,,,,,,,,,,,,,,,0,36,36,4,,,,,,,,,1729.5745972000004,,,,,,,,,,,,,,1729.5592818999994,1729.5745972000004,1731.791246499999,1732.0434974,1731.7746494000003,1732.026552199999,,,,,,,,,,,,,,,,,,,,,,,,,,,,,,,,,,,,,,,,,,,,,,,,,,,,,,,,,,,,,,,,,,,,,,,,,,,,,,,,,,,,,,,,,,,,,,,,,,,,1732.0395817999997,1732.0434974,1732.0434974,1732.0434974,1735.0418004000003,left,1,1.3297207999985403,0.22386850000111735,,,,,,,,,,,,,,,,,,,,,,,,,,,,,,,,,,,,,,,,,,,,,AR2804,001,2026-04-28_12h23.38.692,SEED,2024.2.5,60.0629459672694,2026-04-28 12h27.11.358474 +0100,
81,,,,,,,,,,,,3.15,37,37,0,,,,,,Scenes_Dataset/games_room_A.jpg,"(600, 371)",Lure,None,None,new,right,None,None,None,None,None,,,,,,,,,,,,right,1,0.8501870999989478,0.17601810000087426,,,,,,,,,,,,,,,,,,,,0,37,37,80,,,,,,,,,1735.0579945999998,,,,,,,,,,,,,,1735.0425997000002,1735.0579945999998,1737.2914851000005,1737.5416234000004,1738.2110751,1738.1916992999995,,,,,,,,,,,,,,,,,,,,,,,,,,,,,,,,,,,,,,,,,,,,,,,,,,,,,,,,,,,,,,,,,,,,,,,,,,,,,,,,,,,,,,,,,,,,,,,,,,,,1738.2075160999993,1738.2110751,1738.2110751,1738.2110751,1741.208129999999,right,1,0.8501870999989478,0.17601810000087426,,,,,,,,,,,,,,,,,,,,,,,,,,,,,,,,,,,,,,,,,,,,,AR2804,001,2026-04-28_12h23.38.692,SEED,2024.2.5,60.0629459672694,2026-04-28 12h27.11.358474 +0100,
40,,,,,,,,,,,,2.65,38,38,0,,,,,,Scenes_Dataset/kindergarten_A.jpg,"(600, 338)",Incongruent,Objects_Dataset/payment_terminal.png,"(285, 300)",old,left,Objects_Dataset/message_bottle.png,"(284, 177)","(300, 200)","(300, -200)",up,,,,,,,,,,,,left,1,0.9669018000004144,0.21587559999898076,,,,,,,,,,,,,,,,,,,,0,38,38,39,,,,,,,,,1741.2248139999992,,,,,,,,,,,,,,1741.2090012999997,1741.2248139999992,1743.4422538999988,1743.6915556000004,1743.8783998,1743.8587958999997,,,,,,,,,,,,,,,,,,,,,,,,,,,,,,,,,,,,,,,,,,,,,,,,,,,,,,,,,,,,,,,,,,,,,,,,,,,,,,,,,,,,,,,,,,,,,,,,,,,,1743.8749179000006,1743.8783998,1743.8783998,1743.8783998,1746.861135199999,left,1,0.9669018000004144,0.21587559999898076,,,,,,,,,,,,,,,,,,,,,,,,,,,,,,,,,,,,,,,,,,,,,AR2804,001,2026-04-28_12h23.38.692,SEED,2024.2.5,60.0629459672694,2026-04-28 12h27.11.358474 +0100,
39,,,,,,,,,,,,2.6,39,39,0,,,,,,Scenes_Dataset/garage_A.jpg,"(600, 397)",Incongruent,Objects_Dataset/crown.png,"(300, 249)",old,left,Objects_Dataset/oxygen_mask_retouched.png,"(300, 300)","(300, 200)","(300, -200)",up,,,,,,,,,,,,left,1,1.0505530000009458,0.21552259999953094,,,,,,,,,,,,,,,,,,,,0,39,39,38,,,,,,,,,1746.8746704000005,,,,,,,,,,,,,,1746.8616328999997,1746.8746704000005,1749.108387799999,1749.3599147999994,1749.4752638999998,1749.4603590999996,,,,,,,,,,,,,,,,,,,,,,,,,,,,,,,,,,,,,,,,,,,,,,,,,,,,,,,,,,,,,,,,,,,,,,,,,,,,,,,,,,,,,,,,,,,,,,,,,,,,1749.4712534999999,1749.4752638999998,1749.4752638999998,1749.4752638999998,1752.4590159,left,1,1.0505530000009458,0.21552259999953094,1752.4747724999997,1752.4747724999997,1752.4747724999997,,,,,,,,,,,,,,,,,,,,,,,,,,,,,,,,,,,,,,,,,,AR2804,001,2026-04-28_12h23.38.692,SEED,2024.2.5,60.0629459672694,2026-04-28 12h27.11.358474 +0100,
19,,,,,,,,,,,,2.9,40,40,0,,,,,,Scenes_Dataset/island_A.jpg,"(600, 420)",Congruent,Objects_Dataset/message_bottle.png,"(284, 177)",old,left,Objects_Dataset/kayak.png,"(450, 338)","(300, -200)","(300, 200)",down,,,,,,,,,,,,left,1,1.0571569000003365,0.2159551000004285,,,,,,,,,,,,,,,,,,,,0,40,40,18,,,,,,,,,1752.4747724999997,,,,,,,,,,,,,,1752.4595630000003,1752.4747724999997,1754.7250967,1754.9758870000005,1755.3801473000003,1755.358984999999,,,,,,,,,,,,,,,,,,,,,,,,,,,,,,,,,,,,,,,,,,,,,,,,,,,,,,,,,,,,,,,,,,,,,,,,,,,,,,,,,,,,,,,,,,,,,,,,,,,,1755.3735681999988,1755.3801473000003,1755.3801473000003,1755.3801473000003,1758.3752937999998,left,1,1.0571569000003365,0.2159551000004285,,,,,,,,,,,,,,,,,,,,,,,,,,,,,,,,,,,,,,,,,,,,,AR2804,001,2026-04-28_12h23.38.692,SEED,2024.2.5,60.0629459672694,2026-04-28 12h27.11.358474 +0100,
80,,,,,,,,,,,,3.1,41,41,0,,,,,,Scenes_Dataset/amusement_park_A.jpg,"(600, 400)",Lure,None,None,new,right,None,None,None,None,None,,,,,,,,,,,,right,1,1.0757241999999678,0.15253739999934623,,,,,,,,,,,,,,,,,,,,0,41,41,79,,,,,,,,,1758.3918808999988,,,,,,,,,,,,,,1758.37608,1758.3918808999988,1760.6087924000003,1760.8584625999993,1761.4976372,1761.4756691000002,,,,,,,,,,,,,,,,,,,,,,,,,,,,,,,,,,,,,,,,,,,,,,,,,,,,,,,,,,,,,,,,,,,,,,,,,,,,,,,,,,,,,,,,,,,,,,,,,,,,1761.4937678000006,1761.4976372,1761.4976372,1761.4976372,1764.4922711999989,right,1,1.0757241999999678,0.15253739999934623,,,,,,,,,,,,,,,,,,,,,,,,,,,,,,,,,,,,,,,,,,,,,AR2804,001,2026-04-28_12h23.38.692,SEED,2024.2.5,60.0629459672694,2026-04-28 12h27.11.358474 +0100,
75,,,,,,,,,,,,2.85,42,42,0,,,,,,Scenes_Dataset/gymnasium_A.jpg,"(600, 399)",Lure,None,None,new,right,None,None,None,None,None,,,,,,,,,,,,right,1,1.8186071000000084,0.18382019999990007,,,,,,,,,,,,,,,,,,,,0,42,42,74,,,,,,,,,1764.508656,,,,,,,,,,,,,,1764.4928359000005,1764.508656,1766.7252743999998,1766.9753326999999,1767.3627655,1767.3423872999992,,,,,,,,,,,,,,,,,,,,,,,,,,,,,,,,,,,,,,,,,,,,,,,,,,,,,,,,,,,,,,,,,,,,,,,,,,,,,,,,,,,,,,,,,,,,,,,,,,,,1767.3591794000004,1767.3627655,1767.3627655,1767.3627655,1770.3588161999996,right,1,1.8186071000000084,0.18382019999990007,,,,,,,,,,,,,,,,,,,,,,,,,,,,,,,,,,,,,,,,,,,,,AR2804,001,2026-04-28_12h23.38.692,SEED,2024.2.5,60.0629459672694,2026-04-28 12h27.11.358474 +0100,
61,,,,,,,,,,,,2.15,43,43,0,,,,,,Scenes_Dataset/office_work_B.jpg,"(600, 402)",Lure,None,None,new,right,None,None,None,None,None,,,,,,,,,,,,right,1,1.4908219000008103,0.18391609999889624,,,,,,,,,,,,,,,,,,,,0,43,43,60,,,,,,,,,1770.3752053999997,,,,,,,,,,,,,,1770.359583899999,1770.3752053999997,1772.5919348999996,1772.8424267999999,1772.5252464999994,1772.8257145999996,,,,,,,,,,,,,,,,,,,,,,,,,,,,,,,,,,,,,,,,,,,,,,,,,,,,,,,,,,,,,,,,,,,,,,,,,,,,,,,,,,,,,,,,,,,,,,,,,,,,1772.838534299999,1772.8424267999999,1772.8424267999999,1772.8424267999999,1775.8259885999996,right,1,1.4908219000008103,0.18391609999889624,1775.8418705999993,1775.8418705999993,1775.8418705999993,,,,,,,,,,,,,,,,,,,,,,,,,,,,,,,,,,,,,,,,,,AR2804,001,2026-04-28_12h23.38.692,SEED,2024.2.5,60.0629459672694,2026-04-28 12h27.11.358474 +0100,
84,,,,,,,,,,,,2,44,44,0,,,,,,Scenes_Dataset/bedroom_A.jpg,"(600, 403)",Lure,None,None,new,right,None,None,None,None,None,,,,,,,,,,,,right,1,0.8481723000004422,0.17605120000007446,,,,,,,,,,,,,,,,,,,,0,44,44,83,,,,,,,,,1775.8418705999993,,,,,,,,,,,,,,1775.8265322999996,1775.8418705999993,1778.0752247,1778.3250718,1777.8418156999996,1778.3091169,,,,,,,,,,,,,,,,,,,,,,,,,,,,,,,,,,,,,,,,,,,,,,,,,,,,,,,,,,,,,,,,,,,,,,,,,,,,,,,,,,,,,,,,,,,,,,,,,,,,1778.3188864999993,1778.3250718,1778.3250718,1778.3250718,1781.309431399999,right,1,0.8481723000004422,0.17605120000007446,1781.3253263999995,1781.3253263999995,1781.3253263999995,,,,,,,,,,,,,,,,,,,,,,,,,,,,,,,,,,,,,,,,,,AR2804,001,2026-04-28_12h23.38.692,SEED,2024.2.5,60.0629459672694,2026-04-28 12h27.11.358474 +0100,
37,,,,,,,,,,,,2.5,45,45,0,,,,,,Scenes_Dataset/vault_A.jpg,"(600, 398)",Incongruent,Objects_Dataset/fan.png,"(350, 350)",old,left,Objects_Dataset/cactus.png,"(300, 248)","(300, 200)","(300, -200)",up,,,,,,,,,,,,left,1,0.7638766999989457,0.2559819000016432,,,,,,,,,,,,,,,,,,,,0,45,45,36,,,,,,,,,1781.3253263999995,,,,,,,,,,,,,,1781.3101850999992,1781.3253263999995,1783.560275599999,1783.8101102,1783.8253325999995,1783.8104927000004,,,,,,,,,,,,,,,,,,,,,,,,,,,,,,,,,,,,,,,,,,,,,,,,,,,,,,,,,,,,,,,,,,,,,,,,,,,,,,,,,,,,,,,,,,,,,,,,,,,,1783.8211671999998,1783.8253325999995,1783.8253325999995,1783.8253325999995,1786.811635099999,left,1,0.7638766999989457,0.2559819000016432,,,,,,,,,,,,,,,,,,,,,,,,,,,,,,,,,,,,,,,,,,,,,AR2804,001,2026-04-28_12h23.38.692,SEED,2024.2.5,60.0629459672694,2026-04-28 12h27.11.358474 +0100,
57,,,,,,,,,,,,2.2,46,46,0,,,,,,Scenes_Dataset/road_A.jpg,"(600, 450)",Incongruent,Objects_Dataset/wine_cork.png,"(250, 163)",old,left,Objects_Dataset/locker.png,"(264, 400)","(300, 200)","(300, -200)",up,,,,,,,,,,,,left,1,1.2081935000005615,0.22426749999976892,,,,,,,,,,,,,,,,,,,,0,46,46,56,,,,,,,,,1786.8288379000005,,,,,,,,,,,,,,1786.8120147999998,1786.8288379000005,1789.0605142999993,1789.3088926,1789.044503699999,1789.293585899999,,,,,,,,,,,,,,,,,,,,,,,,,,,,,,,,,,,,,,,,,,,,,,,,,,,,,,,,,,,,,,,,,,,,,,,,,,,,,,,,,,,,,,,,,,,,,,,,,,,,1789.3046476,1789.3088926,1789.3088926,1789.3088926,1792.2950800999988,left,1,1.2081935000005615,0.22426749999976892,,,,,,,,,,,,,,,,,,,,,,,,,,,,,,,,,,,,,,,,,,,,,AR2804,001,2026-04-28_12h23.38.692,SEED,2024.2.5,60.0629459672694,2026-04-28 12h27.11.358474 +0100,
20,,,,,,,,,,,,2.95,47,47,0,,,,,,Scenes_Dataset/basketball_field_A.jpg,"(600, 399)",Congruent,Objects_Dataset/whistle.png,"(200, 151)",old,left,Objects_Dataset/basketball.png,"(282, 300)","(300, -200)","(300, 200)",down,,,,,,,,,,,,right,0,1.2010166000000027,0.1841522000013356,,,,,,,,,,,,,,,,,,,,0,47,47,19,,,,,,,,,1792.3110259000005,,,,,,,,,,,,,,1792.2953687999998,1792.3110259000005,1794.5446579,1794.809609599999,1795.2601178999994,1795.2448243999988,,,,,,,,,,,,,,,,,,,,,,,,,,,,,,,,,,,,,,,,,,,,,,,,,,,,,,,,,,,,,,,,,,,,,,,,,,,,,,,,,,,,,,,,,,,,,,,,,,,,1795.256127999999,1795.2601178999994,1795.2601178999994,1795.2601178999994,1798.2454767999989,right,0,1.2010166000000027,0.1841522000013356,,,,,,,,,,,,,,,,,,,,,,,,,,,,,,,,,,,,,,,,,,,,,AR2804,001,2026-04-28_12h23.38.692,SEED,2024.2.5,60.0629459672694,2026-04-28 12h27.11.358474 +0100,
23,,,,,,,,,,,,3.1,48,48,0,,,,,,Scenes_Dataset/desert_A.jpg,"(600, 375)",Congruent,Objects_Dataset/cactus.png,"(300, 248)",old,left,Objects_Dataset/canteen.png,"(150, 250)","(300, -200)","(300, 200)",down,,,,,,,,,,,,left,1,1.0356233999991673,0.2561712999995507,,,,,,,,,,,,,,,,,,,,0,48,48,22,,,,,,,,,1798.2598218000003,,,,,,,,,,,,,,1798.245970599999,1798.2598218000003,1800.5094126999993,1800.7606617000001,1801.3614638999989,1801.3433050999993,,,,,,,,,,,,,,,,,,,,,,,,,,,,,,,,,,,,,,,,,,,,,,,,,,,,,,,,,,,,,,,,,,,,,,,,,,,,,,,,,,,,,,,,,,,,,,,,,,,,1801.3571352,1801.3614638999989,1801.3614638999989,1801.3614638999989,1804.3436650999993,left,1,1.0356233999991673,0.2561712999995507,,,,,,,,,,,,,,,,,,,,,,,,,,,,,,,,,,,,,,,,,,,,,AR2804,001,2026-04-28_12h23.38.692,SEED,2024.2.5,60.0629459672694,2026-04-28 12h27.11.358474 +0100,
36,,,,,,,,,,,,2.45,49,49,0,,,,,,Scenes_Dataset/stable_A.jpg,"(600, 450)",Incongruent,Objects_Dataset/remote_control.png,"(300, 293)",old,left,Objects_Dataset/sword_retouched.png,"(300, 300)","(300, 200)","(300, -200)",up,,,,,,,,,,,,left,1,0.7601377999999386,0.22402010000041628,,,,,,,,,,,,,,,,,,,,0,49,49,35,,,,,,,,,1804.3611500999996,,,,,,,,,,,,,,1804.3442641000001,1804.3611500999996,1806.594564699999,1806.8611665999997,1806.8260969000003,1806.8431335000005,,,,,,,,,,,,,,,,,,,,,,,,,,,,,,,,,,,,,,,,,,,,,,,,,,,,,,,,,,,,,,,,,,,,,,,,,,,,,,,,,,,,,,,,,,,,,,,,,,,,1806.8571812999999,1806.8611665999997,1806.8611665999997,1806.8611665999997,1809.843605099999,left,1,0.7601377999999386,0.22402010000041628,,,,,,,,,,,,,,,,,,,,,,,,,,,,,,,,,,,,,,,,,,,,,AR2804,001,2026-04-28_12h23.38.692,SEED,2024.2.5,60.0629459672694,2026-04-28 12h27.11.358474 +0100,
56,,,,,,,,,,,,2.15,50,50,0,,,,,,Scenes_Dataset/fountain_A.jpg,"(600, 443)",Incongruent,Objects_Dataset/plasticine.png,"(250, 167)",old,left,Objects_Dataset/hands_dryer.png,"(350, 267)","(300, 200)","(300, -200)",up,,,,,,,,,,,,left,1,0.8105089000000589,0.19201240000074904,,,,,,,,,,,,,,,,,,,,0,50,50,55,,,,,,,,,1809.8614068999996,,,,,,,,,,,,,,1809.8444156999994,1809.8614068999996,1812.0940345,1812.3467210999988,1812.0107205000004,1812.3275555,,,,,,,,,,,,,,,,,,,,,,,,,,,,,,,,,,,,,,,,,,,,,,,,,,,,,,,,,,,,,,,,,,,,,,,,,,,,,,,,,,,,,,,,,,,,,,,,,,,,1812.342912099999,1812.3467210999988,1812.3467210999988,1812.3467210999988,1815.3282280999993,left,1,0.8105089000000589,0.19201240000074904,,,,,,,,,,,,,,,,,,,,,,,,,,,,,,,,,,,,,,,,,,,,,AR2804,001,2026-04-28_12h23.38.692,SEED,2024.2.5,60.0629459672694,2026-04-28 12h27.11.358474 +0100,
6,,,,,,,,,,,,2.25,51,51,0,,,,,,Scenes_Dataset/stationary_store_A.jpg,"(600, 370)",Congruent,Objects_Dataset/stapler.png,"(250, 178)",old,left,Objects_Dataset/envelope_retouched.png,"(250, 211)","(300, -200)","(300, 200)",down,,,,,,,,,,,,left,1,0.9466671000009228,0.21586410000054457,,,,,,,,,,,,,,,,,,,,0,51,51,5,,,,,,,,,1815.3443645999996,,,,,,,,,,,,,,1815.3287019999989,1815.3443645999996,1817.5773408999994,1817.8268807000004,1817.5940926999992,1817.810983899999,,,,,,,,,,,,,,,,,,,,,,,,,,,,,,,,,,,,,,,,,,,,,,,,,,,,,,,,,,,,,,,,,,,,,,,,,,,,,,,,,,,,,,,,,,,,,,,,,,,,1817.8234873000001,1817.8268807000004,1817.8268807000004,1817.8268807000004,1820.8113873999991,left,1,0.9466671000009228,0.21586410000054457,1820.8270703999988,1820.8270703999988,1820.8270703999988,,,,,,,,,,,,,,,,,,,,,,,,,,,,,,,,,,,,,,,,,,AR2804,001,2026-04-28_12h23.38.692,SEED,2024.2.5,60.0629459672694,2026-04-28 12h27.11.358474 +0100,
65,,,,,,,,,,,,2.35,52,52,0,,,,,,Scenes_Dataset/toy_store_A.jpg,"(600, 399)",Lure,None,None,new,right,None,None,None,None,None,,,,,,,,,,,,left,0,1.3748879000013403,0.22422109999934037,,,,,,,,,,,,,,,,,,,,0,52,52,64,,,,,,,,,1820.8270703999988,,,,,,,,,,,,,,1820.8119449000005,1820.8270703999988,1823.0598706,1823.3104208999994,1823.1772800999988,1823.2956878000005,,,,,,,,,,,,,,,,,,,,,,,,,,,,,,,,,,,,,,,,,,,,,,,,,,,,,,,,,,,,,,,,,,,,,,,,,,,,,,,,,,,,,,,,,,,,,,,,,,,,1823.3066610000005,1823.3104208999994,1823.3104208999994,1823.3104208999994,1826.2955588999994,left,0,1.3748879000013403,0.22422109999934037,1826.3100059999997,1826.3100059999997,1826.3100059999997,,,,,,,,,,,,,,,,,,,,,,,,,,,,,,,,,,,,,,,,,,AR2804,001,2026-04-28_12h23.38.692,SEED,2024.2.5,60.0629459672694,2026-04-28 12h27.11.358474 +0100,
50,,,,,,,,,,,,3.15,53,53,0,,,,,,Scenes_Dataset/playground_A.jpg,"(600, 337)",Incongruent,Objects_Dataset/water_dispenser.png,"(300, 300)",old,left,Objects_Dataset/wine_cork.png,"(250, 163)","(300, 200)","(300, -200)",up,,,,,,,,,,,,left,1,2.6640069000004587,0.17575890000080108,,,,,,,,,,,,,,,,,,,,0,53,53,49,,,,,,,,,1826.3100059999997,,,,,,,,,,,,,,1826.2958452999992,1826.3100059999997,1828.5598912000005,1828.809978199999,1829.4613977999998,1829.4442510999997,,,,,,,,,,,,,,,,,,,,,,,,,,,,,,,,,,,,,,,,,,,,,,,,,,,,,,,,,,,,,,,,,,,,,,,,,,,,,,,,,,,,,,,,,,,,,,,,,,,,1829.4538137,1829.4613977999998,1829.4613977999998,1829.4613977999998,1832.4603014000004,left,1,2.6640069000004587,0.17575890000080108,,,,,,,,,,,,,,,,,,,,,,,,,,,,,,,,,,,,,,,,,,,,,AR2804,001,2026-04-28_12h23.38.692,SEED,2024.2.5,60.0629459672694,2026-04-28 12h27.11.358474 +0100,
82,,,,,,,,,,,,3.2,54,54,0,,,,,,Scenes_Dataset/classroom_A.jpg,"(600, 450)",Lure,None,None,new,right,None,None,None,None,None,,,,,,,,,,,,right,1,1.1667943000011292,0.18379679999998189,,,,,,,,,,,,,,,,,,,,0,54,54,81,,,,,,,,,1832.4769825999992,,,,,,,,,,,,,,1832.4607123999995,1832.4769825999992,1834.6936800000003,1834.9437622999994,1835.6784767999998,1835.6603906,,,,,,,,,,,,,,,,,,,,,,,,,,,,,,,,,,,,,,,,,,,,,,,,,,,,,,,,,,,,,,,,,,,,,,,,,,,,,,,,,,,,,,,,,,,,,,,,,,,,1835.6704861999988,1835.6784767999998,1835.6784767999998,1835.6784767999998,1838.677454499999,right,1,1.1667943000011292,0.18379679999998189,,,,,,,,,,,,,,,,,,,,,,,,,,,,,,,,,,,,,,,,,,,,,AR2804,001,2026-04-28_12h23.38.692,SEED,2024.2.5,60.0629459672694,2026-04-28 12h27.11.358474 +0100,
24,,,,,,,,,,,,3.15,55,55,0,,,,,,Scenes_Dataset/marina_A.jpg,"(600, 450)",Congruent,Objects_Dataset/sailor_hat.png,"(300, 250)",old,left,Objects_Dataset/rope.png,"(300, 248)","(300, -200)","(300, 200)",down,,,,,,,,,,,,left,1,0.961814799999047,0.22385270000086166,,,,,,,,,,,,,,,,,,,,0,55,55,23,,,,,,,,,1838.693199199999,,,,,,,,,,,,,,1838.6779530999993,1838.693199199999,1840.9105051999995,1841.1602712000004,1841.8434892000005,1841.8270702999998,,,,,,,,,,,,,,,,,,,,,,,,,,,,,,,,,,,,,,,,,,,,,,,,,,,,,,,,,,,,,,,,,,,,,,,,,,,,,,,,,,,,,,,,,,,,,,,,,,,,1841.8312843000003,1841.8434892000005,1841.8434892000005,1841.8434892000005,1844.8292442999991,left,1,0.961814799999047,0.22385270000086166,,,,,,,,,,,,,,,,,,,,,,,,,,,,,,,,,,,,,,,,,,,,,AR2804,001,2026-04-28_12h23.38.692,SEED,2024.2.5,60.0629459672694,2026-04-28 12h27.11.358474 +0100,
68,,,,,,,,,,,,2.5,56,56,0,,,,,,Scenes_Dataset/hut_B.jpg,"(600, 400)",Lure,None,None,new,right,None,None,None,None,None,,,,,,,,,,,,right,1,0.8124721999993199,0.15174040000056266,,,,,,,,,,,,,,,,,,,,0,56,56,67,,,,,,,,,1844.8433611,,,,,,,,,,,,,,1844.8295378000003,1844.8433611,1847.0769017000002,1847.3275601000005,1847.3449672999996,1847.3278627,,,,,,,,,,,,,,,,,,,,,,,,,,,,,,,,,,,,,,,,,,,,,,,,,,,,,,,,,,,,,,,,,,,,,,,,,,,,,,,,,,,,,,,,,,,,,,,,,,,,1847.3410931999988,1847.3449672999996,1847.3449672999996,1847.3449672999996,1850.3436984,right,1,0.8124721999993199,0.15174040000056266,,,,,,,,,,,,,,,,,,,,,,,,,,,,,,,,,,,,,,,,,,,,,AR2804,001,2026-04-28_12h23.38.692,SEED,2024.2.5,60.0629459672694,2026-04-28 12h27.11.358474 +0100,
79,,,,,,,,,,,,3.05,57,57,0,,,,,,Scenes_Dataset/construction_A.jpg,"(600, 440)",Lure,None,None,new,right,None,None,None,None,None,,,,,,,,,,,,right,1,1.5299665000002278,0.1439276000000973,,,,,,,,,,,,,,,,,,,,0,57,57,78,,,,,,,,,1850.360252999999,,,,,,,,,,,,,,1850.3440885,1850.360252999999,1852.577023599999,1852.8271021,1853.411186899999,1853.3939028999994,,,,,,,,,,,,,,,,,,,,,,,,,,,,,,,,,,,,,,,,,,,,,,,,,,,,,,,,,,,,,,,,,,,,,,,,,,,,,,,,,,,,,,,,,,,,,,,,,,,,1853.4074810999991,1853.411186899999,1853.411186899999,1853.411186899999,1856.3939778999993,right,1,1.5299665000002278,0.1439276000000973,1856.4104220999998,1856.4104220999998,1856.4104220999998,,,,,,,,,,,,,,,,,,,,,,,,,,,,,,,,,,,,,,,,,,AR2804,001,2026-04-28_12h23.38.692,SEED,2024.2.5,60.0629459672694,2026-04-28 12h27.11.358474 +0100,
88,,,,,,,,,,,,2.2,58,58,0,,,,,,Scenes_Dataset/library_A.jpg,"(600, 478)",Lure,None,None,new,right,None,None,None,None,None,,,,,,,,,,,,right,1,1.1569614000000001,0.15987870000026305,,,,,,,,,,,,,,,,,,,,0,58,58,87,,,,,,,,,1856.4104220999998,,,,,,,,,,,,,,1856.3943044999996,1856.4104220999998,1858.6436783999998,1858.8962904,1858.6105470999992,1858.877540399999,,,,,,,,,,,,,,,,,,,,,,,,,,,,,,,,,,,,,,,,,,,,,,,,,,,,,,,,,,,,,,,,,,,,,,,,,,,,,,,,,,,,,,,,,,,,,,,,,,,,1858.8922488999997,1858.8962904,1858.8962904,1858.8962904,1861.8944137999988,right,1,1.1569614000000001,0.15987870000026305,,,,,,,,,,,,,,,,,,,,,,,,,,,,,,,,,,,,,,,,,,,,,AR2804,001,2026-04-28_12h23.38.692,SEED,2024.2.5,60.0629459672694,2026-04-28 12h27.11.358474 +0100,
2,,,,,,,,,,,,2.05,59,59,0,,,,,,Scenes_Dataset/waiting_room_A.jpg,"(600, 450)",Congruent,Objects_Dataset/clock.png,"(250, 248)",old,left,Objects_Dataset/water_dispenser.png,"(300, 300)","(300, -200)","(300, 200)",down,,,,,,,,,,,,left,1,0.9638711000006879,0.19183159999920463,,,,,,,,,,,,,,,,,,,,0,59,59,1,,,,,,,,,1861.9105082999995,,,,,,,,,,,,,,1861.8950860999994,1861.9105082999995,1864.127150799999,1864.3774319999993,1863.9606593999997,1864.360958199999,,,,,,,,,,,,,,,,,,,,,,,,,,,,,,,,,,,,,,,,,,,,,,,,,,,,,,,,,,,,,,,,,,,,,,,,,,,,,,,,,,,,,,,,,,,,,,,,,,,,1864.3735801999992,1864.3774319999993,1864.3774319999993,1864.3774319999993,1867.360854999999,left,1,0.9638711000006879,0.19183159999920463,1867.377155799999,1867.377155799999,1867.377155799999,,,,,,,,,,,,,,,,,,,,,,,,,,,,,,,,,,,,,,,,,,AR2804,001,2026-04-28_12h23.38.692,SEED,2024.2.5,60.0629459672694,2026-04-28 12h27.11.358474 +0100,
63,,,,,,,,,,,,2.25,60,60,0,,,,,,Scenes_Dataset/desert_B.jpg,"(600, 381)",Lure,None,None,new,right,None,None,None,None,None,,,,,,,,,,,,right,1,2.382863000000725,0.17600449999918055,,,,,,,,,,,,,,,,,,,,0,60,60,62,,,,,,,,,1867.377155799999,,,,,,,,,,,,,,1867.3612713000002,1867.377155799999,1869.6106531999994,1869.8625044,1869.6272403000003,1869.8442436999994,,,,,,,,,,,,,,,,,,,,,,,,,,,,,,,,,,,,,,,,,,,,,,,,,,,,,,,,,,,,,,,,,,,,,,,,,,,,,,,,,,,,,,,,,,,,,,,,,,,,1869.8533377000003,1869.8625044,1869.8625044,1869.8625044,1872.844853999999,right,1,2.382863000000725,0.17600449999918055,,,,,,,,,,,,,,,,,,,,,,,,,,,,,,,,,,,,,,,,,,,,,AR2804,001,2026-04-28_12h23.38.692,SEED,2024.2.5,60.0629459672694,2026-04-28 12h27.11.358474 +0100,
55,,,,,,,,,,,,2.1,61,61,0,,,,,,Scenes_Dataset/lake_A.jpg,"(600, 442)",Incongruent,Objects_Dataset/thermometer.png,"(300, 199)",old,left,Objects_Dataset/ticket_machine.png,"(200, 300)","(300, 200)","(300, -200)",up,,,,,,,,,,,,left,1,0.9889229000000341,0.19213259999924048,,,,,,,,,,,,,,,,,,,,0,61,61,54,,,,,,,,,1872.8610888000003,,,,,,,,,,,,,,1872.8453606999992,1872.8610888000003,1875.0956103999997,1875.3603019999991,1874.9607768000005,1875.3444681,,,,,,,,,,,,,,,,,,,,,,,,,,,,,,,,,,,,,,,,,,,,,,,,,,,,,,,,,,,,,,,,,,,,,,,,,,,,,,,,,,,,,,,,,,,,,,,,,,,,1875.3561819999995,1875.3603019999991,1875.3603019999991,1875.3603019999991,1878.3444789999994,left,1,0.9889229000000341,0.19213259999924048,1878.3608669999994,1878.3608669999994,1878.3608669999994,,,,,,,,,,,,,,,,,,,,,,,,,,,,,,,,,,,,,,,,,,AR2804,001,2026-04-28_12h23.38.692,SEED,2024.2.5,60.0629459672694,2026-04-28 12h27.11.358474 +0100,
34,,,,,,,,,,,,2.35,62,62,0,,,,,,Scenes_Dataset/flower_shop_A.jpg,"(600, 450)",Incongruent,Objects_Dataset/trumpet_retouched.png,"(300, 122)",old,left,Objects_Dataset/sailor_hat.png,"(300, 250)","(300, 200)","(300, -200)",up,,,,,,,,,,,,right,0,2.3217115999996167,0.18410970000149973,,,,,,,,,,,,,,,,,,,,0,62,62,33,,,,,,,,,1878.3608669999994,,,,,,,,,,,,,,1878.344968899999,1878.3608669999994,1880.5940836999998,1880.8434226999998,1880.7108167000006,1880.8277488000003,,,,,,,,,,,,,,,,,,,,,,,,,,,,,,,,,,,,,,,,,,,,,,,,,,,,,,,,,,,,,,,,,,,,,,,,,,,,,,,,,,,,,,,,,,,,,,,,,,,,1880.839280799999,1880.8434226999998,1880.8434226999998,1880.8434226999998,1883.8280204999992,right,0,2.3217115999996167,0.18410970000149973,1883.8438999999998,1883.8438999999998,1883.8438999999998,,,,,,,,,,,,,,,,,,,,,,,,,,,,,,,,,,,,,,,,,,AR2804,001,2026-04-28_12h23.38.692,SEED,2024.2.5,60.0629459672694,2026-04-28 12h27.11.358474 +0100,
53,,,,,,,,,,,,2,63,63,0,,,,,,Scenes_Dataset/operating_room_A.jpg,"(600, 416)",Incongruent,Objects_Dataset/rope.png,"(300, 248)",old,left,Objects_Dataset/scooter_retouched.png,"(311, 350)","(300, 200)","(300, -200)",up,,,,,,,,,,,,left,1,1.2937648999995872,0.1995810000007623,,,,,,,,,,,,,,,,,,,,0,63,63,52,,,,,,,,,1883.8438999999998,,,,,,,,,,,,,,1883.8285173999993,1883.8438999999998,1886.0774808000006,1886.3278112999997,1885.8440787,1886.3113950999996,,,,,,,,,,,,,,,,,,,,,,,,,,,,,,,,,,,,,,,,,,,,,,,,,,,,,,,,,,,,,,,,,,,,,,,,,,,,,,,,,,,,,,,,,,,,,,,,,,,,1886.3239107999998,1886.3278112999997,1886.3278112999997,1886.3278112999997,1889.3115254000004,left,1,1.2937648999995872,0.1995810000007623,,,,,,,,,,,,,,,,,,,,,,,,,,,,,,,,,,,,,,,,,,,,,AR2804,001,2026-04-28_12h23.38.692,SEED,2024.2.5,60.0629459672694,2026-04-28 12h27.11.358474 +0100,
73,,,,,,,,,,,,2.75,64,64,0,,,,,,Scenes_Dataset/cemetery_A.jpg,"(600, 452)",Lure,None,None,new,right,None,None,None,None,None,,,,,,,,,,,,right,1,1.213432599999578,0.1840690999997605,,,,,,,,,,,,,,,,,,,,0,64,64,72,,,,,,,,,1889.3279022999996,,,,,,,,,,,,,,1889.3118419000002,1889.3279022999996,1891.5609521999995,1891.8110880999993,1892.079905999999,1892.0612581000005,,,,,,,,,,,,,,,,,,,,,,,,,,,,,,,,,,,,,,,,,,,,,,,,,,,,,,,,,,,,,,,,,,,,,,,,,,,,,,,,,,,,,,,,,,,,,,,,,,,,1892.0761174999989,1892.079905999999,1892.079905999999,1892.079905999999,1895.0779941,right,1,1.213432599999578,0.1840690999997605,,,,,,,,,,,,,,,,,,,,,,,,,,,,,,,,,,,,,,,,,,,,,AR2804,001,2026-04-28_12h23.38.692,SEED,2024.2.5,60.0629459672694,2026-04-28 12h27.11.358474 +0100,
67,,,,,,,,,,,,2.45,65,65,0,,,,,,Scenes_Dataset/kindergarten_B.jpg,"(600, 401)",Lure,None,None,new,right,None,None,None,None,None,,,,,,,,,,,,right,1,1.457071900000301,0.1918959000013274,,,,,,,,,,,,,,,,,,,,0,65,65,66,,,,,,,,,1895.0940592999996,,,,,,,,,,,,,,1895.0783862999997,1895.0940592999996,1897.3111050999996,1897.5640224999988,1897.5451317999996,1897.5457246000005,,,,,,,,,,,,,,,,,,,,,,,,,,,,,,,,,,,,,,,,,,,,,,,,,,,,,,,,,,,,,,,,,,,,,,,,,,,,,,,,,,,,,,,,,,,,,,,,,,,,1897.5604528000003,1897.5640224999988,1897.5640224999988,1897.5640224999988,1900.5466359999991,right,1,1.457071900000301,0.1918959000013274,,,,,,,,,,,,,,,,,,,,,,,,,,,,,,,,,,,,,,,,,,,,,AR2804,001,2026-04-28_12h23.38.692,SEED,2024.2.5,60.0629459672694,2026-04-28 12h27.11.358474 +0100,
51,,,,,,,,,,,,3.2,66,66,0,,,,,,Scenes_Dataset/clinic_A.jpg,"(600, 400)",Incongruent,Objects_Dataset/juggling_balls_retouched.png,"(350, 197)",old,left,Objects_Dataset/sled_retouched.png,"(450, 286)","(300, 200)","(300, -200)",up,,,,,,,,,,,,right,0,1.3242349000011018,0.16783550000036485,,,,,,,,,,,,,,,,,,,,0,66,66,50,,,,,,,,,1900.5609888,,,,,,,,,,,,,,1900.5469981000006,1900.5609888,1902.8112005000003,1903.061166399999,1903.7612047000002,1903.7455668999992,,,,,,,,,,,,,,,,,,,,,,,,,,,,,,,,,,,,,,,,,,,,,,,,,,,,,,,,,,,,,,,,,,,,,,,,,,,,,,,,,,,,,,,,,,,,,,,,,,,,1903.7517714999994,1903.7612047000002,1903.7612047000002,1903.7612047000002,1906.7449961999992,right,0,1.3242349000011018,0.16783550000036485,1906.7630941999996,1906.7630941999996,1906.7630941999996,,,,,,,,,,,,,,,,,,,,,,,,,,,,,,,,,,,,,,,,,,AR2804,001,2026-04-28_12h23.38.692,SEED,2024.2.5,60.0629459672694,2026-04-28 12h27.11.358474 +0100,
48,,,,,,,,,,,,3.05,67,67,0,,,,,,Scenes_Dataset/ballet_room_A.jpg,"(600, 398)",Incongruent,Objects_Dataset/hiking_boots.png,"(300, 300)",old,left,Objects_Dataset/bicycle_bell.png,"(250, 210)","(300, 200)","(300, -200)",up,,,,,,,,,,,,right,0,1.735824400000638,0.21583180000016,,,,,,,,,,,,,,,,,,,,0,67,67,47,,,,,,,,,1906.7630941999996,,,,,,,,,,,,,,1906.7454954999994,1906.7630941999996,1909.0114711000006,1909.2622530999997,1909.8293811999993,1909.8117822000004,,,,,,,,,,,,,,,,,,,,,,,,,,,,,,,,,,,,,,,,,,,,,,,,,,,,,,,,,,,,,,,,,,,,,,,,,,,,,,,,,,,,,,,,,,,,,,,,,,,,1909.8256189999993,1909.8293811999993,1909.8293811999993,1909.8293811999993,1912.8282598999995,right,0,1.735824400000638,0.21583180000016,,,,,,,,,,,,,,,,,,,,,,,,,,,,,,,,,,,,,,,,,,,,,AR2804,001,2026-04-28_12h23.38.692,SEED,2024.2.5,60.0629459672694,2026-04-28 12h27.11.358474 +0100,
41,,,,,,,,,,,,2.7,68,68,0,,,,,,Scenes_Dataset/attic_A.jpg,"(600, 400)",Incongruent,Objects_Dataset/ticket_machine.png,"(200, 300)",old,left,Objects_Dataset/cake_holder.png,"(300, 209)","(300, 200)","(300, -200)",up,,,,,,,,,,,,left,1,1.1087151000010635,0.26370979999956035,,,,,,,,,,,,,,,,,,,,0,68,68,40,,,,,,,,,1912.8443969,,,,,,,,,,,,,,1912.8287177000002,1912.8443969,1915.0613076999998,1915.3113273999988,1915.5447071999988,1915.5285356999993,,,,,,,,,,,,,,,,,,,,,,,,,,,,,,,,,,,,,,,,,,,,,,,,,,,,,,,,,,,,,,,,,,,,,,,,,,,,,,,,,,,,,,,,,,,,,,,,,,,,1915.5411105000003,1915.5447071999988,1915.5447071999988,1915.5447071999988,1918.5284455,left,1,1.1087151000010635,0.26370979999956035,1918.5444341000002,1918.5444341000002,1918.5444341000002,,,,,,,,,,,,,,,,,,,,,,,,,,,,,,,,,,,,,,,,,,AR2804,001,2026-04-28_12h23.38.692,SEED,2024.2.5,60.0629459672694,2026-04-28 12h27.11.358474 +0100,
42,,,,,,,,,,,,2.75,69,69,0,,,,,,Scenes_Dataset/hut_A.jpg,"(600, 384)",Incongruent,Objects_Dataset/sled_retouched.png,"(450, 286)",old,left,Objects_Dataset/stapler.png,"(250, 178)","(300, 200)","(300, -200)",up,,,,,,,,,,,,left,1,0.860429500000464,0.27203629999894474,,,,,,,,,,,,,,,,,,,,0,69,69,41,,,,,,,,,1918.5444341000002,,,,,,,,,,,,,,1918.529016299999,1918.5444341000002,1920.794399299999,1921.0444308000006,1921.2967786999998,1921.2789864999995,,,,,,,,,,,,,,,,,,,,,,,,,,,,,,,,,,,,,,,,,,,,,,,,,,,,,,,,,,,,,,,,,,,,,,,,,,,,,,,,,,,,,,,,,,,,,,,,,,,,1921.2930060999988,1921.2967786999998,1921.2967786999998,1921.2967786999998,1924.2971364000005,left,1,0.860429500000464,0.27203629999894474,,,,,,,,,,,,,,,,,,,,,,,,,,,,,,,,,,,,,,,,,,,,,AR2804,001,2026-04-28_12h23.38.692,SEED,2024.2.5,60.0629459672694,2026-04-28 12h27.11.358474 +0100,
17,,,,,,,,,,,,2.8,70,70,0,,,,,,Scenes_Dataset/stage_A.jpg,"(600, 396)",Congruent,Objects_Dataset/saxophone.png,"(250, 250)",old,left,Objects_Dataset/digital_piano_retouched.png,"(350, 350)","(300, -200)","(300, 200)",down,,,,,,,,,,,,left,1,0.8934509000009712,0.23202069999933883,,,,,,,,,,,,,,,,,,,,0,70,70,16,,,,,,,,,1924.3108776999998,,,,,,,,,,,,,,1924.2977317999994,1924.3108776999998,1926.5443288000006,1926.7945194999993,1927.1116772999994,1927.0962063999996,,,,,,,,,,,,,,,,,,,,,,,,,,,,,,,,,,,,,,,,,,,,,,,,,,,,,,,,,,,,,,,,,,,,,,,,,,,,,,,,,,,,,,,,,,,,,,,,,,,,1927.107981199999,1927.1116772999994,1927.1116772999994,1927.1116772999994,1930.0951848000004,left,1,0.8934509000009712,0.23202069999933883,1930.1111428999993,1930.1111428999993,1930.1111428999993,,,,,,,,,,,,,,,,,,,,,,,,,,,,,,,,,,,,,,,,,,AR2804,001,2026-04-28_12h23.38.692,SEED,2024.2.5,60.0629459672694,2026-04-28 12h27.11.358474 +0100,
66,,,,,,,,,,,,2.4,71,71,0,,,,,,Scenes_Dataset/vault_B.jpg,"(600, 400)",Lure,None,None,new,right,None,None,None,None,None,,,,,,,,,,,,right,1,1.6177841999997327,0.21582699999999022,,,,,,,,,,,,,,,,,,,,0,71,71,65,,,,,,,,,1930.1111428999993,,,,,,,,,,,,,,1930.0957545,1930.1111428999993,1932.3611941,1932.611590999999,1932.5118512999998,1932.5951623,,,,,,,,,,,,,,,,,,,,,,,,,,,,,,,,,,,,,,,,,,,,,,,,,,,,,,,,,,,,,,,,,,,,,,,,,,,,,,,,,,,,,,,,,,,,,,,,,,,,1932.6075175999995,1932.611590999999,1932.611590999999,1932.611590999999,1935.594932099999,right,1,1.6177841999997327,0.21582699999999022,1935.611098199999,1935.611098199999,1935.611098199999,,,,,,,,,,,,,,,,,,,,,,,,,,,,,,,,,,,,,,,,,,AR2804,001,2026-04-28_12h23.38.692,SEED,2024.2.5,60.0629459672694,2026-04-28 12h27.11.358474 +0100,
12,,,,,,,,,,,,2.55,72,72,0,,,,,,Scenes_Dataset/castle_A.jpg,"(600, 450)",Congruent,Objects_Dataset/sword_retouched.png,"(300, 300)",old,left,Objects_Dataset/shield.png,"(199, 300)","(300, -200)","(300, 200)",down,,,,,,,,,,,,left,1,0.9441079999996873,0.23999390000062704,,,,,,,,,,,,,,,,,,,,0,72,72,11,,,,,,,,,1935.611098199999,,,,,,,,,,,,,,1935.5955267999998,1935.611098199999,1937.8447173000004,1938.0945682000001,1938.165155499999,1938.1448351,,,,,,,,,,,,,,,,,,,,,,,,,,,,,,,,,,,,,,,,,,,,,,,,,,,,,,,,,,,,,,,,,,,,,,,,,,,,,,,,,,,,,,,,,,,,,,,,,,,,1938.1612504000004,1938.165155499999,1938.165155499999,1938.165155499999,1941.1614166,left,1,0.9441079999996873,0.23999390000062704,,,,,,,,,,,,,,,,,,,,,,,,,,,,,,,,,,,,,,,,,,,,,AR2804,001,2026-04-28_12h23.38.692,SEED,2024.2.5,60.0629459672694,2026-04-28 12h27.11.358474 +0100,
49,,,,,,,,,,,,3.1,73,73,0,,,,,,Scenes_Dataset/restaurant_A.jpg,"(600, 400)",Incongruent,Objects_Dataset/comb.png,"(250, 250)",old,left,Objects_Dataset/football_boots.png,"(300, 300)","(300, 200)","(300, -200)",up,,,,,,,,,,,,right,0,1.0361865000013495,0.2398216000001412,,,,,,,,,,,,,,,,,,,,0,73,73,48,,,,,,,,,1941.177881399999,,,,,,,,,,,,,,1941.1619259,1941.177881399999,1943.394887999999,1943.6448772999993,1944.281112499999,1944.2618397000006,,,,,,,,,,,,,,,,,,,,,,,,,,,,,,,,,,,,,,,,,,,,,,,,,,,,,,,,,,,,,,,,,,,,,,,,,,,,,,,,,,,,,,,,,,,,,,,,,,,,1944.2775930999996,1944.281112499999,1944.281112499999,1944.281112499999,1947.278279799999,right,0,1.0361865000013495,0.2398216000001412,,,,,,,,,,,,,,,,,,,,,,,,,,,,,,,,,,,,,,,,,,,,,AR2804,001,2026-04-28_12h23.38.692,SEED,2024.2.5,60.0629459672694,2026-04-28 12h27.11.358474 +0100,
58,,,,,,,,,,,,2.25,74,74,0,,,,,,Scenes_Dataset/museum_A.jpg,"(600, 337)",Incongruent,Objects_Dataset/bikini.png,"(350, 350)",old,left,Objects_Dataset/clothesline_retouched_2.png,"(350, 231)","(300, 200)","(300, -200)",up,,,,,,,,,,,,right,0,2.002167399999962,0.24810200000138138,,,,,,,,,,,,,,,,,,,,0,74,74,57,,,,,,,,,1947.2946503999992,,,,,,,,,,,,,,1947.2789537999997,1947.2946503999992,1949.5114608000003,1949.7628692999988,1949.5475365000002,1949.7467739000003,,,,,,,,,,,,,,,,,,,,,,,,,,,,,,,,,,,,,,,,,,,,,,,,,,,,,,,,,,,,,,,,,,,,,,,,,,,,,,,,,,,,,,,,,,,,,,,,,,,,1949.759464499999,1949.7628692999988,1949.7628692999988,1949.7628692999988,1952.7470054000005,right,0,2.002167399999962,0.24810200000138138,1952.7616020000005,1952.7616020000005,1952.7616020000005,,,,,,,,,,,,,,,,,,,,,,,,,,,,,,,,,,,,,,,,,,AR2804,001,2026-04-28_12h23.38.692,SEED,2024.2.5,60.0629459672694,2026-04-28 12h27.11.358474 +0100,
38,,,,,,,,,,,,2.55,75,75,0,,,,,,Scenes_Dataset/garden_A.jpg,"(600, 446)",Incongruent,Objects_Dataset/airplane_belt.png,"(300, 249)",old,left,Objects_Dataset/saline_retouched.png,"(300, 225)","(300, 200)","(300, -200)",up,,,,,,,,,,,,left,1,0.8178372000002128,0.2718542000002344,,,,,,,,,,,,,,,,,,,,0,75,75,37,,,,,,,,,1952.7616020000005,,,,,,,,,,,,,,1952.7475928999993,1952.7616020000005,1955.011653399999,1955.2619768999994,1955.3153970000003,1955.2953223999993,,,,,,,,,,,,,,,,,,,,,,,,,,,,,,,,,,,,,,,,,,,,,,,,,,,,,,,,,,,,,,,,,,,,,,,,,,,,,,,,,,,,,,,,,,,,,,,,,,,,1955.3116013,1955.3153970000003,1955.3153970000003,1955.3153970000003,1958.3116264,left,1,0.8178372000002128,0.2718542000002344,,,,,,,,,,,,,,,,,,,,,,,,,,,,,,,,,,,,,,,,,,,,,AR2804,001,2026-04-28_12h23.38.692,SEED,2024.2.5,60.0629459672694,2026-04-28 12h27.11.358474 +0100,
15,,,,,,,,,,,,2.7,76,76,0,,,,,,Scenes_Dataset/river_A.jpg,"(600, 450)",Congruent,Objects_Dataset/kayak.png,"(450, 338)",old,left,Objects_Dataset/paddle.png,"(300, 299)","(300, -200)","(300, 200)",down,,,,,,,,,,,,left,1,1.191213100000823,0.27999799999997776,,,,,,,,,,,,,,,,,,,,0,76,76,14,,,,,,,,,1958.3282199999994,,,,,,,,,,,,,,1958.3122910000002,1958.3282199999994,1960.5449515,1960.795108299999,1961.0298437000001,1961.0119009999999,,,,,,,,,,,,,,,,,,,,,,,,,,,,,,,,,,,,,,,,,,,,,,,,,,,,,,,,,,,,,,,,,,,,,,,,,,,,,,,,,,,,,,,,,,,,,,,,,,,,1961.0260361,1961.0298437000001,1961.0298437000001,1961.0298437000001,1964.028626199999,left,1,1.191213100000823,0.27999799999997776,,,,,,,,,,,,,,,,,,,,,,,,,,,,,,,,,,,,,,,,,,,,,AR2804,001,2026-04-28_12h23.38.692,SEED,2024.2.5,60.0629459672694,2026-04-28 12h27.11.358474 +0100,
14,,,,,,,,,,,,2.65,77,77,0,,,,,,Scenes_Dataset/palace_interior_A.jpg,"(600, 447)",Congruent,Objects_Dataset/chandelier_retouched.png,"(250, 300)",old,left,Objects_Dataset/crown.png,"(300, 249)","(300, -200)","(300, 200)",down,,,,,,,,,,,,left,1,1.4230913999999757,0.26391899999907764,,,,,,,,,,,,,,,,,,,,0,77,77,13,,,,,,,,,1964.0449833000002,,,,,,,,,,,,,,1964.0291505999994,1964.0449833000002,1966.261709299999,1966.5116340000004,1966.702095999999,1966.6807320999997,,,,,,,,,,,,,,,,,,,,,,,,,,,,,,,,,,,,,,,,,,,,,,,,,,,,,,,,,,,,,,,,,,,,,,,,,,,,,,,,,,,,,,,,,,,,,,,,,,,,1966.6970323999994,1966.702095999999,1966.702095999999,1966.702095999999,1969.6952143999988,left,1,1.4230913999999757,0.26391899999907764,,,,,,,,,,,,,,,,,,,,,,,,,,,,,,,,,,,,,,,,,,,,,AR2804,001,2026-04-28_12h23.38.692,SEED,2024.2.5,60.0629459672694,2026-04-28 12h27.11.358474 +0100,
86,,,,,,,,,,,,2.1,78,78,0,,,,,,Scenes_Dataset/shopping_center_A.jpg,"(600, 405)",Lure,None,None,new,right,None,None,None,None,None,,,,,,,,,,,,right,1,0.9885878000004595,0.21600469999975758,,,,,,,,,,,,,,,,,,,,0,78,78,85,,,,,,,,,1969.711526699999,,,,,,,,,,,,,,1969.6958892999992,1969.711526699999,1971.9449112000002,1972.2004935000004,1971.8116501999993,1972.1799300000002,,,,,,,,,,,,,,,,,,,,,,,,,,,,,,,,,,,,,,,,,,,,,,,,,,,,,,,,,,,,,,,,,,,,,,,,,,,,,,,,,,,,,,,,,,,,,,,,,,,,1972.195898599999,1972.2004935000004,1972.2004935000004,1972.2004935000004,1975.1955988999998,right,1,0.9885878000004595,0.21600469999975758,,,,,,,,,,,,,,,,,,,,,,,,,,,,,,,,,,,,,,,,,,,,,AR2804,001,2026-04-28_12h23.38.692,SEED,2024.2.5,60.0629459672694,2026-04-28 12h27.11.358474 +0100,
77,,,,,,,,,,,,2.95,79,79,0,,,,,,Scenes_Dataset/trash_A.jpg,"(600, 424)",Lure,None,None,new,right,None,None,None,None,None,,,,,,,,,,,,right,1,1.3259438999994018,0.21596690000114904,,,,,,,,,,,,,,,,,,,,0,79,79,76,,,,,,,,,1975.2117268000002,,,,,,,,,,,,,,1975.1961625999993,1975.2117268000002,1977.445205099999,1977.6955935999995,1978.1673496000003,1978.14581,,,,,,,,,,,,,,,,,,,,,,,,,,,,,,,,,,,,,,,,,,,,,,,,,,,,,,,,,,,,,,,,,,,,,,,,,,,,,,,,,,,,,,,,,,,,,,,,,,,,1978.1631861000005,1978.1673496000003,1978.1673496000003,1978.1673496000003,1981.1624303999997,right,1,1.3259438999994018,0.21596690000114904,,,,,,,,,,,,,,,,,,,,,,,,,,,,,,,,,,,,,,,,,,,,,AR2804,001,2026-04-28_12h23.38.692,SEED,2024.2.5,60.0629459672694,2026-04-28 12h27.11.358474 +0100,
29,,,,,,,,,,,,2.1,80,80,0,,,,,,Scenes_Dataset/pool_B.jpg,"(600, 450)",Congruent,Objects_Dataset/slippers.png,"(280, 300)",old,left,Objects_Dataset/bikini.png,"(350, 350)","(300, -200)","(300, 200)",down,,,,,,,,,,,,left,1,1.5693523999998433,0.25613069999963045,,,,,,,,,,,,,,,,,,,,0,80,80,28,,,,,,,,,1981.1785492,,,,,,,,,,,,,,1981.1630614000005,1981.1785492,1983.3952286000003,1983.6517867999992,1983.2786378,1983.6289364000004,,,,,,,,,,,,,,,,,,,,,,,,,,,,,,,,,,,,,,,,,,,,,,,,,,,,,,,,,,,,,,,,,,,,,,,,,,,,,,,,,,,,,,,,,,,,,,,,,,,,1983.647756299999,1983.6517867999992,1983.6517867999992,1983.6517867999992,1986.6454040999997,left,1,1.5693523999998433,0.25613069999963045,,,,,,,,,,,,,,,,,,,,,,,,,,,,,,,,,,,,,,,,,,,,,AR2804,001,2026-04-28_12h23.38.692,SEED,2024.2.5,60.0629459672694,2026-04-28 12h27.11.358474 +0100,
9,,,,,,,,,,,,2.4,81,81,0,,,,,,Scenes_Dataset/childrens_room_A.jpg,"(600, 524)",Congruent,Objects_Dataset/abacus.png,"(185, 200)",old,left,Objects_Dataset/doll.png,"(191, 300)","(300, -200)","(300, 200)",down,,,,,,,,,,,,right,0,1.2113559000008536,0.2160626000004413,,,,,,,,,,,,,,,,,,,,0,81,81,8,,,,,,,,,1986.6618761999998,,,,,,,,,,,,,,1986.6458504999991,1986.6618761999998,1988.8786891,1989.138146199999,1989.0622535999992,1989.1140868999992,,,,,,,,,,,,,,,,,,,,,,,,,,,,,,,,,,,,,,,,,,,,,,,,,,,,,,,,,,,,,,,,,,,,,,,,,,,,,,,,,,,,,,,,,,,,,,,,,,,,1989.1287362000003,1989.138146199999,1989.138146199999,1989.138146199999,1992.1288980999998,right,0,1.2113559000008536,0.2160626000004413,,,,,,,,,,,,,,,,,,,,,,,,,,,,,,,,,,,,,,,,,,,,,AR2804,001,2026-04-28_12h23.38.692,SEED,2024.2.5,60.0629459672694,2026-04-28 12h27.11.358474 +0100,
46,,,,,,,,,,,,2.95,82,82,0,,,,,,Scenes_Dataset/skate_park_A.jpg,"(600, 450)",Incongruent,Objects_Dataset/paddle.png,"(300, 299)",old,left,Objects_Dataset/fan.png,"(350, 350)","(300, 200)","(300, -200)",up,,,,,,,,,,,,right,0,1.1316311999999016,0.22382090000064636,,,,,,,,,,,,,,,,,,,,0,82,82,45,,,,,,,,,1992.1453177999992,,,,,,,,,,,,,,1992.1293805999994,1992.1453177999992,1994.3787250999994,1994.6316050999994,1995.0976668999992,1995.0794284999993,,,,,,,,,,,,,,,,,,,,,,,,,,,,,,,,,,,,,,,,,,,,,,,,,,,,,,,,,,,,,,,,,,,,,,,,,,,,,,,,,,,,,,,,,,,,,,,,,,,,1995.0935910999997,1995.0976668999992,1995.0976668999992,1995.0976668999992,1998.0960329999998,right,0,1.1316311999999016,0.22382090000064636,,,,,,,,,,,,,,,,,,,,,,,,,,,,,,,,,,,,,,,,,,,,,AR2804,001,2026-04-28_12h23.38.692,SEED,2024.2.5,60.0629459672694,2026-04-28 12h27.11.358474 +0100,
47,,,,,,,,,,,,3,83,83,0,,,,,,Scenes_Dataset/entrance_hall_B.jpg,"(600, 421)",Incongruent,Objects_Dataset/movie_reels.png,"(350, 268)",old,left,Objects_Dataset/payment_terminal.png,"(285, 300)","(300, 200)","(300, -200)",up,,,,,,,,,,,,left,1,1.4694758000005095,0.23176360000070417,,,,,,,,,,,,,,,,,,,,0,83,83,46,,,,,,,,,1998.112049899999,,,,,,,,,,,,,,1998.0966466999998,1998.112049899999,2000.3293033999998,2000.578657099999,2001.1198585000002,2001.0959626000003,,,,,,,,,,,,,,,,,,,,,,,,,,,,,,,,,,,,,,,,,,,,,,,,,,,,,,,,,,,,,,,,,,,,,,,,,,,,,,,,,,,,,,,,,,,,,,,,,,,,2001.1158797999997,2001.1198585000002,2001.1198585000002,2001.1198585000002,2004.1128021999994,left,1,1.4694758000005095,0.23176360000070417,,,,,,,,,,,,,,,,,,,,,,,,,,,,,,,,,,,,,,,,,,,,,AR2804,001,2026-04-28_12h23.38.692,SEED,2024.2.5,60.0629459672694,2026-04-28 12h27.11.358474 +0100,
10,,,,,,,,,,,,2.45,84,84,0,,,,,,Scenes_Dataset/toy_store_B.jpg,"(600, 415)",Congruent,Objects_Dataset/doll.png,"(191, 300)",old,left,Objects_Dataset/abacus.png,"(185, 200)","(300, -200)","(300, 200)",down,,,,,,,,,,,,left,1,2.6360930999999255,0.2480085000006511,,,,,,,,,,,,,,,,,,,,0,84,84,9,,,,,,,,,2004.1288703999999,,,,,,,,,,,,,,2004.1134179,2004.1288703999999,2006.3473648999989,2006.6171242,2006.5790557,2006.5958260999996,,,,,,,,,,,,,,,,,,,,,,,,,,,,,,,,,,,,,,,,,,,,,,,,,,,,,,,,,,,,,,,,,,,,,,,,,,,,,,,,,,,,,,,,,,,,,,,,,,,,2006.6132644999998,2006.6171242,2006.6171242,2006.6171242,2009.612476299999,left,1,2.6360930999999255,0.2480085000006511,,,,,,,,,,,,,,,,,,,,,,,,,,,,,,,,,,,,,,,,,,,,,AR2804,001,2026-04-28_12h23.38.692,SEED,2024.2.5,60.0629459672694,2026-04-28 12h27.11.358474 +0100,
28,,,,,,,,,,,,2.05,85,85,0,,,,,,Scenes_Dataset/public_toilet_A.jpg,"(600, 375)",Congruent,Objects_Dataset/hands_dryer.png,"(350, 267)",old,left,Objects_Dataset/paper_towel_dispenser.png,"(300, 400)","(300, -200)","(300, 200)",down,,,,,,,,,,,,left,1,2.7203370000006544,0.20002690000001166,,,,,,,,,,,,,,,,,,,,0,85,85,27,,,,,,,,,2009.6289737999996,,,,,,,,,,,,,,2009.612887199999,2009.6289737999996,2011.8457847999998,2012.100789,2011.6790454000002,2012.079452099999,,,,,,,,,,,,,,,,,,,,,,,,,,,,,,,,,,,,,,,,,,,,,,,,,,,,,,,,,,,,,,,,,,,,,,,,,,,,,,,,,,,,,,,,,,,,,,,,,,,,2012.0937935999991,2012.100789,2012.100789,2012.100789,2015.0796363999998,left,1,2.7203370000006544,0.20002690000001166,,,,,,,,,,,,,,,,,,,,,,,,,,,,,,,,,,,,,,,,,,,,,AR2804,001,2026-04-28_12h23.38.692,SEED,2024.2.5,60.0629459672694,2026-04-28 12h27.11.358474 +0100,
7,,,,,,,,,,,,2.3,86,86,0,,,,,,Scenes_Dataset/snow_B.jpg,"(600, 450)",Congruent,Objects_Dataset/wool_cap.png,"(250, 250)",old,left,Objects_Dataset/eskimo_coat.png,"(300, 300)","(300, -200)","(300, 200)",down,,,,,,,,,,,,left,1,0.8092569000000367,0.19215790000089328,,,,,,,,,,,,,,,,,,,,0,86,86,6,,,,,,,,,2015.0956678999992,,,,,,,,,,,,,,2015.0802162,2015.0956678999992,2017.3291503,2017.5799542999994,2017.3956930999993,2017.5634276,,,,,,,,,,,,,,,,,,,,,,,,,,,,,,,,,,,,,,,,,,,,,,,,,,,,,,,,,,,,,,,,,,,,,,,,,,,,,,,,,,,,,,,,,,,,,,,,,,,,2017.5756552000003,2017.5799542999994,2017.5799542999994,2017.5799542999994,2020.5628849000004,left,1,0.8092569000000367,0.19215790000089328,2020.5821778999998,2020.5821778999998,2020.5821778999998,,,,,,,,,,,,,,,,,,,,,,,,,,,,,,,,,,,,,,,,,,AR2804,001,2026-04-28_12h23.38.692,SEED,2024.2.5,60.0629459672694,2026-04-28 12h27.11.358474 +0100,
44,,,,,,,,,,,,2.85,87,87,0,,,,,,Scenes_Dataset/boat_interior_A.jpg,"(600, 400)",Incongruent,Objects_Dataset/scooter_retouched.png,"(311, 350)",old,left,Objects_Dataset/car_mat.png,"(230, 258)","(300, 200)","(300, -200)",up,,,,,,,,,,,,left,1,0.7148316000002524,0.18408780000027036,,,,,,,,,,,,,,,,,,,,0,87,87,43,,,,,,,,,2020.5821778999998,,,,,,,,,,,,,,2020.563450399999,2020.5821778999998,2022.8125179999988,2023.0623665999992,2023.450482799999,2023.429653199999,,,,,,,,,,,,,,,,,,,,,,,,,,,,,,,,,,,,,,,,,,,,,,,,,,,,,,,,,,,,,,,,,,,,,,,,,,,,,,,,,,,,,,,,,,,,,,,,,,,,2023.4465588000003,2023.450482799999,2023.450482799999,2023.450482799999,2026.446139399999,left,1,0.7148316000002524,0.18408780000027036,,,,,,,,,,,,,,,,,,,,,,,,,,,,,,,,,,,,,,,,,,,,,AR2804,001,2026-04-28_12h23.38.692,SEED,2024.2.5,60.0629459672694,2026-04-28 12h27.11.358474 +0100,
21,,,,,,,,,,,,3,88,88,0,,,,,,Scenes_Dataset/pharmacy_A.jpg,"(600, 461)",Congruent,Objects_Dataset/pills.png,"(216, 250)",old,left,Objects_Dataset/thermometer.png,"(300, 199)","(300, -200)","(300, 200)",down,,,,,,,,,,,,left,1,1.1376607000001968,0.2158744000007573,,,,,,,,,,,,,,,,,,,,0,88,88,20,,,,,,,,,2026.4625794999993,,,,,,,,,,,,,,2026.4467487000002,2026.4625794999993,2028.6791811000003,2028.9295084000005,2029.4676249000004,2029.4464461999996,,,,,,,,,,,,,,,,,,,,,,,,,,,,,,,,,,,,,,,,,,,,,,,,,,,,,,,,,,,,,,,,,,,,,,,,,,,,,,,,,,,,,,,,,,,,,,,,,,,,2029.4635199999993,2029.4676249000004,2029.4676249000004,2029.4676249000004,2032.4630006999996,left,1,1.1376607000001968,0.2158744000007573,,,,,,,,,,,,,,,,,,,,,,,,,,,,,,,,,,,,,,,,,,,,,AR2804,001,2026-04-28_12h23.38.692,SEED,2024.2.5,60.0629459672694,2026-04-28 12h27.11.358474 +0100,
64,,,,,,,,,,,,2.3,89,89,0,,,,,,Scenes_Dataset/building_entrance_B.jpg,"(600, 398)",Lure,None,None,new,right,None,None,None,None,None,,,,,,,,,,,,right,1,0.9501144999994722,0.18393490000016754,,,,,,,,,,,,,,,,,,,,0,89,89,63,,,,,,,,,2032.479134199999,,,,,,,,,,,,,,2032.4636410000003,2032.479134199999,2034.696057699999,2034.9511287000005,2034.7793431999999,2034.9298760000001,,,,,,,,,,,,,,,,,,,,,,,,,,,,,,,,,,,,,,,,,,,,,,,,,,,,,,,,,,,,,,,,,,,,,,,,,,,,,,,,,,,,,,,,,,,,,,,,,,,,2034.947054799999,2034.9511287000005,2034.9511287000005,2034.9511287000005,2037.9465928999998,right,1,0.9501144999994722,0.18393490000016754,,,,,,,,,,,,,,,,,,,,,,,,,,,,,,,,,,,,,,,,,,,,,AR2804,001,2026-04-28_12h23.38.692,SEED,2024.2.5,60.0629459672694,2026-04-28 12h27.11.358474 +0100,
,,,,,,,,,,,,,,,,,,,,,,,,,,,,,,,,,,,,,,,,,,,,,,,,,,,,,,,,,,,,,,,,,,,,,,,,,,,,,,,,,,,,,,,,,,,,,,,,,,,,,,,,,,,,,,,,,,,,,,,,,,,,,,,,,,,,,,,,,,,,,,,,,,,,,,,,,,,,,,,,,,,,,,,,,,,,,,,,,,,,,,,,,,,,,,,,,,,,,,,,,,,,,,,,,,2037.9469356999998,2037.962492999999,2037.962492999999,2041.2300109999996,space,3.266833800000313,None,,,,,,,,,,,,,,,,,,,,,,,,,,,,,,,,,,,AR2804,001,2026-04-28_12h23.38.692,SEED,2024.2.5,60.0629459672694,2026-04-28 12h27.11.358474 +0100,
,,,,,,,,,,,,,,,,,,,,,,,,,,,,,,,,,,,,,,,,,,,,,,,,,,,,,,,,,,,,,,,,,,,,,,,,,,,,,,,,,,,,,,,,,,,,,,,,,,,,,,,,,,,,,,,,,,,,,,,,,,,,,,,,,,,,,,,,,,,,,,,,,,,,,,,,,,,,,,,,,,,,,,,,,,,,,,,,,,,,,,,,,,,,,,,,,,,,,,,,,,,,,,,,,,,,,,,,,2041.2301650999998,2041.2461033,2041.2461033,2059.7137034999996,space,18.463098700000046,None,,,,,,,,,,,,,,,,,,,,,,,,,,,,AR2804,001,2026-04-28_12h23.38.692,SEED,2024.2.5,60.0629459672694,2026-04-28 12h27.11.358474 +0100,
Ex4,Scenes_Dataset/river_B.jpg,"(600, 450)",Objects_Dataset/drone.png,"(300, 144)","(300, 200)",congruent,Objects_Dataset/fish_hook.png,"(130, 200)","(300, -200)",None,None,2.5,0,0,0,,,,,,,,,,,,,,,,,,,,,,,,,,,,,,,,,up,1.2989086999987194,0.19206450000092445,,,,,,,,,,,,,,,,,,,,,0,0,0,3,,,,,2059.7292660000003,,,,,,,,,,,,,,2059.7215684000003,2059.7292660000003,2061.9632616,2062.2130794000004,2062.234269299999,2062.2134454999996,,,,,,,,,,,,,,,,,,,,,,,,,,,,,,,,,,,,,,,,,,,,,,,,,,,,,,,,,,,,,,,,,,,,,,,,,,,,,,,,,,,,,,,,,,,,,,,,,,,,,,,,,,,,,,,,,,,,,,,,,,,,,,2062.2316477000004,2062.234269299999,2062.234269299999,2062.234269299999,2062.234269299999,2065.2136109000003,up,1.2989086999987194,0.19206450000092445,,,,,,,,,,,,,,,,,,,AR2804,001,2026-04-28_12h23.38.692,SEED,2024.2.5,60.0629459672694,2026-04-28 12h27.11.358474 +0100,
Ex2,Scenes_Dataset/painting_workshop_A.jpg,"(600, 450)",Objects_Dataset/fish_hook.png,"(130, 200)","(300, 200)",incongruent,Objects_Dataset/barrier.png,"(300, 300)","(300, -200)",Scenes_Dataset/athletics_track_A,"(600, 450)",2.5,1,1,0,,,,,,,,,,,,,,,,,,,,,,,,,,,,,,,,,down,1.0743851999995968,0.17583449999983713,,,,,,,,,,,,,,,,,,,,,0,1,1,1,,,,,2065.2299700000003,,,,,,,,,,,,,,2065.2142139999996,2065.2299700000003,2067.463264599999,2067.713216,2067.738942099999,2067.713846999999,,,,,,,,,,,,,,,,,,,,,,,,,,,,,,,,,,,,,,,,,,,,,,,,,,,,,,,,,,,,,,,,,,,,,,,,,,,,,,,,,,,,,,,,,,,,,,,,,,,,,,,,,,,,,,,,,,,,,,,,,,,,,,2067.7357498,2067.738942099999,2067.738942099999,2067.738942099999,2067.738942099999,2070.7304241,down,1.0743851999995968,0.17583449999983713,,,,,,,,,,,,,,,,,,,AR2804,001,2026-04-28_12h23.38.692,SEED,2024.2.5,60.0629459672694,2026-04-28 12h27.11.358474 +0100,
Ex3,Scenes_Dataset/cellars_A.jpg,"(600, 399)",Objects_Dataset/barrier.png,"(300, 300)","(300, -200)",incongruent,Objects_Dataset/hang_glider.png,"(450, 275)","(300, 200)",None,None,3,2,2,0,,,,,,,,,,,,,,,,,,,,,,,,,,,,,,,,,up,2.551451100000122,0.0882657999991352,,,,,,,,,,,,,,,,,,,,,0,2,2,2,,,,,2070.7465778999995,,,,,,,,,,,,,,2070.731240699999,2070.7465778999995,2072.9631255999993,2073.2132182000005,2073.7577660999996,2073.7302947999997,,,,,,,,,,,,,,,,,,,,,,,,,,,,,,,,,,,,,,,,,,,,,,,,,,,,,,,,,,,,,,,,,,,,,,,,,,,,,,,,,,,,,,,,,,,,,,,,,,,,,,,,,,,,,,,,,,,,,,,,,,,,,,2073.754482099999,2073.7577660999996,2073.7577660999996,2073.7577660999996,2073.7577660999996,2076.7486444999995,up,2.551451100000122,0.0882657999991352,,,,,,,,,,,,,,,,,,,AR2804,001,2026-04-28_12h23.38.692,SEED,2024.2.5,60.0629459672694,2026-04-28 12h27.11.358474 +0100,
Ex1,Scenes_Dataset/sky_A.jpg,"(600, 398)",Objects_Dataset/hang_glider.png,"(450, 275)","(300, -200)",congruent,Objects_Dataset/drone.png,"(300, 144)","(300, 200)",Scenes_Dataset/temple_A.jpg,"(600, 358)",2,3,3,0,,,,,,,,,,,,,,,,,,,,,,,,,,,,,,,,,down,1.7323687999996764,0.18392209999910847,,,,,,,,,,,,,,,,,,,,,0,3,3,0,,,,,2076.7631712,,,,,,,,,,,,,,2076.7491665,2076.7631712,2078.980991299999,2079.2406773000002,2078.7631175999995,2079.2162795000004,,,,,,,,,,,,,,,,,,,,,,,,,,,,,,,,,,,,,,,,,,,,,,,,,,,,,,,,,,,,,,,,,,,,,,,,,,,,,,,,,,,,,,,,,,,,,,,,,,,,,,,,,,,,,,,,,,,,,,,,,,,,,,2079.2382989,2079.2406773000002,2079.2406773000002,2079.2406773000002,2079.2406773000002,2082.2317463,down,1.7323687999996764,0.18392209999910847,,,,,,,,,,,,,,,,,,,AR2804,001,2026-04-28_12h23.38.692,SEED,2024.2.5,60.0629459672694,2026-04-28 12h27.11.358474 +0100,
,,,,,,,,,,,,,,,,,,,,,,,,,,,,,,,,,,,,,,,,,,,,,,,,,,,,,,,,,,,,,,,,,,,,,,,,,,,,,,,,,,,,,,,,,,,,,,,,,,,,,,,,,,,,,,,,,,,,,,,,,,,,,,,,,,,,,,,,,,,,,,,,,,,,,,,,,,,,,,,,,,,,,,,,,,,,,,,,,,,,,,,,,,,,,,,2082.232004899999,2082.248003999999,2082.248003999999,2084.7483904,space,2.4852436000001035,None,,,,,,,,,,,,,,,,,,,,,,,,,,,,,,,,,,,,,,,,,,,,,,,,,,,,,,AR2804,001,2026-04-28_12h23.38.692,SEED,2024.2.5,60.0629459672694,2026-04-28 12h27.11.358474 +0100,
55,,,,,,,,,,,,2.1,0,0,0,,,,,,Scenes_Dataset/lake_A.jpg,"(600, 442)",Incongruent,Objects_Dataset/thermometer.png,"(300, 199)",old,left,Objects_Dataset/ticket_machine.png,"(200, 300)","(300, 200)","(300, -200)",up,,,,,,,,,,,,,,,,,,,up,1,1.6046372000000702,0.1841619000006176,,,,,,,,,,,,,,,,,,,,,0,0,0,54,2084.7771613000004,,,,,,,,,,,,,,2084.7751692,2084.7771613000004,2087.014344699999,2087.2724903,2086.880758899999,2087.2480858,,,,,,,,,,,,,,,,,,,,,,,,,,,,,,,,,,,,,,,,,,,,,,,,,,,,,,,,,,,,,,,,,,,,,,,,,,,,,,,,,,,,,,,,,,,,,,,,,,,,,,,,,,,,,,,,,,,,,,,,,,,,,,,,,,,,,,,2087.2697769000006,2087.2724903,2087.2724903,2087.2724903,2087.2724903,2090.2651041999998,up,1,1.6046372000000702,0.1841619000006176,,,,,,,,,AR2804,001,2026-04-28_12h23.38.692,SEED,2024.2.5,60.0629459672694,2026-04-28 12h27.11.358474 +0100,
34,,,,,,,,,,,,2.35,1,1,0,,,,,,Scenes_Dataset/flower_shop_A.jpg,"(600, 450)",Incongruent,Objects_Dataset/trumpet_retouched.png,"(300, 122)",old,left,Objects_Dataset/sailor_hat.png,"(300, 250)","(300, 200)","(300, -200)",up,,,,,,,,,,,,,,,,,,,up,1,1.78910039999937,0.20810290000008536,,,,,,,,,,,,,,,,,,,,,0,1,1,33,2090.280809599999,,,,,,,,,,,,,,2090.2656757999994,2090.280809599999,2092.4974187999997,2092.7521204000004,2092.630833199999,2092.7314074999995,,,,,,,,,,,,,,,,,,,,,,,,,,,,,,,,,,,,,,,,,,,,,,,,,,,,,,,,,,,,,,,,,,,,,,,,,,,,,,,,,,,,,,,,,,,,,,,,,,,,,,,,,,,,,,,,,,,,,,,,,,,,,,,,,,,,,,,2092.7491677,2092.7521204000004,2092.7521204000004,2092.7521204000004,2092.7521204000004,2095.7319092,up,1,1.78910039999937,0.20810290000008536,,,,,,,,,AR2804,001,2026-04-28_12h23.38.692,SEED,2024.2.5,60.0629459672694,2026-04-28 12h27.11.358474 +0100,
11,,,,,,,,,,,,2.5,2,2,0,,,,,,Scenes_Dataset/airplane_interior_A.jpg,"(600, 480)",Congruent,Objects_Dataset/oxygen_mask_retouched.png,"(300, 300)",old,left,Objects_Dataset/airplane_belt.png,"(300, 249)","(300, -200)","(300, 200)",down,,,,,,,,,,,,,,,,,,,down,1,0.9634920999997121,0.18404280000140716,,,,,,,,,,,,,,,,,,,,,0,2,2,10,2095.7473527,,,,,,,,,,,,,,2095.7323445,2095.7473527,2097.9806319,2098.231967599999,2098.2577363,2098.2325175999995,,,,,,,,,,,,,,,,,,,,,,,,,,,,,,,,,,,,,,,,,,,,,,,,,,,,,,,,,,,,,,,,,,,,,,,,,,,,,,,,,,,,,,,,,,,,,,,,,,,,,,,,,,,,,,,,,,,,,,,,,,,,,,,,,,,,,,,2098.2548907,2098.2577363,2098.2577363,2098.2577363,2098.2577363,2101.232709099999,down,1,0.9634920999997121,0.18404280000140716,,,,,,,,,AR2804,001,2026-04-28_12h23.38.692,SEED,2024.2.5,60.0629459672694,2026-04-28 12h27.11.358474 +0100,
4,,,,,,,,,,,,2.15,3,3,0,,,,,,Scenes_Dataset/pastry_shop_A.jpg,"(600, 400)",Congruent,Objects_Dataset/cake_holder.png,"(300, 209)",old,left,Objects_Dataset/cake_tongs_retouched.png,"(300, 75)","(300, -200)","(300, 200)",down,,,,,,,,,,,,,,,,,,,down,1,1.034631200000149,0.17617059999975027,,,,,,,,,,,,,,,,,,,,,0,3,3,3,2101.248927499999,,,,,,,,,,,,,,2101.2330760999994,2101.248927499999,2103.4818517000003,2103.7387032999995,2103.3984686000003,2103.7156183999996,,,,,,,,,,,,,,,,,,,,,,,,,,,,,,,,,,,,,,,,,,,,,,,,,,,,,,,,,,,,,,,,,,,,,,,,,,,,,,,,,,,,,,,,,,,,,,,,,,,,,,,,,,,,,,,,,,,,,,,,,,,,,,,,,,,,,,,2103.7360154,2103.7387032999995,2103.7387032999995,2103.7387032999995,2103.7387032999995,2106.716226999999,down,1,1.034631200000149,0.17617059999975027,,,,,,,,,AR2804,001,2026-04-28_12h23.38.692,SEED,2024.2.5,60.0629459672694,2026-04-28 12h27.11.358474 +0100,
21,,,,,,,,,,,,3,4,4,0,,,,,,Scenes_Dataset/pharmacy_A.jpg,"(600, 461)",Congruent,Objects_Dataset/pills.png,"(216, 250)",old,left,Objects_Dataset/thermometer.png,"(300, 199)","(300, -200)","(300, 200)",down,,,,,,,,,,,,,,,,,,,down,1,1.4735755000001518,0.1998540000004141,,,,,,,,,,,,,,,,,,,,,0,4,4,20,2106.7333464000003,,,,,,,,,,,,,,2106.7166822,2106.7333464000003,2108.9652681999996,2109.2151718000005,2109.7559963999993,2109.7324494000004,,,,,,,,,,,,,,,,,,,,,,,,,,,,,,,,,,,,,,,,,,,,,,,,,,,,,,,,,,,,,,,,,,,,,,,,,,,,,,,,,,,,,,,,,,,,,,,,,,,,,,,,,,,,,,,,,,,,,,,,,,,,,,,,,,,,,,,2109.753151699999,2109.7559963999993,2109.7559963999993,2109.7559963999993,2109.7559963999993,2112.7482820999994,down,1,1.4735755000001518,0.1998540000004141,,,,,,,,,AR2804,001,2026-04-28_12h23.38.692,SEED,2024.2.5,60.0629459672694,2026-04-28 12h27.11.358474 +0100,
37,,,,,,,,,,,,2.5,5,5,0,,,,,,Scenes_Dataset/vault_A.jpg,"(600, 398)",Incongruent,Objects_Dataset/fan.png,"(350, 350)",old,left,Objects_Dataset/cactus.png,"(300, 248)","(300, 200)","(300, -200)",up,,,,,,,,,,,,,,,,,,,up,1,1.2115520000006654,0.24790389999907347,,,,,,,,,,,,,,,,,,,,,0,5,5,36,2112.7656093999994,,,,,,,,,,,,,,2112.7486769999996,2112.7656093999994,2114.9986912000004,2115.2488661999996,2115.273742899999,2115.2493546999995,,,,,,,,,,,,,,,,,,,,,,,,,,,,,,,,,,,,,,,,,,,,,,,,,,,,,,,,,,,,,,,,,,,,,,,,,,,,,,,,,,,,,,,,,,,,,,,,,,,,,,,,,,,,,,,,,,,,,,,,,,,,,,,,,,,,,,,2115.2708860000002,2115.273742899999,2115.273742899999,2115.273742899999,2115.273742899999,2118.2654765999996,up,1,1.2115520000006654,0.24790389999907347,,,,,,,,,AR2804,001,2026-04-28_12h23.38.692,SEED,2024.2.5,60.0629459672694,2026-04-28 12h27.11.358474 +0100,
27,,,,,,,,,,,,2,6,6,0,,,,,,Scenes_Dataset/toilet_A.jpg,"(600, 450)",Congruent,Objects_Dataset/toothbrush.png,"(300, 215)",old,left,Objects_Dataset/hairdryer_retouched.png,"(250, 241)","(300, -200)","(300, 200)",down,,,,,,,,,,,,,,,,,,,up,0,1.2837899999994988,0.24783399999978428,,,,,,,,,,,,,,,,,,,,,0,6,6,26,2118.2818749,,,,,,,,,,,,,,2118.2659057,2118.2818749,2120.4978419,2120.7535006,2120.2819256000002,2120.7320296,,,,,,,,,,,,,,,,,,,,,,,,,,,,,,,,,,,,,,,,,,,,,,,,,,,,,,,,,,,,,,,,,,,,,,,,,,,,,,,,,,,,,,,,,,,,,,,,,,,,,,,,,,,,,,,,,,,,,,,,,,,,,,,,,,,,,,,2120.7504912999993,2120.7535006,2120.7535006,2120.7535006,2120.7535006,2123.7322673,up,0,1.2837899999994988,0.24783399999978428,,,,,,,,,AR2804,001,2026-04-28_12h23.38.692,SEED,2024.2.5,60.0629459672694,2026-04-28 12h27.11.358474 +0100,
24,,,,,,,,,,,,3.15,7,7,0,,,,,,Scenes_Dataset/marina_A.jpg,"(600, 450)",Congruent,Objects_Dataset/sailor_hat.png,"(300, 250)",old,left,Objects_Dataset/rope.png,"(300, 248)","(300, -200)","(300, 200)",down,,,,,,,,,,,,,,,,,,,down,1,1.4965164000004734,0.22386609999921347,,,,,,,,,,,,,,,,,,,,,0,7,7,23,2123.748388099999,,,,,,,,,,,,,,2123.7328001999995,2123.748388099999,2125.9818278000002,2126.2318147999995,2126.900610499999,2126.8822385000003,,,,,,,,,,,,,,,,,,,,,,,,,,,,,,,,,,,,,,,,,,,,,,,,,,,,,,,,,,,,,,,,,,,,,,,,,,,,,,,,,,,,,,,,,,,,,,,,,,,,,,,,,,,,,,,,,,,,,,,,,,,,,,,,,,,,,,,2126.8976311000006,2126.900610499999,2126.900610499999,2126.900610499999,2126.900610499999,2129.898607199999,down,1,1.4965164000004734,0.22386609999921347,,,,,,,,,AR2804,001,2026-04-28_12h23.38.692,SEED,2024.2.5,60.0629459672694,2026-04-28 12h27.11.358474 +0100,
23,,,,,,,,,,,,3.1,8,8,0,,,,,,Scenes_Dataset/desert_A.jpg,"(600, 375)",Congruent,Objects_Dataset/cactus.png,"(300, 248)",old,left,Objects_Dataset/canteen.png,"(150, 250)","(300, -200)","(300, 200)",down,,,,,,,,,,,,,,,,,,,down,1,1.258232299998781,0.19976459999998042,,,,,,,,,,,,,,,,,,,,,0,8,8,22,2129.914637,,,,,,,,,,,,,,2129.8991810999996,2129.914637,2132.1313224999994,2132.3813236999995,2133.019139,2132.9982641999995,,,,,,,,,,,,,,,,,,,,,,,,,,,,,,,,,,,,,,,,,,,,,,,,,,,,,,,,,,,,,,,,,,,,,,,,,,,,,,,,,,,,,,,,,,,,,,,,,,,,,,,,,,,,,,,,,,,,,,,,,,,,,,,,,,,,,,,2133.0162891,2133.019139,2133.019139,2133.019139,2133.019139,2135.998402699999,down,1,1.258232299998781,0.19976459999998042,,,,,,,,,AR2804,001,2026-04-28_12h23.38.692,SEED,2024.2.5,60.0629459672694,2026-04-28 12h27.11.358474 +0100,
28,,,,,,,,,,,,2.05,9,9,0,,,,,,Scenes_Dataset/public_toilet_A.jpg,"(600, 375)",Congruent,Objects_Dataset/hands_dryer.png,"(350, 267)",old,left,Objects_Dataset/paper_towel_dispenser.png,"(300, 400)","(300, -200)","(300, 200)",down,,,,,,,,,,,,,,,,,,,down,1,1.271069600001283,0.19992909999928088,,,,,,,,,,,,,,,,,,,,,0,9,9,27,2136.0145142,,,,,,,,,,,,,,2135.99878,2136.0145142,2138.247985599999,2138.502193799999,2138.0647124999996,2138.482683799999,,,,,,,,,,,,,,,,,,,,,,,,,,,,,,,,,,,,,,,,,,,,,,,,,,,,,,,,,,,,,,,,,,,,,,,,,,,,,,,,,,,,,,,,,,,,,,,,,,,,,,,,,,,,,,,,,,,,,,,,,,,,,,,,,,,,,,,2138.4968002000005,2138.502193799999,2138.502193799999,2138.502193799999,2138.502193799999,2141.4985223999993,down,1,1.271069600001283,0.19992909999928088,,,,,,,,,AR2804,001,2026-04-28_12h23.38.692,SEED,2024.2.5,60.0629459672694,2026-04-28 12h27.11.358474 +0100,
29,,,,,,,,,,,,2.1,10,10,0,,,,,,Scenes_Dataset/pool_B.jpg,"(600, 450)",Congruent,Objects_Dataset/slippers.png,"(280, 300)",old,left,Objects_Dataset/bikini.png,"(350, 350)","(300, -200)","(300, 200)",down,,,,,,,,,,,,,,,,,,,down,1,1.4313593999995646,0.19208309999885387,,,,,,,,,,,,,,,,,,,,,0,10,10,28,2141.514941199999,,,,,,,,,,,,,,2141.499094999999,2141.514941199999,2143.7480462999993,2144.005931599999,2143.6148716999996,2143.9818753,,,,,,,,,,,,,,,,,,,,,,,,,,,,,,,,,,,,,,,,,,,,,,,,,,,,,,,,,,,,,,,,,,,,,,,,,,,,,,,,,,,,,,,,,,,,,,,,,,,,,,,,,,,,,,,,,,,,,,,,,,,,,,,,,,,,,,,2144.002903499999,2144.005931599999,2144.005931599999,2144.005931599999,2144.005931599999,2146.998856099999,down,1,1.4313593999995646,0.19208309999885387,,,,,,,,,AR2804,001,2026-04-28_12h23.38.692,SEED,2024.2.5,60.0629459672694,2026-04-28 12h27.11.358474 +0100,
46,,,,,,,,,,,,2.95,11,11,0,,,,,,Scenes_Dataset/skate_park_A.jpg,"(600, 450)",Incongruent,Objects_Dataset/paddle.png,"(300, 299)",old,left,Objects_Dataset/fan.png,"(350, 350)","(300, 200)","(300, -200)",up,,,,,,,,,,,,,,,,,,,up,1,1.569267700000637,0.25588819999939005,,,,,,,,,,,,,,,,,,,,,0,11,11,45,2147.0148343,,,,,,,,,,,,,,2146.9994363000005,2147.0148343,2149.2315770000005,2149.481561299999,2150.0119675000005,2149.948597299999,,,,,,,,,,,,,,,,,,,,,,,,,,,,,,,,,,,,,,,,,,,,,,,,,,,,,,,,,,,,,,,,,,,,,,,,,,,,,,,,,,,,,,,,,,,,,,,,,,,,,,,,,,,,,,,,,,,,,,,,,,,,,,,,,,,,,,,2149.966143899999,2150.0119675000005,2150.0119675000005,2150.0119675000005,2150.0119675000005,2152.965188799999,up,1,1.569267700000637,0.25588819999939005,,,,,,,,,AR2804,001,2026-04-28_12h23.38.692,SEED,2024.2.5,60.0629459672694,2026-04-28 12h27.11.358474 +0100,
19,,,,,,,,,,,,2.9,12,12,0,,,,,,Scenes_Dataset/island_A.jpg,"(600, 420)",Congruent,Objects_Dataset/message_bottle.png,"(284, 177)",old,left,Objects_Dataset/kayak.png,"(450, 338)","(300, -200)","(300, 200)",down,,,,,,,,,,,,,,,,,,,down,1,1.6580726000011055,0.20003779999933613,,,,,,,,,,,,,,,,,,,,,0,12,12,18,2152.9815037999997,,,,,,,,,,,,,,2152.9655005999994,2152.9815037999997,2155.1982236000003,2155.4482823,2155.8911838000004,2155.865520399999,,,,,,,,,,,,,,,,,,,,,,,,,,,,,,,,,,,,,,,,,,,,,,,,,,,,,,,,,,,,,,,,,,,,,,,,,,,,,,,,,,,,,,,,,,,,,,,,,,,,,,,,,,,,,,,,,,,,,,,,,,,,,,,,,,,,,,,2155.887713799999,2155.8911838000004,2155.8911838000004,2155.8911838000004,2155.8911838000004,2158.8819915999993,down,1,1.6580726000011055,0.20003779999933613,,,,,,,,,AR2804,001,2026-04-28_12h23.38.692,SEED,2024.2.5,60.0629459672694,2026-04-28 12h27.11.358474 +0100,
14,,,,,,,,,,,,2.65,13,13,0,,,,,,Scenes_Dataset/palace_interior_A.jpg,"(600, 447)",Congruent,Objects_Dataset/chandelier_retouched.png,"(250, 300)",old,left,Objects_Dataset/crown.png,"(300, 249)","(300, -200)","(300, 200)",down,,,,,,,,,,,,,,,,,,,up,0,1.4487797999991017,0.24775279999994382,,,,,,,,,,,,,,,,,,,,,0,13,13,13,2158.898249099999,,,,,,,,,,,,,,2158.8825424999995,2158.898249099999,2161.1151508000003,2161.3651346999995,2161.556510999999,2161.532129199999,,,,,,,,,,,,,,,,,,,,,,,,,,,,,,,,,,,,,,,,,,,,,,,,,,,,,,,,,,,,,,,,,,,,,,,,,,,,,,,,,,,,,,,,,,,,,,,,,,,,,,,,,,,,,,,,,,,,,,,,,,,,,,,,,,,,,,,2161.5535746000005,2161.556510999999,2161.556510999999,2161.556510999999,2161.556510999999,2164.549098899999,up,0,1.4487797999991017,0.24775279999994382,,,,,,,,,AR2804,001,2026-04-28_12h23.38.692,SEED,2024.2.5,60.0629459672694,2026-04-28 12h27.11.358474 +0100,
39,,,,,,,,,,,,2.6,14,14,0,,,,,,Scenes_Dataset/garage_A.jpg,"(600, 397)",Incongruent,Objects_Dataset/crown.png,"(300, 249)",old,left,Objects_Dataset/oxygen_mask_retouched.png,"(300, 300)","(300, 200)","(300, -200)",up,,,,,,,,,,,,,,,,,,,up,1,1.7456925999995292,0.2558293000001868,,,,,,,,,,,,,,,,,,,,,0,14,14,38,2164.5652145000004,,,,,,,,,,,,,,2164.5496853999994,2164.5652145000004,2166.7818647999993,2167.031860699999,2167.1715915000004,2167.1487684000003,,,,,,,,,,,,,,,,,,,,,,,,,,,,,,,,,,,,,,,,,,,,,,,,,,,,,,,,,,,,,,,,,,,,,,,,,,,,,,,,,,,,,,,,,,,,,,,,,,,,,,,,,,,,,,,,,,,,,,,,,,,,,,,,,,,,,,,2167.167411999999,2167.1715915000004,2167.1715915000004,2167.1715915000004,2167.1715915000004,2170.1495904000003,up,1,1.7456925999995292,0.2558293000001868,,,,,,,,,AR2804,001,2026-04-28_12h23.38.692,SEED,2024.2.5,60.0629459672694,2026-04-28 12h27.11.358474 +0100,
31,,,,,,,,,,,,2.2,15,15,0,,,,,,Scenes_Dataset/balcony.jpg,"(600, 450)",Incongruent,Objects_Dataset/car_key.png,"(300, 125)",old,left,Objects_Dataset/staple_puller_retouched.png,"(400, 400)","(300, 200)","(300, -200)",up,,,,,,,,,,,,,,,,,,,up,1,1.8011630000000878,0.22392330000002403,,,,,,,,,,,,,,,,,,,,,0,15,15,30,2170.1652448000004,,,,,,,,,,,,,,2170.1501248999994,2170.1652448000004,2172.398481799999,2172.6519639,2172.3680181,2172.6322966999996,,,,,,,,,,,,,,,,,,,,,,,,,,,,,,,,,,,,,,,,,,,,,,,,,,,,,,,,,,,,,,,,,,,,,,,,,,,,,,,,,,,,,,,,,,,,,,,,,,,,,,,,,,,,,,,,,,,,,,,,,,,,,,,,,,,,,,,2172.6491387000005,2172.6519639,2172.6519639,2172.6519639,2172.6519639,2175.6490596000003,up,1,1.8011630000000878,0.22392330000002403,,,,,,,,,AR2804,001,2026-04-28_12h23.38.692,SEED,2024.2.5,60.0629459672694,2026-04-28 12h27.11.358474 +0100,
1,,,,,,,,,,,,2,16,16,0,,,,,,Scenes_Dataset/office_work_A.jpg,"(600, 470)",Congruent,Objects_Dataset/staple_puller_retouched.png,"(400, 400)",old,left,Objects_Dataset/clock.png,"(250, 248)","(300, -200)","(300, 200)",down,,,,,,,,,,,,,,,,,,,down,1,1.1932134999988193,0.20802440000079514,,,,,,,,,,,,,,,,,,,,,0,16,16,0,2175.6668403999993,,,,,,,,,,,,,,2175.6495649999997,2175.6668403999993,2177.8820581,2178.1399827000005,2177.682087199999,2178.1158292,,,,,,,,,,,,,,,,,,,,,,,,,,,,,,,,,,,,,,,,,,,,,,,,,,,,,,,,,,,,,,,,,,,,,,,,,,,,,,,,,,,,,,,,,,,,,,,,,,,,,,,,,,,,,,,,,,,,,,,,,,,,,,,,,,,,,,,2178.1368545999994,2178.1399827000005,2178.1399827000005,2178.1399827000005,2178.1399827000005,2181.1160610999996,down,1,1.1932134999988193,0.20802440000079514,,,,,,,,,AR2804,001,2026-04-28_12h23.38.692,SEED,2024.2.5,60.0629459672694,2026-04-28 12h27.11.358474 +0100,
9,,,,,,,,,,,,2.4,17,17,0,,,,,,Scenes_Dataset/childrens_room_A.jpg,"(600, 524)",Congruent,Objects_Dataset/abacus.png,"(185, 200)",old,left,Objects_Dataset/doll.png,"(191, 300)","(300, -200)","(300, 200)",down,,,,,,,,,,,,,,,,,,,down,1,1.6683309999989433,0.2318148000013025,,,,,,,,,,,,,,,,,,,,,0,17,17,8,2181.132263199999,,,,,,,,,,,,,,2181.1166809999995,2181.132263199999,2183.3654791999998,2183.6249991000004,2183.532097199999,2183.5990813999997,,,,,,,,,,,,,,,,,,,,,,,,,,,,,,,,,,,,,,,,,,,,,,,,,,,,,,,,,,,,,,,,,,,,,,,,,,,,,,,,,,,,,,,,,,,,,,,,,,,,,,,,,,,,,,,,,,,,,,,,,,,,,,,,,,,,,,,2183.6213960000005,2183.6249991000004,2183.6249991000004,2183.6249991000004,2183.6249991000004,2186.6157103000005,down,1,1.6683309999989433,0.2318148000013025,,,,,,,,,AR2804,001,2026-04-28_12h23.38.692,SEED,2024.2.5,60.0629459672694,2026-04-28 12h27.11.358474 +0100,
40,,,,,,,,,,,,2.65,18,18,0,,,,,,Scenes_Dataset/kindergarten_A.jpg,"(600, 338)",Incongruent,Objects_Dataset/payment_terminal.png,"(285, 300)",old,left,Objects_Dataset/message_bottle.png,"(284, 177)","(300, 200)","(300, -200)",up,,,,,,,,,,,,,,,,,,,up,1,1.8448617000012746,0.23193529999844031,,,,,,,,,,,,,,,,,,,,,0,18,18,39,2186.6319884999994,,,,,,,,,,,,,,2186.616320199999,2186.6319884999994,2188.8488830999995,2189.1013382,2189.2884316,2189.2659021,,,,,,,,,,,,,,,,,,,,,,,,,,,,,,,,,,,,,,,,,,,,,,,,,,,,,,,,,,,,,,,,,,,,,,,,,,,,,,,,,,,,,,,,,,,,,,,,,,,,,,,,,,,,,,,,,,,,,,,,,,,,,,,,,,,,,,,2189.2840486000005,2189.2884316,2189.2884316,2189.2884316,2189.2884316,2192.2660631,up,1,1.8448617000012746,0.23193529999844031,,,,,,,,,AR2804,001,2026-04-28_12h23.38.692,SEED,2024.2.5,60.0629459672694,2026-04-28 12h27.11.358474 +0100,
17,,,,,,,,,,,,2.8,19,19,0,,,,,,Scenes_Dataset/stage_A.jpg,"(600, 396)",Congruent,Objects_Dataset/saxophone.png,"(250, 250)",old,left,Objects_Dataset/digital_piano_retouched.png,"(350, 350)","(300, -200)","(300, 200)",down,,,,,,,,,,,,,,,,,,,down,1,1.781187200000204,0.20785950000026787,,,,,,,,,,,,,,,,,,,,,0,19,19,16,2192.2823546,,,,,,,,,,,,,,2192.2664685,2192.2823546,2194.5156953999995,2194.7655962999997,2195.0961152,2195.0661631000003,,,,,,,,,,,,,,,,,,,,,,,,,,,,,,,,,,,,,,,,,,,,,,,,,,,,,,,,,,,,,,,,,,,,,,,,,,,,,,,,,,,,,,,,,,,,,,,,,,,,,,,,,,,,,,,,,,,,,,,,,,,,,,,,,,,,,,,2195.0910282000004,2195.0961152,2195.0961152,2195.0961152,2195.0961152,2198.0825769000003,down,1,1.781187200000204,0.20785950000026787,,,,,,,,,AR2804,001,2026-04-28_12h23.38.692,SEED,2024.2.5,60.0629459672694,2026-04-28 12h27.11.358474 +0100,
53,,,,,,,,,,,,2,20,20,0,,,,,,Scenes_Dataset/operating_room_A.jpg,"(600, 416)",Incongruent,Objects_Dataset/rope.png,"(300, 248)",old,left,Objects_Dataset/scooter_retouched.png,"(311, 350)","(300, 200)","(300, -200)",up,,,,,,,,,,,,,,,,,,,down,0,2.1259107000005315,0.2078614000001835,,,,,,,,,,,,,,,,,,,,,0,20,20,52,2198.0991049999993,,,,,,,,,,,,,,2198.0830619999997,2198.0991049999993,2200.3156684999994,2200.575365499999,2200.0991914999995,2200.5493215999995,,,,,,,,,,,,,,,,,,,,,,,,,,,,,,,,,,,,,,,,,,,,,,,,,,,,,,,,,,,,,,,,,,,,,,,,,,,,,,,,,,,,,,,,,,,,,,,,,,,,,,,,,,,,,,,,,,,,,,,,,,,,,,,,,,,,,,,2200.5717189999996,2200.575365499999,2200.575365499999,2200.575365499999,2200.575365499999,2203.549567,down,0,2.1259107000005315,0.2078614000001835,,,,,,,,,AR2804,001,2026-04-28_12h23.38.692,SEED,2024.2.5,60.0629459672694,2026-04-28 12h27.11.358474 +0100,
13,,,,,,,,,,,,2.6,21,21,0,,,,,,Scenes_Dataset/circus_A.jpg,"(600, 421)",Congruent,Objects_Dataset/unicycle_retouched.png,"(159, 300)",old,left,Objects_Dataset/juggling_balls_retouched.png,"(350, 197)","(300, -200)","(300, 200)",down,,,,,,,,,,,,,,,,,,,down,1,1.2885110000006534,0.20813509999970847,,,,,,,,,,,,,,,,,,,,,0,21,21,12,2203.565869099999,,,,,,,,,,,,,,2203.5500962999995,2203.565869099999,2205.7990972999996,2206.0491524999998,2206.1725346000003,2206.1493754000003,,,,,,,,,,,,,,,,,,,,,,,,,,,,,,,,,,,,,,,,,,,,,,,,,,,,,,,,,,,,,,,,,,,,,,,,,,,,,,,,,,,,,,,,,,,,,,,,,,,,,,,,,,,,,,,,,,,,,,,,,,,,,,,,,,,,,,,2206.169542399999,2206.1725346000003,2206.1725346000003,2206.1725346000003,2206.1725346000003,2209.1496312,down,1,1.2885110000006534,0.20813509999970847,,,,,,,,,AR2804,001,2026-04-28_12h23.38.692,SEED,2024.2.5,60.0629459672694,2026-04-28 12h27.11.358474 +0100,
43,,,,,,,,,,,,2.8,22,22,0,,,,,,Scenes_Dataset/home_office_A.jpg,"(600, 399)",Incongruent,Objects_Dataset/bicycle_bell.png,"(250, 210)",old,left,Objects_Dataset/unicycle_retouched.png,"(159, 300)","(300, 200)","(300, -200)",up,,,,,,,,,,,,,,,,,,,up,1,1.7312055999991571,0.2642922000013641,,,,,,,,,,,,,,,,,,,,,0,22,22,42,2209.1660262000005,,,,,,,,,,,,,,2209.1500696000003,2209.1660262000005,2211.399125099999,2211.6491690000003,2211.9698095000003,2211.9495272999993,,,,,,,,,,,,,,,,,,,,,,,,,,,,,,,,,,,,,,,,,,,,,,,,,,,,,,,,,,,,,,,,,,,,,,,,,,,,,,,,,,,,,,,,,,,,,,,,,,,,,,,,,,,,,,,,,,,,,,,,,,,,,,,,,,,,,,,2211.9667585999996,2211.9698095000003,2211.9698095000003,2211.9698095000003,2211.9698095000003,2214.9508023,up,1,1.7312055999991571,0.2642922000013641,,,,,,,,,AR2804,001,2026-04-28_12h23.38.692,SEED,2024.2.5,60.0629459672694,2026-04-28 12h27.11.358474 +0100,
2,,,,,,,,,,,,2.05,23,23,0,,,,,,Scenes_Dataset/waiting_room_A.jpg,"(600, 450)",Congruent,Objects_Dataset/clock.png,"(250, 248)",old,left,Objects_Dataset/water_dispenser.png,"(300, 300)","(300, -200)","(300, 200)",down,,,,,,,,,,,,,,,,,,,down,1,1.3402060999997047,0.22406120000050578,,,,,,,,,,,,,,,,,,,,,0,23,23,1,2214.9660566000002,,,,,,,,,,,,,,2214.951472999999,2214.9660566000002,2217.1986918000002,2217.4570710999997,2217.0156050000005,2217.4324080000006,,,,,,,,,,,,,,,,,,,,,,,,,,,,,,,,,,,,,,,,,,,,,,,,,,,,,,,,,,,,,,,,,,,,,,,,,,,,,,,,,,,,,,,,,,,,,,,,,,,,,,,,,,,,,,,,,,,,,,,,,,,,,,,,,,,,,,,2217.4533532000005,2217.4570710999997,2217.4570710999997,2217.4570710999997,2217.4570710999997,2220.4502274000006,down,1,1.3402060999997047,0.22406120000050578,,,,,,,,,AR2804,001,2026-04-28_12h23.38.692,SEED,2024.2.5,60.0629459672694,2026-04-28 12h27.11.358474 +0100,
26,,,,,,,,,,,,3.25,24,24,0,,,,,,Scenes_Dataset/hospital_room_B.jpg,"(600, 400)",Congruent,Objects_Dataset/saline_retouched.png,"(300, 225)",old,left,Objects_Dataset/pills.png,"(216, 250)","(300, -200)","(300, 200)",down,,,,,,,,,,,,,,,,,,,down,1,1.8176167999990867,0.2236389000008785,,,,,,,,,,,,,,,,,,,,,0,24,24,25,2220.465531599999,,,,,,,,,,,,,,2220.450715699999,2220.465531599999,2222.682378399999,2222.932286899999,2223.7239876000003,2223.699212899999,,,,,,,,,,,,,,,,,,,,,,,,,,,,,,,,,,,,,,,,,,,,,,,,,,,,,,,,,,,,,,,,,,,,,,,,,,,,,,,,,,,,,,,,,,,,,,,,,,,,,,,,,,,,,,,,,,,,,,,,,,,,,,,,,,,,,,,2223.7209497999993,2223.7239876000003,2223.7239876000003,2223.7239876000003,2223.7239876000003,2226.7158108000003,down,1,1.8176167999990867,0.2236389000008785,,,,,,,,,AR2804,001,2026-04-28_12h23.38.692,SEED,2024.2.5,60.0629459672694,2026-04-28 12h27.11.358474 +0100,
12,,,,,,,,,,,,2.55,25,25,0,,,,,,Scenes_Dataset/castle_A.jpg,"(600, 450)",Congruent,Objects_Dataset/sword_retouched.png,"(300, 300)",old,left,Objects_Dataset/shield.png,"(199, 300)","(300, -200)","(300, 200)",down,,,,,,,,,,,,,,,,,,,down,1,1.134775399999853,0.20795670000006794,,,,,,,,,,,,,,,,,,,,,0,25,25,11,2226.7323106000003,,,,,,,,,,,,,,2226.716540199999,2226.7323106000003,2228.949096099999,2229.1989568999998,2229.2944945,2229.267218699999,,,,,,,,,,,,,,,,,,,,,,,,,,,,,,,,,,,,,,,,,,,,,,,,,,,,,,,,,,,,,,,,,,,,,,,,,,,,,,,,,,,,,,,,,,,,,,,,,,,,,,,,,,,,,,,,,,,,,,,,,,,,,,,,,,,,,,,2229.2912297000003,2229.2944945,2229.2944945,2229.2944945,2229.2944945,2232.2827985999993,down,1,1.134775399999853,0.20795670000006794,,,,,,,,,AR2804,001,2026-04-28_12h23.38.692,SEED,2024.2.5,60.0629459672694,2026-04-28 12h27.11.358474 +0100,
6,,,,,,,,,,,,2.25,26,26,0,,,,,,Scenes_Dataset/stationary_store_A.jpg,"(600, 370)",Congruent,Objects_Dataset/stapler.png,"(250, 178)",old,left,Objects_Dataset/envelope_retouched.png,"(250, 211)","(300, -200)","(300, 200)",down,,,,,,,,,,,,,,,,,,,down,1,2.222175299999435,0.1998942000009265,,,,,,,,,,,,,,,,,,,,,0,26,26,5,2232.2989645,,,,,,,,,,,,,,2232.2834163999996,2232.2989645,2234.532508299999,2234.7911705999995,2234.5491103000004,2234.7665254000003,,,,,,,,,,,,,,,,,,,,,,,,,,,,,,,,,,,,,,,,,,,,,,,,,,,,,,,,,,,,,,,,,,,,,,,,,,,,,,,,,,,,,,,,,,,,,,,,,,,,,,,,,,,,,,,,,,,,,,,,,,,,,,,,,,,,,,,2234.7885489,2234.7911705999995,2234.7911705999995,2234.7911705999995,2234.7911705999995,2237.7840407000003,down,1,2.222175299999435,0.1998942000009265,,,,,,,,,AR2804,001,2026-04-28_12h23.38.692,SEED,2024.2.5,60.0629459672694,2026-04-28 12h27.11.358474 +0100,
59,,,,,,,,,,,,2.3,27,27,0,,,,,,Scenes_Dataset/golf_course_A.jpg,"(600, 400)",Incongruent,Objects_Dataset/clothesline_retouched_2.png,"(350, 231)",old,left,Objects_Dataset/computer_monitor.png,"(300, 300)","(300, 200)","(300, -200)",up,,,,,,,,,,,,,,,,,,,up,1,2.3228196000000025,0.2399425000003248,,,,,,,,,,,,,,,,,,,,,0,27,27,58,2237.798971299999,,,,,,,,,,,,,,2237.784668299999,2237.798971299999,2240.0159067999994,2240.274475799999,2240.0993954999994,2240.249604999999,,,,,,,,,,,,,,,,,,,,,,,,,,,,,,,,,,,,,,,,,,,,,,,,,,,,,,,,,,,,,,,,,,,,,,,,,,,,,,,,,,,,,,,,,,,,,,,,,,,,,,,,,,,,,,,,,,,,,,,,,,,,,,,,,,,,,,,2240.271481599999,2240.274475799999,2240.274475799999,2240.274475799999,2240.274475799999,2243.2662347000005,up,1,2.3228196000000025,0.2399425000003248,,,,,,,,,AR2804,001,2026-04-28_12h23.38.692,SEED,2024.2.5,60.0629459672694,2026-04-28 12h27.11.358474 +0100,
18,,,,,,,,,,,,2.85,28,28,0,,,,,,Scenes_Dataset/soccer_stadium_B.jpg,"(600, 400)",Congruent,Objects_Dataset/football_boots.png,"(300, 300)",old,left,Objects_Dataset/whistle.png,"(200, 151)","(300, -200)","(300, 200)",down,,,,,,,,,,,,,,,,,,,down,1,1.2084056999992754,0.20815370000127587,,,,,,,,,,,,,,,,,,,,,0,28,28,17,2243.2825687000004,,,,,,,,,,,,,,2243.2668209999993,2243.2825687000004,2245.4993175,2245.749533299999,2246.1329217,2246.1167294999996,,,,,,,,,,,,,,,,,,,,,,,,,,,,,,,,,,,,,,,,,,,,,,,,,,,,,,,,,,,,,,,,,,,,,,,,,,,,,,,,,,,,,,,,,,,,,,,,,,,,,,,,,,,,,,,,,,,,,,,,,,,,,,,,,,,,,,,2246.1297572999993,2246.1329217,2246.1329217,2246.1329217,2246.1329217,2249.1164040999993,down,1,1.2084056999992754,0.20815370000127587,2249.1324981,2249.1324981,2249.1324981,2249.1324981,,,,,AR2804,001,2026-04-28_12h23.38.692,SEED,2024.2.5,60.0629459672694,2026-04-28 12h27.11.358474 +0100,
42,,,,,,,,,,,,2.75,29,29,0,,,,,,Scenes_Dataset/hut_A.jpg,"(600, 384)",Incongruent,Objects_Dataset/sled_retouched.png,"(450, 286)",old,left,Objects_Dataset/stapler.png,"(250, 178)","(300, 200)","(300, -200)",up,,,,,,,,,,,,,,,,,,,up,1,1.1947726999987935,0.26412049999999,,,,,,,,,,,,,,,,,,,,,0,29,29,41,2249.1324981,,,,,,,,,,,,,,2249.117008199999,2249.1324981,2251.366103999999,2251.6159308000006,2251.890535999999,2251.8664854,,,,,,,,,,,,,,,,,,,,,,,,,,,,,,,,,,,,,,,,,,,,,,,,,,,,,,,,,,,,,,,,,,,,,,,,,,,,,,,,,,,,,,,,,,,,,,,,,,,,,,,,,,,,,,,,,,,,,,,,,,,,,,,,,,,,,,,2251.8878348,2251.890535999999,2251.890535999999,2251.890535999999,2251.890535999999,2254.8832251000003,up,1,1.1947726999987935,0.26412049999999,,,,,,,,,AR2804,001,2026-04-28_12h23.38.692,SEED,2024.2.5,60.0629459672694,2026-04-28 12h27.11.358474 +0100,
44,,,,,,,,,,,,2.85,30,30,0,,,,,,Scenes_Dataset/boat_interior_A.jpg,"(600, 400)",Incongruent,Objects_Dataset/scooter_retouched.png,"(311, 350)",old,left,Objects_Dataset/car_mat.png,"(230, 258)","(300, 200)","(300, -200)",up,,,,,,,,,,,,,,,,,,,up,1,1.6492349000000104,0.2719868000003771,,,,,,,,,,,,,,,,,,,,,0,30,30,43,2254.8992442,,,,,,,,,,,,,,2254.8838369999994,2254.8992442,2257.1166577000004,2257.3659429,2257.763997599999,2257.7334393,,,,,,,,,,,,,,,,,,,,,,,,,,,,,,,,,,,,,,,,,,,,,,,,,,,,,,,,,,,,,,,,,,,,,,,,,,,,,,,,,,,,,,,,,,,,,,,,,,,,,,,,,,,,,,,,,,,,,,,,,,,,,,,,,,,,,,,2257.7607740999993,2257.763997599999,2257.763997599999,2257.763997599999,2257.763997599999,2260.7356426999995,up,1,1.6492349000000104,0.2719868000003771,,,,,,,,,AR2804,001,2026-04-28_12h23.38.692,SEED,2024.2.5,60.0629459672694,2026-04-28 12h27.11.358474 +0100,
51,,,,,,,,,,,,3.2,31,31,0,,,,,,Scenes_Dataset/clinic_A.jpg,"(600, 400)",Incongruent,Objects_Dataset/juggling_balls_retouched.png,"(350, 197)",old,left,Objects_Dataset/sled_retouched.png,"(450, 286)","(300, 200)","(300, -200)",up,,,,,,,,,,,,,,,,,,,up,1,1.632601400000567,0.2475678999999218,,,,,,,,,,,,,,,,,,,,,0,31,31,50,2260.7494626999996,,,,,,,,,,,,,,2260.7360391,2260.7494626999996,2262.9831065,2263.2331219999996,2263.957013899999,2263.9335976,,,,,,,,,,,,,,,,,,,,,,,,,,,,,,,,,,,,,,,,,,,,,,,,,,,,,,,,,,,,,,,,,,,,,,,,,,,,,,,,,,,,,,,,,,,,,,,,,,,,,,,,,,,,,,,,,,,,,,,,,,,,,,,,,,,,,,,2263.952696799999,2263.957013899999,2263.957013899999,2263.957013899999,2263.957013899999,2266.949997599999,up,1,1.632601400000567,0.2475678999999218,,,,,,,,,AR2804,001,2026-04-28_12h23.38.692,SEED,2024.2.5,60.0629459672694,2026-04-28 12h27.11.358474 +0100,
41,,,,,,,,,,,,2.7,32,32,0,,,,,,Scenes_Dataset/attic_A.jpg,"(600, 400)",Incongruent,Objects_Dataset/ticket_machine.png,"(200, 300)",old,left,Objects_Dataset/cake_holder.png,"(300, 209)","(300, 200)","(300, -200)",up,,,,,,,,,,,,,,,,,,,up,1,1.430349500000375,0.23988490000010643,,,,,,,,,,,,,,,,,,,,,0,32,32,40,2266.9661937,,,,,,,,,,,,,,2266.9505687,2266.9661937,2269.1829517000006,2269.4330138000005,2269.6707210000004,2269.6528144000004,,,,,,,,,,,,,,,,,,,,,,,,,,,,,,,,,,,,,,,,,,,,,,,,,,,,,,,,,,,,,,,,,,,,,,,,,,,,,,,,,,,,,,,,,,,,,,,,,,,,,,,,,,,,,,,,,,,,,,,,,,,,,,,,,,,,,,,2269.6678938000005,2269.6707210000004,2269.6707210000004,2269.6707210000004,2269.6707210000004,2272.6661153000005,up,1,1.430349500000375,0.23988490000010643,,,,,,,,,AR2804,001,2026-04-28_12h23.38.692,SEED,2024.2.5,60.0629459672694,2026-04-28 12h27.11.358474 +0100,
50,,,,,,,,,,,,3.15,33,33,0,,,,,,Scenes_Dataset/playground_A.jpg,"(600, 337)",Incongruent,Objects_Dataset/water_dispenser.png,"(300, 300)",old,left,Objects_Dataset/wine_cork.png,"(250, 163)","(300, 200)","(300, -200)",up,,,,,,,,,,,,,,,,,,,up,1,1.200673999999708,0.23993890000019746,,,,,,,,,,,,,,,,,,,,,0,33,33,49,2272.6825427000003,,,,,,,,,,,,,,2272.6662703,2272.6825427000003,2274.916503299999,2275.1665852000006,2275.8363406999997,2275.8167357,,,,,,,,,,,,,,,,,,,,,,,,,,,,,,,,,,,,,,,,,,,,,,,,,,,,,,,,,,,,,,,,,,,,,,,,,,,,,,,,,,,,,,,,,,,,,,,,,,,,,,,,,,,,,,,,,,,,,,,,,,,,,,,,,,,,,,,2275.8337226000003,2275.8363406999997,2275.8363406999997,2275.8363406999997,2275.8363406999997,2278.833723599999,up,1,1.200673999999708,0.23993890000019746,,,,,,,,,AR2804,001,2026-04-28_12h23.38.692,SEED,2024.2.5,60.0629459672694,2026-04-28 12h27.11.358474 +0100,
30,,,,,,,,,,,,2.15,34,34,0,,,,,,Scenes_Dataset/locker_room_B.jpg,"(600, 399)",Congruent,Objects_Dataset/locker.png,"(264, 400)",old,left,Objects_Dataset/slippers.png,"(280, 300)","(300, -200)","(300, 200)",down,,,,,,,,,,,,,,,,,,,down,1,1.385797700000694,0.1924037999997381,,,,,,,,,,,,,,,,,,,,,0,34,34,29,2278.8498958,,,,,,,,,,,,,,2278.8345267999994,2278.8498958,2281.0679144999995,2281.339280799999,2280.9998906,2281.3170842,,,,,,,,,,,,,,,,,,,,,,,,,,,,,,,,,,,,,,,,,,,,,,,,,,,,,,,,,,,,,,,,,,,,,,,,,,,,,,,,,,,,,,,,,,,,,,,,,,,,,,,,,,,,,,,,,,,,,,,,,,,,,,,,,,,,,,,2281.336210399999,2281.339280799999,2281.339280799999,2281.339280799999,2281.339280799999,2284.3335972999994,down,1,1.385797700000694,0.1924037999997381,,,,,,,,,AR2804,001,2026-04-28_12h23.38.692,SEED,2024.2.5,60.0629459672694,2026-04-28 12h27.11.358474 +0100,
36,,,,,,,,,,,,2.45,35,35,0,,,,,,Scenes_Dataset/stable_A.jpg,"(600, 450)",Incongruent,Objects_Dataset/remote_control.png,"(300, 293)",old,left,Objects_Dataset/sword_retouched.png,"(300, 300)","(300, 200)","(300, -200)",up,,,,,,,,,,,,,,,,,,,down,0,1.4014827999999397,0.19204010000066774,,,,,,,,,,,,,,,,,,,,,0,35,35,35,2284.349743499999,,,,,,,,,,,,,,2284.334256099999,2284.349743499999,2286.5667482999997,2286.8278470999994,2286.7999337,2286.8002464,,,,,,,,,,,,,,,,,,,,,,,,,,,,,,,,,,,,,,,,,,,,,,,,,,,,,,,,,,,,,,,,,,,,,,,,,,,,,,,,,,,,,,,,,,,,,,,,,,,,,,,,,,,,,,,,,,,,,,,,,,,,,,,,,,,,,,,2286.822069599999,2286.8278470999994,2286.8278470999994,2286.8278470999994,2286.8278470999994,2289.8167918,down,0,1.4014827999999397,0.19204010000066774,,,,,,,,,AR2804,001,2026-04-28_12h23.38.692,SEED,2024.2.5,60.0629459672694,2026-04-28 12h27.11.358474 +0100,
15,,,,,,,,,,,,2.7,36,36,0,,,,,,Scenes_Dataset/river_A.jpg,"(600, 450)",Congruent,Objects_Dataset/kayak.png,"(450, 338)",old,left,Objects_Dataset/paddle.png,"(300, 299)","(300, -200)","(300, 200)",down,,,,,,,,,,,,,,,,,,,down,1,0.8293401000009908,0.20810079999864683,,,,,,,,,,,,,,,,,,,,,0,36,36,14,2289.8332229999996,,,,,,,,,,,,,,2289.8175137,2289.8332229999996,2292.050022399999,2292.3000551000005,2292.543869699999,2292.5170519999992,,,,,,,,,,,,,,,,,,,,,,,,,,,,,,,,,,,,,,,,,,,,,,,,,,,,,,,,,,,,,,,,,,,,,,,,,,,,,,,,,,,,,,,,,,,,,,,,,,,,,,,,,,,,,,,,,,,,,,,,,,,,,,,,,,,,,,,2292.5404218999993,2292.543869699999,2292.543869699999,2292.543869699999,2292.543869699999,2295.5335477999997,down,1,0.8293401000009908,0.20810079999864683,,,,,,,,,AR2804,001,2026-04-28_12h23.38.692,SEED,2024.2.5,60.0629459672694,2026-04-28 12h27.11.358474 +0100,
45,,,,,,,,,,,,2.9,37,37,0,,,,,,Scenes_Dataset/factory_B.jpg,"(600, 415)",Incongruent,Objects_Dataset/shield.png,"(199, 300)",old,left,Objects_Dataset/trumpet_retouched.png,"(300, 122)","(300, 200)","(300, -200)",up,,,,,,,,,,,,,,,,,,,up,1,1.9389570000003005,0.2636603999999352,,,,,,,,,,,,,,,,,,,,,0,37,37,44,2295.5500262999994,,,,,,,,,,,,,,2295.5341473999997,2295.5500262999994,2297.7669459999997,2298.0170416,2298.4663846000003,2298.4338654000003,,,,,,,,,,,,,,,,,,,,,,,,,,,,,,,,,,,,,,,,,,,,,,,,,,,,,,,,,,,,,,,,,,,,,,,,,,,,,,,,,,,,,,,,,,,,,,,,,,,,,,,,,,,,,,,,,,,,,,,,,,,,,,,,,,,,,,,2298.4630158,2298.4663846000003,2298.4663846000003,2298.4663846000003,2298.4663846000003,2301.4504901,up,1,1.9389570000003005,0.2636603999999352,,,,,,,,,AR2804,001,2026-04-28_12h23.38.692,SEED,2024.2.5,60.0629459672694,2026-04-28 12h27.11.358474 +0100,
35,,,,,,,,,,,,2.4,38,38,0,,,,,,Scenes_Dataset/dentist_A.jpg,"(600, 400)",Incongruent,Objects_Dataset/basketball.png,"(282, 300)",old,left,Objects_Dataset/chandelier_retouched.png,"(250, 300)","(300, 200)","(300, -200)",up,,,,,,,,,,,,,,,,,,,down,0,2.597734400000263,0.19976909999968484,,,,,,,,,,,,,,,,,,,,,0,38,38,34,2301.4668201000004,,,,,,,,,,,,,,2301.451114399999,2301.4668201000004,2303.683564499999,2303.9435183000005,2303.8669893999995,2303.9199909,,,,,,,,,,,,,,,,,,,,,,,,,,,,,,,,,,,,,,,,,,,,,,,,,,,,,,,,,,,,,,,,,,,,,,,,,,,,,,,,,,,,,,,,,,,,,,,,,,,,,,,,,,,,,,,,,,,,,,,,,,,,,,,,,,,,,,,2303.9407021999996,2303.9435183000005,2303.9435183000005,2303.9435183000005,2303.9435183000005,2306.9338589,down,0,2.597734400000263,0.19976909999968484,,,,,,,,,AR2804,001,2026-04-28_12h23.38.692,SEED,2024.2.5,60.0629459672694,2026-04-28 12h27.11.358474 +0100,
7,,,,,,,,,,,,2.3,39,39,0,,,,,,Scenes_Dataset/snow_B.jpg,"(600, 450)",Congruent,Objects_Dataset/wool_cap.png,"(250, 250)",old,left,Objects_Dataset/eskimo_coat.png,"(300, 300)","(300, -200)","(300, 200)",down,,,,,,,,,,,,,,,,,,,down,1,1.4328411000005872,0.18396209999991697,,,,,,,,,,,,,,,,,,,,,0,39,39,6,2306.9502083999996,,,,,,,,,,,,,,2306.9345054000005,2306.9502083999996,2309.1835219999994,2309.4443336000004,2309.2502951000006,2309.417417499999,,,,,,,,,,,,,,,,,,,,,,,,,,,,,,,,,,,,,,,,,,,,,,,,,,,,,,,,,,,,,,,,,,,,,,,,,,,,,,,,,,,,,,,,,,,,,,,,,,,,,,,,,,,,,,,,,,,,,,,,,,,,,,,,,,,,,,,2309.4411385000003,2309.4443336000004,2309.4443336000004,2309.4443336000004,2309.4443336000004,2312.4342154000005,down,1,1.4328411000005872,0.18396209999991697,,,,,,,,,AR2804,001,2026-04-28_12h23.38.692,SEED,2024.2.5,60.0629459672694,2026-04-28 12h27.11.358474 +0100,
33,,,,,,,,,,,,2.3,40,40,0,,,,,,Scenes_Dataset/ice_rink_A.jpg,"(600, 450)",Incongruent,Objects_Dataset/paper_towel_dispenser.png,"(300, 400)",old,left,Objects_Dataset/saxophone.png,"(250, 250)","(300, 200)","(300, -200)",up,,,,,,,,,,,,,,,,,,,up,1,1.8601326999996672,0.24799290000009933,,,,,,,,,,,,,,,,,,,,,0,40,40,32,2312.4502114999996,,,,,,,,,,,,,,2312.4348288,2312.4502114999996,2314.666908899999,2314.9210636999996,2314.7502047,2314.900741199999,,,,,,,,,,,,,,,,,,,,,,,,,,,,,,,,,,,,,,,,,,,,,,,,,,,,,,,,,,,,,,,,,,,,,,,,,,,,,,,,,,,,,,,,,,,,,,,,,,,,,,,,,,,,,,,,,,,,,,,,,,,,,,,,,,,,,,,2314.9180718999996,2314.9210636999996,2314.9210636999996,2314.9210636999996,2314.9210636999996,2317.9173950000004,up,1,1.8601326999996672,0.24799290000009933,,,,,,,,,AR2804,001,2026-04-28_12h23.38.692,SEED,2024.2.5,60.0629459672694,2026-04-28 12h27.11.358474 +0100,
32,,,,,,,,,,,,2.25,41,41,0,,,,,,Scenes_Dataset/elevator_A.jpg,"(600, 450)",Incongruent,Objects_Dataset/cake_tongs_retouched.png,"(300, 75)",old,left,Objects_Dataset/3d_glasses_retouched.png,"(300, 300)","(300, 200)","(300, -200)",up,,,,,,,,,,,,,,,,,,,up,1,1.339425800000754,0.2639674999991257,,,,,,,,,,,,,,,,,,,,,0,41,41,31,2317.9349399000002,,,,,,,,,,,,,,2317.9180300999997,2317.9349399000002,2320.1506131000006,2320.4017542,2320.1837166000005,2320.3841799,,,,,,,,,,,,,,,,,,,,,,,,,,,,,,,,,,,,,,,,,,,,,,,,,,,,,,,,,,,,,,,,,,,,,,,,,,,,,,,,,,,,,,,,,,,,,,,,,,,,,,,,,,,,,,,,,,,,,,,,,,,,,,,,,,,,,,,2320.3987715999992,2320.4017542,2320.4017542,2320.4017542,2320.4017542,2323.4007930999996,up,1,1.339425800000754,0.2639674999991257,,,,,,,,,AR2804,001,2026-04-28_12h23.38.692,SEED,2024.2.5,60.0629459672694,2026-04-28 12h27.11.358474 +0100,
57,,,,,,,,,,,,2.2,42,42,0,,,,,,Scenes_Dataset/road_A.jpg,"(600, 450)",Incongruent,Objects_Dataset/wine_cork.png,"(250, 163)",old,left,Objects_Dataset/locker.png,"(264, 400)","(300, 200)","(300, -200)",up,,,,,,,,,,,,,,,,,,,up,1,1.175242999999682,0.2241080999992846,,,,,,,,,,,,,,,,,,,,,0,42,42,56,2323.417159999999,,,,,,,,,,,,,,2323.401554599999,2323.417159999999,2325.633962,2325.8861075999994,2325.617222499999,2325.8677427000002,,,,,,,,,,,,,,,,,,,,,,,,,,,,,,,,,,,,,,,,,,,,,,,,,,,,,,,,,,,,,,,,,,,,,,,,,,,,,,,,,,,,,,,,,,,,,,,,,,,,,,,,,,,,,,,,,,,,,,,,,,,,,,,,,,,,,,,2325.882411999999,2325.8861075999994,2325.8861075999994,2325.8861075999994,2325.8861075999994,2328.8840499,up,1,1.175242999999682,0.2241080999992846,,,,,,,,,AR2804,001,2026-04-28_12h23.38.692,SEED,2024.2.5,60.0629459672694,2026-04-28 12h27.11.358474 +0100,
48,,,,,,,,,,,,3.05,43,43,0,,,,,,Scenes_Dataset/ballet_room_A.jpg,"(600, 398)",Incongruent,Objects_Dataset/hiking_boots.png,"(300, 300)",old,left,Objects_Dataset/bicycle_bell.png,"(250, 210)","(300, 200)","(300, -200)",up,,,,,,,,,,,,,,,,,,,up,1,1.2239112999995996,0.21601639999971667,,,,,,,,,,,,,,,,,,,,,0,43,43,47,2328.9005012,,,,,,,,,,,,,,2328.8848393999997,2328.9005012,2331.1173290999996,2331.368203,2331.957308699999,2331.9348594000003,,,,,,,,,,,,,,,,,,,,,,,,,,,,,,,,,,,,,,,,,,,,,,,,,,,,,,,,,,,,,,,,,,,,,,,,,,,,,,,,,,,,,,,,,,,,,,,,,,,,,,,,,,,,,,,,,,,,,,,,,,,,,,,,,,,,,,,2331.9545746000003,2331.957308699999,2331.957308699999,2331.957308699999,2331.957308699999,2334.9512847999995,up,1,1.2239112999995996,0.21601639999971667,,,,,,,,,AR2804,001,2026-04-28_12h23.38.692,SEED,2024.2.5,60.0629459672694,2026-04-28 12h27.11.358474 +0100,
5,,,,,,,,,,,,2.2,44,44,0,,,,,,Scenes_Dataset/movie_theater_A.jpg,"(600, 364)",Congruent,Objects_Dataset/3d_glasses_retouched.png,"(300, 300)",old,left,Objects_Dataset/movie_reels.png,"(350, 268)","(300, -200)","(300, 200)",down,,,,,,,,,,,,,,,,,,,down,1,0.7171123000007356,0.2159680999993725,,,,,,,,,,,,,,,,,,,,,0,44,44,4,2334.967239399999,,,,,,,,,,,,,,2334.9520725,2334.967239399999,2337.184784199999,2337.4402520000003,2337.1673874999997,2337.4179038,,,,,,,,,,,,,,,,,,,,,,,,,,,,,,,,,,,,,,,,,,,,,,,,,,,,,,,,,,,,,,,,,,,,,,,,,,,,,,,,,,,,,,,,,,,,,,,,,,,,,,,,,,,,,,,,,,,,,,,,,,,,,,,,,,,,,,,2337.437504399999,2337.4402520000003,2337.4402520000003,2337.4402520000003,2337.4402520000003,2340.4181874000005,down,1,0.7171123000007356,0.2159680999993725,,,,,,,,,AR2804,001,2026-04-28_12h23.38.692,SEED,2024.2.5,60.0629459672694,2026-04-28 12h27.11.358474 +0100,
8,,,,,,,,,,,,2.35,45,45,0,,,,,,Scenes_Dataset/igloo_A.jpg,"(600, 450)",Congruent,Objects_Dataset/eskimo_coat.png,"(300, 300)",old,left,Objects_Dataset/wool_cap.png,"(250, 250)","(300, -200)","(300, 200)",down,,,,,,,,,,,,,,,,,,,down,1,1.0859780999999202,0.22407639999983076,,,,,,,,,,,,,,,,,,,,,0,45,45,7,2340.4339339,,,,,,,,,,,,,,2340.4188589000005,2340.4339339,2342.6673348000004,2342.9272923999997,2342.7859690999994,2342.9026866000004,,,,,,,,,,,,,,,,,,,,,,,,,,,,,,,,,,,,,,,,,,,,,,,,,,,,,,,,,,,,,,,,,,,,,,,,,,,,,,,,,,,,,,,,,,,,,,,,,,,,,,,,,,,,,,,,,,,,,,,,,,,,,,,,,,,,,,,2342.924764199999,2342.9272923999997,2342.9272923999997,2342.9272923999997,2342.9272923999997,2345.917692199999,down,1,1.0859780999999202,0.22407639999983076,,,,,,,,,AR2804,001,2026-04-28_12h23.38.692,SEED,2024.2.5,60.0629459672694,2026-04-28 12h27.11.358474 +0100,
22,,,,,,,,,,,,3.05,46,46,0,,,,,,Scenes_Dataset/cavern_A.jpg,"(600, 410)",Congruent,Objects_Dataset/canteen.png,"(150, 250)",old,left,Objects_Dataset/hiking_boots.png,"(300, 300)","(300, -200)","(300, 200)",down,,,,,,,,,,,,,,,,,,,down,1,1.3505705000006856,0.21575399999892397,,,,,,,,,,,,,,,,,,,,,0,46,46,21,2345.9339688,,,,,,,,,,,,,,2345.918378299999,2345.9339688,2348.1674158999995,2348.417232399999,2348.9909282999997,2348.9677914999993,,,,,,,,,,,,,,,,,,,,,,,,,,,,,,,,,,,,,,,,,,,,,,,,,,,,,,,,,,,,,,,,,,,,,,,,,,,,,,,,,,,,,,,,,,,,,,,,,,,,,,,,,,,,,,,,,,,,,,,,,,,,,,,,,,,,,,,2348.988019799999,2348.9909282999997,2348.9909282999997,2348.9909282999997,2348.9909282999997,2351.9846675999997,down,1,1.3505705000006856,0.21575399999892397,,,,,,,,,AR2804,001,2026-04-28_12h23.38.692,SEED,2024.2.5,60.0629459672694,2026-04-28 12h27.11.358474 +0100,
56,,,,,,,,,,,,2.15,47,47,0,,,,,,Scenes_Dataset/fountain_A.jpg,"(600, 443)",Incongruent,Objects_Dataset/plasticine.png,"(250, 167)",old,left,Objects_Dataset/hands_dryer.png,"(350, 267)","(300, 200)","(300, -200)",up,,,,,,,,,,,,,,,,,,,up,1,1.16128160000153,0.21616849999918486,,,,,,,,,,,,,,,,,,,,,0,47,47,55,2352.002150999999,,,,,,,,,,,,,,2351.9854856,2352.002150999999,2354.2177496000004,2354.4760043999995,2354.1512982999993,2354.451669799999,,,,,,,,,,,,,,,,,,,,,,,,,,,,,,,,,,,,,,,,,,,,,,,,,,,,,,,,,,,,,,,,,,,,,,,,,,,,,,,,,,,,,,,,,,,,,,,,,,,,,,,,,,,,,,,,,,,,,,,,,,,,,,,,,,,,,,,2354.4728634000003,2354.4760043999995,2354.4760043999995,2354.4760043999995,2354.4760043999995,2357.4684352000004,up,1,1.16128160000153,0.21616849999918486,,,,,,,,,AR2804,001,2026-04-28_12h23.38.692,SEED,2024.2.5,60.0629459672694,2026-04-28 12h27.11.358474 +0100,
38,,,,,,,,,,,,2.55,48,48,0,,,,,,Scenes_Dataset/garden_A.jpg,"(600, 446)",Incongruent,Objects_Dataset/airplane_belt.png,"(300, 249)",old,left,Objects_Dataset/saline_retouched.png,"(300, 225)","(300, 200)","(300, -200)",up,,,,,,,,,,,,,,,,,,,up,1,1.1392185999993671,0.24019659999976284,,,,,,,,,,,,,,,,,,,,,0,48,48,37,2357.4846799999996,,,,,,,,,,,,,,2357.4690422999993,2357.4846799999996,2359.7014624000003,2359.9530519,2360.0500078000005,2360.0202069999996,,,,,,,,,,,,,,,,,,,,,,,,,,,,,,,,,,,,,,,,,,,,,,,,,,,,,,,,,,,,,,,,,,,,,,,,,,,,,,,,,,,,,,,,,,,,,,,,,,,,,,,,,,,,,,,,,,,,,,,,,,,,,,,,,,,,,,,2360.0467787,2360.0500078000005,2360.0500078000005,2360.0500078000005,2360.0500078000005,2363.0352912,up,1,1.1392185999993671,0.24019659999976284,,,,,,,,,AR2804,001,2026-04-28_12h23.38.692,SEED,2024.2.5,60.0629459672694,2026-04-28 12h27.11.358474 +0100,
58,,,,,,,,,,,,2.25,49,49,0,,,,,,Scenes_Dataset/museum_A.jpg,"(600, 337)",Incongruent,Objects_Dataset/bikini.png,"(350, 350)",old,left,Objects_Dataset/clothesline_retouched_2.png,"(350, 231)","(300, 200)","(300, -200)",up,,,,,,,,,,,,,,,,,,,up,1,1.5894932999999583,0.20743029999903229,,,,,,,,,,,,,,,,,,,,,0,49,49,57,2363.0511236,,,,,,,,,,,,,,2363.0360686000004,2363.0511236,2365.2843971,2365.5442531999997,2365.3010338000004,2365.5185683,,,,,,,,,,,,,,,,,,,,,,,,,,,,,,,,,,,,,,,,,,,,,,,,,,,,,,,,,,,,,,,,,,,,,,,,,,,,,,,,,,,,,,,,,,,,,,,,,,,,,,,,,,,,,,,,,,,,,,,,,,,,,,,,,,,,,,,2365.541098399999,2365.5442531999997,2365.5442531999997,2365.5442531999997,2365.5442531999997,2368.5367717999998,up,1,1.5894932999999583,0.20743029999903229,,,,,,,,,AR2804,001,2026-04-28_12h23.38.692,SEED,2024.2.5,60.0629459672694,2026-04-28 12h27.11.358474 +0100,
3,,,,,,,,,,,,2.1,50,50,0,,,,,,Scenes_Dataset/car_interior_A.jpg,"(600, 389)",Congruent,Objects_Dataset/car_mat.png,"(230, 258)",old,left,Objects_Dataset/car_key.png,"(300, 125)","(300, -200)","(300, 200)",down,,,,,,,,,,,,,,,,,,,down,1,1.8404442000010022,0.1992841999999655,,,,,,,,,,,,,,,,,,,,,0,50,50,2,2368.5511824000005,,,,,,,,,,,,,,2368.5374140000004,2368.5511824000005,2370.767596399999,2371.0295009,2370.6510610000005,2371.001704099999,,,,,,,,,,,,,,,,,,,,,,,,,,,,,,,,,,,,,,,,,,,,,,,,,,,,,,,,,,,,,,,,,,,,,,,,,,,,,,,,,,,,,,,,,,,,,,,,,,,,,,,,,,,,,,,,,,,,,,,,,,,,,,,,,,,,,,,2371.0266673999995,2371.0295009,2371.0295009,2371.0295009,2371.0295009,2374.0181156,down,1,1.8404442000010022,0.1992841999999655,,,,,,,,,AR2804,001,2026-04-28_12h23.38.692,SEED,2024.2.5,60.0629459672694,2026-04-28 12h27.11.358474 +0100,
10,,,,,,,,,,,,2.45,51,51,0,,,,,,Scenes_Dataset/toy_store_B.jpg,"(600, 415)",Congruent,Objects_Dataset/doll.png,"(191, 300)",old,left,Objects_Dataset/abacus.png,"(185, 200)","(300, -200)","(300, 200)",down,,,,,,,,,,,,,,,,,,,down,1,1.5622408999988693,0.20797750000019732,,,,,,,,,,,,,,,,,,,,,0,51,51,9,2374.034370399999,,,,,,,,,,,,,,2374.0188271999996,2374.034370399999,2376.2516455000004,2376.5150458999997,2376.4855762999996,2376.486052299999,,,,,,,,,,,,,,,,,,,,,,,,,,,,,,,,,,,,,,,,,,,,,,,,,,,,,,,,,,,,,,,,,,,,,,,,,,,,,,,,,,,,,,,,,,,,,,,,,,,,,,,,,,,,,,,,,,,,,,,,,,,,,,,,,,,,,,,2376.512553999999,2376.5150458999997,2376.5150458999997,2376.5150458999997,2376.5150458999997,2379.486495199999,down,1,1.5622408999988693,0.20797750000019732,,,,,,,,,AR2804,001,2026-04-28_12h23.38.692,SEED,2024.2.5,60.0629459672694,2026-04-28 12h27.11.358474 +0100,
47,,,,,,,,,,,,3,52,52,0,,,,,,Scenes_Dataset/entrance_hall_B.jpg,"(600, 421)",Incongruent,Objects_Dataset/movie_reels.png,"(350, 268)",old,left,Objects_Dataset/payment_terminal.png,"(285, 300)","(300, 200)","(300, -200)",up,,,,,,,,,,,,,,,,,,,up,1,1.3423702999989473,0.27170700000169745,,,,,,,,,,,,,,,,,,,,,0,52,52,46,2379.5012501,,,,,,,,,,,,,,2379.487086699999,2379.5012501,2381.7356989,2381.9855265999995,2382.5110403,2382.4862403999996,,,,,,,,,,,,,,,,,,,,,,,,,,,,,,,,,,,,,,,,,,,,,,,,,,,,,,,,,,,,,,,,,,,,,,,,,,,,,,,,,,,,,,,,,,,,,,,,,,,,,,,,,,,,,,,,,,,,,,,,,,,,,,,,,,,,,,,2382.508188599999,2382.5110403,2382.5110403,2382.5110403,2382.5110403,2385.5028674000005,up,1,1.3423702999989473,0.27170700000169745,,,,,,,,,AR2804,001,2026-04-28_12h23.38.692,SEED,2024.2.5,60.0629459672694,2026-04-28 12h27.11.358474 +0100,
20,,,,,,,,,,,,2.95,53,53,0,,,,,,Scenes_Dataset/basketball_field_A.jpg,"(600, 399)",Congruent,Objects_Dataset/whistle.png,"(200, 151)",old,left,Objects_Dataset/basketball.png,"(282, 300)","(300, -200)","(300, 200)",down,,,,,,,,,,,,,,,,,,,down,1,1.4029050999997708,0.1998755999993591,,,,,,,,,,,,,,,,,,,,,0,53,53,19,2385.518648699999,,,,,,,,,,,,,,2385.5032651,2385.518648699999,2387.7520275999996,2388.0021091,2388.4743519000003,2388.4529263000004,,,,,,,,,,,,,,,,,,,,,,,,,,,,,,,,,,,,,,,,,,,,,,,,,,,,,,,,,,,,,,,,,,,,,,,,,,,,,,,,,,,,,,,,,,,,,,,,,,,,,,,,,,,,,,,,,,,,,,,,,,,,,,,,,,,,,,,2388.4715094999992,2388.4743519000003,2388.4743519000003,2388.4743519000003,2388.4743519000003,2391.4693534,down,1,1.4029050999997708,0.1998755999993591,,,,,,,,,AR2804,001,2026-04-28_12h23.38.692,SEED,2024.2.5,60.0629459672694,2026-04-28 12h27.11.358474 +0100,
16,,,,,,,,,,,,2.75,54,54,0,,,,,,Scenes_Dataset/hair_salon_A.jpg,"(600, 386)",Congruent,Objects_Dataset/hairdryer_retouched.png,"(250, 241)",old,left,Objects_Dataset/comb.png,"(250, 250)","(300, -200)","(300, 200)",down,,,,,,,,,,,,,,,,,,,down,1,1.2050267000013264,0.19196929999998247,,,,,,,,,,,,,,,,,,,,,0,54,54,15,2391.4855654000003,,,,,,,,,,,,,,2391.469872399999,2391.4855654000003,2393.718477999999,2393.9684854999996,2394.240180499999,2394.2190424,,,,,,,,,,,,,,,,,,,,,,,,,,,,,,,,,,,,,,,,,,,,,,,,,,,,,,,,,,,,,,,,,,,,,,,,,,,,,,,,,,,,,,,,,,,,,,,,,,,,,,,,,,,,,,,,,,,,,,,,,,,,,,,,,,,,,,,2394.2374074,2394.240180499999,2394.240180499999,2394.240180499999,2394.240180499999,2397.221026899999,down,1,1.2050267000013264,0.19196929999998247,,,,,,,,,AR2804,001,2026-04-28_12h23.38.692,SEED,2024.2.5,60.0629459672694,2026-04-28 12h27.11.358474 +0100,
49,,,,,,,,,,,,3.1,55,55,0,,,,,,Scenes_Dataset/restaurant_A.jpg,"(600, 400)",Incongruent,Objects_Dataset/comb.png,"(250, 250)",old,left,Objects_Dataset/football_boots.png,"(300, 300)","(300, 200)","(300, -200)",up,,,,,,,,,,,,,,,,,,,up,1,1.4154818999995769,0.2561657999995077,,,,,,,,,,,,,,,,,,,,,0,55,55,48,2397.2353280999996,,,,,,,,,,,,,,2397.2215099000005,2397.2353280999996,2399.4683879000004,2399.7198556999992,2400.3414728999996,2400.320239999999,,,,,,,,,,,,,,,,,,,,,,,,,,,,,,,,,,,,,,,,,,,,,,,,,,,,,,,,,,,,,,,,,,,,,,,,,,,,,,,,,,,,,,,,,,,,,,,,,,,,,,,,,,,,,,,,,,,,,,,,,,,,,,,,,,,,,,,2400.3385794000005,2400.3414728999996,2400.3414728999996,2400.3414728999996,2400.3414728999996,2403.336357,up,1,1.4154818999995769,0.2561657999995077,,,,,,,,,AR2804,001,2026-04-28_12h23.38.692,SEED,2024.2.5,60.0629459672694,2026-04-28 12h27.11.358474 +0100,
54,,,,,,,,,,,,2.05,56,56,0,,,,,,Scenes_Dataset/campsite_A.jpg,"(600, 402)",Incongruent,Objects_Dataset/door_mat.png,"(300, 300)",old,left,Objects_Dataset/remote_control.png,"(300, 293)","(300, 200)","(300, -200)",up,,,,,,,,,,,,,,,,,,,up,1,1.0185306000003038,0.24014250000072934,,,,,,,,,,,,,,,,,,,,,0,56,56,53,2403.3529464999992,,,,,,,,,,,,,,2403.3366324,2403.3529464999992,2405.5698142,2405.8266461999992,2405.4031197999993,2405.803564599999,,,,,,,,,,,,,,,,,,,,,,,,,,,,,,,,,,,,,,,,,,,,,,,,,,,,,,,,,,,,,,,,,,,,,,,,,,,,,,,,,,,,,,,,,,,,,,,,,,,,,,,,,,,,,,,,,,,,,,,,,,,,,,,,,,,,,,,2405.823875099999,2405.8266461999992,2405.8266461999992,2405.8266461999992,2405.8266461999992,2408.805121199999,up,1,1.0185306000003038,0.24014250000072934,,,,,,,,,AR2804,001,2026-04-28_12h23.38.692,SEED,2024.2.5,60.0629459672694,2026-04-28 12h27.11.358474 +0100,
52,,,,,,,,,,,,3.25,57,57,0,,,,,,Scenes_Dataset/parking_lot_A.jpg,"(600, 397)",Incongruent,Objects_Dataset/digital_piano_retouched.png,"(350, 350)",old,left,Objects_Dataset/toothbrush.png,"(300, 215)","(300, 200)","(300, -200)",up,,,,,,,,,,,,,,,,,,,down,0,1.8275766000006115,0.19174159999965923,,,,,,,,,,,,,,,,,,,,,0,57,57,51,2408.8202571,,,,,,,,,,,,,,2408.805601799999,2408.8202571,2411.0530975,2411.303151099999,2412.0737804,2412.0533768000005,,,,,,,,,,,,,,,,,,,,,,,,,,,,,,,,,,,,,,,,,,,,,,,,,,,,,,,,,,,,,,,,,,,,,,,,,,,,,,,,,,,,,,,,,,,,,,,,,,,,,,,,,,,,,,,,,,,,,,,,,,,,,,,,,,,,,,,2412.0709535000005,2412.0737804,2412.0737804,2412.0737804,2412.0737804,2415.0697418,down,0,1.8275766000006115,0.19174159999965923,,,,,,,,,AR2804,001,2026-04-28_12h23.38.692,SEED,2024.2.5,60.0629459672694,2026-04-28 12h27.11.358474 +0100,
60,,,,,,,,,,,,2.35,58,58,0,,,,,,Scenes_Dataset/field_A.jpg,"(600, 403)",Incongruent,Objects_Dataset/computer_monitor.png,"(300, 300)",old,left,Objects_Dataset/plasticine.png,"(250, 167)","(300, 200)","(300, -200)",up,,,,,,,,,,,,,,,,,,,up,1,1.2755846999989444,0.23231029999988095,,,,,,,,,,,,,,,,,,,,,0,58,58,59,2415.0865630999997,,,,,,,,,,,,,,2415.070352999999,2415.0865630999997,2417.3031217999996,2417.561821899999,2417.4365612,2417.537005299999,,,,,,,,,,,,,,,,,,,,,,,,,,,,,,,,,,,,,,,,,,,,,,,,,,,,,,,,,,,,,,,,,,,,,,,,,,,,,,,,,,,,,,,,,,,,,,,,,,,,,,,,,,,,,,,,,,,,,,,,,,,,,,,,,,,,,,,2417.5563375,2417.561821899999,2417.561821899999,2417.561821899999,2417.561821899999,2420.5538583,up,1,1.2755846999989444,0.23231029999988095,,,,,,,,,AR2804,001,2026-04-28_12h23.38.692,SEED,2024.2.5,60.0629459672694,2026-04-28 12h27.11.358474 +0100,
25,,,,,,,,,,,,3.2,59,59,0,,,,,,Scenes_Dataset/building_entrance_A.jpg,"(600, 400)",Congruent,Objects_Dataset/envelope_retouched.png,"(250, 211)",old,left,Objects_Dataset/door_mat.png,"(300, 300)","(300, -200)","(300, 200)",down,,,,,,,,,,,,,,,,,,,down,1,1.0600333999991562,0.22386770000048273,,,,,,,,,,,,,,,,,,,,,0,59,59,24,2420.569749299999,,,,,,,,,,,,,,2420.5545174,2420.569749299999,2422.7862592,2423.0358527999997,2423.7773056000005,2423.7534233000006,,,,,,,,,,,,,,,,,,,,,,,,,,,,,,,,,,,,,,,,,,,,,,,,,,,,,,,,,,,,,,,,,,,,,,,,,,,,,,,,,,,,,,,,,,,,,,,,,,,,,,,,,,,,,,,,,,,,,,,,,,,,,,,,,,,,,,,2423.7729335000004,2423.7773056000005,2423.7773056000005,2423.7773056000005,2423.7773056000005,2426.753566899999,down,1,1.0600333999991562,0.22386770000048273,,,,,,,,,AR2804,001,2026-04-28_12h23.38.692,SEED,2024.2.5,60.0629459672694,2026-04-28 12h27.11.358474 +0100,
,,,,,,,,,,,,,,,,,,,,,,,,,,,,,,,,,,,,,,,,,,,,,,,,,,,,,,,,,,,,,,,,,,,,,,,,,,,,,,,,,,,,,,,,,,,,,,,,,,,,,,,,,,,,,,,,,,,,,,,,,,,,,,,,,,,,,,,,,,,,,,,,,,,,,,,,,,,,,,,,,,,,,,,,,,,,,,,,,,,,,,,,,,,,,,,,,,,,,,,,,,,,,,,,,,,,,,,,,,,,,,,,,,,,,,,,,,,,,,,,,,,,,,,2426.753820599999,2426.769000099999,2436.7693414999994,2436.7530143000004,AR2804,001,2026-04-28_12h23.38.692,SEED,2024.2.5,60.0629459672694,2026-04-28 12h27.11.358474 +0100,
