213.3831 	INFO 	Loaded monitor calibration from ['2026_02_05 15:50']
213.4400 	WARNING 	User requested fullscreen with size [1440  900], but screen is actually [1920, 1080]. Using actual size
213.5719 	EXP 	Created window1 = Window(allowGUI=False, allowStencil=False, autoLog=True, backendConf=UNKNOWN, backgroundFit=<method-wrapper '__getattribute__' of attributeSetter object at 0x00000269F1032290>, backgroundImage=<method-wrapper '__getattribute__' of attributeSetter object at 0x00000269F1032230>, bitsMode=UNKNOWN, blendMode='avg', bpc=(8, 8, 8), color=array([0, 0, 0]), colorSpace='rgb', depthBits=8, fullscr=True, gamma=None, gammaErrorPolicy='raise', infoMsg=UNKNOWN, lms=UNKNOWN, monitor=<psychopy.monitors.calibTools.Monitor object at 0x00000269F9AA8F40>, multiSample=False, name='window1', numSamples=2, pos=[0.0, 0.0], screen=0, size=array([1920, 1080]), stencilBits=0, stereo=False, title='PsychoPy', units='height', useFBO=True, useRetina=False, viewOri=0.0, viewPos=None, viewScale=None, waitBlanking=True, winType='pyglet')
213.5719 	EXP 	window1: backgroundImage = ''
213.5719 	EXP 	window1: backgroundFit = 'none'
213.6004 	EXP 	window1: Attempting to measure frame rate of screen (0) ...
213.6004 	EXP 	window1: recordFrameIntervals = False
213.7639 	EXP 	window1: recordFrameIntervals = True
213.9473 	EXP 	Screen (0) actual frame rate measured at 60.06Hz
213.9473 	EXP 	window1: recordFrameIntervals = False
214.1540 	INFO 	keyboard.Keyboard is using ptb backend.
214.1541 	INFO 	keyboard.Keyboard is using ptb backend.
214.1544 	INFO 	keyboard.Keyboard is using ptb backend.
214.1544 	INFO 	keyboard.Keyboard is using ptb backend.
214.1545 	INFO 	keyboard.Keyboard is using ptb backend.
214.1545 	INFO 	keyboard.Keyboard is using ptb backend.
214.1546 	INFO 	keyboard.Keyboard is using ptb backend.
214.1546 	INFO 	keyboard.Keyboard is using ptb backend.
214.1546 	INFO 	keyboard.Keyboard is using ptb backend.
214.1547 	INFO 	keyboard.Keyboard is using ptb backend.
214.1547 	INFO 	keyboard.Keyboard is using ptb backend.
214.1548 	INFO 	keyboard.Keyboard is using ptb backend.
214.1549 	INFO 	keyboard.Keyboard is using ptb backend.
214.1549 	INFO 	keyboard.Keyboard is using ptb backend.
214.1549 	INFO 	keyboard.Keyboard is using ptb backend.
214.1550 	INFO 	keyboard.Keyboard is using ptb backend.
214.1550 	INFO 	keyboard.Keyboard is using ptb backend.
214.1550 	INFO 	keyboard.Keyboard is using ptb backend.
214.1551 	INFO 	keyboard.Keyboard is using ptb backend.
214.1551 	EXP 	SEED: status = STARTED
214.2024 	EXP 	Created text_hi = TextStim(__class__=<class 'psychopy.visual.text.TextStim'>, alignHoriz=method-wrapper(...), alignText='center', alignVert=method-wrapper(...), anchorHoriz='center', anchorVert='center', antialias=True, autoDraw=False, autoLog=True, bold=False, color=array([1., 1., 1.]), colorSpace='rgb', contrast=1.0, depth=0.0, draggable=False, flipHoriz=False, flipVert=False, font='Arial', fontFiles=[], height=0.05, italic=False, languageStyle='LTR', name='text_hi', opacity=1, ori=0.0, pos=array([0., 0.]), rgb=UNKNOWN, text=str(...), units='height', win=Window(...), wrapWidth=1)
214.2166 	EXP 	Created text_Explain_PAL = TextStim(__class__=<class 'psychopy.visual.text.TextStim'>, alignHoriz=method-wrapper(...), alignText='center', alignVert=method-wrapper(...), anchorHoriz='center', anchorVert='center', antialias=True, autoDraw=False, autoLog=True, bold=False, color=array([1., 1., 1.]), colorSpace='rgb', contrast=1.0, depth=0.0, draggable=False, flipHoriz=False, flipVert=False, font='Arial', fontFiles=[], height=0.05, italic=False, languageStyle='LTR', name='text_Explain_PAL', opacity=1, ori=0.0, pos=array([0., 0.]), rgb=UNKNOWN, text=str(...), units='height', win=Window(...), wrapWidth=1.5)
214.2265 	EXP 	Created text_explain_rate = TextStim(__class__=<class 'psychopy.visual.text.TextStim'>, alignHoriz=method-wrapper(...), alignText='center', alignVert=method-wrapper(...), anchorHoriz='center', anchorVert='center', antialias=True, autoDraw=False, autoLog=True, bold=False, color=array([1., 1., 1.]), colorSpace='rgb', contrast=1.0, depth=0.0, draggable=False, flipHoriz=False, flipVert=False, font='Arial', fontFiles=[], height=0.05, italic=False, languageStyle='LTR', name='text_explain_rate', opacity=1, ori=0.0, pos=array([0., 0.]), rgb=UNKNOWN, text=str(...), units='height', win=Window(...), wrapWidth=1.5)
214.2279 	EXP 	Created cross_25 = ShapeStim(__class__=<class 'psychopy.visual.shape.ShapeStim'>, anchor=('center', 'center'), autoDraw=False, autoLog=True, closeShape=True, color=method-wrapper(...), colorSpace='rgb', contrast=None, depth=0.0, draggable=False, fillColor=array([1, 1, 1]), fillColorSpace='rgb', fillRGB=array([1, 1, 1]), interpolate=True, lineColor=array([1., 1., 1.]), lineColorSpace='rgb', lineRGB=array([1, 1, 1]), lineWidth=1.0, name='cross_25', opacity=1, ori=0.0, pos=array([0., 0.]), size=array([0.1, 0.1]), units='height', vertices=ndarray(...), win=Window(...), windingRule=None)
214.2288 	EXP 	Created image_blank = ImageStim(__class__=<class 'psychopy.visual.image.ImageStim'>, anchor=('center', 'center'), autoLog=True, color=array([1., 1., 1.]), colorSpace='rgb', contrast=1.0, depth=-1.0, draggable=False, flipHoriz=False, flipVert=False, image=None, interpolate=True, mask=None, maskParams=None, name='image_blank', opacity=1, ori=0.0, pos=array([0., 0.]), size=array([0.5, 0.5]), texRes=128.0, units='height', win=Window(...))
214.2326 	EXP 	Created image_ex_scene = ImageStim(__class__=<class 'psychopy.visual.image.ImageStim'>, anchor=('center', 'center'), autoLog=True, color=array([1., 1., 1.]), colorSpace='rgb', contrast=1.0, depth=0.0, draggable=False, flipHoriz=False, flipVert=False, image='default.png', interpolate=True, mask=None, maskParams=None, name='image_ex_scene', opacity=1, ori=0.0, pos=array([-250.,    0.]), size=array([1., 1.]), texRes=128.0, units='pix', win=Window(...))
214.2360 	EXP 	Created image_ex_object = ImageStim(__class__=<class 'psychopy.visual.image.ImageStim'>, anchor=('center', 'center'), autoLog=True, color=array([1., 1., 1.]), colorSpace='rgb', contrast=1.0, depth=-1.0, draggable=False, flipHoriz=False, flipVert=False, image='default.png', interpolate=True, mask=None, maskParams=None, name='image_ex_object', opacity=1, ori=0.0, pos=array([300.,   0.]), size=array([256., 256.]), texRes=128.0, units='pix', win=Window(...))
214.2996 	EXP 	Created slider_example = Slider(__class__=<class 'psychopy.visual.slider.Slider'>, autoDraw=False, autoLog=True, borderColor=None, color=None, colorSpace='rgb', depth=-2, fillColor=None, flip=False, font='Arial', granularity=1.0, labelColor=None, labelHeight=0.05, labelWrapWidth=None, labels=list(...), lineColor=None, markerColor=None, name='slider_example', opacity=None, ori=0.0, pos=array([ 0. , -0.3]), readOnly=False, self=UNKNOWN, size=array([0.83, 0.04]), startValue=None, style='rating', styleTweaks=[], ticks=array([1, 2, 3]), units='height', win=Window(...))
214.3040 	EXP 	Created text_example = TextStim(__class__=<class 'psychopy.visual.text.TextStim'>, alignHoriz=method-wrapper(...), alignText='center', alignVert=method-wrapper(...), anchorHoriz='center', anchorVert='center', antialias=True, autoDraw=False, autoLog=True, bold=False, color=array([1., 1., 1.]), colorSpace='rgb', contrast=1.0, depth=-3.0, draggable=False, flipHoriz=False, flipVert=False, font='Arial', fontFiles=[], height=0.06, italic=False, languageStyle='LTR', name='text_example', opacity=1, ori=0.0, pos=array([0.  , 0.25]), rgb=UNKNOWN, text='Relacionados?\n', units='height', win=Window(...), wrapWidth=1)
214.3059 	EXP 	Created text_end_ex = TextStim(__class__=<class 'psychopy.visual.text.TextStim'>, alignHoriz=method-wrapper(...), alignText='center', alignVert=method-wrapper(...), anchorHoriz='center', anchorVert='center', antialias=True, autoDraw=False, autoLog=True, bold=False, color=array([1., 1., 1.]), colorSpace='rgb', contrast=1.0, depth=0.0, draggable=False, flipHoriz=False, flipVert=False, font='Arial', fontFiles=[], height=0.05, italic=False, languageStyle='LTR', name='text_end_ex', opacity=1, ori=0.0, pos=array([0., 0.]), rgb=UNKNOWN, text='Exemplo concluído.\n\n', units='height', win=Window(...), wrapWidth=1)
214.3114 	EXP 	Created text_start_PAL = TextStim(__class__=<class 'psychopy.visual.text.TextStim'>, alignHoriz=method-wrapper(...), alignText='center', alignVert=method-wrapper(...), anchorHoriz='center', anchorVert='center', antialias=True, autoDraw=False, autoLog=True, bold=False, color=array([1., 1., 1.]), colorSpace='rgb', contrast=1.0, depth=-1.0, draggable=False, flipHoriz=False, flipVert=False, font='Arial', fontFiles=[], height=0.05, italic=False, languageStyle='LTR', name='text_start_PAL', opacity=1, ori=0.0, pos=array([0., 0.]), rgb=UNKNOWN, text=str(...), units='height', win=Window(...), wrapWidth=1.5)
214.3123 	EXP 	Created cross_25 = ShapeStim(__class__=<class 'psychopy.visual.shape.ShapeStim'>, anchor=('center', 'center'), autoDraw=False, autoLog=True, closeShape=True, color=method-wrapper(...), colorSpace='rgb', contrast=None, depth=0.0, draggable=False, fillColor=array([1, 1, 1]), fillColorSpace='rgb', fillRGB=array([1, 1, 1]), interpolate=True, lineColor=array([1., 1., 1.]), lineColorSpace='rgb', lineRGB=array([1, 1, 1]), lineWidth=1.0, name='cross_25', opacity=1, ori=0.0, pos=array([0., 0.]), size=array([0.1, 0.1]), units='height', vertices=ndarray(...), win=Window(...), windingRule=None)
214.3131 	EXP 	Created image_blank = ImageStim(__class__=<class 'psychopy.visual.image.ImageStim'>, anchor=('center', 'center'), autoLog=True, color=array([1., 1., 1.]), colorSpace='rgb', contrast=1.0, depth=-1.0, draggable=False, flipHoriz=False, flipVert=False, image=None, interpolate=True, mask=None, maskParams=None, name='image_blank', opacity=1, ori=0.0, pos=array([0., 0.]), size=array([0.5, 0.5]), texRes=128.0, units='height', win=Window(...))
214.3165 	EXP 	Created image_scene_encode = ImageStim(__class__=<class 'psychopy.visual.image.ImageStim'>, anchor=('center', 'center'), autoLog=True, color=array([1., 1., 1.]), colorSpace='rgb', contrast=1.0, depth=0.0, draggable=False, flipHoriz=False, flipVert=False, image='default.png', interpolate=True, mask=None, maskParams=None, name='image_scene_encode', opacity=1, ori=0.0, pos=array([-250.,    0.]), size=array([1., 1.]), texRes=128.0, units='pix', win=Window(...))
214.3194 	EXP 	Created image_object_encode = ImageStim(__class__=<class 'psychopy.visual.image.ImageStim'>, anchor=('center', 'center'), autoLog=True, color=array([1., 1., 1.]), colorSpace='rgb', contrast=1.0, depth=-1.0, draggable=False, flipHoriz=False, flipVert=False, image='default.png', interpolate=True, mask=None, maskParams=None, name='image_object_encode', opacity=1, ori=0.0, pos=array([300.,   0.]), size=array([256., 256.]), texRes=128.0, units='pix', win=Window(...))
214.3208 	EXP 	Created text_rating = TextStim(__class__=<class 'psychopy.visual.text.TextStim'>, alignHoriz=method-wrapper(...), alignText='center', alignVert=method-wrapper(...), anchorHoriz='center', anchorVert='center', antialias=True, autoDraw=False, autoLog=True, bold=False, color=array([1., 1., 1.]), colorSpace='rgb', contrast=1.0, depth=-3.0, draggable=False, flipHoriz=False, flipVert=False, font='Arial', fontFiles=[], height=0.06, italic=False, languageStyle='LTR', name='text_rating', opacity=1, ori=0.0, pos=array([0.  , 0.35]), rgb=UNKNOWN, text='Relacionados?', units='height', win=Window(...), wrapWidth=1)
214.3464 	EXP 	Created slider_cong = Slider(__class__=<class 'psychopy.visual.slider.Slider'>, autoDraw=False, autoLog=True, borderColor=None, color=None, colorSpace='rgb', depth=-4, fillColor=None, flip=False, font='Arial', granularity=1.0, labelColor=None, labelHeight=0.05, labelWrapWidth=None, labels=list(...), lineColor=None, markerColor=None, name='slider_cong', opacity=None, ori=0.0, pos=array([ 0. , -0.3]), readOnly=False, self=UNKNOWN, size=array([0.83 , 0.035]), startValue=None, style='rating', styleTweaks=[], ticks=array([1, 2, 3]), units='height', win=Window(...))
214.3517 	EXP 	Created text_pausa1 = TextStim(__class__=<class 'psychopy.visual.text.TextStim'>, alignHoriz=method-wrapper(...), alignText='center', alignVert=method-wrapper(...), anchorHoriz='center', anchorVert='center', antialias=True, autoDraw=False, autoLog=True, bold=False, color=array([1., 1., 1.]), colorSpace='rgb', contrast=1.0, depth=0.0, draggable=False, flipHoriz=False, flipVert=False, font='Arial', fontFiles=[], height=0.05, italic=False, languageStyle='LTR', name='text_pausa1', opacity=1, ori=0.0, pos=array([0., 0.]), rgb=UNKNOWN, text=str(...), units='height', win=Window(...), wrapWidth=1)
214.3536 	EXP 	Created text_endGo = TextStim(__class__=<class 'psychopy.visual.text.TextStim'>, alignHoriz=method-wrapper(...), alignText='center', alignVert=method-wrapper(...), anchorHoriz='center', anchorVert='center', antialias=True, autoDraw=False, autoLog=True, bold=False, color=array([1., 1., 1.]), colorSpace='rgb', contrast=1.0, depth=0.0, draggable=False, flipHoriz=False, flipVert=False, font='Arial', fontFiles=[], height=0.05, italic=False, languageStyle='LTR', name='text_endGo', opacity=1, ori=0.0, pos=array([0., 0.]), rgb=UNKNOWN, text='Tarefa concluída.', units='height', win=Window(...), wrapWidth=1)
214.3557 	EXP 	Created text_call = TextStim(__class__=<class 'psychopy.visual.text.TextStim'>, alignHoriz=method-wrapper(...), alignText='center', alignVert=method-wrapper(...), anchorHoriz='center', anchorVert='center', antialias=True, autoDraw=False, autoLog=True, bold=False, color=array([1., 1., 1.]), colorSpace='rgb', contrast=1.0, depth=-1.0, draggable=False, flipHoriz=False, flipVert=False, font='Arial', fontFiles=[], height=0.05, italic=False, languageStyle='LTR', name='text_call', opacity=1, ori=0.0, pos=array([0., 0.]), rgb=UNKNOWN, text=str(...), units='height', win=Window(...), wrapWidth=1)
214.3587 	EXP 	Created text_retomar = TextStim(__class__=<class 'psychopy.visual.text.TextStim'>, alignHoriz=method-wrapper(...), alignText='center', alignVert=method-wrapper(...), anchorHoriz='center', anchorVert='center', antialias=True, autoDraw=False, autoLog=True, bold=False, color=array([1., 1., 1.]), colorSpace='rgb', contrast=1.0, depth=0.0, draggable=False, flipHoriz=False, flipVert=False, font='Arial', fontFiles=[], height=0.05, italic=False, languageStyle='LTR', name='text_retomar', opacity=1, ori=0.0, pos=array([0., 0.]), rgb=UNKNOWN, text=str(...), units='height', win=Window(...), wrapWidth=1)
214.3631 	EXP 	Created text_explain_recall = TextStim(__class__=<class 'psychopy.visual.text.TextStim'>, alignHoriz=method-wrapper(...), alignText='center', alignVert=method-wrapper(...), anchorHoriz='center', anchorVert='center', antialias=True, autoDraw=False, autoLog=True, bold=False, color=array([1., 1., 1.]), colorSpace='rgb', contrast=1.0, depth=0.0, draggable=False, flipHoriz=False, flipVert=False, font='Arial', fontFiles=[], height=0.05, italic=False, languageStyle='LTR', name='text_explain_recall', opacity=1, ori=0.0, pos=array([0., 0.]), rgb=UNKNOWN, text=str(...), units='height', win=Window(...), wrapWidth=1)
214.3754 	EXP 	Created text_explain_old_new = TextStim(__class__=<class 'psychopy.visual.text.TextStim'>, alignHoriz=method-wrapper(...), alignText='center', alignVert=method-wrapper(...), anchorHoriz='center', anchorVert='center', antialias=True, autoDraw=False, autoLog=True, bold=False, color=array([1., 1., 1.]), colorSpace='rgb', contrast=1.0, depth=0.0, draggable=False, flipHoriz=False, flipVert=False, font='Arial', fontFiles=[], height=0.05, italic=False, languageStyle='LTR', name='text_explain_old_new', opacity=1, ori=0.0, pos=array([0., 0.]), rgb=UNKNOWN, text=str(...), units='height', win=Window(...), wrapWidth=1.3)
214.3764 	EXP 	Created cross_25 = ShapeStim(__class__=<class 'psychopy.visual.shape.ShapeStim'>, anchor=('center', 'center'), autoDraw=False, autoLog=True, closeShape=True, color=method-wrapper(...), colorSpace='rgb', contrast=None, depth=0.0, draggable=False, fillColor=array([1, 1, 1]), fillColorSpace='rgb', fillRGB=array([1, 1, 1]), interpolate=True, lineColor=array([1., 1., 1.]), lineColorSpace='rgb', lineRGB=array([1, 1, 1]), lineWidth=1.0, name='cross_25', opacity=1, ori=0.0, pos=array([0., 0.]), size=array([0.1, 0.1]), units='height', vertices=ndarray(...), win=Window(...), windingRule=None)
214.3772 	EXP 	Created image_blank = ImageStim(__class__=<class 'psychopy.visual.image.ImageStim'>, anchor=('center', 'center'), autoLog=True, color=array([1., 1., 1.]), colorSpace='rgb', contrast=1.0, depth=-1.0, draggable=False, flipHoriz=False, flipVert=False, image=None, interpolate=True, mask=None, maskParams=None, name='image_blank', opacity=1, ori=0.0, pos=array([0., 0.]), size=array([0.5, 0.5]), texRes=128.0, units='height', win=Window(...))
214.3807 	EXP 	Created image_exemplo_old_new = ImageStim(__class__=<class 'psychopy.visual.image.ImageStim'>, anchor=('center', 'center'), autoLog=True, color=array([1., 1., 1.]), colorSpace='rgb', contrast=1.0, depth=0.0, draggable=False, flipHoriz=True, flipVert=False, image='default.png', interpolate=True, mask=None, maskParams=None, name='image_exemplo_old_new', opacity=1, ori=0.0, pos=array([ 0.  , -0.12]), size=array([1., 1.]), texRes=128.0, units='pix', win=Window(...))
214.3837 	EXP 	Created text_ex_old = TextStim(__class__=<class 'psychopy.visual.text.TextStim'>, alignHoriz=method-wrapper(...), alignText='center', alignVert=method-wrapper(...), anchorHoriz='center', anchorVert='center', antialias=True, autoDraw=False, autoLog=True, bold=False, color=array([1., 1., 1.]), colorSpace='rgb', contrast=1.0, depth=-2.0, draggable=False, flipHoriz=False, flipVert=False, font='Arial', fontFiles=[], height=0.05, italic=False, languageStyle='LTR', name='text_ex_old', opacity=1, ori=0.0, pos=array([0. , 0.3]), rgb=UNKNOWN, text=str(...), units='height', win=Window(...), wrapWidth=1)
214.3872 	EXP 	Created text_start_recall = TextStim(__class__=<class 'psychopy.visual.text.TextStim'>, alignHoriz=method-wrapper(...), alignText='center', alignVert=method-wrapper(...), anchorHoriz='center', anchorVert='center', antialias=True, autoDraw=False, autoLog=True, bold=False, color=array([1., 1., 1.]), colorSpace='rgb', contrast=1.0, depth=0.0, draggable=False, flipHoriz=False, flipVert=False, font='Arial', fontFiles=[], height=0.05, italic=False, languageStyle='LTR', name='text_start_recall', opacity=1, ori=0.0, pos=array([0., 0.]), rgb=UNKNOWN, text=str(...), units='height', win=Window(...), wrapWidth=1)
214.3884 	EXP 	Created cross_25 = ShapeStim(__class__=<class 'psychopy.visual.shape.ShapeStim'>, anchor=('center', 'center'), autoDraw=False, autoLog=True, closeShape=True, color=method-wrapper(...), colorSpace='rgb', contrast=None, depth=0.0, draggable=False, fillColor=array([1, 1, 1]), fillColorSpace='rgb', fillRGB=array([1, 1, 1]), interpolate=True, lineColor=array([1., 1., 1.]), lineColorSpace='rgb', lineRGB=array([1, 1, 1]), lineWidth=1.0, name='cross_25', opacity=1, ori=0.0, pos=array([0., 0.]), size=array([0.1, 0.1]), units='height', vertices=ndarray(...), win=Window(...), windingRule=None)
214.3892 	EXP 	Created image_blank = ImageStim(__class__=<class 'psychopy.visual.image.ImageStim'>, anchor=('center', 'center'), autoLog=True, color=array([1., 1., 1.]), colorSpace='rgb', contrast=1.0, depth=-1.0, draggable=False, flipHoriz=False, flipVert=False, image=None, interpolate=True, mask=None, maskParams=None, name='image_blank', opacity=1, ori=0.0, pos=array([0., 0.]), size=array([0.5, 0.5]), texRes=128.0, units='height', win=Window(...))
214.3937 	EXP 	Created image_old_new = ImageStim(__class__=<class 'psychopy.visual.image.ImageStim'>, anchor=('center', 'center'), autoLog=True, color=array([1., 1., 1.]), colorSpace='rgb', contrast=1.0, depth=0.0, draggable=False, flipHoriz=False, flipVert=False, image='default.png', interpolate=True, mask=None, maskParams=None, name='image_old_new', opacity=1, ori=0.0, pos=array([ 0.  , -0.12]), size=array([1., 1.]), texRes=128.0, units='pix', win=Window(...))
214.3969 	EXP 	Created text_item = TextStim(__class__=<class 'psychopy.visual.text.TextStim'>, alignHoriz=method-wrapper(...), alignText='center', alignVert=method-wrapper(...), anchorHoriz='center', anchorVert='center', antialias=True, autoDraw=False, autoLog=True, bold=False, color=array([1., 1., 1.]), colorSpace='rgb', contrast=1.0, depth=-2.0, draggable=False, flipHoriz=False, flipVert=False, font='Arial', fontFiles=[], height=0.05, italic=False, languageStyle='LTR', name='text_item', opacity=1, ori=0.0, pos=array([0.  , 0.35]), rgb=UNKNOWN, text=str(...), units='height', win=Window(...), wrapWidth=1)
214.4014 	EXP 	Created text_end_item = TextStim(__class__=<class 'psychopy.visual.text.TextStim'>, alignHoriz=method-wrapper(...), alignText='center', alignVert=method-wrapper(...), anchorHoriz='center', anchorVert='center', antialias=True, autoDraw=False, autoLog=True, bold=False, color=array([1., 1., 1.]), colorSpace='rgb', contrast=1.0, depth=0.0, draggable=False, flipHoriz=False, flipVert=False, font='Arial', fontFiles=[], height=0.05, italic=False, languageStyle='LTR', name='text_end_item', opacity=1, ori=0.0, pos=array([0., 0.]), rgb=UNKNOWN, text=str(...), units='height', win=Window(...), wrapWidth=1)
214.4127 	EXP 	Created text_explain_2afc = TextStim(__class__=<class 'psychopy.visual.text.TextStim'>, alignHoriz=method-wrapper(...), alignText='center', alignVert=method-wrapper(...), anchorHoriz='center', anchorVert='center', antialias=True, autoDraw=False, autoLog=True, bold=False, color=array([1., 1., 1.]), colorSpace='rgb', contrast=1.0, depth=0.0, draggable=False, flipHoriz=False, flipVert=False, font='Arial', fontFiles=[], height=0.05, italic=False, languageStyle='LTR', name='text_explain_2afc', opacity=1, ori=0.0, pos=array([0., 0.]), rgb=UNKNOWN, text=str(...), units='height', win=Window(...), wrapWidth=1.3)
214.4138 	EXP 	Created cross_25 = ShapeStim(__class__=<class 'psychopy.visual.shape.ShapeStim'>, anchor=('center', 'center'), autoDraw=False, autoLog=True, closeShape=True, color=method-wrapper(...), colorSpace='rgb', contrast=None, depth=0.0, draggable=False, fillColor=array([1, 1, 1]), fillColorSpace='rgb', fillRGB=array([1, 1, 1]), interpolate=True, lineColor=array([1., 1., 1.]), lineColorSpace='rgb', lineRGB=array([1, 1, 1]), lineWidth=1.0, name='cross_25', opacity=1, ori=0.0, pos=array([0., 0.]), size=array([0.1, 0.1]), units='height', vertices=ndarray(...), win=Window(...), windingRule=None)
214.4145 	EXP 	Created image_blank = ImageStim(__class__=<class 'psychopy.visual.image.ImageStim'>, anchor=('center', 'center'), autoLog=True, color=array([1., 1., 1.]), colorSpace='rgb', contrast=1.0, depth=-1.0, draggable=False, flipHoriz=False, flipVert=False, image=None, interpolate=True, mask=None, maskParams=None, name='image_blank', opacity=1, ori=0.0, pos=array([0., 0.]), size=array([0.5, 0.5]), texRes=128.0, units='height', win=Window(...))
214.4185 	EXP 	Created image_ex_2AFC = ImageStim(__class__=<class 'psychopy.visual.image.ImageStim'>, anchor=('center', 'center'), autoLog=True, color=array([1., 1., 1.]), colorSpace='rgb', contrast=1.0, depth=0.0, draggable=False, flipHoriz=False, flipVert=False, image='default.png', interpolate=True, mask=None, maskParams=None, name='image_ex_2AFC', opacity=1, ori=0.0, pos=array([-250.,    0.]), size=array([1., 1.]), texRes=128.0, units='pix', win=Window(...))
214.4220 	EXP 	Created image_ex_target = ImageStim(__class__=<class 'psychopy.visual.image.ImageStim'>, anchor=('center', 'center'), autoLog=True, color=array([1., 1., 1.]), colorSpace='rgb', contrast=1.0, depth=-1.0, draggable=False, flipHoriz=False, flipVert=False, image='default.png', interpolate=True, mask=None, maskParams=None, name='image_ex_target', opacity=1, ori=0.0, pos=array([0., 0.]), size=array([1., 1.]), texRes=128.0, units='pix', win=Window(...))
214.4253 	EXP 	Created image_ex_lure = ImageStim(__class__=<class 'psychopy.visual.image.ImageStim'>, anchor=('center', 'center'), autoLog=True, color=array([1., 1., 1.]), colorSpace='rgb', contrast=1.0, depth=-2.0, draggable=False, flipHoriz=False, flipVert=False, image='default.png', interpolate=True, mask=None, maskParams=None, name='image_ex_lure', opacity=1, ori=0.0, pos=array([0., 0.]), size=array([1., 1.]), texRes=128.0, units='pix', win=Window(...))
214.4290 	EXP 	Created text_start_recall = TextStim(__class__=<class 'psychopy.visual.text.TextStim'>, alignHoriz=method-wrapper(...), alignText='center', alignVert=method-wrapper(...), anchorHoriz='center', anchorVert='center', antialias=True, autoDraw=False, autoLog=True, bold=False, color=array([1., 1., 1.]), colorSpace='rgb', contrast=1.0, depth=0.0, draggable=False, flipHoriz=False, flipVert=False, font='Arial', fontFiles=[], height=0.05, italic=False, languageStyle='LTR', name='text_start_recall', opacity=1, ori=0.0, pos=array([0., 0.]), rgb=UNKNOWN, text=str(...), units='height', win=Window(...), wrapWidth=1)
214.4301 	EXP 	Created cross_25 = ShapeStim(__class__=<class 'psychopy.visual.shape.ShapeStim'>, anchor=('center', 'center'), autoDraw=False, autoLog=True, closeShape=True, color=method-wrapper(...), colorSpace='rgb', contrast=None, depth=0.0, draggable=False, fillColor=array([1, 1, 1]), fillColorSpace='rgb', fillRGB=array([1, 1, 1]), interpolate=True, lineColor=array([1., 1., 1.]), lineColorSpace='rgb', lineRGB=array([1, 1, 1]), lineWidth=1.0, name='cross_25', opacity=1, ori=0.0, pos=array([0., 0.]), size=array([0.1, 0.1]), units='height', vertices=ndarray(...), win=Window(...), windingRule=None)
214.4309 	EXP 	Created image_blank = ImageStim(__class__=<class 'psychopy.visual.image.ImageStim'>, anchor=('center', 'center'), autoLog=True, color=array([1., 1., 1.]), colorSpace='rgb', contrast=1.0, depth=-1.0, draggable=False, flipHoriz=False, flipVert=False, image=None, interpolate=True, mask=None, maskParams=None, name='image_blank', opacity=1, ori=0.0, pos=array([0., 0.]), size=array([0.5, 0.5]), texRes=128.0, units='height', win=Window(...))
214.4342 	EXP 	Created image_scene_2AFC = ImageStim(__class__=<class 'psychopy.visual.image.ImageStim'>, anchor=('center', 'center'), autoLog=True, color=array([1., 1., 1.]), colorSpace='rgb', contrast=1.0, depth=0.0, draggable=False, flipHoriz=False, flipVert=False, image='default.png', interpolate=True, mask=None, maskParams=None, name='image_scene_2AFC', opacity=1, ori=0.0, pos=array([-250.,    0.]), size=array([1., 1.]), texRes=128.0, units='pix', win=Window(...))
214.4410 	EXP 	Created image_target = ImageStim(__class__=<class 'psychopy.visual.image.ImageStim'>, anchor=('center', 'center'), autoLog=True, color=array([1., 1., 1.]), colorSpace='rgb', contrast=1.0, depth=-2.0, draggable=False, flipHoriz=False, flipVert=False, image='default.png', interpolate=True, mask=None, maskParams=None, name='image_target', opacity=1, ori=0.0, pos=array([0., 0.]), size=array([256., 256.]), texRes=128.0, units='pix', win=Window(...))
214.4444 	EXP 	Created image_lure = ImageStim(__class__=<class 'psychopy.visual.image.ImageStim'>, anchor=('center', 'center'), autoLog=True, color=array([1., 1., 1.]), colorSpace='rgb', contrast=1.0, depth=-3.0, draggable=False, flipHoriz=False, flipVert=False, image='default.png', interpolate=True, mask=None, maskParams=None, name='image_lure', opacity=1, ori=0.0, pos=array([0., 0.]), size=array([256., 256.]), texRes=128.0, units='pix', win=Window(...))
214.4469 	EXP 	Created text_end = TextStim(__class__=<class 'psychopy.visual.text.TextStim'>, alignHoriz=method-wrapper(...), alignText='center', alignVert=method-wrapper(...), anchorHoriz='center', anchorVert='center', antialias=True, autoDraw=False, autoLog=True, bold=False, color=array([1., 1., 1.]), colorSpace='rgb', contrast=1.0, depth=0.0, draggable=False, flipHoriz=False, flipVert=False, font='Arial', fontFiles=[], height=0.05, italic=False, languageStyle='LTR', name='text_end', opacity=1, ori=0.0, pos=array([0., 0.]), rgb=UNKNOWN, text=str(...), units='height', win=Window(...), wrapWidth=1)
0.0495 	EXP 	slider_example: autoLog = True
0.0495 	EXP 	slider_example: styleTweaks = []
0.0495 	EXP 	slider_example: styleTweaks = []
0.0495 	EXP 	slider_example: styleTweaks = []
0.0495 	EXP 	slider_example: styleTweaks = []
0.0495 	EXP 	slider_example: contrast = 1.0
0.0495 	EXP 	slider_example: markerPos = None
0.0495 	EXP 	slider_example: autoLog = True
0.0495 	EXP 	slider_cong: autoLog = True
0.0495 	EXP 	slider_cong: styleTweaks = []
0.0495 	EXP 	slider_cong: styleTweaks = []
0.0495 	EXP 	slider_cong: styleTweaks = []
0.0495 	EXP 	slider_cong: styleTweaks = []
0.0495 	EXP 	slider_cong: contrast = 1.0
0.0495 	EXP 	slider_cong: markerPos = None
0.0495 	EXP 	slider_cong: autoLog = True
0.0520 	INFO 	Keyboard events cleared
0.0520 	EXP 	text_hi: autoDraw = True
51.7863 	DATA 	Keypress: space
51.7994 	EXP 	text_hi: autoDraw = False
51.7994 	EXP 	text_Explain_PAL: autoDraw = True
53.7996 	INFO 	Keyboard events cleared
64.7009 	DATA 	Keypress: space
64.7162 	EXP 	text_Explain_PAL: autoDraw = False
64.7162 	EXP 	text_explain_rate: autoDraw = True
66.7000 	INFO 	Keyboard events cleared
71.3042 	EXP 	Imported Exemplo_encode.xlsx as conditions, 4 conditions, 13 params
71.3044 	EXP 	New trial (rep=0, index=0): <Trial 0 (0 in rep 0) data={'Index': 'Ex2', 'ex_scene_encode': 'Scenes_Dataset/painting_workshop_A.jpg', 'ex_scene_size': (600, 450), 'ex_object_encode': 'Objects_Dataset/fish_hook.png', 'ex_object_size': (130, 200), 'ex_target_pos': (300, 200), 'ex_condition_encode': 'incongruent', 'ex_lure': 'Objects_Dataset/barrier.png', 'ex_lure_size': (300, 300), 'ex_lure_pos': (300, -200), 'ex_new': 'Scenes_Dataset/athletics_track_A', 'ex_new_scene_size': (600, 450), 'jitter_ITI': 2.5, 'thisN': 0, 'thisTrialN': 0, 'thisRepN': 0}>
71.3048 	DATA 	Keypress: space
71.3166 	EXP 	text_explain_rate: autoDraw = False
71.3166 	EXP 	image_blank: autoDraw = True
73.5498 	EXP 	cross_25: autoDraw = True
73.7997 	EXP 	cross_25: autoDraw = False
73.8160 	EXP 	image_blank: autoDraw = False
73.8160 	EXP 	cross_25: autoDraw = False
73.8160 	EXP 	image_blank: autoDraw = False
73.8160 	EXP 	image_ex_scene: image = 'Scenes_Dataset/painting_workshop_A.jpg'
73.8160 	EXP 	image_ex_object: image = 'Objects_Dataset/fish_hook.png'
73.8160 	EXP 	slider_example: markerPos = None
73.8160 	EXP 	slider_example: markerPos = None
73.8160 	EXP 	image_ex_scene: autoDraw = True
73.8160 	EXP 	image_ex_object: autoDraw = True
76.3018 	INFO 	Keyboard events cleared
76.3018 	EXP 	slider_example: autoDraw = True
76.3018 	EXP 	text_example: autoDraw = True
78.0380 	DATA 	Keypress: num_1
78.7998 	EXP 	slider_example: autoDraw = False
78.7998 	EXP 	text_example: autoDraw = False
78.8005 	EXP 	New trial (rep=0, index=1): <Trial 1 (1 in rep 0) data={'Index': 'Ex3', 'ex_scene_encode': 'Scenes_Dataset/cellars_A.jpg', 'ex_scene_size': (600, 399), 'ex_object_encode': 'Objects_Dataset/barrier.png', 'ex_object_size': (300, 300), 'ex_target_pos': (300, -200), 'ex_condition_encode': 'incongruent', 'ex_lure': 'Objects_Dataset/hang_glider.png', 'ex_lure_size': (450, 275), 'ex_lure_pos': (300, 200), 'ex_new': None, 'ex_new_scene_size': None, 'jitter_ITI': 3, 'thisN': 1, 'thisTrialN': 1, 'thisRepN': 0}>
78.8164 	EXP 	image_ex_scene: autoDraw = False
78.8164 	EXP 	image_ex_object: autoDraw = False
78.8164 	EXP 	slider_example: autoDraw = False
78.8164 	EXP 	text_example: autoDraw = False
78.8164 	EXP 	image_blank: autoDraw = True
81.0498 	EXP 	cross_25: autoDraw = True
81.2999 	EXP 	cross_25: autoDraw = False
81.8205 	EXP 	image_blank: autoDraw = False
81.8205 	EXP 	cross_25: autoDraw = False
81.8205 	EXP 	image_blank: autoDraw = False
81.8205 	EXP 	image_ex_scene: image = 'Scenes_Dataset/cellars_A.jpg'
81.8205 	EXP 	image_ex_object: image = 'Objects_Dataset/barrier.png'
81.8205 	EXP 	slider_example: markerPos = None
81.8205 	EXP 	slider_example: markerPos = None
81.8205 	EXP 	image_ex_scene: autoDraw = True
81.8205 	EXP 	image_ex_object: autoDraw = True
83.3180 	DATA 	Keypress: num_1
84.2998 	INFO 	Keyboard events cleared
84.2998 	EXP 	slider_example: autoDraw = True
84.2998 	EXP 	text_example: autoDraw = True
85.4337 	DATA 	Keypress: num_1
86.8017 	EXP 	slider_example: autoDraw = False
86.8017 	EXP 	text_example: autoDraw = False
86.8025 	EXP 	New trial (rep=0, index=2): <Trial 2 (2 in rep 0) data={'Index': 'Ex4', 'ex_scene_encode': 'Scenes_Dataset/river_B.jpg', 'ex_scene_size': (600, 450), 'ex_object_encode': 'Objects_Dataset/drone.png', 'ex_object_size': (300, 144), 'ex_target_pos': (300, 200), 'ex_condition_encode': 'congruent', 'ex_lure': 'Objects_Dataset/fish_hook.png', 'ex_lure_size': (130, 200), 'ex_lure_pos': (300, -200), 'ex_new': None, 'ex_new_scene_size': None, 'jitter_ITI': 2.5, 'thisN': 2, 'thisTrialN': 2, 'thisRepN': 0}>
86.8165 	EXP 	image_ex_scene: autoDraw = False
86.8165 	EXP 	image_ex_object: autoDraw = False
86.8165 	EXP 	slider_example: autoDraw = False
86.8165 	EXP 	text_example: autoDraw = False
86.8165 	EXP 	image_blank: autoDraw = True
89.0499 	EXP 	cross_25: autoDraw = True
89.3000 	EXP 	cross_25: autoDraw = False
89.3215 	EXP 	image_blank: autoDraw = False
89.3215 	EXP 	cross_25: autoDraw = False
89.3215 	EXP 	image_blank: autoDraw = False
89.3215 	EXP 	image_ex_scene: image = 'Scenes_Dataset/river_B.jpg'
89.3215 	EXP 	image_ex_object: image = 'Objects_Dataset/drone.png'
89.3215 	EXP 	slider_example: markerPos = None
89.3215 	EXP 	slider_example: markerPos = None
89.3215 	EXP 	image_ex_scene: autoDraw = True
89.3215 	EXP 	image_ex_object: autoDraw = True
91.7999 	INFO 	Keyboard events cleared
91.7998 	EXP 	slider_example: autoDraw = True
91.7998 	EXP 	text_example: autoDraw = True
92.4172 	DATA 	Keypress: num_2
93.5337 	DATA 	Keypress: num_2
94.3000 	EXP 	slider_example: autoDraw = False
94.3000 	EXP 	text_example: autoDraw = False
94.3182 	EXP 	New trial (rep=0, index=3): <Trial 3 (3 in rep 0) data={'Index': 'Ex1', 'ex_scene_encode': 'Scenes_Dataset/sky_A.jpg', 'ex_scene_size': (600, 398), 'ex_object_encode': 'Objects_Dataset/hang_glider.png', 'ex_object_size': (450, 275), 'ex_target_pos': (300, -200), 'ex_condition_encode': 'congruent', 'ex_lure': 'Objects_Dataset/drone.png', 'ex_lure_size': (300, 144), 'ex_lure_pos': (300, 200), 'ex_new': 'Scenes_Dataset/temple_A.jpg', 'ex_new_scene_size': (600, 358), 'jitter_ITI': 2, 'thisN': 3, 'thisTrialN': 3, 'thisRepN': 0}>
94.3333 	EXP 	image_ex_scene: autoDraw = False
94.3333 	EXP 	image_ex_object: autoDraw = False
94.3333 	EXP 	slider_example: autoDraw = False
94.3333 	EXP 	text_example: autoDraw = False
94.3333 	EXP 	image_blank: autoDraw = True
96.3335 	EXP 	image_blank: autoDraw = False
96.5502 	EXP 	cross_25: autoDraw = True
96.8048 	EXP 	cross_25: autoDraw = False
96.8048 	EXP 	cross_25: autoDraw = False
96.8048 	EXP 	image_blank: autoDraw = False
96.8048 	EXP 	image_ex_scene: image = 'Scenes_Dataset/sky_A.jpg'
96.8048 	EXP 	image_ex_object: image = 'Objects_Dataset/hang_glider.png'
96.8048 	EXP 	slider_example: markerPos = None
96.8048 	EXP 	slider_example: markerPos = None
96.8048 	EXP 	image_ex_scene: autoDraw = True
96.8048 	EXP 	image_ex_object: autoDraw = True
98.6184 	DATA 	Keypress: num_3
99.2837 	INFO 	Keyboard events cleared
99.2836 	EXP 	slider_example: autoDraw = True
99.2836 	EXP 	text_example: autoDraw = True
100.5227 	DATA 	Keypress: num_3
101.7836 	EXP 	slider_example: autoDraw = False
101.7836 	EXP 	text_example: autoDraw = False
101.8168 	EXP 	image_ex_scene: autoDraw = False
101.8168 	EXP 	image_ex_object: autoDraw = False
101.8168 	EXP 	slider_example: autoDraw = False
101.8168 	EXP 	text_example: autoDraw = False
101.8168 	EXP 	text_end_ex: autoDraw = True
103.2838 	INFO 	Keyboard events cleared
103.2836 	EXP 	text_start_PAL: autoDraw = True
103.3168 	EXP 	text_end_ex: autoDraw = False
105.1751 	EXP 	Imported Encode_Pairs.xlsx as conditions, 60 conditions, 14 params
105.1755 	EXP 	New trial (rep=0, index=0): <Trial 0 (0 in rep 0) data={'Index': 18, 'Scene': 'Scenes_Dataset/soccer_stadium_B.jpg', 'Scene_Size': (600, 400), 'Condition_Encode': 'Congruent', 'Object_Encode': 'Objects_Dataset/football_boots.png', 'Object_Size': (300, 300), 'Condition_Old': 'old', 'Correct_Key_Old': 'left', 'Obj_Lure': 'Objects_Dataset/whistle.png', 'Lure_size': (200, 151), 'Target_pos': (300, -200), 'Lure_pos': (300, 200), 'Correct_key_AFC': 'down', 'jitter_ITI': 2.85, 'thisN': 0, 'thisTrialN': 0, 'thisRepN': 0}>
105.1758 	DATA 	Keypress: space
105.1774 	EXP 	text_end_ex: autoDraw = False
105.1774 	EXP 	text_start_PAL: autoDraw = False
105.1774 	EXP 	image_blank: autoDraw = True
107.4001 	EXP 	cross_25: autoDraw = True
107.6502 	EXP 	cross_25: autoDraw = False
108.0378 	EXP 	image_blank: autoDraw = False
108.0378 	EXP 	cross_25: autoDraw = False
108.0378 	EXP 	image_blank: autoDraw = False
108.0378 	EXP 	image_scene_encode: image = 'Scenes_Dataset/soccer_stadium_B.jpg'
108.0378 	EXP 	image_object_encode: image = 'Objects_Dataset/football_boots.png'
108.0378 	EXP 	slider_cong: markerPos = None
108.0378 	EXP 	slider_cong: markerPos = None
108.0378 	EXP 	image_scene_encode: autoDraw = True
108.0378 	EXP 	image_object_encode: autoDraw = True
110.5182 	INFO 	Keyboard events cleared
110.5182 	EXP 	text_rating: autoDraw = True
110.5182 	EXP 	slider_cong: autoDraw = True
111.7674 	DATA 	Keypress: num_3
113.0173 	EXP 	text_rating: autoDraw = False
113.0173 	EXP 	slider_cong: autoDraw = False
113.0349 	EXP 	New trial (rep=0, index=1): <Trial 1 (1 in rep 0) data={'Index': 24, 'Scene': 'Scenes_Dataset/marina_A.jpg', 'Scene_Size': (600, 450), 'Condition_Encode': 'Congruent', 'Object_Encode': 'Objects_Dataset/sailor_hat.png', 'Object_Size': (300, 250), 'Condition_Old': 'old', 'Correct_Key_Old': 'left', 'Obj_Lure': 'Objects_Dataset/rope.png', 'Lure_size': (300, 248), 'Target_pos': (300, -200), 'Lure_pos': (300, 200), 'Correct_key_AFC': 'down', 'jitter_ITI': 3.15, 'thisN': 1, 'thisTrialN': 1, 'thisRepN': 0}>
113.0503 	EXP 	image_scene_encode: autoDraw = False
113.0503 	EXP 	image_object_encode: autoDraw = False
113.0503 	EXP 	text_rating: autoDraw = False
113.0503 	EXP 	slider_cong: autoDraw = False
113.0503 	EXP 	image_blank: autoDraw = True
115.2672 	EXP 	cross_25: autoDraw = True
115.5171 	EXP 	cross_25: autoDraw = False
116.2027 	EXP 	image_blank: autoDraw = False
116.2027 	EXP 	cross_25: autoDraw = False
116.2027 	EXP 	image_blank: autoDraw = False
116.2027 	EXP 	image_scene_encode: image = 'Scenes_Dataset/marina_A.jpg'
116.2027 	EXP 	image_object_encode: image = 'Objects_Dataset/sailor_hat.png'
116.2027 	EXP 	slider_cong: markerPos = None
116.2027 	EXP 	slider_cong: markerPos = None
116.2027 	EXP 	image_scene_encode: autoDraw = True
116.2027 	EXP 	image_object_encode: autoDraw = True
118.6838 	INFO 	Keyboard events cleared
118.6837 	EXP 	text_rating: autoDraw = True
118.6837 	EXP 	slider_cong: autoDraw = True
120.1062 	DATA 	Keypress: num_3
121.1842 	EXP 	text_rating: autoDraw = False
121.1842 	EXP 	slider_cong: autoDraw = False
121.1856 	EXP 	New trial (rep=0, index=2): <Trial 2 (2 in rep 0) data={'Index': 50, 'Scene': 'Scenes_Dataset/playground_A.jpg', 'Scene_Size': (600, 337), 'Condition_Encode': 'Incongruent', 'Object_Encode': 'Objects_Dataset/water_dispenser.png', 'Object_Size': (300, 300), 'Condition_Old': 'old', 'Correct_Key_Old': 'left', 'Obj_Lure': 'Objects_Dataset/wine_cork.png', 'Lure_size': (250, 163), 'Target_pos': (300, 200), 'Lure_pos': (300, -200), 'Correct_key_AFC': 'up', 'jitter_ITI': 3.15, 'thisN': 2, 'thisTrialN': 2, 'thisRepN': 0}>
121.2007 	EXP 	image_scene_encode: autoDraw = False
121.2007 	EXP 	image_object_encode: autoDraw = False
121.2007 	EXP 	text_rating: autoDraw = False
121.2007 	EXP 	slider_cong: autoDraw = False
121.2007 	EXP 	image_blank: autoDraw = True
123.4338 	EXP 	cross_25: autoDraw = True
123.6838 	EXP 	cross_25: autoDraw = False
124.3610 	EXP 	image_blank: autoDraw = False
124.3610 	EXP 	cross_25: autoDraw = False
124.3610 	EXP 	image_blank: autoDraw = False
124.3610 	EXP 	image_scene_encode: image = 'Scenes_Dataset/playground_A.jpg'
124.3610 	EXP 	image_object_encode: image = 'Objects_Dataset/water_dispenser.png'
124.3610 	EXP 	slider_cong: markerPos = None
124.3610 	EXP 	slider_cong: markerPos = None
124.3610 	EXP 	image_scene_encode: autoDraw = True
124.3610 	EXP 	image_object_encode: autoDraw = True
126.4017 	DATA 	Keypress: num_2
126.8343 	INFO 	Keyboard events cleared
126.8342 	EXP 	text_rating: autoDraw = True
126.8342 	EXP 	slider_cong: autoDraw = True
128.3183 	DATA 	Keypress: num_2
129.3343 	EXP 	text_rating: autoDraw = False
129.3343 	EXP 	slider_cong: autoDraw = False
129.3521 	EXP 	New trial (rep=0, index=3): <Trial 3 (3 in rep 0) data={'Index': 59, 'Scene': 'Scenes_Dataset/golf_course_A.jpg', 'Scene_Size': (600, 400), 'Condition_Encode': 'Incongruent', 'Object_Encode': 'Objects_Dataset/clothesline_retouched_2.png', 'Object_Size': (350, 231), 'Condition_Old': 'old', 'Correct_Key_Old': 'left', 'Obj_Lure': 'Objects_Dataset/computer_monitor.png', 'Lure_size': (300, 300), 'Target_pos': (300, 200), 'Lure_pos': (300, -200), 'Correct_key_AFC': 'up', 'jitter_ITI': 2.3, 'thisN': 3, 'thisTrialN': 3, 'thisRepN': 0}>
129.3677 	EXP 	image_scene_encode: autoDraw = False
129.3677 	EXP 	image_object_encode: autoDraw = False
129.3677 	EXP 	text_rating: autoDraw = False
129.3677 	EXP 	slider_cong: autoDraw = False
129.3677 	EXP 	image_blank: autoDraw = True
131.5850 	EXP 	cross_25: autoDraw = True
131.6674 	EXP 	image_blank: autoDraw = False
131.8588 	EXP 	cross_25: autoDraw = False
131.8588 	EXP 	cross_25: autoDraw = False
131.8588 	EXP 	image_blank: autoDraw = False
131.8588 	EXP 	image_scene_encode: image = 'Scenes_Dataset/golf_course_A.jpg'
131.8588 	EXP 	image_object_encode: image = 'Objects_Dataset/clothesline_retouched_2.png'
131.8588 	EXP 	slider_cong: markerPos = None
131.8588 	EXP 	slider_cong: markerPos = None
131.8588 	EXP 	image_scene_encode: autoDraw = True
131.8588 	EXP 	image_object_encode: autoDraw = True
134.3341 	INFO 	Keyboard events cleared
134.3340 	EXP 	text_rating: autoDraw = True
134.3340 	EXP 	slider_cong: autoDraw = True
134.6064 	DATA 	Keypress: num_1
136.8340 	EXP 	text_rating: autoDraw = False
136.8340 	EXP 	slider_cong: autoDraw = False
136.8520 	EXP 	New trial (rep=0, index=4): <Trial 4 (4 in rep 0) data={'Index': 52, 'Scene': 'Scenes_Dataset/parking_lot_A.jpg', 'Scene_Size': (600, 397), 'Condition_Encode': 'Incongruent', 'Object_Encode': 'Objects_Dataset/digital_piano_retouched.png', 'Object_Size': (350, 350), 'Condition_Old': 'old', 'Correct_Key_Old': 'left', 'Obj_Lure': 'Objects_Dataset/toothbrush.png', 'Lure_size': (300, 215), 'Target_pos': (300, 200), 'Lure_pos': (300, -200), 'Correct_key_AFC': 'up', 'jitter_ITI': 3.25, 'thisN': 4, 'thisTrialN': 4, 'thisRepN': 0}>
136.8672 	EXP 	image_scene_encode: autoDraw = False
136.8672 	EXP 	image_object_encode: autoDraw = False
136.8672 	EXP 	text_rating: autoDraw = False
136.8672 	EXP 	slider_cong: autoDraw = False
136.8672 	EXP 	image_blank: autoDraw = True
139.0841 	EXP 	cross_25: autoDraw = True
139.3341 	EXP 	cross_25: autoDraw = False
140.1281 	EXP 	image_blank: autoDraw = False
140.1281 	EXP 	cross_25: autoDraw = False
140.1281 	EXP 	image_blank: autoDraw = False
140.1281 	EXP 	image_scene_encode: image = 'Scenes_Dataset/parking_lot_A.jpg'
140.1281 	EXP 	image_object_encode: image = 'Objects_Dataset/digital_piano_retouched.png'
140.1281 	EXP 	slider_cong: markerPos = None
140.1281 	EXP 	slider_cong: markerPos = None
140.1281 	EXP 	image_scene_encode: autoDraw = True
140.1281 	EXP 	image_object_encode: autoDraw = True
142.6170 	INFO 	Keyboard events cleared
142.6169 	EXP 	text_rating: autoDraw = True
142.6169 	EXP 	slider_cong: autoDraw = True
143.3176 	DATA 	Keypress: num_1
145.1196 	EXP 	text_rating: autoDraw = False
145.1196 	EXP 	slider_cong: autoDraw = False
145.1203 	EXP 	New trial (rep=0, index=5): <Trial 5 (5 in rep 0) data={'Index': 15, 'Scene': 'Scenes_Dataset/river_A.jpg', 'Scene_Size': (600, 450), 'Condition_Encode': 'Congruent', 'Object_Encode': 'Objects_Dataset/kayak.png', 'Object_Size': (450, 338), 'Condition_Old': 'old', 'Correct_Key_Old': 'left', 'Obj_Lure': 'Objects_Dataset/paddle.png', 'Lure_size': (300, 299), 'Target_pos': (300, -200), 'Lure_pos': (300, 200), 'Correct_key_AFC': 'down', 'jitter_ITI': 2.7, 'thisN': 5, 'thisTrialN': 5, 'thisRepN': 0}>
145.1335 	EXP 	image_scene_encode: autoDraw = False
145.1335 	EXP 	image_object_encode: autoDraw = False
145.1335 	EXP 	text_rating: autoDraw = False
145.1335 	EXP 	slider_cong: autoDraw = False
145.1335 	EXP 	image_blank: autoDraw = True
147.3671 	EXP 	cross_25: autoDraw = True
147.6172 	EXP 	cross_25: autoDraw = False
147.8482 	EXP 	image_blank: autoDraw = False
147.8482 	EXP 	cross_25: autoDraw = False
147.8482 	EXP 	image_blank: autoDraw = False
147.8482 	EXP 	image_scene_encode: image = 'Scenes_Dataset/river_A.jpg'
147.8482 	EXP 	image_object_encode: image = 'Objects_Dataset/kayak.png'
147.8482 	EXP 	slider_cong: markerPos = None
147.8482 	EXP 	slider_cong: markerPos = None
147.8482 	EXP 	image_scene_encode: autoDraw = True
147.8482 	EXP 	image_object_encode: autoDraw = True
150.3363 	INFO 	Keyboard events cleared
150.3362 	EXP 	text_rating: autoDraw = True
150.3362 	EXP 	slider_cong: autoDraw = True
151.2543 	DATA 	Keypress: num_3
152.8363 	EXP 	text_rating: autoDraw = False
152.8363 	EXP 	slider_cong: autoDraw = False
152.8374 	EXP 	New trial (rep=0, index=6): <Trial 6 (6 in rep 0) data={'Index': 48, 'Scene': 'Scenes_Dataset/ballet_room_A.jpg', 'Scene_Size': (600, 398), 'Condition_Encode': 'Incongruent', 'Object_Encode': 'Objects_Dataset/hiking_boots.png', 'Object_Size': (300, 300), 'Condition_Old': 'old', 'Correct_Key_Old': 'left', 'Obj_Lure': 'Objects_Dataset/bicycle_bell.png', 'Lure_size': (250, 210), 'Target_pos': (300, 200), 'Lure_pos': (300, -200), 'Correct_key_AFC': 'up', 'jitter_ITI': 3.05, 'thisN': 6, 'thisTrialN': 6, 'thisRepN': 0}>
152.8505 	EXP 	image_scene_encode: autoDraw = False
152.8505 	EXP 	image_object_encode: autoDraw = False
152.8505 	EXP 	text_rating: autoDraw = False
152.8505 	EXP 	slider_cong: autoDraw = False
152.8505 	EXP 	image_blank: autoDraw = True
155.0839 	EXP 	cross_25: autoDraw = True
155.3355 	EXP 	cross_25: autoDraw = False
155.9045 	EXP 	image_blank: autoDraw = False
155.9045 	EXP 	cross_25: autoDraw = False
155.9045 	EXP 	image_blank: autoDraw = False
155.9045 	EXP 	image_scene_encode: image = 'Scenes_Dataset/ballet_room_A.jpg'
155.9045 	EXP 	image_object_encode: image = 'Objects_Dataset/hiking_boots.png'
155.9045 	EXP 	slider_cong: markerPos = None
155.9045 	EXP 	slider_cong: markerPos = None
155.9045 	EXP 	image_scene_encode: autoDraw = True
155.9045 	EXP 	image_object_encode: autoDraw = True
158.3837 	INFO 	Keyboard events cleared
158.3836 	EXP 	text_rating: autoDraw = True
158.3836 	EXP 	slider_cong: autoDraw = True
159.4219 	DATA 	Keypress: num_1
160.8838 	EXP 	text_rating: autoDraw = False
160.8838 	EXP 	slider_cong: autoDraw = False
160.9022 	EXP 	New trial (rep=0, index=7): <Trial 7 (7 in rep 0) data={'Index': 4, 'Scene': 'Scenes_Dataset/pastry_shop_A.jpg', 'Scene_Size': (600, 400), 'Condition_Encode': 'Congruent', 'Object_Encode': 'Objects_Dataset/cake_holder.png', 'Object_Size': (300, 209), 'Condition_Old': 'old', 'Correct_Key_Old': 'left', 'Obj_Lure': 'Objects_Dataset/cake_tongs_retouched.png', 'Lure_size': (300, 75), 'Target_pos': (300, -200), 'Lure_pos': (300, 200), 'Correct_key_AFC': 'down', 'jitter_ITI': 2.15, 'thisN': 7, 'thisTrialN': 7, 'thisRepN': 0}>
160.9175 	EXP 	image_scene_encode: autoDraw = False
160.9175 	EXP 	image_object_encode: autoDraw = False
160.9175 	EXP 	text_rating: autoDraw = False
160.9175 	EXP 	slider_cong: autoDraw = False
160.9175 	EXP 	image_blank: autoDraw = True
163.0674 	EXP 	image_blank: autoDraw = False
163.1341 	EXP 	cross_25: autoDraw = True
163.3874 	EXP 	cross_25: autoDraw = False
163.3874 	EXP 	cross_25: autoDraw = False
163.3874 	EXP 	image_blank: autoDraw = False
163.3874 	EXP 	image_scene_encode: image = 'Scenes_Dataset/pastry_shop_A.jpg'
163.3874 	EXP 	image_object_encode: image = 'Objects_Dataset/cake_holder.png'
163.3874 	EXP 	slider_cong: markerPos = None
163.3874 	EXP 	slider_cong: markerPos = None
163.3874 	EXP 	image_scene_encode: autoDraw = True
163.3874 	EXP 	image_object_encode: autoDraw = True
165.8695 	INFO 	Keyboard events cleared
165.8695 	EXP 	text_rating: autoDraw = True
165.8695 	EXP 	slider_cong: autoDraw = True
166.9347 	DATA 	Keypress: num_3
168.3674 	EXP 	text_rating: autoDraw = False
168.3674 	EXP 	slider_cong: autoDraw = False
168.3858 	EXP 	New trial (rep=0, index=8): <Trial 8 (8 in rep 0) data={'Index': 34, 'Scene': 'Scenes_Dataset/flower_shop_A.jpg', 'Scene_Size': (600, 450), 'Condition_Encode': 'Incongruent', 'Object_Encode': 'Objects_Dataset/trumpet_retouched.png', 'Object_Size': (300, 122), 'Condition_Old': 'old', 'Correct_Key_Old': 'left', 'Obj_Lure': 'Objects_Dataset/sailor_hat.png', 'Lure_size': (300, 250), 'Target_pos': (300, 200), 'Lure_pos': (300, -200), 'Correct_key_AFC': 'up', 'jitter_ITI': 2.35, 'thisN': 8, 'thisTrialN': 8, 'thisRepN': 0}>
168.4008 	EXP 	image_scene_encode: autoDraw = False
168.4008 	EXP 	image_object_encode: autoDraw = False
168.4008 	EXP 	text_rating: autoDraw = False
168.4008 	EXP 	slider_cong: autoDraw = False
168.4008 	EXP 	image_blank: autoDraw = True
170.6175 	EXP 	cross_25: autoDraw = True
170.7509 	EXP 	image_blank: autoDraw = False
170.8710 	EXP 	cross_25: autoDraw = False
170.8710 	EXP 	cross_25: autoDraw = False
170.8710 	EXP 	image_blank: autoDraw = False
170.8710 	EXP 	image_scene_encode: image = 'Scenes_Dataset/flower_shop_A.jpg'
170.8710 	EXP 	image_object_encode: image = 'Objects_Dataset/trumpet_retouched.png'
170.8710 	EXP 	slider_cong: markerPos = None
170.8710 	EXP 	slider_cong: markerPos = None
170.8710 	EXP 	image_scene_encode: autoDraw = True
170.8710 	EXP 	image_object_encode: autoDraw = True
173.3506 	INFO 	Keyboard events cleared
173.3505 	EXP 	text_rating: autoDraw = True
173.3505 	EXP 	slider_cong: autoDraw = True
174.2222 	DATA 	Keypress: num_1
175.8509 	EXP 	text_rating: autoDraw = False
175.8509 	EXP 	slider_cong: autoDraw = False
175.8527 	EXP 	New trial (rep=0, index=9): <Trial 9 (9 in rep 0) data={'Index': 39, 'Scene': 'Scenes_Dataset/garage_A.jpg', 'Scene_Size': (600, 397), 'Condition_Encode': 'Incongruent', 'Object_Encode': 'Objects_Dataset/crown.png', 'Object_Size': (300, 249), 'Condition_Old': 'old', 'Correct_Key_Old': 'left', 'Obj_Lure': 'Objects_Dataset/oxygen_mask_retouched.png', 'Lure_size': (300, 300), 'Target_pos': (300, 200), 'Lure_pos': (300, -200), 'Correct_key_AFC': 'up', 'jitter_ITI': 2.6, 'thisN': 9, 'thisTrialN': 9, 'thisRepN': 0}>
175.8683 	EXP 	image_scene_encode: autoDraw = False
175.8683 	EXP 	image_object_encode: autoDraw = False
175.8683 	EXP 	text_rating: autoDraw = False
175.8683 	EXP 	slider_cong: autoDraw = False
175.8683 	EXP 	image_blank: autoDraw = True
178.1010 	EXP 	cross_25: autoDraw = True
178.3509 	EXP 	cross_25: autoDraw = False
178.4754 	EXP 	image_blank: autoDraw = False
178.4754 	EXP 	cross_25: autoDraw = False
178.4754 	EXP 	image_blank: autoDraw = False
178.4754 	EXP 	image_scene_encode: image = 'Scenes_Dataset/garage_A.jpg'
178.4754 	EXP 	image_object_encode: image = 'Objects_Dataset/crown.png'
178.4754 	EXP 	slider_cong: markerPos = None
178.4754 	EXP 	slider_cong: markerPos = None
178.4754 	EXP 	image_scene_encode: autoDraw = True
178.4754 	EXP 	image_object_encode: autoDraw = True
180.9508 	INFO 	Keyboard events cleared
180.9507 	EXP 	text_rating: autoDraw = True
180.9507 	EXP 	slider_cong: autoDraw = True
182.2864 	DATA 	Keypress: num_1
183.4508 	EXP 	text_rating: autoDraw = False
183.4508 	EXP 	slider_cong: autoDraw = False
183.4689 	EXP 	New trial (rep=0, index=10): <Trial 10 (10 in rep 0) data={'Index': 28, 'Scene': 'Scenes_Dataset/public_toilet_A.jpg', 'Scene_Size': (600, 375), 'Condition_Encode': 'Congruent', 'Object_Encode': 'Objects_Dataset/hands_dryer.png', 'Object_Size': (350, 267), 'Condition_Old': 'old', 'Correct_Key_Old': 'left', 'Obj_Lure': 'Objects_Dataset/paper_towel_dispenser.png', 'Lure_size': (300, 400), 'Target_pos': (300, -200), 'Lure_pos': (300, 200), 'Correct_key_AFC': 'down', 'jitter_ITI': 2.05, 'thisN': 10, 'thisTrialN': 10, 'thisRepN': 0}>
183.4851 	EXP 	image_scene_encode: autoDraw = False
183.4851 	EXP 	image_object_encode: autoDraw = False
183.4851 	EXP 	text_rating: autoDraw = False
183.4851 	EXP 	slider_cong: autoDraw = False
183.4851 	EXP 	image_blank: autoDraw = True
185.5344 	EXP 	image_blank: autoDraw = False
185.7010 	EXP 	cross_25: autoDraw = True
185.9596 	EXP 	cross_25: autoDraw = False
185.9596 	EXP 	cross_25: autoDraw = False
185.9596 	EXP 	image_blank: autoDraw = False
185.9596 	EXP 	image_scene_encode: image = 'Scenes_Dataset/public_toilet_A.jpg'
185.9596 	EXP 	image_object_encode: image = 'Objects_Dataset/hands_dryer.png'
185.9596 	EXP 	slider_cong: markerPos = None
185.9596 	EXP 	slider_cong: markerPos = None
185.9596 	EXP 	image_scene_encode: autoDraw = True
185.9596 	EXP 	image_object_encode: autoDraw = True
188.4341 	INFO 	Keyboard events cleared
188.4340 	EXP 	text_rating: autoDraw = True
188.4340 	EXP 	slider_cong: autoDraw = True
189.1514 	DATA 	Keypress: num_3
190.9343 	EXP 	text_rating: autoDraw = False
190.9343 	EXP 	slider_cong: autoDraw = False
190.9525 	EXP 	New trial (rep=0, index=11): <Trial 11 (11 in rep 0) data={'Index': 54, 'Scene': 'Scenes_Dataset/campsite_A.jpg', 'Scene_Size': (600, 402), 'Condition_Encode': 'Incongruent', 'Object_Encode': 'Objects_Dataset/door_mat.png', 'Object_Size': (300, 300), 'Condition_Old': 'old', 'Correct_Key_Old': 'left', 'Obj_Lure': 'Objects_Dataset/remote_control.png', 'Lure_size': (300, 293), 'Target_pos': (300, 200), 'Lure_pos': (300, -200), 'Correct_key_AFC': 'up', 'jitter_ITI': 2.05, 'thisN': 11, 'thisTrialN': 11, 'thisRepN': 0}>
190.9677 	EXP 	image_scene_encode: autoDraw = False
190.9677 	EXP 	image_object_encode: autoDraw = False
190.9677 	EXP 	text_rating: autoDraw = False
190.9677 	EXP 	slider_cong: autoDraw = False
190.9677 	EXP 	image_blank: autoDraw = True
193.0178 	EXP 	image_blank: autoDraw = False
193.1845 	EXP 	cross_25: autoDraw = True
193.4405 	EXP 	cross_25: autoDraw = False
193.4405 	EXP 	cross_25: autoDraw = False
193.4405 	EXP 	image_blank: autoDraw = False
193.4405 	EXP 	image_scene_encode: image = 'Scenes_Dataset/campsite_A.jpg'
193.4405 	EXP 	image_object_encode: image = 'Objects_Dataset/door_mat.png'
193.4405 	EXP 	slider_cong: markerPos = None
193.4405 	EXP 	slider_cong: markerPos = None
193.4405 	EXP 	image_scene_encode: autoDraw = True
193.4405 	EXP 	image_object_encode: autoDraw = True
195.9176 	INFO 	Keyboard events cleared
195.9175 	EXP 	text_rating: autoDraw = True
195.9175 	EXP 	slider_cong: autoDraw = True
197.0016 	DATA 	Keypress: num_2
198.4186 	EXP 	text_rating: autoDraw = False
198.4186 	EXP 	slider_cong: autoDraw = False
198.4194 	EXP 	New trial (rep=0, index=12): <Trial 12 (12 in rep 0) data={'Index': 30, 'Scene': 'Scenes_Dataset/locker_room_B.jpg', 'Scene_Size': (600, 399), 'Condition_Encode': 'Congruent', 'Object_Encode': 'Objects_Dataset/locker.png', 'Object_Size': (264, 400), 'Condition_Old': 'old', 'Correct_Key_Old': 'left', 'Obj_Lure': 'Objects_Dataset/slippers.png', 'Lure_size': (280, 300), 'Target_pos': (300, -200), 'Lure_pos': (300, 200), 'Correct_key_AFC': 'down', 'jitter_ITI': 2.15, 'thisN': 12, 'thisTrialN': 12, 'thisRepN': 0}>
198.4343 	EXP 	image_scene_encode: autoDraw = False
198.4343 	EXP 	image_object_encode: autoDraw = False
198.4343 	EXP 	text_rating: autoDraw = False
198.4343 	EXP 	slider_cong: autoDraw = False
198.4343 	EXP 	image_blank: autoDraw = True
200.5845 	EXP 	image_blank: autoDraw = False
200.6678 	EXP 	cross_25: autoDraw = True
200.9270 	EXP 	cross_25: autoDraw = False
200.9270 	EXP 	cross_25: autoDraw = False
200.9270 	EXP 	image_blank: autoDraw = False
200.9270 	EXP 	image_scene_encode: image = 'Scenes_Dataset/locker_room_B.jpg'
200.9270 	EXP 	image_object_encode: image = 'Objects_Dataset/locker.png'
200.9270 	EXP 	slider_cong: markerPos = None
200.9270 	EXP 	slider_cong: markerPos = None
200.9270 	EXP 	image_scene_encode: autoDraw = True
200.9270 	EXP 	image_object_encode: autoDraw = True
203.4038 	INFO 	Keyboard events cleared
203.4038 	EXP 	text_rating: autoDraw = True
203.4038 	EXP 	slider_cong: autoDraw = True
205.2020 	DATA 	Keypress: num_3
205.9011 	EXP 	text_rating: autoDraw = False
205.9011 	EXP 	slider_cong: autoDraw = False
205.9195 	EXP 	New trial (rep=0, index=13): <Trial 13 (13 in rep 0) data={'Index': 13, 'Scene': 'Scenes_Dataset/circus_A.jpg', 'Scene_Size': (600, 421), 'Condition_Encode': 'Congruent', 'Object_Encode': 'Objects_Dataset/unicycle_retouched.png', 'Object_Size': (159, 300), 'Condition_Old': 'old', 'Correct_Key_Old': 'left', 'Obj_Lure': 'Objects_Dataset/juggling_balls_retouched.png', 'Lure_size': (350, 197), 'Target_pos': (300, -200), 'Lure_pos': (300, 200), 'Correct_key_AFC': 'down', 'jitter_ITI': 2.6, 'thisN': 13, 'thisTrialN': 13, 'thisRepN': 0}>
205.9352 	EXP 	image_scene_encode: autoDraw = False
205.9352 	EXP 	image_object_encode: autoDraw = False
205.9352 	EXP 	text_rating: autoDraw = False
205.9352 	EXP 	slider_cong: autoDraw = False
205.9352 	EXP 	image_blank: autoDraw = True
208.1517 	EXP 	cross_25: autoDraw = True
208.4017 	EXP 	cross_25: autoDraw = False
208.5429 	EXP 	image_blank: autoDraw = False
208.5429 	EXP 	cross_25: autoDraw = False
208.5429 	EXP 	image_blank: autoDraw = False
208.5429 	EXP 	image_scene_encode: image = 'Scenes_Dataset/circus_A.jpg'
208.5429 	EXP 	image_object_encode: image = 'Objects_Dataset/unicycle_retouched.png'
208.5429 	EXP 	slider_cong: markerPos = None
208.5429 	EXP 	slider_cong: markerPos = None
208.5429 	EXP 	image_scene_encode: autoDraw = True
208.5429 	EXP 	image_object_encode: autoDraw = True
211.0177 	INFO 	Keyboard events cleared
211.0177 	EXP 	text_rating: autoDraw = True
211.0177 	EXP 	slider_cong: autoDraw = True
211.7018 	DATA 	Keypress: num_3
213.5178 	EXP 	text_rating: autoDraw = False
213.5178 	EXP 	slider_cong: autoDraw = False
213.5371 	EXP 	New trial (rep=0, index=14): <Trial 14 (14 in rep 0) data={'Index': 35, 'Scene': 'Scenes_Dataset/dentist_A.jpg', 'Scene_Size': (600, 400), 'Condition_Encode': 'Incongruent', 'Object_Encode': 'Objects_Dataset/basketball.png', 'Object_Size': (282, 300), 'Condition_Old': 'old', 'Correct_Key_Old': 'left', 'Obj_Lure': 'Objects_Dataset/chandelier_retouched.png', 'Lure_size': (250, 300), 'Target_pos': (300, 200), 'Lure_pos': (300, -200), 'Correct_key_AFC': 'up', 'jitter_ITI': 2.4, 'thisN': 14, 'thisTrialN': 14, 'thisRepN': 0}>
213.5513 	EXP 	image_scene_encode: autoDraw = False
213.5513 	EXP 	image_object_encode: autoDraw = False
213.5513 	EXP 	text_rating: autoDraw = False
213.5513 	EXP 	slider_cong: autoDraw = False
213.5513 	EXP 	image_blank: autoDraw = True
215.7680 	EXP 	cross_25: autoDraw = True
215.9515 	EXP 	image_blank: autoDraw = False
216.0256 	EXP 	cross_25: autoDraw = False
216.0256 	EXP 	cross_25: autoDraw = False
216.0256 	EXP 	image_blank: autoDraw = False
216.0256 	EXP 	image_scene_encode: image = 'Scenes_Dataset/dentist_A.jpg'
216.0256 	EXP 	image_object_encode: image = 'Objects_Dataset/basketball.png'
216.0256 	EXP 	slider_cong: markerPos = None
216.0256 	EXP 	slider_cong: markerPos = None
216.0256 	EXP 	image_scene_encode: autoDraw = True
216.0256 	EXP 	image_object_encode: autoDraw = True
218.5013 	INFO 	Keyboard events cleared
218.5013 	EXP 	text_rating: autoDraw = True
218.5013 	EXP 	slider_cong: autoDraw = True
219.3185 	DATA 	Keypress: num_1
221.0015 	EXP 	text_rating: autoDraw = False
221.0015 	EXP 	slider_cong: autoDraw = False
221.0197 	EXP 	New trial (rep=0, index=15): <Trial 15 (15 in rep 0) data={'Index': 2, 'Scene': 'Scenes_Dataset/waiting_room_A.jpg', 'Scene_Size': (600, 450), 'Condition_Encode': 'Congruent', 'Object_Encode': 'Objects_Dataset/clock.png', 'Object_Size': (250, 248), 'Condition_Old': 'old', 'Correct_Key_Old': 'left', 'Obj_Lure': 'Objects_Dataset/water_dispenser.png', 'Lure_size': (300, 300), 'Target_pos': (300, -200), 'Lure_pos': (300, 200), 'Correct_key_AFC': 'down', 'jitter_ITI': 2.05, 'thisN': 15, 'thisTrialN': 15, 'thisRepN': 0}>
221.0349 	EXP 	image_scene_encode: autoDraw = False
221.0349 	EXP 	image_object_encode: autoDraw = False
221.0349 	EXP 	text_rating: autoDraw = False
221.0349 	EXP 	slider_cong: autoDraw = False
221.0349 	EXP 	image_blank: autoDraw = True
223.0848 	EXP 	image_blank: autoDraw = False
223.2516 	EXP 	cross_25: autoDraw = True
223.5058 	EXP 	cross_25: autoDraw = False
223.5058 	EXP 	cross_25: autoDraw = False
223.5058 	EXP 	image_blank: autoDraw = False
223.5058 	EXP 	image_scene_encode: image = 'Scenes_Dataset/waiting_room_A.jpg'
223.5058 	EXP 	image_object_encode: image = 'Objects_Dataset/clock.png'
223.5058 	EXP 	slider_cong: markerPos = None
223.5058 	EXP 	slider_cong: markerPos = None
223.5058 	EXP 	image_scene_encode: autoDraw = True
223.5058 	EXP 	image_object_encode: autoDraw = True
225.9847 	INFO 	Keyboard events cleared
225.9847 	EXP 	text_rating: autoDraw = True
225.9847 	EXP 	slider_cong: autoDraw = True
226.7702 	DATA 	Keypress: num_1
228.4848 	EXP 	text_rating: autoDraw = False
228.4848 	EXP 	slider_cong: autoDraw = False
228.5032 	EXP 	New trial (rep=0, index=16): <Trial 16 (16 in rep 0) data={'Index': 56, 'Scene': 'Scenes_Dataset/fountain_A.jpg', 'Scene_Size': (600, 443), 'Condition_Encode': 'Incongruent', 'Object_Encode': 'Objects_Dataset/plasticine.png', 'Object_Size': (250, 167), 'Condition_Old': 'old', 'Correct_Key_Old': 'left', 'Obj_Lure': 'Objects_Dataset/hands_dryer.png', 'Lure_size': (350, 267), 'Target_pos': (300, 200), 'Lure_pos': (300, -200), 'Correct_key_AFC': 'up', 'jitter_ITI': 2.15, 'thisN': 16, 'thisTrialN': 16, 'thisRepN': 0}>
228.5187 	EXP 	image_scene_encode: autoDraw = False
228.5187 	EXP 	image_object_encode: autoDraw = False
228.5187 	EXP 	text_rating: autoDraw = False
228.5187 	EXP 	slider_cong: autoDraw = False
228.5187 	EXP 	image_blank: autoDraw = True
230.6685 	EXP 	image_blank: autoDraw = False
230.7351 	EXP 	cross_25: autoDraw = True
230.9928 	EXP 	cross_25: autoDraw = False
230.9928 	EXP 	cross_25: autoDraw = False
230.9928 	EXP 	image_blank: autoDraw = False
230.9928 	EXP 	image_scene_encode: image = 'Scenes_Dataset/fountain_A.jpg'
230.9928 	EXP 	image_object_encode: image = 'Objects_Dataset/plasticine.png'
230.9928 	EXP 	slider_cong: markerPos = None
230.9928 	EXP 	slider_cong: markerPos = None
230.9928 	EXP 	image_scene_encode: autoDraw = True
230.9928 	EXP 	image_object_encode: autoDraw = True
233.4682 	INFO 	Keyboard events cleared
233.4682 	EXP 	text_rating: autoDraw = True
233.4682 	EXP 	slider_cong: autoDraw = True
235.9683 	EXP 	text_rating: autoDraw = False
235.9683 	EXP 	slider_cong: autoDraw = False
235.9880 	EXP 	New trial (rep=0, index=17): <Trial 17 (17 in rep 0) data={'Index': 32, 'Scene': 'Scenes_Dataset/elevator_A.jpg', 'Scene_Size': (600, 450), 'Condition_Encode': 'Incongruent', 'Object_Encode': 'Objects_Dataset/cake_tongs_retouched.png', 'Object_Size': (300, 75), 'Condition_Old': 'old', 'Correct_Key_Old': 'left', 'Obj_Lure': 'Objects_Dataset/3d_glasses_retouched.png', 'Lure_size': (300, 300), 'Target_pos': (300, 200), 'Lure_pos': (300, -200), 'Correct_key_AFC': 'up', 'jitter_ITI': 2.25, 'thisN': 17, 'thisTrialN': 17, 'thisRepN': 0}>
236.0016 	EXP 	image_scene_encode: autoDraw = False
236.0016 	EXP 	image_object_encode: autoDraw = False
236.0016 	EXP 	text_rating: autoDraw = False
236.0016 	EXP 	slider_cong: autoDraw = False
236.0016 	EXP 	image_blank: autoDraw = True
236.0027 	DATA 	Keypress: num_1
238.2185 	EXP 	cross_25: autoDraw = True
238.2521 	EXP 	image_blank: autoDraw = False
238.4735 	EXP 	cross_25: autoDraw = False
238.4735 	EXP 	cross_25: autoDraw = False
238.4735 	EXP 	image_blank: autoDraw = False
238.4735 	EXP 	image_scene_encode: image = 'Scenes_Dataset/elevator_A.jpg'
238.4735 	EXP 	image_object_encode: image = 'Objects_Dataset/cake_tongs_retouched.png'
238.4735 	EXP 	slider_cong: markerPos = None
238.4735 	EXP 	slider_cong: markerPos = None
238.4735 	EXP 	image_scene_encode: autoDraw = True
238.4735 	EXP 	image_object_encode: autoDraw = True
240.9515 	INFO 	Keyboard events cleared
240.9515 	EXP 	text_rating: autoDraw = True
240.9515 	EXP 	slider_cong: autoDraw = True
242.0562 	DATA 	Keypress: num_2
243.4520 	EXP 	text_rating: autoDraw = False
243.4520 	EXP 	slider_cong: autoDraw = False
243.4703 	EXP 	New trial (rep=0, index=18): <Trial 18 (18 in rep 0) data={'Index': 55, 'Scene': 'Scenes_Dataset/lake_A.jpg', 'Scene_Size': (600, 442), 'Condition_Encode': 'Incongruent', 'Object_Encode': 'Objects_Dataset/thermometer.png', 'Object_Size': (300, 199), 'Condition_Old': 'old', 'Correct_Key_Old': 'left', 'Obj_Lure': 'Objects_Dataset/ticket_machine.png', 'Lure_size': (200, 300), 'Target_pos': (300, 200), 'Lure_pos': (300, -200), 'Correct_key_AFC': 'up', 'jitter_ITI': 2.1, 'thisN': 18, 'thisTrialN': 18, 'thisRepN': 0}>
243.4852 	EXP 	image_scene_encode: autoDraw = False
243.4852 	EXP 	image_object_encode: autoDraw = False
243.4852 	EXP 	text_rating: autoDraw = False
243.4852 	EXP 	slider_cong: autoDraw = False
243.4852 	EXP 	image_blank: autoDraw = True
245.5853 	EXP 	image_blank: autoDraw = False
245.7029 	EXP 	cross_25: autoDraw = True
245.9578 	EXP 	cross_25: autoDraw = False
245.9578 	EXP 	cross_25: autoDraw = False
245.9578 	EXP 	image_blank: autoDraw = False
245.9578 	EXP 	image_scene_encode: image = 'Scenes_Dataset/lake_A.jpg'
245.9578 	EXP 	image_object_encode: image = 'Objects_Dataset/thermometer.png'
245.9578 	EXP 	slider_cong: markerPos = None
245.9578 	EXP 	slider_cong: markerPos = None
245.9578 	EXP 	image_scene_encode: autoDraw = True
245.9578 	EXP 	image_object_encode: autoDraw = True
248.4351 	INFO 	Keyboard events cleared
248.4350 	EXP 	text_rating: autoDraw = True
248.4350 	EXP 	slider_cong: autoDraw = True
250.0562 	DATA 	Keypress: num_1
250.9355 	EXP 	text_rating: autoDraw = False
250.9355 	EXP 	slider_cong: autoDraw = False
250.9535 	EXP 	New trial (rep=0, index=19): <Trial 19 (19 in rep 0) data={'Index': 40, 'Scene': 'Scenes_Dataset/kindergarten_A.jpg', 'Scene_Size': (600, 338), 'Condition_Encode': 'Incongruent', 'Object_Encode': 'Objects_Dataset/payment_terminal.png', 'Object_Size': (285, 300), 'Condition_Old': 'old', 'Correct_Key_Old': 'left', 'Obj_Lure': 'Objects_Dataset/message_bottle.png', 'Lure_size': (284, 177), 'Target_pos': (300, 200), 'Lure_pos': (300, -200), 'Correct_key_AFC': 'up', 'jitter_ITI': 2.65, 'thisN': 19, 'thisTrialN': 19, 'thisRepN': 0}>
250.9686 	EXP 	image_scene_encode: autoDraw = False
250.9686 	EXP 	image_object_encode: autoDraw = False
250.9686 	EXP 	text_rating: autoDraw = False
250.9686 	EXP 	slider_cong: autoDraw = False
250.9686 	EXP 	image_blank: autoDraw = True
253.1856 	EXP 	cross_25: autoDraw = True
253.4355 	EXP 	cross_25: autoDraw = False
253.6229 	EXP 	image_blank: autoDraw = False
253.6229 	EXP 	cross_25: autoDraw = False
253.6229 	EXP 	image_blank: autoDraw = False
253.6229 	EXP 	image_scene_encode: image = 'Scenes_Dataset/kindergarten_A.jpg'
253.6229 	EXP 	image_object_encode: image = 'Objects_Dataset/payment_terminal.png'
253.6229 	EXP 	slider_cong: markerPos = None
253.6229 	EXP 	slider_cong: markerPos = None
253.6229 	EXP 	image_scene_encode: autoDraw = True
253.6229 	EXP 	image_object_encode: autoDraw = True
256.1020 	INFO 	Keyboard events cleared
256.1020 	EXP 	text_rating: autoDraw = True
256.1020 	EXP 	slider_cong: autoDraw = True
257.9195 	DATA 	Keypress: num_1
258.0860 	DATA 	Keypress: num_1
258.6022 	EXP 	text_rating: autoDraw = False
258.6022 	EXP 	slider_cong: autoDraw = False
258.6206 	EXP 	New trial (rep=0, index=20): <Trial 20 (20 in rep 0) data={'Index': 60, 'Scene': 'Scenes_Dataset/field_A.jpg', 'Scene_Size': (600, 403), 'Condition_Encode': 'Incongruent', 'Object_Encode': 'Objects_Dataset/computer_monitor.png', 'Object_Size': (300, 300), 'Condition_Old': 'old', 'Correct_Key_Old': 'left', 'Obj_Lure': 'Objects_Dataset/plasticine.png', 'Lure_size': (250, 167), 'Target_pos': (300, 200), 'Lure_pos': (300, -200), 'Correct_key_AFC': 'up', 'jitter_ITI': 2.35, 'thisN': 20, 'thisTrialN': 20, 'thisRepN': 0}>
258.6354 	EXP 	image_scene_encode: autoDraw = False
258.6354 	EXP 	image_object_encode: autoDraw = False
258.6354 	EXP 	text_rating: autoDraw = False
258.6354 	EXP 	slider_cong: autoDraw = False
258.6354 	EXP 	image_blank: autoDraw = True
260.8526 	EXP 	cross_25: autoDraw = True
260.9859 	EXP 	image_blank: autoDraw = False
261.1093 	EXP 	cross_25: autoDraw = False
261.1093 	EXP 	cross_25: autoDraw = False
261.1093 	EXP 	image_blank: autoDraw = False
261.1093 	EXP 	image_scene_encode: image = 'Scenes_Dataset/field_A.jpg'
261.1093 	EXP 	image_object_encode: image = 'Objects_Dataset/computer_monitor.png'
261.1093 	EXP 	slider_cong: markerPos = None
261.1093 	EXP 	slider_cong: markerPos = None
261.1093 	EXP 	image_scene_encode: autoDraw = True
261.1093 	EXP 	image_object_encode: autoDraw = True
263.5853 	INFO 	Keyboard events cleared
263.5852 	EXP 	text_rating: autoDraw = True
263.5852 	EXP 	slider_cong: autoDraw = True
264.3416 	DATA 	Keypress: num_1
266.0855 	EXP 	text_rating: autoDraw = False
266.0855 	EXP 	slider_cong: autoDraw = False
266.1037 	EXP 	New trial (rep=0, index=21): <Trial 21 (21 in rep 0) data={'Index': 44, 'Scene': 'Scenes_Dataset/boat_interior_A.jpg', 'Scene_Size': (600, 400), 'Condition_Encode': 'Incongruent', 'Object_Encode': 'Objects_Dataset/scooter_retouched.png', 'Object_Size': (311, 350), 'Condition_Old': 'old', 'Correct_Key_Old': 'left', 'Obj_Lure': 'Objects_Dataset/car_mat.png', 'Lure_size': (230, 258), 'Target_pos': (300, 200), 'Lure_pos': (300, -200), 'Correct_key_AFC': 'up', 'jitter_ITI': 2.85, 'thisN': 21, 'thisTrialN': 21, 'thisRepN': 0}>
266.1189 	EXP 	image_scene_encode: autoDraw = False
266.1189 	EXP 	image_object_encode: autoDraw = False
266.1189 	EXP 	text_rating: autoDraw = False
266.1189 	EXP 	slider_cong: autoDraw = False
266.1189 	EXP 	image_blank: autoDraw = True
268.3357 	EXP 	cross_25: autoDraw = True
268.5856 	EXP 	cross_25: autoDraw = False
268.9773 	EXP 	image_blank: autoDraw = False
268.9773 	EXP 	cross_25: autoDraw = False
268.9773 	EXP 	image_blank: autoDraw = False
268.9773 	EXP 	image_scene_encode: image = 'Scenes_Dataset/boat_interior_A.jpg'
268.9773 	EXP 	image_object_encode: image = 'Objects_Dataset/scooter_retouched.png'
268.9773 	EXP 	slider_cong: markerPos = None
268.9773 	EXP 	slider_cong: markerPos = None
268.9773 	EXP 	image_scene_encode: autoDraw = True
268.9773 	EXP 	image_object_encode: autoDraw = True
271.4685 	INFO 	Keyboard events cleared
271.4684 	EXP 	text_rating: autoDraw = True
271.4684 	EXP 	slider_cong: autoDraw = True
272.5865 	DATA 	Keypress: num_1
273.9688 	EXP 	text_rating: autoDraw = False
273.9688 	EXP 	slider_cong: autoDraw = False
273.9703 	EXP 	New trial (rep=0, index=22): <Trial 22 (22 in rep 0) data={'Index': 25, 'Scene': 'Scenes_Dataset/building_entrance_A.jpg', 'Scene_Size': (600, 400), 'Condition_Encode': 'Congruent', 'Object_Encode': 'Objects_Dataset/envelope_retouched.png', 'Object_Size': (250, 211), 'Condition_Old': 'old', 'Correct_Key_Old': 'left', 'Obj_Lure': 'Objects_Dataset/door_mat.png', 'Lure_size': (300, 300), 'Target_pos': (300, -200), 'Lure_pos': (300, 200), 'Correct_key_AFC': 'down', 'jitter_ITI': 3.2, 'thisN': 22, 'thisTrialN': 22, 'thisRepN': 0}>
273.9856 	EXP 	image_scene_encode: autoDraw = False
273.9856 	EXP 	image_object_encode: autoDraw = False
273.9856 	EXP 	text_rating: autoDraw = False
273.9856 	EXP 	slider_cong: autoDraw = False
273.9856 	EXP 	image_blank: autoDraw = True
276.2190 	EXP 	cross_25: autoDraw = True
276.4690 	EXP 	cross_25: autoDraw = False
277.1879 	EXP 	image_blank: autoDraw = False
277.1879 	EXP 	cross_25: autoDraw = False
277.1879 	EXP 	image_blank: autoDraw = False
277.1879 	EXP 	image_scene_encode: image = 'Scenes_Dataset/building_entrance_A.jpg'
277.1879 	EXP 	image_object_encode: image = 'Objects_Dataset/envelope_retouched.png'
277.1879 	EXP 	slider_cong: markerPos = None
277.1879 	EXP 	slider_cong: markerPos = None
277.1879 	EXP 	image_scene_encode: autoDraw = True
277.1879 	EXP 	image_object_encode: autoDraw = True
279.6858 	INFO 	Keyboard events cleared
279.6857 	EXP 	text_rating: autoDraw = True
279.6857 	EXP 	slider_cong: autoDraw = True
280.5197 	DATA 	Keypress: num_3
282.1859 	EXP 	text_rating: autoDraw = False
282.1859 	EXP 	slider_cong: autoDraw = False
282.1875 	EXP 	New trial (rep=0, index=23): <Trial 23 (23 in rep 0) data={'Index': 22, 'Scene': 'Scenes_Dataset/cavern_A.jpg', 'Scene_Size': (600, 410), 'Condition_Encode': 'Congruent', 'Object_Encode': 'Objects_Dataset/canteen.png', 'Object_Size': (150, 250), 'Condition_Old': 'old', 'Correct_Key_Old': 'left', 'Obj_Lure': 'Objects_Dataset/hiking_boots.png', 'Lure_size': (300, 300), 'Target_pos': (300, -200), 'Lure_pos': (300, 200), 'Correct_key_AFC': 'down', 'jitter_ITI': 3.05, 'thisN': 23, 'thisTrialN': 23, 'thisRepN': 0}>
282.2025 	EXP 	image_scene_encode: autoDraw = False
282.2025 	EXP 	image_object_encode: autoDraw = False
282.2025 	EXP 	text_rating: autoDraw = False
282.2025 	EXP 	slider_cong: autoDraw = False
282.2025 	EXP 	image_blank: autoDraw = True
284.4357 	EXP 	cross_25: autoDraw = True
284.6888 	EXP 	cross_25: autoDraw = False
285.2654 	EXP 	image_blank: autoDraw = False
285.2654 	EXP 	cross_25: autoDraw = False
285.2654 	EXP 	image_blank: autoDraw = False
285.2654 	EXP 	image_scene_encode: image = 'Scenes_Dataset/cavern_A.jpg'
285.2654 	EXP 	image_object_encode: image = 'Objects_Dataset/canteen.png'
285.2654 	EXP 	slider_cong: markerPos = None
285.2654 	EXP 	slider_cong: markerPos = None
285.2654 	EXP 	image_scene_encode: autoDraw = True
285.2654 	EXP 	image_object_encode: autoDraw = True
287.7523 	INFO 	Keyboard events cleared
287.7521 	EXP 	text_rating: autoDraw = True
287.7521 	EXP 	slider_cong: autoDraw = True
288.8880 	DATA 	Keypress: num_2
290.2525 	EXP 	text_rating: autoDraw = False
290.2525 	EXP 	slider_cong: autoDraw = False
290.2539 	EXP 	New trial (rep=0, index=24): <Trial 24 (24 in rep 0) data={'Index': 41, 'Scene': 'Scenes_Dataset/attic_A.jpg', 'Scene_Size': (600, 400), 'Condition_Encode': 'Incongruent', 'Object_Encode': 'Objects_Dataset/ticket_machine.png', 'Object_Size': (200, 300), 'Condition_Old': 'old', 'Correct_Key_Old': 'left', 'Obj_Lure': 'Objects_Dataset/cake_holder.png', 'Lure_size': (300, 209), 'Target_pos': (300, 200), 'Lure_pos': (300, -200), 'Correct_key_AFC': 'up', 'jitter_ITI': 2.7, 'thisN': 24, 'thisTrialN': 24, 'thisRepN': 0}>
290.2692 	EXP 	image_scene_encode: autoDraw = False
290.2692 	EXP 	image_object_encode: autoDraw = False
290.2692 	EXP 	text_rating: autoDraw = False
290.2692 	EXP 	slider_cong: autoDraw = False
290.2692 	EXP 	image_blank: autoDraw = True
292.4859 	EXP 	cross_25: autoDraw = True
292.7360 	EXP 	cross_25: autoDraw = False
292.9734 	EXP 	image_blank: autoDraw = False
292.9734 	EXP 	cross_25: autoDraw = False
292.9734 	EXP 	image_blank: autoDraw = False
292.9734 	EXP 	image_scene_encode: image = 'Scenes_Dataset/attic_A.jpg'
292.9734 	EXP 	image_object_encode: image = 'Objects_Dataset/ticket_machine.png'
292.9734 	EXP 	slider_cong: markerPos = None
292.9734 	EXP 	slider_cong: markerPos = None
292.9734 	EXP 	image_scene_encode: autoDraw = True
292.9734 	EXP 	image_object_encode: autoDraw = True
295.4522 	INFO 	Keyboard events cleared
295.4522 	EXP 	text_rating: autoDraw = True
295.4522 	EXP 	slider_cong: autoDraw = True
296.9554 	DATA 	Keypress: num_2
297.9549 	EXP 	text_rating: autoDraw = False
297.9549 	EXP 	slider_cong: autoDraw = False
297.9557 	EXP 	New trial (rep=0, index=25): <Trial 25 (25 in rep 0) data={'Index': 9, 'Scene': 'Scenes_Dataset/childrens_room_A.jpg', 'Scene_Size': (600, 524), 'Condition_Encode': 'Congruent', 'Object_Encode': 'Objects_Dataset/abacus.png', 'Object_Size': (185, 200), 'Condition_Old': 'old', 'Correct_Key_Old': 'left', 'Obj_Lure': 'Objects_Dataset/doll.png', 'Lure_size': (191, 300), 'Target_pos': (300, -200), 'Lure_pos': (300, 200), 'Correct_key_AFC': 'down', 'jitter_ITI': 2.4, 'thisN': 25, 'thisTrialN': 25, 'thisRepN': 0}>
297.9706 	EXP 	image_scene_encode: autoDraw = False
297.9706 	EXP 	image_object_encode: autoDraw = False
297.9706 	EXP 	text_rating: autoDraw = False
297.9706 	EXP 	slider_cong: autoDraw = False
297.9706 	EXP 	image_blank: autoDraw = True
300.2027 	EXP 	cross_25: autoDraw = True
300.3705 	EXP 	image_blank: autoDraw = False
300.4689 	EXP 	cross_25: autoDraw = False
300.4689 	EXP 	cross_25: autoDraw = False
300.4689 	EXP 	image_blank: autoDraw = False
300.4689 	EXP 	image_scene_encode: image = 'Scenes_Dataset/childrens_room_A.jpg'
300.4689 	EXP 	image_object_encode: image = 'Objects_Dataset/abacus.png'
300.4689 	EXP 	slider_cong: markerPos = None
300.4689 	EXP 	slider_cong: markerPos = None
300.4689 	EXP 	image_scene_encode: autoDraw = True
300.4689 	EXP 	image_object_encode: autoDraw = True
302.9390 	INFO 	Keyboard events cleared
302.9390 	EXP 	text_rating: autoDraw = True
302.9390 	EXP 	slider_cong: autoDraw = True
303.6892 	DATA 	Keypress: num_3
305.4386 	EXP 	text_rating: autoDraw = False
305.4386 	EXP 	slider_cong: autoDraw = False
305.4389 	EXP 	New trial (rep=0, index=26): <Trial 26 (26 in rep 0) data={'Index': 49, 'Scene': 'Scenes_Dataset/restaurant_A.jpg', 'Scene_Size': (600, 400), 'Condition_Encode': 'Incongruent', 'Object_Encode': 'Objects_Dataset/comb.png', 'Object_Size': (250, 250), 'Condition_Old': 'old', 'Correct_Key_Old': 'left', 'Obj_Lure': 'Objects_Dataset/football_boots.png', 'Lure_size': (300, 300), 'Target_pos': (300, 200), 'Lure_pos': (300, -200), 'Correct_key_AFC': 'up', 'jitter_ITI': 3.1, 'thisN': 26, 'thisTrialN': 26, 'thisRepN': 0}>
305.4546 	EXP 	image_scene_encode: autoDraw = False
305.4546 	EXP 	image_object_encode: autoDraw = False
305.4546 	EXP 	text_rating: autoDraw = False
305.4546 	EXP 	slider_cong: autoDraw = False
305.4546 	EXP 	image_blank: autoDraw = True
307.6872 	EXP 	cross_25: autoDraw = True
307.9371 	EXP 	cross_25: autoDraw = False
308.5560 	EXP 	image_blank: autoDraw = False
308.5560 	EXP 	cross_25: autoDraw = False
308.5560 	EXP 	image_blank: autoDraw = False
308.5560 	EXP 	image_scene_encode: image = 'Scenes_Dataset/restaurant_A.jpg'
308.5560 	EXP 	image_object_encode: image = 'Objects_Dataset/comb.png'
308.5560 	EXP 	slider_cong: markerPos = None
308.5560 	EXP 	slider_cong: markerPos = None
308.5560 	EXP 	image_scene_encode: autoDraw = True
308.5560 	EXP 	image_object_encode: autoDraw = True
311.0388 	INFO 	Keyboard events cleared
311.0387 	EXP 	text_rating: autoDraw = True
311.0387 	EXP 	slider_cong: autoDraw = True
311.6891 	DATA 	Keypress: num_1
313.5382 	EXP 	text_rating: autoDraw = False
313.5382 	EXP 	slider_cong: autoDraw = False
313.5557 	EXP 	New trial (rep=0, index=27): <Trial 27 (27 in rep 0) data={'Index': 47, 'Scene': 'Scenes_Dataset/entrance_hall_B.jpg', 'Scene_Size': (600, 421), 'Condition_Encode': 'Incongruent', 'Object_Encode': 'Objects_Dataset/movie_reels.png', 'Object_Size': (350, 268), 'Condition_Old': 'old', 'Correct_Key_Old': 'left', 'Obj_Lure': 'Objects_Dataset/payment_terminal.png', 'Lure_size': (285, 300), 'Target_pos': (300, 200), 'Lure_pos': (300, -200), 'Correct_key_AFC': 'up', 'jitter_ITI': 3, 'thisN': 27, 'thisTrialN': 27, 'thisRepN': 0}>
313.5711 	EXP 	image_scene_encode: autoDraw = False
313.5711 	EXP 	image_object_encode: autoDraw = False
313.5711 	EXP 	text_rating: autoDraw = False
313.5711 	EXP 	slider_cong: autoDraw = False
313.5711 	EXP 	image_blank: autoDraw = True
315.7869 	EXP 	cross_25: autoDraw = True
316.0395 	EXP 	cross_25: autoDraw = False
316.5758 	EXP 	image_blank: autoDraw = False
316.5758 	EXP 	cross_25: autoDraw = False
316.5758 	EXP 	image_blank: autoDraw = False
316.5758 	EXP 	image_scene_encode: image = 'Scenes_Dataset/entrance_hall_B.jpg'
316.5758 	EXP 	image_object_encode: image = 'Objects_Dataset/movie_reels.png'
316.5758 	EXP 	slider_cong: markerPos = None
316.5758 	EXP 	slider_cong: markerPos = None
316.5758 	EXP 	image_scene_encode: autoDraw = True
316.5758 	EXP 	image_object_encode: autoDraw = True
319.0553 	INFO 	Keyboard events cleared
319.0553 	EXP 	text_rating: autoDraw = True
319.0553 	EXP 	slider_cong: autoDraw = True
319.6890 	DATA 	Keypress: num_2
321.5547 	EXP 	text_rating: autoDraw = False
321.5547 	EXP 	slider_cong: autoDraw = False
321.5552 	EXP 	New trial (rep=0, index=28): <Trial 28 (28 in rep 0) data={'Index': 19, 'Scene': 'Scenes_Dataset/island_A.jpg', 'Scene_Size': (600, 420), 'Condition_Encode': 'Congruent', 'Object_Encode': 'Objects_Dataset/message_bottle.png', 'Object_Size': (284, 177), 'Condition_Old': 'old', 'Correct_Key_Old': 'left', 'Obj_Lure': 'Objects_Dataset/kayak.png', 'Lure_size': (450, 338), 'Target_pos': (300, -200), 'Lure_pos': (300, 200), 'Correct_key_AFC': 'down', 'jitter_ITI': 2.9, 'thisN': 28, 'thisTrialN': 28, 'thisRepN': 0}>
321.5708 	EXP 	image_scene_encode: autoDraw = False
321.5708 	EXP 	image_object_encode: autoDraw = False
321.5708 	EXP 	text_rating: autoDraw = False
321.5708 	EXP 	slider_cong: autoDraw = False
321.5708 	EXP 	image_blank: autoDraw = True
322.6376 	DATA 	Mouse: Right button down, pos=(839,681)
322.7714 	DATA 	Mouse:  Right button up, pos=(839,681)
323.8046 	EXP 	cross_25: autoDraw = True
324.0712 	EXP 	cross_25: autoDraw = False
324.4696 	EXP 	image_blank: autoDraw = False
324.4696 	EXP 	cross_25: autoDraw = False
324.4696 	EXP 	image_blank: autoDraw = False
324.4696 	EXP 	image_scene_encode: image = 'Scenes_Dataset/island_A.jpg'
324.4696 	EXP 	image_object_encode: image = 'Objects_Dataset/message_bottle.png'
324.4696 	EXP 	slider_cong: markerPos = None
324.4696 	EXP 	slider_cong: markerPos = None
324.4696 	EXP 	image_scene_encode: autoDraw = True
324.4696 	EXP 	image_object_encode: autoDraw = True
326.9716 	INFO 	Keyboard events cleared
326.9716 	EXP 	text_rating: autoDraw = True
326.9716 	EXP 	slider_cong: autoDraw = True
327.5589 	DATA 	Keypress: num_2
329.4559 	EXP 	text_rating: autoDraw = False
329.4559 	EXP 	slider_cong: autoDraw = False
329.4562 	EXP 	New trial (rep=0, index=29): <Trial 29 (29 in rep 0) data={'Index': 12, 'Scene': 'Scenes_Dataset/castle_A.jpg', 'Scene_Size': (600, 450), 'Condition_Encode': 'Congruent', 'Object_Encode': 'Objects_Dataset/sword_retouched.png', 'Object_Size': (300, 300), 'Condition_Old': 'old', 'Correct_Key_Old': 'left', 'Obj_Lure': 'Objects_Dataset/shield.png', 'Lure_size': (199, 300), 'Target_pos': (300, -200), 'Lure_pos': (300, 200), 'Correct_key_AFC': 'down', 'jitter_ITI': 2.55, 'thisN': 29, 'thisTrialN': 29, 'thisRepN': 0}>
329.4707 	EXP 	image_scene_encode: autoDraw = False
329.4707 	EXP 	image_object_encode: autoDraw = False
329.4707 	EXP 	text_rating: autoDraw = False
329.4707 	EXP 	slider_cong: autoDraw = False
329.4707 	EXP 	image_blank: autoDraw = True
331.7046 	EXP 	cross_25: autoDraw = True
331.9547 	EXP 	cross_25: autoDraw = False
332.0251 	EXP 	image_blank: autoDraw = False
332.0251 	EXP 	cross_25: autoDraw = False
332.0251 	EXP 	image_blank: autoDraw = False
332.0251 	EXP 	image_scene_encode: image = 'Scenes_Dataset/castle_A.jpg'
332.0251 	EXP 	image_object_encode: image = 'Objects_Dataset/sword_retouched.png'
332.0251 	EXP 	slider_cong: markerPos = None
332.0251 	EXP 	slider_cong: markerPos = None
332.0251 	EXP 	image_scene_encode: autoDraw = True
332.0251 	EXP 	image_object_encode: autoDraw = True
334.5043 	INFO 	Keyboard events cleared
334.5043 	EXP 	text_rating: autoDraw = True
334.5043 	EXP 	slider_cong: autoDraw = True
334.9711 	DATA 	Keypress: num_3
337.0041 	EXP 	text_rating: autoDraw = False
337.0041 	EXP 	slider_cong: autoDraw = False
337.0212 	EXP 	New trial (rep=0, index=30): <Trial 30 (30 in rep 0) data={'Index': 53, 'Scene': 'Scenes_Dataset/operating_room_A.jpg', 'Scene_Size': (600, 416), 'Condition_Encode': 'Incongruent', 'Object_Encode': 'Objects_Dataset/rope.png', 'Object_Size': (300, 248), 'Condition_Old': 'old', 'Correct_Key_Old': 'left', 'Obj_Lure': 'Objects_Dataset/scooter_retouched.png', 'Lure_size': (311, 350), 'Target_pos': (300, 200), 'Lure_pos': (300, -200), 'Correct_key_AFC': 'up', 'jitter_ITI': 2, 'thisN': 30, 'thisTrialN': 30, 'thisRepN': 0}>
337.0380 	EXP 	image_scene_encode: autoDraw = False
337.0380 	EXP 	image_object_encode: autoDraw = False
337.0380 	EXP 	text_rating: autoDraw = False
337.0380 	EXP 	slider_cong: autoDraw = False
337.0380 	EXP 	image_blank: autoDraw = True
339.0380 	EXP 	image_blank: autoDraw = False
339.2717 	EXP 	cross_25: autoDraw = True
339.5387 	EXP 	cross_25: autoDraw = False
339.5387 	EXP 	cross_25: autoDraw = False
339.5387 	EXP 	image_blank: autoDraw = False
339.5387 	EXP 	image_scene_encode: image = 'Scenes_Dataset/operating_room_A.jpg'
339.5387 	EXP 	image_object_encode: image = 'Objects_Dataset/rope.png'
339.5387 	EXP 	slider_cong: markerPos = None
339.5387 	EXP 	slider_cong: markerPos = None
339.5387 	EXP 	image_scene_encode: autoDraw = True
339.5387 	EXP 	image_object_encode: autoDraw = True
342.0205 	INFO 	Keyboard events cleared
342.0204 	EXP 	text_rating: autoDraw = True
342.0204 	EXP 	slider_cong: autoDraw = True
342.6378 	DATA 	Keypress: num_1
344.5371 	EXP 	text_rating: autoDraw = False
344.5371 	EXP 	slider_cong: autoDraw = False
344.5377 	EXP 	New trial (rep=0, index=31): <Trial 31 (31 in rep 0) data={'Index': 10, 'Scene': 'Scenes_Dataset/toy_store_B.jpg', 'Scene_Size': (600, 415), 'Condition_Encode': 'Congruent', 'Object_Encode': 'Objects_Dataset/doll.png', 'Object_Size': (191, 300), 'Condition_Old': 'old', 'Correct_Key_Old': 'left', 'Obj_Lure': 'Objects_Dataset/abacus.png', 'Lure_size': (185, 200), 'Target_pos': (300, -200), 'Lure_pos': (300, 200), 'Correct_key_AFC': 'down', 'jitter_ITI': 2.45, 'thisN': 31, 'thisTrialN': 31, 'thisRepN': 0}>
344.5536 	EXP 	image_scene_encode: autoDraw = False
344.5536 	EXP 	image_object_encode: autoDraw = False
344.5536 	EXP 	text_rating: autoDraw = False
344.5536 	EXP 	slider_cong: autoDraw = False
344.5536 	EXP 	image_blank: autoDraw = True
346.7877 	EXP 	cross_25: autoDraw = True
347.0045 	EXP 	image_blank: autoDraw = False
347.0410 	EXP 	cross_25: autoDraw = False
347.0410 	EXP 	cross_25: autoDraw = False
347.0410 	EXP 	image_blank: autoDraw = False
347.0410 	EXP 	image_scene_encode: image = 'Scenes_Dataset/toy_store_B.jpg'
347.0410 	EXP 	image_object_encode: image = 'Objects_Dataset/doll.png'
347.0410 	EXP 	slider_cong: markerPos = None
347.0410 	EXP 	slider_cong: markerPos = None
347.0410 	EXP 	image_scene_encode: autoDraw = True
347.0410 	EXP 	image_object_encode: autoDraw = True
349.5206 	INFO 	Keyboard events cleared
349.5206 	EXP 	text_rating: autoDraw = True
349.5206 	EXP 	slider_cong: autoDraw = True
350.1044 	DATA 	Keypress: num_3
352.0207 	EXP 	text_rating: autoDraw = False
352.0207 	EXP 	slider_cong: autoDraw = False
352.0385 	EXP 	New trial (rep=0, index=32): <Trial 32 (32 in rep 0) data={'Index': 42, 'Scene': 'Scenes_Dataset/hut_A.jpg', 'Scene_Size': (600, 384), 'Condition_Encode': 'Incongruent', 'Object_Encode': 'Objects_Dataset/sled_retouched.png', 'Object_Size': (450, 286), 'Condition_Old': 'old', 'Correct_Key_Old': 'left', 'Obj_Lure': 'Objects_Dataset/stapler.png', 'Lure_size': (250, 178), 'Target_pos': (300, 200), 'Lure_pos': (300, -200), 'Correct_key_AFC': 'up', 'jitter_ITI': 2.75, 'thisN': 32, 'thisTrialN': 32, 'thisRepN': 0}>
352.0538 	EXP 	image_scene_encode: autoDraw = False
352.0538 	EXP 	image_object_encode: autoDraw = False
352.0538 	EXP 	text_rating: autoDraw = False
352.0538 	EXP 	slider_cong: autoDraw = False
352.0538 	EXP 	image_blank: autoDraw = True
354.2709 	EXP 	cross_25: autoDraw = True
354.5212 	EXP 	cross_25: autoDraw = False
354.8117 	EXP 	image_blank: autoDraw = False
354.8117 	EXP 	cross_25: autoDraw = False
354.8117 	EXP 	image_blank: autoDraw = False
354.8117 	EXP 	image_scene_encode: image = 'Scenes_Dataset/hut_A.jpg'
354.8117 	EXP 	image_object_encode: image = 'Objects_Dataset/sled_retouched.png'
354.8117 	EXP 	slider_cong: markerPos = None
354.8117 	EXP 	slider_cong: markerPos = None
354.8117 	EXP 	image_scene_encode: autoDraw = True
354.8117 	EXP 	image_object_encode: autoDraw = True
357.2873 	INFO 	Keyboard events cleared
357.2872 	EXP 	text_rating: autoDraw = True
357.2872 	EXP 	slider_cong: autoDraw = True
358.0068 	DATA 	Keypress: num_1
359.7874 	EXP 	text_rating: autoDraw = False
359.7874 	EXP 	slider_cong: autoDraw = False
359.8065 	EXP 	New trial (rep=0, index=33): <Trial 33 (33 in rep 0) data={'Index': 37, 'Scene': 'Scenes_Dataset/vault_A.jpg', 'Scene_Size': (600, 398), 'Condition_Encode': 'Incongruent', 'Object_Encode': 'Objects_Dataset/fan.png', 'Object_Size': (350, 350), 'Condition_Old': 'old', 'Correct_Key_Old': 'left', 'Obj_Lure': 'Objects_Dataset/cactus.png', 'Lure_size': (300, 248), 'Target_pos': (300, 200), 'Lure_pos': (300, -200), 'Correct_key_AFC': 'up', 'jitter_ITI': 2.5, 'thisN': 33, 'thisTrialN': 33, 'thisRepN': 0}>
359.8208 	EXP 	image_scene_encode: autoDraw = False
359.8208 	EXP 	image_object_encode: autoDraw = False
359.8208 	EXP 	text_rating: autoDraw = False
359.8208 	EXP 	slider_cong: autoDraw = False
359.8208 	EXP 	image_blank: autoDraw = True
362.0375 	EXP 	cross_25: autoDraw = True
362.2875 	EXP 	cross_25: autoDraw = False
362.3268 	EXP 	image_blank: autoDraw = False
362.3268 	EXP 	cross_25: autoDraw = False
362.3268 	EXP 	image_blank: autoDraw = False
362.3268 	EXP 	image_scene_encode: image = 'Scenes_Dataset/vault_A.jpg'
362.3268 	EXP 	image_object_encode: image = 'Objects_Dataset/fan.png'
362.3268 	EXP 	slider_cong: markerPos = None
362.3268 	EXP 	slider_cong: markerPos = None
362.3268 	EXP 	image_scene_encode: autoDraw = True
362.3268 	EXP 	image_object_encode: autoDraw = True
364.8044 	INFO 	Keyboard events cleared
364.8043 	EXP 	text_rating: autoDraw = True
364.8043 	EXP 	slider_cong: autoDraw = True
366.2088 	DATA 	Keypress: num_2
367.3042 	EXP 	text_rating: autoDraw = False
367.3042 	EXP 	slider_cong: autoDraw = False
367.3238 	EXP 	New trial (rep=0, index=34): <Trial 34 (34 in rep 0) data={'Index': 33, 'Scene': 'Scenes_Dataset/ice_rink_A.jpg', 'Scene_Size': (600, 450), 'Condition_Encode': 'Incongruent', 'Object_Encode': 'Objects_Dataset/paper_towel_dispenser.png', 'Object_Size': (300, 400), 'Condition_Old': 'old', 'Correct_Key_Old': 'left', 'Obj_Lure': 'Objects_Dataset/saxophone.png', 'Lure_size': (250, 250), 'Target_pos': (300, 200), 'Lure_pos': (300, -200), 'Correct_key_AFC': 'up', 'jitter_ITI': 2.3, 'thisN': 34, 'thisTrialN': 34, 'thisRepN': 0}>
367.3375 	EXP 	image_scene_encode: autoDraw = False
367.3375 	EXP 	image_object_encode: autoDraw = False
367.3375 	EXP 	text_rating: autoDraw = False
367.3375 	EXP 	slider_cong: autoDraw = False
367.3375 	EXP 	image_blank: autoDraw = True
369.5542 	EXP 	cross_25: autoDraw = True
369.6401 	EXP 	image_blank: autoDraw = False
369.8045 	EXP 	cross_25: autoDraw = False
369.8045 	EXP 	cross_25: autoDraw = False
369.8045 	EXP 	image_blank: autoDraw = False
369.8045 	EXP 	image_scene_encode: image = 'Scenes_Dataset/ice_rink_A.jpg'
369.8045 	EXP 	image_object_encode: image = 'Objects_Dataset/paper_towel_dispenser.png'
369.8045 	EXP 	slider_cong: markerPos = None
369.8045 	EXP 	slider_cong: markerPos = None
369.8045 	EXP 	image_scene_encode: autoDraw = True
369.8045 	EXP 	image_object_encode: autoDraw = True
372.2876 	INFO 	Keyboard events cleared
372.2876 	EXP 	text_rating: autoDraw = True
372.2876 	EXP 	slider_cong: autoDraw = True
372.7218 	DATA 	Keypress: num_1
374.7877 	EXP 	text_rating: autoDraw = False
374.7877 	EXP 	slider_cong: autoDraw = False
374.7889 	EXP 	New trial (rep=0, index=35): <Trial 35 (35 in rep 0) data={'Index': 7, 'Scene': 'Scenes_Dataset/snow_B.jpg', 'Scene_Size': (600, 450), 'Condition_Encode': 'Congruent', 'Object_Encode': 'Objects_Dataset/wool_cap.png', 'Object_Size': (250, 250), 'Condition_Old': 'old', 'Correct_Key_Old': 'left', 'Obj_Lure': 'Objects_Dataset/eskimo_coat.png', 'Lure_size': (300, 300), 'Target_pos': (300, -200), 'Lure_pos': (300, 200), 'Correct_key_AFC': 'down', 'jitter_ITI': 2.3, 'thisN': 35, 'thisTrialN': 35, 'thisRepN': 0}>
374.8042 	EXP 	image_scene_encode: autoDraw = False
374.8042 	EXP 	image_object_encode: autoDraw = False
374.8042 	EXP 	text_rating: autoDraw = False
374.8042 	EXP 	slider_cong: autoDraw = False
374.8042 	EXP 	image_blank: autoDraw = True
377.0388 	EXP 	cross_25: autoDraw = True
377.1043 	EXP 	image_blank: autoDraw = False
377.2877 	EXP 	cross_25: autoDraw = False
377.2877 	EXP 	cross_25: autoDraw = False
377.2877 	EXP 	image_blank: autoDraw = False
377.2877 	EXP 	image_scene_encode: image = 'Scenes_Dataset/snow_B.jpg'
377.2877 	EXP 	image_object_encode: image = 'Objects_Dataset/wool_cap.png'
377.2877 	EXP 	slider_cong: markerPos = None
377.2877 	EXP 	slider_cong: markerPos = None
377.2877 	EXP 	image_scene_encode: autoDraw = True
377.2877 	EXP 	image_object_encode: autoDraw = True
379.7711 	INFO 	Keyboard events cleared
379.7711 	EXP 	text_rating: autoDraw = True
379.7711 	EXP 	slider_cong: autoDraw = True
381.3555 	DATA 	Keypress: num_3
382.2711 	EXP 	text_rating: autoDraw = False
382.2711 	EXP 	slider_cong: autoDraw = False
382.2718 	EXP 	New trial (rep=0, index=36): <Trial 36 (36 in rep 0) data={'Index': 5, 'Scene': 'Scenes_Dataset/movie_theater_A.jpg', 'Scene_Size': (600, 364), 'Condition_Encode': 'Congruent', 'Object_Encode': 'Objects_Dataset/3d_glasses_retouched.png', 'Object_Size': (300, 300), 'Condition_Old': 'old', 'Correct_Key_Old': 'left', 'Obj_Lure': 'Objects_Dataset/movie_reels.png', 'Lure_size': (350, 268), 'Target_pos': (300, -200), 'Lure_pos': (300, 200), 'Correct_key_AFC': 'down', 'jitter_ITI': 2.2, 'thisN': 36, 'thisTrialN': 36, 'thisRepN': 0}>
382.2877 	EXP 	image_scene_encode: autoDraw = False
382.2877 	EXP 	image_object_encode: autoDraw = False
382.2877 	EXP 	image_scene_encode: autoDraw = False
382.2877 	EXP 	image_object_encode: autoDraw = False
382.2877 	EXP 	text_rating: autoDraw = False
382.2877 	EXP 	slider_cong: autoDraw = False
382.2877 	EXP 	image_blank: autoDraw = True
384.4879 	EXP 	image_blank: autoDraw = False
384.5212 	EXP 	cross_25: autoDraw = True
384.7709 	EXP 	cross_25: autoDraw = False
384.7709 	EXP 	cross_25: autoDraw = False
384.7709 	EXP 	image_blank: autoDraw = False
384.7709 	EXP 	image_scene_encode: image = 'Scenes_Dataset/movie_theater_A.jpg'
384.7709 	EXP 	image_object_encode: image = 'Objects_Dataset/3d_glasses_retouched.png'
384.7709 	EXP 	slider_cong: markerPos = None
384.7709 	EXP 	slider_cong: markerPos = None
384.7709 	EXP 	image_scene_encode: autoDraw = True
384.7709 	EXP 	image_object_encode: autoDraw = True
387.2544 	INFO 	Keyboard events cleared
387.2543 	EXP 	text_rating: autoDraw = True
387.2543 	EXP 	slider_cong: autoDraw = True
387.7047 	DATA 	Keypress: num_3
389.7544 	EXP 	text_rating: autoDraw = False
389.7544 	EXP 	slider_cong: autoDraw = False
389.7550 	EXP 	New trial (rep=0, index=37): <Trial 37 (37 in rep 0) data={'Index': 31, 'Scene': 'Scenes_Dataset/balcony.jpg', 'Scene_Size': (600, 450), 'Condition_Encode': 'Incongruent', 'Object_Encode': 'Objects_Dataset/car_key.png', 'Object_Size': (300, 125), 'Condition_Old': 'old', 'Correct_Key_Old': 'left', 'Obj_Lure': 'Objects_Dataset/staple_puller_retouched.png', 'Lure_size': (400, 400), 'Target_pos': (300, 200), 'Lure_pos': (300, -200), 'Correct_key_AFC': 'up', 'jitter_ITI': 2.2, 'thisN': 37, 'thisTrialN': 37, 'thisRepN': 0}>
389.7722 	EXP 	image_scene_encode: autoDraw = False
389.7722 	EXP 	image_object_encode: autoDraw = False
389.7722 	EXP 	image_scene_encode: autoDraw = False
389.7722 	EXP 	image_object_encode: autoDraw = False
389.7722 	EXP 	text_rating: autoDraw = False
389.7722 	EXP 	slider_cong: autoDraw = False
389.7722 	EXP 	image_blank: autoDraw = True
391.9714 	EXP 	image_blank: autoDraw = False
392.0045 	EXP 	cross_25: autoDraw = True
392.2546 	EXP 	cross_25: autoDraw = False
392.2546 	EXP 	cross_25: autoDraw = False
392.2546 	EXP 	image_blank: autoDraw = False
392.2546 	EXP 	image_scene_encode: image = 'Scenes_Dataset/balcony.jpg'
392.2546 	EXP 	image_object_encode: image = 'Objects_Dataset/car_key.png'
392.2546 	EXP 	slider_cong: markerPos = None
392.2546 	EXP 	slider_cong: markerPos = None
392.2546 	EXP 	image_scene_encode: autoDraw = True
392.2546 	EXP 	image_object_encode: autoDraw = True
394.7380 	INFO 	Keyboard events cleared
394.7380 	EXP 	text_rating: autoDraw = True
394.7380 	EXP 	slider_cong: autoDraw = True
395.7907 	DATA 	Keypress: num_1
397.2382 	EXP 	text_rating: autoDraw = False
397.2382 	EXP 	slider_cong: autoDraw = False
397.2396 	EXP 	New trial (rep=0, index=38): <Trial 38 (38 in rep 0) data={'Index': 43, 'Scene': 'Scenes_Dataset/home_office_A.jpg', 'Scene_Size': (600, 399), 'Condition_Encode': 'Incongruent', 'Object_Encode': 'Objects_Dataset/bicycle_bell.png', 'Object_Size': (250, 210), 'Condition_Old': 'old', 'Correct_Key_Old': 'left', 'Obj_Lure': 'Objects_Dataset/unicycle_retouched.png', 'Lure_size': (159, 300), 'Target_pos': (300, 200), 'Lure_pos': (300, -200), 'Correct_key_AFC': 'up', 'jitter_ITI': 2.8, 'thisN': 38, 'thisTrialN': 38, 'thisRepN': 0}>
397.2547 	EXP 	image_scene_encode: autoDraw = False
397.2547 	EXP 	image_object_encode: autoDraw = False
397.2547 	EXP 	text_rating: autoDraw = False
397.2547 	EXP 	slider_cong: autoDraw = False
397.2547 	EXP 	image_blank: autoDraw = True
399.4881 	EXP 	cross_25: autoDraw = True
399.7381 	EXP 	cross_25: autoDraw = False
400.0614 	EXP 	image_blank: autoDraw = False
400.0614 	EXP 	cross_25: autoDraw = False
400.0614 	EXP 	image_blank: autoDraw = False
400.0614 	EXP 	image_scene_encode: image = 'Scenes_Dataset/home_office_A.jpg'
400.0614 	EXP 	image_object_encode: image = 'Objects_Dataset/bicycle_bell.png'
400.0614 	EXP 	slider_cong: markerPos = None
400.0614 	EXP 	slider_cong: markerPos = None
400.0614 	EXP 	image_scene_encode: autoDraw = True
400.0614 	EXP 	image_object_encode: autoDraw = True
402.5380 	INFO 	Keyboard events cleared
402.5380 	EXP 	text_rating: autoDraw = True
402.5380 	EXP 	slider_cong: autoDraw = True
404.2885 	DATA 	Keypress: num_1
405.0379 	EXP 	text_rating: autoDraw = False
405.0379 	EXP 	slider_cong: autoDraw = False
405.0562 	EXP 	New trial (rep=0, index=39): <Trial 39 (39 in rep 0) data={'Index': 27, 'Scene': 'Scenes_Dataset/toilet_A.jpg', 'Scene_Size': (600, 450), 'Condition_Encode': 'Congruent', 'Object_Encode': 'Objects_Dataset/toothbrush.png', 'Object_Size': (300, 215), 'Condition_Old': 'old', 'Correct_Key_Old': 'left', 'Obj_Lure': 'Objects_Dataset/hairdryer_retouched.png', 'Lure_size': (250, 241), 'Target_pos': (300, -200), 'Lure_pos': (300, 200), 'Correct_key_AFC': 'down', 'jitter_ITI': 2, 'thisN': 39, 'thisTrialN': 39, 'thisRepN': 0}>
405.0715 	EXP 	image_scene_encode: autoDraw = False
405.0715 	EXP 	image_object_encode: autoDraw = False
405.0715 	EXP 	text_rating: autoDraw = False
405.0715 	EXP 	slider_cong: autoDraw = False
405.0715 	EXP 	image_blank: autoDraw = True
407.0716 	EXP 	image_blank: autoDraw = False
407.2882 	EXP 	cross_25: autoDraw = True
407.5414 	EXP 	cross_25: autoDraw = False
407.5414 	EXP 	cross_25: autoDraw = False
407.5414 	EXP 	image_blank: autoDraw = False
407.5414 	EXP 	image_scene_encode: image = 'Scenes_Dataset/toilet_A.jpg'
407.5414 	EXP 	image_object_encode: image = 'Objects_Dataset/toothbrush.png'
407.5414 	EXP 	slider_cong: markerPos = None
407.5414 	EXP 	slider_cong: markerPos = None
407.5414 	EXP 	image_scene_encode: autoDraw = True
407.5414 	EXP 	image_object_encode: autoDraw = True
410.0220 	INFO 	Keyboard events cleared
410.0219 	EXP 	text_rating: autoDraw = True
410.0219 	EXP 	slider_cong: autoDraw = True
410.6247 	DATA 	Keypress: num_3
412.5220 	EXP 	text_rating: autoDraw = False
412.5220 	EXP 	slider_cong: autoDraw = False
412.5229 	EXP 	New trial (rep=0, index=40): <Trial 40 (40 in rep 0) data={'Index': 3, 'Scene': 'Scenes_Dataset/car_interior_A.jpg', 'Scene_Size': (600, 389), 'Condition_Encode': 'Congruent', 'Object_Encode': 'Objects_Dataset/car_mat.png', 'Object_Size': (230, 258), 'Condition_Old': 'old', 'Correct_Key_Old': 'left', 'Obj_Lure': 'Objects_Dataset/car_key.png', 'Lure_size': (300, 125), 'Target_pos': (300, -200), 'Lure_pos': (300, 200), 'Correct_key_AFC': 'down', 'jitter_ITI': 2.1, 'thisN': 40, 'thisTrialN': 40, 'thisRepN': 0}>
412.5386 	EXP 	image_scene_encode: autoDraw = False
412.5386 	EXP 	image_object_encode: autoDraw = False
412.5386 	EXP 	text_rating: autoDraw = False
412.5386 	EXP 	slider_cong: autoDraw = False
412.5386 	EXP 	image_blank: autoDraw = True
414.6383 	EXP 	image_blank: autoDraw = False
414.7717 	EXP 	cross_25: autoDraw = True
415.0291 	EXP 	cross_25: autoDraw = False
415.0291 	EXP 	cross_25: autoDraw = False
415.0291 	EXP 	image_blank: autoDraw = False
415.0291 	EXP 	image_scene_encode: image = 'Scenes_Dataset/car_interior_A.jpg'
415.0291 	EXP 	image_object_encode: image = 'Objects_Dataset/car_mat.png'
415.0291 	EXP 	slider_cong: markerPos = None
415.0291 	EXP 	slider_cong: markerPos = None
415.0291 	EXP 	image_scene_encode: autoDraw = True
415.0291 	EXP 	image_object_encode: autoDraw = True
417.5054 	INFO 	Keyboard events cleared
417.5054 	EXP 	text_rating: autoDraw = True
417.5054 	EXP 	slider_cong: autoDraw = True
417.9261 	DATA 	Keypress: num_3
420.0054 	EXP 	text_rating: autoDraw = False
420.0054 	EXP 	slider_cong: autoDraw = False
420.0063 	EXP 	New trial (rep=0, index=41): <Trial 41 (41 in rep 0) data={'Index': 38, 'Scene': 'Scenes_Dataset/garden_A.jpg', 'Scene_Size': (600, 446), 'Condition_Encode': 'Incongruent', 'Object_Encode': 'Objects_Dataset/airplane_belt.png', 'Object_Size': (300, 249), 'Condition_Old': 'old', 'Correct_Key_Old': 'left', 'Obj_Lure': 'Objects_Dataset/saline_retouched.png', 'Lure_size': (300, 225), 'Target_pos': (300, 200), 'Lure_pos': (300, -200), 'Correct_key_AFC': 'up', 'jitter_ITI': 2.55, 'thisN': 41, 'thisTrialN': 41, 'thisRepN': 0}>
420.0220 	EXP 	image_scene_encode: autoDraw = False
420.0220 	EXP 	image_object_encode: autoDraw = False
420.0220 	EXP 	text_rating: autoDraw = False
420.0220 	EXP 	slider_cong: autoDraw = False
420.0220 	EXP 	image_blank: autoDraw = True
422.2550 	EXP 	cross_25: autoDraw = True
422.5050 	EXP 	cross_25: autoDraw = False
422.5781 	EXP 	image_blank: autoDraw = False
422.5781 	EXP 	cross_25: autoDraw = False
422.5781 	EXP 	image_blank: autoDraw = False
422.5781 	EXP 	image_scene_encode: image = 'Scenes_Dataset/garden_A.jpg'
422.5781 	EXP 	image_object_encode: image = 'Objects_Dataset/airplane_belt.png'
422.5781 	EXP 	slider_cong: markerPos = None
422.5781 	EXP 	slider_cong: markerPos = None
422.5781 	EXP 	image_scene_encode: autoDraw = True
422.5781 	EXP 	image_object_encode: autoDraw = True
425.0549 	INFO 	Keyboard events cleared
425.0549 	EXP 	text_rating: autoDraw = True
425.0549 	EXP 	slider_cong: autoDraw = True
425.9760 	DATA 	Keypress: num_1
427.5555 	EXP 	text_rating: autoDraw = False
427.5555 	EXP 	slider_cong: autoDraw = False
427.5568 	EXP 	New trial (rep=0, index=42): <Trial 42 (42 in rep 0) data={'Index': 14, 'Scene': 'Scenes_Dataset/palace_interior_A.jpg', 'Scene_Size': (600, 447), 'Condition_Encode': 'Congruent', 'Object_Encode': 'Objects_Dataset/chandelier_retouched.png', 'Object_Size': (250, 300), 'Condition_Old': 'old', 'Correct_Key_Old': 'left', 'Obj_Lure': 'Objects_Dataset/crown.png', 'Lure_size': (300, 249), 'Target_pos': (300, -200), 'Lure_pos': (300, 200), 'Correct_key_AFC': 'down', 'jitter_ITI': 2.65, 'thisN': 42, 'thisTrialN': 42, 'thisRepN': 0}>
427.5717 	EXP 	image_scene_encode: autoDraw = False
427.5717 	EXP 	image_object_encode: autoDraw = False
427.5717 	EXP 	text_rating: autoDraw = False
427.5717 	EXP 	slider_cong: autoDraw = False
427.5717 	EXP 	image_blank: autoDraw = True
429.8052 	EXP 	cross_25: autoDraw = True
430.0551 	EXP 	cross_25: autoDraw = False
430.2210 	EXP 	image_blank: autoDraw = False
430.2210 	EXP 	cross_25: autoDraw = False
430.2210 	EXP 	image_blank: autoDraw = False
430.2210 	EXP 	image_scene_encode: image = 'Scenes_Dataset/palace_interior_A.jpg'
430.2210 	EXP 	image_object_encode: image = 'Objects_Dataset/chandelier_retouched.png'
430.2210 	EXP 	slider_cong: markerPos = None
430.2210 	EXP 	slider_cong: markerPos = None
430.2210 	EXP 	image_scene_encode: autoDraw = True
430.2210 	EXP 	image_object_encode: autoDraw = True
432.7056 	INFO 	Keyboard events cleared
432.7055 	EXP 	text_rating: autoDraw = True
432.7055 	EXP 	slider_cong: autoDraw = True
433.5766 	DATA 	Keypress: num_3
435.2057 	EXP 	text_rating: autoDraw = False
435.2057 	EXP 	slider_cong: autoDraw = False
435.2068 	EXP 	New trial (rep=0, index=43): <Trial 43 (43 in rep 0) data={'Index': 16, 'Scene': 'Scenes_Dataset/hair_salon_A.jpg', 'Scene_Size': (600, 386), 'Condition_Encode': 'Congruent', 'Object_Encode': 'Objects_Dataset/hairdryer_retouched.png', 'Object_Size': (250, 241), 'Condition_Old': 'old', 'Correct_Key_Old': 'left', 'Obj_Lure': 'Objects_Dataset/comb.png', 'Lure_size': (250, 250), 'Target_pos': (300, -200), 'Lure_pos': (300, 200), 'Correct_key_AFC': 'down', 'jitter_ITI': 2.75, 'thisN': 43, 'thisTrialN': 43, 'thisRepN': 0}>
435.2222 	EXP 	image_scene_encode: autoDraw = False
435.2222 	EXP 	image_object_encode: autoDraw = False
435.2222 	EXP 	text_rating: autoDraw = False
435.2222 	EXP 	slider_cong: autoDraw = False
435.2222 	EXP 	image_blank: autoDraw = True
437.4554 	EXP 	cross_25: autoDraw = True
437.7053 	EXP 	cross_25: autoDraw = False
437.9754 	EXP 	image_blank: autoDraw = False
437.9754 	EXP 	cross_25: autoDraw = False
437.9754 	EXP 	image_blank: autoDraw = False
437.9754 	EXP 	image_scene_encode: image = 'Scenes_Dataset/hair_salon_A.jpg'
437.9754 	EXP 	image_object_encode: image = 'Objects_Dataset/hairdryer_retouched.png'
437.9754 	EXP 	slider_cong: markerPos = None
437.9754 	EXP 	slider_cong: markerPos = None
437.9754 	EXP 	image_scene_encode: autoDraw = True
437.9754 	EXP 	image_object_encode: autoDraw = True
440.4546 	INFO 	Keyboard events cleared
440.4546 	EXP 	text_rating: autoDraw = True
440.4546 	EXP 	slider_cong: autoDraw = True
441.2217 	DATA 	Keypress: num_3
442.9721 	EXP 	text_rating: autoDraw = False
442.9721 	EXP 	slider_cong: autoDraw = False
442.9731 	EXP 	New trial (rep=0, index=44): <Trial 44 (44 in rep 0) data={'Index': 8, 'Scene': 'Scenes_Dataset/igloo_A.jpg', 'Scene_Size': (600, 450), 'Condition_Encode': 'Congruent', 'Object_Encode': 'Objects_Dataset/eskimo_coat.png', 'Object_Size': (300, 300), 'Condition_Old': 'old', 'Correct_Key_Old': 'left', 'Obj_Lure': 'Objects_Dataset/wool_cap.png', 'Lure_size': (250, 250), 'Target_pos': (300, -200), 'Lure_pos': (300, 200), 'Correct_key_AFC': 'down', 'jitter_ITI': 2.35, 'thisN': 44, 'thisTrialN': 44, 'thisRepN': 0}>
442.9882 	EXP 	image_scene_encode: autoDraw = False
442.9882 	EXP 	image_object_encode: autoDraw = False
442.9882 	EXP 	text_rating: autoDraw = False
442.9882 	EXP 	slider_cong: autoDraw = False
442.9882 	EXP 	image_blank: autoDraw = True
445.2049 	EXP 	cross_25: autoDraw = True
445.3383 	EXP 	image_blank: autoDraw = False
445.4637 	EXP 	cross_25: autoDraw = False
445.4637 	EXP 	cross_25: autoDraw = False
445.4637 	EXP 	image_blank: autoDraw = False
445.4637 	EXP 	image_scene_encode: image = 'Scenes_Dataset/igloo_A.jpg'
445.4637 	EXP 	image_object_encode: image = 'Objects_Dataset/eskimo_coat.png'
445.4637 	EXP 	slider_cong: markerPos = None
445.4637 	EXP 	slider_cong: markerPos = None
445.4637 	EXP 	image_scene_encode: autoDraw = True
445.4637 	EXP 	image_object_encode: autoDraw = True
447.9381 	INFO 	Keyboard events cleared
447.9380 	EXP 	text_rating: autoDraw = True
447.9380 	EXP 	slider_cong: autoDraw = True
448.3719 	DATA 	Keypress: num_3
450.4382 	EXP 	text_rating: autoDraw = False
450.4382 	EXP 	slider_cong: autoDraw = False
450.4566 	EXP 	New trial (rep=0, index=45): <Trial 45 (45 in rep 0) data={'Index': 26, 'Scene': 'Scenes_Dataset/hospital_room_B.jpg', 'Scene_Size': (600, 400), 'Condition_Encode': 'Congruent', 'Object_Encode': 'Objects_Dataset/saline_retouched.png', 'Object_Size': (300, 225), 'Condition_Old': 'old', 'Correct_Key_Old': 'left', 'Obj_Lure': 'Objects_Dataset/pills.png', 'Lure_size': (216, 250), 'Target_pos': (300, -200), 'Lure_pos': (300, 200), 'Correct_key_AFC': 'down', 'jitter_ITI': 3.25, 'thisN': 45, 'thisTrialN': 45, 'thisRepN': 0}>
450.4718 	EXP 	image_scene_encode: autoDraw = False
450.4718 	EXP 	image_object_encode: autoDraw = False
450.4718 	EXP 	text_rating: autoDraw = False
450.4718 	EXP 	slider_cong: autoDraw = False
450.4718 	EXP 	image_blank: autoDraw = True
452.6887 	EXP 	cross_25: autoDraw = True
452.9383 	EXP 	cross_25: autoDraw = False
453.7349 	EXP 	image_blank: autoDraw = False
453.7349 	EXP 	cross_25: autoDraw = False
453.7349 	EXP 	image_blank: autoDraw = False
453.7349 	EXP 	image_scene_encode: image = 'Scenes_Dataset/hospital_room_B.jpg'
453.7349 	EXP 	image_object_encode: image = 'Objects_Dataset/saline_retouched.png'
453.7349 	EXP 	slider_cong: markerPos = None
453.7349 	EXP 	slider_cong: markerPos = None
453.7349 	EXP 	image_scene_encode: autoDraw = True
453.7349 	EXP 	image_object_encode: autoDraw = True
456.2215 	INFO 	Keyboard events cleared
456.2214 	EXP 	text_rating: autoDraw = True
456.2214 	EXP 	slider_cong: autoDraw = True
456.8388 	DATA 	Keypress: num_3
458.7216 	EXP 	text_rating: autoDraw = False
458.7216 	EXP 	slider_cong: autoDraw = False
458.7226 	EXP 	New trial (rep=0, index=46): <Trial 46 (46 in rep 0) data={'Index': 58, 'Scene': 'Scenes_Dataset/museum_A.jpg', 'Scene_Size': (600, 337), 'Condition_Encode': 'Incongruent', 'Object_Encode': 'Objects_Dataset/bikini.png', 'Object_Size': (350, 350), 'Condition_Old': 'old', 'Correct_Key_Old': 'left', 'Obj_Lure': 'Objects_Dataset/clothesline_retouched_2.png', 'Lure_size': (350, 231), 'Target_pos': (300, 200), 'Lure_pos': (300, -200), 'Correct_key_AFC': 'up', 'jitter_ITI': 2.25, 'thisN': 46, 'thisTrialN': 46, 'thisRepN': 0}>
458.7383 	EXP 	image_scene_encode: autoDraw = False
458.7383 	EXP 	image_object_encode: autoDraw = False
458.7383 	EXP 	text_rating: autoDraw = False
458.7383 	EXP 	slider_cong: autoDraw = False
458.7383 	EXP 	image_blank: autoDraw = True
460.9719 	EXP 	cross_25: autoDraw = True
460.9885 	EXP 	image_blank: autoDraw = False
461.2236 	EXP 	cross_25: autoDraw = False
461.2236 	EXP 	cross_25: autoDraw = False
461.2236 	EXP 	image_blank: autoDraw = False
461.2236 	EXP 	image_scene_encode: image = 'Scenes_Dataset/museum_A.jpg'
461.2236 	EXP 	image_object_encode: image = 'Objects_Dataset/bikini.png'
461.2236 	EXP 	slider_cong: markerPos = None
461.2236 	EXP 	slider_cong: markerPos = None
461.2236 	EXP 	image_scene_encode: autoDraw = True
461.2236 	EXP 	image_object_encode: autoDraw = True
463.7053 	INFO 	Keyboard events cleared
463.7053 	EXP 	text_rating: autoDraw = True
463.7053 	EXP 	slider_cong: autoDraw = True
464.3230 	DATA 	Keypress: num_1
466.2231 	EXP 	text_rating: autoDraw = False
466.2231 	EXP 	slider_cong: autoDraw = False
466.2240 	EXP 	New trial (rep=0, index=47): <Trial 47 (47 in rep 0) data={'Index': 45, 'Scene': 'Scenes_Dataset/factory_B.jpg', 'Scene_Size': (600, 415), 'Condition_Encode': 'Incongruent', 'Object_Encode': 'Objects_Dataset/shield.png', 'Object_Size': (199, 300), 'Condition_Old': 'old', 'Correct_Key_Old': 'left', 'Obj_Lure': 'Objects_Dataset/trumpet_retouched.png', 'Lure_size': (300, 122), 'Target_pos': (300, 200), 'Lure_pos': (300, -200), 'Correct_key_AFC': 'up', 'jitter_ITI': 2.9, 'thisN': 47, 'thisTrialN': 47, 'thisRepN': 0}>
466.2386 	EXP 	image_scene_encode: autoDraw = False
466.2386 	EXP 	image_object_encode: autoDraw = False
466.2386 	EXP 	text_rating: autoDraw = False
466.2386 	EXP 	slider_cong: autoDraw = False
466.2386 	EXP 	image_blank: autoDraw = True
468.4553 	EXP 	cross_25: autoDraw = True
468.7053 	EXP 	cross_25: autoDraw = False
469.1475 	EXP 	image_blank: autoDraw = False
469.1475 	EXP 	cross_25: autoDraw = False
469.1475 	EXP 	image_blank: autoDraw = False
469.1475 	EXP 	image_scene_encode: image = 'Scenes_Dataset/factory_B.jpg'
469.1475 	EXP 	image_object_encode: image = 'Objects_Dataset/shield.png'
469.1475 	EXP 	slider_cong: markerPos = None
469.1475 	EXP 	slider_cong: markerPos = None
469.1475 	EXP 	image_scene_encode: autoDraw = True
469.1475 	EXP 	image_object_encode: autoDraw = True
471.6229 	INFO 	Keyboard events cleared
471.6228 	EXP 	text_rating: autoDraw = True
471.6228 	EXP 	slider_cong: autoDraw = True
473.7265 	DATA 	Keypress: num_1
474.1218 	EXP 	text_rating: autoDraw = False
474.1218 	EXP 	slider_cong: autoDraw = False
474.1401 	EXP 	New trial (rep=0, index=48): <Trial 48 (48 in rep 0) data={'Index': 46, 'Scene': 'Scenes_Dataset/skate_park_A.jpg', 'Scene_Size': (600, 450), 'Condition_Encode': 'Incongruent', 'Object_Encode': 'Objects_Dataset/paddle.png', 'Object_Size': (300, 299), 'Condition_Old': 'old', 'Correct_Key_Old': 'left', 'Obj_Lure': 'Objects_Dataset/fan.png', 'Lure_size': (350, 350), 'Target_pos': (300, 200), 'Lure_pos': (300, -200), 'Correct_key_AFC': 'up', 'jitter_ITI': 2.95, 'thisN': 48, 'thisTrialN': 48, 'thisRepN': 0}>
474.1555 	EXP 	image_scene_encode: autoDraw = False
474.1555 	EXP 	image_object_encode: autoDraw = False
474.1555 	EXP 	text_rating: autoDraw = False
474.1555 	EXP 	slider_cong: autoDraw = False
474.1555 	EXP 	image_blank: autoDraw = True
476.3723 	EXP 	cross_25: autoDraw = True
476.6221 	EXP 	cross_25: autoDraw = False
477.1220 	EXP 	image_blank: autoDraw = False
477.1220 	EXP 	cross_25: autoDraw = False
477.1220 	EXP 	image_blank: autoDraw = False
477.1220 	EXP 	image_scene_encode: image = 'Scenes_Dataset/skate_park_A.jpg'
477.1220 	EXP 	image_object_encode: image = 'Objects_Dataset/paddle.png'
477.1220 	EXP 	slider_cong: markerPos = None
477.1220 	EXP 	slider_cong: markerPos = None
477.1220 	EXP 	image_scene_encode: autoDraw = True
477.1220 	EXP 	image_object_encode: autoDraw = True
479.5887 	INFO 	Keyboard events cleared
479.5886 	EXP 	text_rating: autoDraw = True
479.5886 	EXP 	slider_cong: autoDraw = True
480.3896 	DATA 	Keypress: num_1
482.1053 	EXP 	text_rating: autoDraw = False
482.1053 	EXP 	slider_cong: autoDraw = False
482.1063 	EXP 	New trial (rep=0, index=49): <Trial 49 (49 in rep 0) data={'Index': 1, 'Scene': 'Scenes_Dataset/office_work_A.jpg', 'Scene_Size': (600, 470), 'Condition_Encode': 'Congruent', 'Object_Encode': 'Objects_Dataset/staple_puller_retouched.png', 'Object_Size': (400, 400), 'Condition_Old': 'old', 'Correct_Key_Old': 'left', 'Obj_Lure': 'Objects_Dataset/clock.png', 'Lure_size': (250, 248), 'Target_pos': (300, -200), 'Lure_pos': (300, 200), 'Correct_key_AFC': 'down', 'jitter_ITI': 2, 'thisN': 49, 'thisTrialN': 49, 'thisRepN': 0}>
482.1222 	EXP 	image_scene_encode: autoDraw = False
482.1222 	EXP 	image_object_encode: autoDraw = False
482.1222 	EXP 	text_rating: autoDraw = False
482.1222 	EXP 	slider_cong: autoDraw = False
482.1222 	EXP 	image_blank: autoDraw = True
484.1225 	EXP 	image_blank: autoDraw = False
484.3390 	EXP 	cross_25: autoDraw = True
484.5938 	EXP 	cross_25: autoDraw = False
484.5938 	EXP 	cross_25: autoDraw = False
484.5938 	EXP 	image_blank: autoDraw = False
484.5938 	EXP 	image_scene_encode: image = 'Scenes_Dataset/office_work_A.jpg'
484.5938 	EXP 	image_object_encode: image = 'Objects_Dataset/staple_puller_retouched.png'
484.5938 	EXP 	slider_cong: markerPos = None
484.5938 	EXP 	slider_cong: markerPos = None
484.5938 	EXP 	image_scene_encode: autoDraw = True
484.5938 	EXP 	image_object_encode: autoDraw = True
487.0722 	INFO 	Keyboard events cleared
487.0721 	EXP 	text_rating: autoDraw = True
487.0721 	EXP 	slider_cong: autoDraw = True
487.4730 	DATA 	Keypress: num_3
489.5746 	EXP 	text_rating: autoDraw = False
489.5746 	EXP 	slider_cong: autoDraw = False
489.5756 	EXP 	New trial (rep=0, index=50): <Trial 50 (50 in rep 0) data={'Index': 20, 'Scene': 'Scenes_Dataset/basketball_field_A.jpg', 'Scene_Size': (600, 399), 'Condition_Encode': 'Congruent', 'Object_Encode': 'Objects_Dataset/whistle.png', 'Object_Size': (200, 151), 'Condition_Old': 'old', 'Correct_Key_Old': 'left', 'Obj_Lure': 'Objects_Dataset/basketball.png', 'Lure_size': (282, 300), 'Target_pos': (300, -200), 'Lure_pos': (300, 200), 'Correct_key_AFC': 'down', 'jitter_ITI': 2.95, 'thisN': 50, 'thisTrialN': 50, 'thisRepN': 0}>
489.5891 	EXP 	image_scene_encode: autoDraw = False
489.5891 	EXP 	image_object_encode: autoDraw = False
489.5891 	EXP 	text_rating: autoDraw = False
489.5891 	EXP 	slider_cong: autoDraw = False
489.5891 	EXP 	image_blank: autoDraw = True
491.8224 	EXP 	cross_25: autoDraw = True
492.0738 	EXP 	cross_25: autoDraw = False
492.5425 	EXP 	image_blank: autoDraw = False
492.5425 	EXP 	cross_25: autoDraw = False
492.5425 	EXP 	image_blank: autoDraw = False
492.5425 	EXP 	image_scene_encode: image = 'Scenes_Dataset/basketball_field_A.jpg'
492.5425 	EXP 	image_object_encode: image = 'Objects_Dataset/whistle.png'
492.5425 	EXP 	slider_cong: markerPos = None
492.5425 	EXP 	slider_cong: markerPos = None
492.5425 	EXP 	image_scene_encode: autoDraw = True
492.5425 	EXP 	image_object_encode: autoDraw = True
495.0223 	INFO 	Keyboard events cleared
495.0223 	EXP 	text_rating: autoDraw = True
495.0223 	EXP 	slider_cong: autoDraw = True
495.6899 	DATA 	Keypress: num_3
497.5224 	EXP 	text_rating: autoDraw = False
497.5224 	EXP 	slider_cong: autoDraw = False
497.5407 	EXP 	New trial (rep=0, index=51): <Trial 51 (51 in rep 0) data={'Index': 6, 'Scene': 'Scenes_Dataset/stationary_store_A.jpg', 'Scene_Size': (600, 370), 'Condition_Encode': 'Congruent', 'Object_Encode': 'Objects_Dataset/stapler.png', 'Object_Size': (250, 178), 'Condition_Old': 'old', 'Correct_Key_Old': 'left', 'Obj_Lure': 'Objects_Dataset/envelope_retouched.png', 'Lure_size': (250, 211), 'Target_pos': (300, -200), 'Lure_pos': (300, 200), 'Correct_key_AFC': 'down', 'jitter_ITI': 2.25, 'thisN': 51, 'thisTrialN': 51, 'thisRepN': 0}>
497.5558 	EXP 	image_scene_encode: autoDraw = False
497.5558 	EXP 	image_object_encode: autoDraw = False
497.5558 	EXP 	text_rating: autoDraw = False
497.5558 	EXP 	slider_cong: autoDraw = False
497.5558 	EXP 	image_blank: autoDraw = True
499.7726 	EXP 	cross_25: autoDraw = True
499.8059 	EXP 	image_blank: autoDraw = False
500.0277 	EXP 	cross_25: autoDraw = False
500.0277 	EXP 	cross_25: autoDraw = False
500.0277 	EXP 	image_blank: autoDraw = False
500.0277 	EXP 	image_scene_encode: image = 'Scenes_Dataset/stationary_store_A.jpg'
500.0277 	EXP 	image_object_encode: image = 'Objects_Dataset/stapler.png'
500.0277 	EXP 	slider_cong: markerPos = None
500.0277 	EXP 	slider_cong: markerPos = None
500.0277 	EXP 	image_scene_encode: autoDraw = True
500.0277 	EXP 	image_object_encode: autoDraw = True
502.5057 	INFO 	Keyboard events cleared
502.5056 	EXP 	text_rating: autoDraw = True
502.5056 	EXP 	slider_cong: autoDraw = True
503.2396 	DATA 	Keypress: num_3
505.0059 	EXP 	text_rating: autoDraw = False
505.0059 	EXP 	slider_cong: autoDraw = False
505.0243 	EXP 	New trial (rep=0, index=52): <Trial 52 (52 in rep 0) data={'Index': 23, 'Scene': 'Scenes_Dataset/desert_A.jpg', 'Scene_Size': (600, 375), 'Condition_Encode': 'Congruent', 'Object_Encode': 'Objects_Dataset/cactus.png', 'Object_Size': (300, 248), 'Condition_Old': 'old', 'Correct_Key_Old': 'left', 'Obj_Lure': 'Objects_Dataset/canteen.png', 'Lure_size': (150, 250), 'Target_pos': (300, -200), 'Lure_pos': (300, 200), 'Correct_key_AFC': 'down', 'jitter_ITI': 3.1, 'thisN': 52, 'thisTrialN': 52, 'thisRepN': 0}>
505.0394 	EXP 	image_scene_encode: autoDraw = False
505.0394 	EXP 	image_object_encode: autoDraw = False
505.0394 	EXP 	text_rating: autoDraw = False
505.0394 	EXP 	slider_cong: autoDraw = False
505.0394 	EXP 	image_blank: autoDraw = True
507.2559 	EXP 	cross_25: autoDraw = True
507.5083 	EXP 	cross_25: autoDraw = False
508.1419 	EXP 	image_blank: autoDraw = False
508.1419 	EXP 	cross_25: autoDraw = False
508.1419 	EXP 	image_blank: autoDraw = False
508.1419 	EXP 	image_scene_encode: image = 'Scenes_Dataset/desert_A.jpg'
508.1419 	EXP 	image_object_encode: image = 'Objects_Dataset/cactus.png'
508.1419 	EXP 	slider_cong: markerPos = None
508.1419 	EXP 	slider_cong: markerPos = None
508.1419 	EXP 	image_scene_encode: autoDraw = True
508.1419 	EXP 	image_object_encode: autoDraw = True
510.6226 	INFO 	Keyboard events cleared
510.6225 	EXP 	text_rating: autoDraw = True
510.6225 	EXP 	slider_cong: autoDraw = True
511.6897 	DATA 	Keypress: num_2
513.1226 	EXP 	text_rating: autoDraw = False
513.1226 	EXP 	slider_cong: autoDraw = False
513.1410 	EXP 	New trial (rep=0, index=53): <Trial 53 (53 in rep 0) data={'Index': 21, 'Scene': 'Scenes_Dataset/pharmacy_A.jpg', 'Scene_Size': (600, 461), 'Condition_Encode': 'Congruent', 'Object_Encode': 'Objects_Dataset/pills.png', 'Object_Size': (216, 250), 'Condition_Old': 'old', 'Correct_Key_Old': 'left', 'Obj_Lure': 'Objects_Dataset/thermometer.png', 'Lure_size': (300, 199), 'Target_pos': (300, -200), 'Lure_pos': (300, 200), 'Correct_key_AFC': 'down', 'jitter_ITI': 3, 'thisN': 53, 'thisTrialN': 53, 'thisRepN': 0}>
513.1559 	EXP 	image_scene_encode: autoDraw = False
513.1559 	EXP 	image_object_encode: autoDraw = False
513.1559 	EXP 	text_rating: autoDraw = False
513.1559 	EXP 	slider_cong: autoDraw = False
513.1559 	EXP 	image_blank: autoDraw = True
515.3728 	EXP 	cross_25: autoDraw = True
515.6235 	EXP 	cross_25: autoDraw = False
516.1598 	EXP 	image_blank: autoDraw = False
516.1598 	EXP 	cross_25: autoDraw = False
516.1598 	EXP 	image_blank: autoDraw = False
516.1598 	EXP 	image_scene_encode: image = 'Scenes_Dataset/pharmacy_A.jpg'
516.1598 	EXP 	image_object_encode: image = 'Objects_Dataset/pills.png'
516.1598 	EXP 	slider_cong: markerPos = None
516.1598 	EXP 	slider_cong: markerPos = None
516.1598 	EXP 	image_scene_encode: autoDraw = True
516.1598 	EXP 	image_object_encode: autoDraw = True
518.6395 	INFO 	Keyboard events cleared
518.6394 	EXP 	text_rating: autoDraw = True
518.6394 	EXP 	slider_cong: autoDraw = True
519.0898 	DATA 	Keypress: num_3
521.1397 	EXP 	text_rating: autoDraw = False
521.1397 	EXP 	slider_cong: autoDraw = False
521.1578 	EXP 	New trial (rep=0, index=54): <Trial 54 (54 in rep 0) data={'Index': 51, 'Scene': 'Scenes_Dataset/clinic_A.jpg', 'Scene_Size': (600, 400), 'Condition_Encode': 'Incongruent', 'Object_Encode': 'Objects_Dataset/juggling_balls_retouched.png', 'Object_Size': (350, 197), 'Condition_Old': 'old', 'Correct_Key_Old': 'left', 'Obj_Lure': 'Objects_Dataset/sled_retouched.png', 'Lure_size': (450, 286), 'Target_pos': (300, 200), 'Lure_pos': (300, -200), 'Correct_key_AFC': 'up', 'jitter_ITI': 3.2, 'thisN': 54, 'thisTrialN': 54, 'thisRepN': 0}>
521.1728 	EXP 	image_scene_encode: autoDraw = False
521.1728 	EXP 	image_object_encode: autoDraw = False
521.1728 	EXP 	text_rating: autoDraw = False
521.1728 	EXP 	slider_cong: autoDraw = False
521.1728 	EXP 	image_blank: autoDraw = True
523.3895 	EXP 	cross_25: autoDraw = True
523.6398 	EXP 	cross_25: autoDraw = False
524.3762 	EXP 	image_blank: autoDraw = False
524.3762 	EXP 	cross_25: autoDraw = False
524.3762 	EXP 	image_blank: autoDraw = False
524.3762 	EXP 	image_scene_encode: image = 'Scenes_Dataset/clinic_A.jpg'
524.3762 	EXP 	image_object_encode: image = 'Objects_Dataset/juggling_balls_retouched.png'
524.3762 	EXP 	slider_cong: markerPos = None
524.3762 	EXP 	slider_cong: markerPos = None
524.3762 	EXP 	image_scene_encode: autoDraw = True
524.3762 	EXP 	image_object_encode: autoDraw = True
526.8561 	INFO 	Keyboard events cleared
526.8561 	EXP 	text_rating: autoDraw = True
526.8561 	EXP 	slider_cong: autoDraw = True
527.5399 	DATA 	Keypress: num_1
529.3729 	EXP 	text_rating: autoDraw = False
529.3729 	EXP 	slider_cong: autoDraw = False
529.3742 	EXP 	New trial (rep=0, index=55): <Trial 55 (55 in rep 0) data={'Index': 57, 'Scene': 'Scenes_Dataset/road_A.jpg', 'Scene_Size': (600, 450), 'Condition_Encode': 'Incongruent', 'Object_Encode': 'Objects_Dataset/wine_cork.png', 'Object_Size': (250, 163), 'Condition_Old': 'old', 'Correct_Key_Old': 'left', 'Obj_Lure': 'Objects_Dataset/locker.png', 'Lure_size': (264, 400), 'Target_pos': (300, 200), 'Lure_pos': (300, -200), 'Correct_key_AFC': 'up', 'jitter_ITI': 2.2, 'thisN': 55, 'thisTrialN': 55, 'thisRepN': 0}>
529.3896 	EXP 	image_scene_encode: autoDraw = False
529.3896 	EXP 	image_object_encode: autoDraw = False
529.3896 	EXP 	text_rating: autoDraw = False
529.3896 	EXP 	slider_cong: autoDraw = False
529.3896 	EXP 	image_blank: autoDraw = True
531.5896 	EXP 	image_blank: autoDraw = False
531.6062 	EXP 	cross_25: autoDraw = True
531.8641 	EXP 	cross_25: autoDraw = False
531.8641 	EXP 	cross_25: autoDraw = False
531.8641 	EXP 	image_blank: autoDraw = False
531.8641 	EXP 	image_scene_encode: image = 'Scenes_Dataset/road_A.jpg'
531.8641 	EXP 	image_object_encode: image = 'Objects_Dataset/wine_cork.png'
531.8641 	EXP 	slider_cong: markerPos = None
531.8641 	EXP 	slider_cong: markerPos = None
531.8641 	EXP 	image_scene_encode: autoDraw = True
531.8641 	EXP 	image_object_encode: autoDraw = True
534.3407 	INFO 	Keyboard events cleared
534.3406 	EXP 	text_rating: autoDraw = True
534.3406 	EXP 	slider_cong: autoDraw = True
535.0069 	DATA 	Keypress: num_1
536.8398 	EXP 	text_rating: autoDraw = False
536.8398 	EXP 	slider_cong: autoDraw = False
536.8592 	EXP 	New trial (rep=0, index=56): <Trial 56 (56 in rep 0) data={'Index': 29, 'Scene': 'Scenes_Dataset/pool_B.jpg', 'Scene_Size': (600, 450), 'Condition_Encode': 'Congruent', 'Object_Encode': 'Objects_Dataset/slippers.png', 'Object_Size': (280, 300), 'Condition_Old': 'old', 'Correct_Key_Old': 'left', 'Obj_Lure': 'Objects_Dataset/bikini.png', 'Lure_size': (350, 350), 'Target_pos': (300, -200), 'Lure_pos': (300, 200), 'Correct_key_AFC': 'down', 'jitter_ITI': 2.1, 'thisN': 56, 'thisTrialN': 56, 'thisRepN': 0}>
536.8731 	EXP 	image_scene_encode: autoDraw = False
536.8731 	EXP 	image_object_encode: autoDraw = False
536.8731 	EXP 	text_rating: autoDraw = False
536.8731 	EXP 	slider_cong: autoDraw = False
536.8731 	EXP 	image_blank: autoDraw = True
538.9732 	EXP 	image_blank: autoDraw = False
539.0898 	EXP 	cross_25: autoDraw = True
539.3413 	EXP 	cross_25: autoDraw = False
539.3413 	EXP 	cross_25: autoDraw = False
539.3413 	EXP 	image_blank: autoDraw = False
539.3413 	EXP 	image_scene_encode: image = 'Scenes_Dataset/pool_B.jpg'
539.3413 	EXP 	image_object_encode: image = 'Objects_Dataset/slippers.png'
539.3413 	EXP 	slider_cong: markerPos = None
539.3413 	EXP 	slider_cong: markerPos = None
539.3413 	EXP 	image_scene_encode: autoDraw = True
539.3413 	EXP 	image_object_encode: autoDraw = True
541.8230 	INFO 	Keyboard events cleared
541.8229 	EXP 	text_rating: autoDraw = True
541.8229 	EXP 	slider_cong: autoDraw = True
542.2906 	DATA 	Keypress: num_3
544.3231 	EXP 	text_rating: autoDraw = False
544.3231 	EXP 	slider_cong: autoDraw = False
544.3415 	EXP 	New trial (rep=0, index=57): <Trial 57 (57 in rep 0) data={'Index': 17, 'Scene': 'Scenes_Dataset/stage_A.jpg', 'Scene_Size': (600, 396), 'Condition_Encode': 'Congruent', 'Object_Encode': 'Objects_Dataset/saxophone.png', 'Object_Size': (250, 250), 'Condition_Old': 'old', 'Correct_Key_Old': 'left', 'Obj_Lure': 'Objects_Dataset/digital_piano_retouched.png', 'Lure_size': (350, 350), 'Target_pos': (300, -200), 'Lure_pos': (300, 200), 'Correct_key_AFC': 'down', 'jitter_ITI': 2.8, 'thisN': 57, 'thisTrialN': 57, 'thisRepN': 0}>
544.3565 	EXP 	image_scene_encode: autoDraw = False
544.3565 	EXP 	image_object_encode: autoDraw = False
544.3565 	EXP 	text_rating: autoDraw = False
544.3565 	EXP 	slider_cong: autoDraw = False
544.3565 	EXP 	image_blank: autoDraw = True
546.5750 	EXP 	cross_25: autoDraw = True
546.8399 	EXP 	cross_25: autoDraw = False
547.1619 	EXP 	image_blank: autoDraw = False
547.1619 	EXP 	cross_25: autoDraw = False
547.1619 	EXP 	image_blank: autoDraw = False
547.1619 	EXP 	image_scene_encode: image = 'Scenes_Dataset/stage_A.jpg'
547.1619 	EXP 	image_object_encode: image = 'Objects_Dataset/saxophone.png'
547.1619 	EXP 	slider_cong: markerPos = None
547.1619 	EXP 	slider_cong: markerPos = None
547.1619 	EXP 	image_scene_encode: autoDraw = True
547.1619 	EXP 	image_object_encode: autoDraw = True
549.6396 	INFO 	Keyboard events cleared
549.6396 	EXP 	text_rating: autoDraw = True
549.6396 	EXP 	slider_cong: autoDraw = True
550.6406 	DATA 	Keypress: num_2
552.1397 	EXP 	text_rating: autoDraw = False
552.1397 	EXP 	slider_cong: autoDraw = False
552.1585 	EXP 	New trial (rep=0, index=58): <Trial 58 (58 in rep 0) data={'Index': 11, 'Scene': 'Scenes_Dataset/airplane_interior_A.jpg', 'Scene_Size': (600, 480), 'Condition_Encode': 'Congruent', 'Object_Encode': 'Objects_Dataset/oxygen_mask_retouched.png', 'Object_Size': (300, 300), 'Condition_Old': 'old', 'Correct_Key_Old': 'left', 'Obj_Lure': 'Objects_Dataset/airplane_belt.png', 'Lure_size': (300, 249), 'Target_pos': (300, -200), 'Lure_pos': (300, 200), 'Correct_key_AFC': 'down', 'jitter_ITI': 2.5, 'thisN': 58, 'thisTrialN': 58, 'thisRepN': 0}>
552.1733 	EXP 	image_scene_encode: autoDraw = False
552.1733 	EXP 	image_object_encode: autoDraw = False
552.1733 	EXP 	text_rating: autoDraw = False
552.1733 	EXP 	slider_cong: autoDraw = False
552.1733 	EXP 	image_blank: autoDraw = True
554.3915 	EXP 	cross_25: autoDraw = True
554.6566 	EXP 	cross_25: autoDraw = False
554.6800 	EXP 	image_blank: autoDraw = False
554.6800 	EXP 	cross_25: autoDraw = False
554.6800 	EXP 	image_blank: autoDraw = False
554.6800 	EXP 	image_scene_encode: image = 'Scenes_Dataset/airplane_interior_A.jpg'
554.6800 	EXP 	image_object_encode: image = 'Objects_Dataset/oxygen_mask_retouched.png'
554.6800 	EXP 	slider_cong: markerPos = None
554.6800 	EXP 	slider_cong: markerPos = None
554.6800 	EXP 	image_scene_encode: autoDraw = True
554.6800 	EXP 	image_object_encode: autoDraw = True
557.1563 	INFO 	Keyboard events cleared
557.1563 	EXP 	text_rating: autoDraw = True
557.1563 	EXP 	slider_cong: autoDraw = True
557.5446 	DATA 	Keypress: num_3
559.6566 	EXP 	text_rating: autoDraw = False
559.6566 	EXP 	slider_cong: autoDraw = False
559.6751 	EXP 	New trial (rep=0, index=59): <Trial 59 (59 in rep 0) data={'Index': 36, 'Scene': 'Scenes_Dataset/stable_A.jpg', 'Scene_Size': (600, 450), 'Condition_Encode': 'Incongruent', 'Object_Encode': 'Objects_Dataset/remote_control.png', 'Object_Size': (300, 293), 'Condition_Old': 'old', 'Correct_Key_Old': 'left', 'Obj_Lure': 'Objects_Dataset/sword_retouched.png', 'Lure_size': (300, 300), 'Target_pos': (300, 200), 'Lure_pos': (300, -200), 'Correct_key_AFC': 'up', 'jitter_ITI': 2.45, 'thisN': 59, 'thisTrialN': 59, 'thisRepN': 0}>
559.6900 	EXP 	image_scene_encode: autoDraw = False
559.6900 	EXP 	image_object_encode: autoDraw = False
559.6900 	EXP 	text_rating: autoDraw = False
559.6900 	EXP 	slider_cong: autoDraw = False
559.6900 	EXP 	image_blank: autoDraw = True
561.9067 	EXP 	cross_25: autoDraw = True
562.1402 	EXP 	image_blank: autoDraw = False
562.1630 	EXP 	cross_25: autoDraw = False
562.1630 	EXP 	cross_25: autoDraw = False
562.1630 	EXP 	image_blank: autoDraw = False
562.1630 	EXP 	image_scene_encode: image = 'Scenes_Dataset/stable_A.jpg'
562.1630 	EXP 	image_object_encode: image = 'Objects_Dataset/remote_control.png'
562.1630 	EXP 	slider_cong: markerPos = None
562.1630 	EXP 	slider_cong: markerPos = None
562.1630 	EXP 	image_scene_encode: autoDraw = True
562.1630 	EXP 	image_object_encode: autoDraw = True
564.6396 	INFO 	Keyboard events cleared
564.6395 	EXP 	text_rating: autoDraw = True
564.6395 	EXP 	slider_cong: autoDraw = True
565.2071 	DATA 	Keypress: num_1
567.1569 	EXP 	text_rating: autoDraw = False
567.1569 	EXP 	slider_cong: autoDraw = False
567.1732 	EXP 	image_scene_encode: autoDraw = False
567.1732 	EXP 	image_object_encode: autoDraw = False
567.1732 	EXP 	text_rating: autoDraw = False
567.1732 	EXP 	slider_cong: autoDraw = False
567.1732 	EXP 	text_pausa1: autoDraw = True
572.3569 	EXP 	Created unnamed TextStim = TextStim(__class__=<class 'psychopy.visual.text.TextStim'>, alignHoriz=method-wrapper(...), alignText='center', alignVert=method-wrapper(...), anchorHoriz='center', anchorVert='center', antialias=True, autoDraw=False, autoLog=True, bold=False, color=array([1., 1., 1.]), colorSpace='rgb', contrast=1.0, depth=0, draggable=False, flipHoriz=False, flipVert=False, font='', fontFiles=[], height=0.05, italic=False, languageStyle='LTR', name='unnamed TextStim', opacity=1.0, ori=0.0, pos=array([0., 0.]), rgb=UNKNOWN, text=str(...), units='height', win=Window(...), wrapWidth=1.75)
572.3648 	EXP 	Created unnamed TextStim = TextStim(__class__=<class 'psychopy.visual.text.TextStim'>, alignHoriz=method-wrapper(...), alignText='center', alignVert=method-wrapper(...), anchorHoriz='center', anchorVert='center', antialias=True, autoDraw=False, autoLog=True, bold=False, color=array([1., 1., 1.]), colorSpace='rgb', contrast=1.0, depth=0, draggable=False, flipHoriz=False, flipVert=False, font='', fontFiles=[], height=0.25, italic=False, languageStyle='LTR', name='unnamed TextStim', opacity=1.0, ori=0.0, pos=array([0., 0.]), rgb=UNKNOWN, text='+', units='height', win=Window(...), wrapWidth=1)
572.3654 	EXP 	Created unnamed TextStim = TextStim(__class__=<class 'psychopy.visual.text.TextStim'>, alignHoriz=method-wrapper(...), alignText='center', alignVert=method-wrapper(...), anchorHoriz='center', anchorVert='center', antialias=True, autoDraw=False, autoLog=True, bold=False, color=array([1., 1., 1.]), colorSpace='rgb', contrast=1.0, depth=0, draggable=False, flipHoriz=False, flipVert=False, font='', fontFiles=[], height=0.07, italic=False, languageStyle='LTR', name='unnamed TextStim', opacity=1.0, ori=0.0, pos=array([0., 0.]), rgb=UNKNOWN, text='', units='height', win=Window(...), wrapWidth=1)
572.3703 	EXP 	Created unnamed ImageStim = ImageStim(__class__=<class 'psychopy.visual.image.ImageStim'>, anchor=('center', 'center'), autoLog=True, color=array([1., 1., 1.]), colorSpace='rgb', contrast=1.0, depth=0, draggable=False, flipHoriz=False, flipVert=False, image='go_nogo_stim\\Go_stim_1.png', interpolate=False, mask=None, maskParams=None, name='unnamed ImageStim', opacity=1, ori=0.0, pos=array([0., 0.]), size=array([0.7, 0.7]), texRes=128, units='height', win=Window(...))
572.3750 	EXP 	Created unnamed ImageStim = ImageStim(__class__=<class 'psychopy.visual.image.ImageStim'>, anchor=('center', 'center'), autoLog=True, color=array([1., 1., 1.]), colorSpace='rgb', contrast=1.0, depth=0, draggable=False, flipHoriz=False, flipVert=False, image='go_nogo_stim\\Go_stim_2.png', interpolate=False, mask=None, maskParams=None, name='unnamed ImageStim', opacity=1, ori=0.0, pos=array([0., 0.]), size=array([0.7, 0.7]), texRes=128, units='height', win=Window(...))
572.3799 	EXP 	Created unnamed ImageStim = ImageStim(__class__=<class 'psychopy.visual.image.ImageStim'>, anchor=('center', 'center'), autoLog=True, color=array([1., 1., 1.]), colorSpace='rgb', contrast=1.0, depth=0, draggable=False, flipHoriz=False, flipVert=False, image='go_nogo_stim\\Go_stim_3.png', interpolate=False, mask=None, maskParams=None, name='unnamed ImageStim', opacity=1, ori=0.0, pos=array([0., 0.]), size=array([0.7, 0.7]), texRes=128, units='height', win=Window(...))
572.3848 	EXP 	Created unnamed ImageStim = ImageStim(__class__=<class 'psychopy.visual.image.ImageStim'>, anchor=('center', 'center'), autoLog=True, color=array([1., 1., 1.]), colorSpace='rgb', contrast=1.0, depth=0, draggable=False, flipHoriz=False, flipVert=False, image='go_nogo_stim\\Go_stim_4.png', interpolate=False, mask=None, maskParams=None, name='unnamed ImageStim', opacity=1, ori=0.0, pos=array([0., 0.]), size=array([0.7, 0.7]), texRes=128, units='height', win=Window(...))
572.3895 	EXP 	Created unnamed ImageStim = ImageStim(__class__=<class 'psychopy.visual.image.ImageStim'>, anchor=('center', 'center'), autoLog=True, color=array([1., 1., 1.]), colorSpace='rgb', contrast=1.0, depth=0, draggable=False, flipHoriz=False, flipVert=False, image='go_nogo_stim\\NoGo_stim.png', interpolate=False, mask=None, maskParams=None, name='unnamed ImageStim', opacity=1, ori=0.0, pos=array([0., 0.]), size=array([0.7, 0.7]), texRes=128, units='height', win=Window(...))
572.3901 	DATA 	Keypress: space
572.3939 	EXP 	text_pausa1: autoDraw = False
574.5416 	DATA 	Keypress: space
574.5476 	EXP 	Created unnamed TextStim = TextStim(__class__=<class 'psychopy.visual.text.TextStim'>, alignHoriz=method-wrapper(...), alignText='center', alignVert=method-wrapper(...), anchorHoriz='center', anchorVert='center', antialias=True, autoDraw=False, autoLog=True, bold=False, color=array([1., 1., 1.]), colorSpace='rgb', contrast=1.0, depth=0, draggable=False, flipHoriz=False, flipVert=False, font='', fontFiles=[], height=0.06, italic=False, languageStyle='LTR', name='unnamed TextStim', opacity=1.0, ori=0.0, pos=array([0. , 0.4]), rgb=UNKNOWN, text='INSTRUÇÕES', units='height', win=Window(...), wrapWidth=1)
574.5528 	EXP 	Created unnamed TextStim = TextStim(__class__=<class 'psychopy.visual.text.TextStim'>, alignHoriz=method-wrapper(...), alignText='center', alignVert=method-wrapper(...), anchorHoriz='center', anchorVert='center', antialias=True, autoDraw=False, autoLog=True, bold=False, color=array([1., 1., 1.]), colorSpace='rgb', contrast=1.0, depth=0, draggable=False, flipHoriz=False, flipVert=False, font='', fontFiles=[], height=0.05, italic=False, languageStyle='LTR', name='unnamed TextStim', opacity=1.0, ori=0.0, pos=array([0. , 0.3]), rgb=UNKNOWN, text='PRIMA ESPAÇO quando vir:', units='height', win=Window(...), wrapWidth=1)
574.5581 	EXP 	Created unnamed ImageStim = ImageStim(__class__=<class 'psychopy.visual.image.ImageStim'>, anchor=('center', 'center'), autoLog=True, color=array([1., 1., 1.]), colorSpace='rgb', contrast=1.0, depth=0, draggable=False, flipHoriz=False, flipVert=False, image='go_nogo_stim\\Go_stim_1.png', interpolate=False, mask=None, maskParams=None, name='unnamed ImageStim', opacity=1, ori=0.0, pos=array([-0.4 ,  0.15]), size=array([0.25, 0.25]), texRes=128, units='height', win=Window(...))
574.5630 	EXP 	Created unnamed ImageStim = ImageStim(__class__=<class 'psychopy.visual.image.ImageStim'>, anchor=('center', 'center'), autoLog=True, color=array([1., 1., 1.]), colorSpace='rgb', contrast=1.0, depth=0, draggable=False, flipHoriz=False, flipVert=False, image='go_nogo_stim\\Go_stim_2.png', interpolate=False, mask=None, maskParams=None, name='unnamed ImageStim', opacity=1, ori=0.0, pos=array([-0.13,  0.15]), size=array([0.25, 0.25]), texRes=128, units='height', win=Window(...))
574.5679 	EXP 	Created unnamed ImageStim = ImageStim(__class__=<class 'psychopy.visual.image.ImageStim'>, anchor=('center', 'center'), autoLog=True, color=array([1., 1., 1.]), colorSpace='rgb', contrast=1.0, depth=0, draggable=False, flipHoriz=False, flipVert=False, image='go_nogo_stim\\Go_stim_3.png', interpolate=False, mask=None, maskParams=None, name='unnamed ImageStim', opacity=1, ori=0.0, pos=array([0.13, 0.15]), size=array([0.25, 0.25]), texRes=128, units='height', win=Window(...))
574.5726 	EXP 	Created unnamed ImageStim = ImageStim(__class__=<class 'psychopy.visual.image.ImageStim'>, anchor=('center', 'center'), autoLog=True, color=array([1., 1., 1.]), colorSpace='rgb', contrast=1.0, depth=0, draggable=False, flipHoriz=False, flipVert=False, image='go_nogo_stim\\Go_stim_4.png', interpolate=False, mask=None, maskParams=None, name='unnamed ImageStim', opacity=1, ori=0.0, pos=array([0.4 , 0.15]), size=array([0.25, 0.25]), texRes=128, units='height', win=Window(...))
574.5749 	EXP 	Created unnamed TextStim = TextStim(__class__=<class 'psychopy.visual.text.TextStim'>, alignHoriz=method-wrapper(...), alignText='center', alignVert=method-wrapper(...), anchorHoriz='center', anchorVert='center', antialias=True, autoDraw=False, autoLog=True, bold=False, color=array([1., 1., 1.]), colorSpace='rgb', contrast=1.0, depth=0, draggable=False, flipHoriz=False, flipVert=False, font='', fontFiles=[], height=0.05, italic=False, languageStyle='LTR', name='unnamed TextStim', opacity=1.0, ori=0.0, pos=array([ 0.  , -0.05]), rgb=UNKNOWN, text='NÃO PRIMA quando vir:', units='height', win=Window(...), wrapWidth=1)
574.5800 	EXP 	Created unnamed ImageStim = ImageStim(__class__=<class 'psychopy.visual.image.ImageStim'>, anchor=('center', 'center'), autoLog=True, color=array([1., 1., 1.]), colorSpace='rgb', contrast=1.0, depth=0, draggable=False, flipHoriz=False, flipVert=False, image='go_nogo_stim\\NoGo_stim.png', interpolate=False, mask=None, maskParams=None, name='unnamed ImageStim', opacity=1, ori=0.0, pos=array([ 0. , -0.2]), size=array([0.25, 0.25]), texRes=128, units='height', win=Window(...))
574.5861 	EXP 	Created unnamed TextStim = TextStim(__class__=<class 'psychopy.visual.text.TextStim'>, alignHoriz=method-wrapper(...), alignText='center', alignVert=method-wrapper(...), anchorHoriz='center', anchorVert='center', antialias=True, autoDraw=False, autoLog=True, bold=False, color=array([1., 1., 1.]), colorSpace='rgb', contrast=1.0, depth=0, draggable=False, flipHoriz=False, flipVert=False, font='', fontFiles=[], height=0.045, italic=False, languageStyle='LTR', name='unnamed TextStim', opacity=1.0, ori=0.0, pos=array([ 0. , -0.4]), rgb=UNKNOWN, text=str(...), units='height', win=Window(...), wrapWidth=1)
588.1333 	DATA 	Keypress: space
589.5412 	DATA 	Keypress: space
589.5474 	EXP 	unnamed TextStim: height = 0.07
589.5474 	EXP 	unnamed TextStim: height = 0.07
589.5474 	EXP 	unnamed TextStim: height = 0.07
589.5474 	EXP 	unnamed TextStim: text = '✓ Correto!'
589.5474 	EXP 	unnamed TextStim: foreColor = 'green'
592.6613 	DATA 	No keypress (maxWait exceeded)
592.6634 	EXP 	unnamed TextStim: text = '✓ Correto!'
592.6634 	EXP 	unnamed TextStim: foreColor = 'green'
595.3414 	DATA 	Keypress: space
595.3435 	EXP 	unnamed TextStim: text = '✓ Correto!'
595.3435 	EXP 	unnamed TextStim: foreColor = 'green'
597.9572 	DATA 	Keypress: space
597.9594 	EXP 	unnamed TextStim: text = '✓ Correto!'
597.9594 	EXP 	unnamed TextStim: foreColor = 'green'
601.0709 	DATA 	No keypress (maxWait exceeded)
601.0748 	EXP 	unnamed TextStim: text = '✓ Correto!'
601.0748 	EXP 	unnamed TextStim: foreColor = 'green'
603.6611 	DATA 	Keypress: space
603.6632 	EXP 	unnamed TextStim: text = '✓ Correto!'
603.6632 	EXP 	unnamed TextStim: foreColor = 'green'
604.9885 	EXP 	Created unnamed TextStim = TextStim(__class__=<class 'psychopy.visual.text.TextStim'>, alignHoriz=method-wrapper(...), alignText='center', alignVert=method-wrapper(...), anchorHoriz='center', anchorVert='center', antialias=True, autoDraw=False, autoLog=True, bold=False, color=array([1., 1., 1.]), colorSpace='rgb', contrast=1.0, depth=0, draggable=False, flipHoriz=False, flipVert=False, font='', fontFiles=[], height=0.05, italic=False, languageStyle='LTR', name='unnamed TextStim', opacity=1.0, ori=0.0, pos=array([0., 0.]), rgb=UNKNOWN, text=str(...), units='height', win=Window(...), wrapWidth=1)
606.7331 	DATA 	Keypress: space
607.7571 	DATA 	Keypress: space
609.3331 	DATA 	Keypress: space
610.9017 	DATA 	Keypress: space
612.5414 	DATA 	Keypress: space
614.1974 	DATA 	Keypress: space
615.8694 	DATA 	Keypress: space
617.4373 	DATA 	Keypress: space
619.1333 	DATA 	Keypress: space
620.5891 	DATA 	Keypress: space
622.3731 	DATA 	Keypress: space
623.6772 	DATA 	Keypress: space
625.1333 	DATA 	Keypress: space
626.5813 	DATA 	Keypress: space
627.9654 	DATA 	Keypress: space
629.4221 	DATA 	Keypress: space
631.3093 	DATA 	Keypress: space
632.9092 	DATA 	Keypress: space
634.9568 	DATA 	No keypress (maxWait exceeded)
636.3733 	DATA 	Keypress: space
638.2062 	DATA 	Keypress: space
639.6215 	DATA 	Keypress: space
641.8675 	DATA 	No keypress (maxWait exceeded)
643.6773 	DATA 	Keypress: space
645.2371 	DATA 	Keypress: space
647.2165 	DATA 	No keypress (maxWait exceeded)
648.8940 	DATA 	Keypress: space
650.4213 	DATA 	Keypress: space
651.9573 	DATA 	Keypress: space
653.6291 	DATA 	Keypress: space
655.2611 	DATA 	Keypress: space
657.3654 	DATA 	No keypress (maxWait exceeded)
658.7895 	DATA 	Keypress: space
660.7260 	DATA 	No keypress (maxWait exceeded)
662.2294 	DATA 	Keypress: space
663.8300 	DATA 	Keypress: space
665.6694 	DATA 	Keypress: space
667.7461 	DATA 	No keypress (maxWait exceeded)
669.2053 	DATA 	Keypress: space
671.0772 	DATA 	Keypress: space
673.1197 	DATA 	No keypress (maxWait exceeded)
674.5896 	DATA 	Keypress: space
676.1495 	DATA 	Keypress: space
677.9014 	DATA 	Keypress: space
679.8292 	DATA 	Keypress: space
682.1186 	DATA 	No keypress (maxWait exceeded)
683.4933 	DATA 	Keypress: space
684.9413 	DATA 	Keypress: space
686.4775 	DATA 	Keypress: space
688.6927 	DATA 	No keypress (maxWait exceeded)
690.2455 	DATA 	Keypress: space
692.5171 	DATA 	No keypress (maxWait exceeded)
693.9814 	DATA 	Keypress: space
695.6138 	DATA 	Keypress: space
697.2294 	DATA 	Keypress: space
698.7014 	DATA 	Keypress: space
700.0774 	DATA 	Keypress: space
701.5015 	DATA 	Keypress: space
703.6887 	DATA 	No keypress (maxWait exceeded)
705.7193 	DATA 	No keypress (maxWait exceeded)
707.4613 	DATA 	Keypress: space
709.2136 	DATA 	Keypress: space
711.0292 	DATA 	Keypress: space
712.8777 	DATA 	Keypress: space
714.4300 	DATA 	Keypress: space
715.9893 	DATA 	Keypress: space
717.6695 	DATA 	Keypress: space
719.3894 	DATA 	Keypress: space
720.8935 	DATA 	Keypress: space
722.9829 	DATA 	No keypress (maxWait exceeded)
724.8051 	DATA 	Keypress: space
726.4691 	DATA 	Keypress: space
728.0613 	DATA 	Keypress: space
729.7251 	DATA 	Keypress: space
731.4051 	DATA 	Keypress: space
733.6152 	DATA 	No keypress (maxWait exceeded)
735.3182 	DATA 	Keypress: space
736.9732 	DATA 	Keypress: space
738.6933 	DATA 	Keypress: space
740.3494 	DATA 	Keypress: space
742.5959 	DATA 	No keypress (maxWait exceeded)
744.6416 	DATA 	No keypress (maxWait exceeded)
746.5994 	DATA 	No keypress (maxWait exceeded)
748.2053 	DATA 	Keypress: space
750.4845 	DATA 	No keypress (maxWait exceeded)
751.9413 	DATA 	Keypress: space
753.4132 	DATA 	Keypress: space
755.0932 	DATA 	Keypress: space
756.5251 	DATA 	Keypress: space
757.9892 	DATA 	Keypress: space
759.5653 	DATA 	Keypress: space
761.7129 	DATA 	No keypress (maxWait exceeded)
763.5256 	DATA 	Keypress: space
765.4220 	DATA 	No keypress (maxWait exceeded)
767.0611 	DATA 	Keypress: space
768.3731 	DATA 	Keypress: space
769.8533 	DATA 	Keypress: space
771.9428 	DATA 	No keypress (maxWait exceeded)
773.3331 	DATA 	Keypress: space
775.0132 	DATA 	Keypress: space
777.2656 	DATA 	No keypress (maxWait exceeded)
777.9143 	EXP 	Created unnamed TextStim = TextStim(__class__=<class 'psychopy.visual.text.TextStim'>, alignHoriz=method-wrapper(...), alignText='center', alignVert=method-wrapper(...), anchorHoriz='center', anchorVert='center', antialias=True, autoDraw=False, autoLog=True, bold=False, color=array([-1., -1., -1.]), colorSpace='rgb', contrast=1.0, depth=0, draggable=False, flipHoriz=False, flipVert=False, font='', fontFiles=[], height=0.04, italic=False, languageStyle='LTR', name='unnamed TextStim', opacity=1.0, ori=0.0, pos=array([0., 0.]), rgb=UNKNOWN, text=str(...), units='height', win=Window(...), wrapWidth=1.8)
779.7654 	DATA 	Keypress: space
779.7723 	EXP 	text_endGo: autoDraw = True
781.7769 	EXP 	text_endGo: autoDraw = False
781.7769 	EXP 	text_call: autoDraw = True
789.7773 	INFO 	Keyboard events cleared
791.7770 	EXP 	text_call: autoDraw = False
1459.9585 	DATA 	Keypress: space
1459.9706 	INFO 	Keyboard events cleared
1459.9704 	EXP 	text_endGo: autoDraw = False
1459.9704 	EXP 	text_call: autoDraw = False
1459.9704 	EXP 	text_retomar: autoDraw = True
1463.3577 	DATA 	Keypress: space
1463.3707 	INFO 	Keyboard events cleared
1463.3706 	EXP 	text_retomar: autoDraw = False
1463.3706 	EXP 	text_explain_recall: autoDraw = True
1466.5417 	DATA 	Keypress: space
1466.5543 	INFO 	Keyboard events cleared
1466.5541 	EXP 	text_explain_recall: autoDraw = False
1466.5541 	EXP 	text_explain_old_new: autoDraw = True
1497.5784 	EXP 	Imported Exemplo_old.xlsx as conditions, 4 conditions, 5 params
1497.5787 	EXP 	New trial (rep=0, index=0): <Trial 0 (0 in rep 0) data={'Index': 4, 'ex_scene_old_new': 'Scenes_Dataset/athletics_track_A', 'scene_size': (600, 450), 'condition_encode': 'new', 'jitter_ITI': 3.25, 'thisN': 0, 'thisTrialN': 0, 'thisRepN': 0}>
1497.5789 	DATA 	Keypress: space
1497.5896 	EXP 	text_explain_old_new: autoDraw = False
1497.5896 	EXP 	image_blank: autoDraw = True
1499.8384 	EXP 	cross_25: autoDraw = True
1500.0894 	EXP 	cross_25: autoDraw = False
1500.8403 	WARNING 	Requested image 'Scenes_Dataset/athletics_track_A' not found but similar filename 'Scenes_Dataset/athletics_track_A.jpg' exists. This will be used instead but changing the filename is advised.
1500.8564 	INFO 	Keyboard events cleared
1500.8563 	EXP 	image_blank: autoDraw = False
1500.8563 	EXP 	cross_25: autoDraw = False
1500.8563 	EXP 	image_blank: autoDraw = False
1500.8563 	EXP 	image_exemplo_old_new: image = 'Scenes_Dataset/athletics_track_A'
1500.8563 	EXP 	image_exemplo_old_new: autoDraw = True
1500.8563 	EXP 	text_ex_old: autoDraw = True
1503.8403 	EXP 	New trial (rep=0, index=1): <Trial 1 (1 in rep 0) data={'Index': 3, 'ex_scene_old_new': 'Scenes_Dataset/temple_A.jpg', 'scene_size': (600, 358), 'condition_encode': 'new', 'jitter_ITI': 2.5, 'thisN': 1, 'thisTrialN': 1, 'thisRepN': 0}>
1503.8561 	EXP 	image_exemplo_old_new: autoDraw = False
1503.8561 	EXP 	text_ex_old: autoDraw = False
1503.8561 	EXP 	image_blank: autoDraw = True
1503.9919 	DATA 	Keypress: left
1506.0903 	EXP 	cross_25: autoDraw = True
1506.3547 	EXP 	cross_25: autoDraw = False
1506.3743 	INFO 	Keyboard events cleared
1506.3742 	EXP 	image_blank: autoDraw = False
1506.3742 	EXP 	cross_25: autoDraw = False
1506.3742 	EXP 	image_blank: autoDraw = False
1506.3742 	EXP 	image_exemplo_old_new: image = 'Scenes_Dataset/temple_A.jpg'
1506.3742 	EXP 	image_exemplo_old_new: autoDraw = True
1506.3742 	EXP 	text_ex_old: autoDraw = True
1507.9237 	DATA 	Keypress: right
1509.3556 	EXP 	New trial (rep=0, index=2): <Trial 2 (2 in rep 0) data={'Index': 1, 'ex_scene_old_new': 'Scenes_Dataset/sky_A.jpg', 'scene_size': (600, 398), 'condition_encode': ' old', 'jitter_ITI': 2, 'thisN': 2, 'thisTrialN': 2, 'thisRepN': 0}>
1509.3732 	EXP 	image_exemplo_old_new: autoDraw = False
1509.3732 	EXP 	text_ex_old: autoDraw = False
1509.3732 	EXP 	image_blank: autoDraw = True
1511.3724 	EXP 	image_blank: autoDraw = False
1511.6080 	EXP 	cross_25: autoDraw = True
1511.8770 	INFO 	Keyboard events cleared
1511.8770 	EXP 	cross_25: autoDraw = False
1511.8770 	EXP 	cross_25: autoDraw = False
1511.8770 	EXP 	image_blank: autoDraw = False
1511.8770 	EXP 	image_exemplo_old_new: image = 'Scenes_Dataset/sky_A.jpg'
1511.8770 	EXP 	image_exemplo_old_new: autoDraw = True
1511.8770 	EXP 	text_ex_old: autoDraw = True
1514.4408 	DATA 	Keypress: left
1514.8733 	EXP 	New trial (rep=0, index=3): <Trial 3 (3 in rep 0) data={'Index': 2, 'ex_scene_old_new': 'Scenes_Dataset/painting_workshop_A.jpg', 'scene_size': (600, 450), 'condition_encode': 'old', 'jitter_ITI': 3, 'thisN': 3, 'thisTrialN': 3, 'thisRepN': 0}>
1514.8892 	EXP 	image_exemplo_old_new: autoDraw = False
1514.8892 	EXP 	text_ex_old: autoDraw = False
1514.8892 	EXP 	image_blank: autoDraw = True
1517.1224 	EXP 	cross_25: autoDraw = True
1517.3729 	EXP 	cross_25: autoDraw = False
1517.8933 	INFO 	Keyboard events cleared
1517.8933 	EXP 	image_blank: autoDraw = False
1517.8933 	EXP 	cross_25: autoDraw = False
1517.8933 	EXP 	image_blank: autoDraw = False
1517.8933 	EXP 	image_exemplo_old_new: image = 'Scenes_Dataset/painting_workshop_A.jpg'
1517.8933 	EXP 	image_exemplo_old_new: autoDraw = True
1517.8933 	EXP 	text_ex_old: autoDraw = True
1520.7569 	DATA 	Keypress: left
1520.8899 	INFO 	Keyboard events cleared
1520.8898 	EXP 	image_exemplo_old_new: autoDraw = False
1520.8898 	EXP 	text_ex_old: autoDraw = False
1520.8898 	EXP 	text_start_recall: autoDraw = True
1525.0149 	EXP 	Imported Encode_Pairs.xlsx as conditions, 90 conditions, 14 params
1525.0155 	EXP 	New trial (rep=0, index=0): <Trial 0 (0 in rep 0) data={'Index': 74, 'Scene': 'Scenes_Dataset/terrace_A.jpg', 'Scene_Size': (600, 451), 'Condition_Encode': 'Lure', 'Object_Encode': None, 'Object_Size': None, 'Condition_Old': 'new', 'Correct_Key_Old': 'right', 'Obj_Lure': None, 'Lure_size': None, 'Target_pos': None, 'Lure_pos': None, 'Correct_key_AFC': None, 'jitter_ITI': 2.8, 'thisN': 0, 'thisTrialN': 0, 'thisRepN': 0}>
1525.0158 	DATA 	Keypress: space
1525.0173 	EXP 	text_start_recall: autoDraw = False
1525.0173 	EXP 	image_blank: autoDraw = True
1527.2396 	EXP 	cross_25: autoDraw = True
1527.4894 	EXP 	cross_25: autoDraw = False
1527.8238 	INFO 	Keyboard events cleared
1527.8238 	EXP 	image_blank: autoDraw = False
1527.8238 	EXP 	cross_25: autoDraw = False
1527.8238 	EXP 	image_blank: autoDraw = False
1527.8238 	EXP 	image_old_new: image = 'Scenes_Dataset/terrace_A.jpg'
1527.8238 	EXP 	image_old_new: autoDraw = True
1527.8238 	EXP 	text_item: autoDraw = True
1530.0736 	DATA 	Keypress: right
1530.8231 	EXP 	New trial (rep=0, index=1): <Trial 1 (1 in rep 0) data={'Index': 54, 'Scene': 'Scenes_Dataset/campsite_A.jpg', 'Scene_Size': (600, 402), 'Condition_Encode': 'Incongruent', 'Object_Encode': 'Objects_Dataset/door_mat.png', 'Object_Size': (300, 300), 'Condition_Old': 'old', 'Correct_Key_Old': 'left', 'Obj_Lure': 'Objects_Dataset/remote_control.png', 'Lure_size': (300, 293), 'Target_pos': (300, 200), 'Lure_pos': (300, -200), 'Correct_key_AFC': 'up', 'jitter_ITI': 2.05, 'thisN': 1, 'thisTrialN': 1, 'thisRepN': 0}>
1530.8392 	EXP 	image_old_new: autoDraw = False
1530.8392 	EXP 	text_item: autoDraw = False
1530.8392 	EXP 	image_blank: autoDraw = True
1532.8887 	EXP 	image_blank: autoDraw = False
1533.0559 	EXP 	cross_25: autoDraw = True
1533.3215 	INFO 	Keyboard events cleared
1533.3214 	EXP 	cross_25: autoDraw = False
1533.3214 	EXP 	cross_25: autoDraw = False
1533.3214 	EXP 	image_blank: autoDraw = False
1533.3214 	EXP 	image_old_new: image = 'Scenes_Dataset/campsite_A.jpg'
1533.3214 	EXP 	image_old_new: autoDraw = True
1533.3214 	EXP 	text_item: autoDraw = True
1534.3231 	DATA 	Keypress: left
1536.3059 	EXP 	New trial (rep=0, index=2): <Trial 2 (2 in rep 0) data={'Index': 13, 'Scene': 'Scenes_Dataset/circus_A.jpg', 'Scene_Size': (600, 421), 'Condition_Encode': 'Congruent', 'Object_Encode': 'Objects_Dataset/unicycle_retouched.png', 'Object_Size': (159, 300), 'Condition_Old': 'old', 'Correct_Key_Old': 'left', 'Obj_Lure': 'Objects_Dataset/juggling_balls_retouched.png', 'Lure_size': (350, 197), 'Target_pos': (300, -200), 'Lure_pos': (300, 200), 'Correct_key_AFC': 'down', 'jitter_ITI': 2.6, 'thisN': 2, 'thisTrialN': 2, 'thisRepN': 0}>
1536.3222 	EXP 	image_old_new: autoDraw = False
1536.3222 	EXP 	text_item: autoDraw = False
1536.3222 	EXP 	image_blank: autoDraw = True
1538.5389 	EXP 	cross_25: autoDraw = True
1538.7889 	EXP 	cross_25: autoDraw = False
1538.9225 	INFO 	Keyboard events cleared
1538.9224 	EXP 	image_blank: autoDraw = False
1538.9224 	EXP 	cross_25: autoDraw = False
1538.9224 	EXP 	image_blank: autoDraw = False
1538.9224 	EXP 	image_old_new: image = 'Scenes_Dataset/circus_A.jpg'
1538.9224 	EXP 	image_old_new: autoDraw = True
1538.9224 	EXP 	text_item: autoDraw = True
1540.3572 	DATA 	Keypress: left
1541.9064 	EXP 	New trial (rep=0, index=3): <Trial 3 (3 in rep 0) data={'Index': 60, 'Scene': 'Scenes_Dataset/field_A.jpg', 'Scene_Size': (600, 403), 'Condition_Encode': 'Incongruent', 'Object_Encode': 'Objects_Dataset/computer_monitor.png', 'Object_Size': (300, 300), 'Condition_Old': 'old', 'Correct_Key_Old': 'left', 'Obj_Lure': 'Objects_Dataset/plasticine.png', 'Lure_size': (250, 167), 'Target_pos': (300, 200), 'Lure_pos': (300, -200), 'Correct_key_AFC': 'up', 'jitter_ITI': 2.35, 'thisN': 3, 'thisTrialN': 3, 'thisRepN': 0}>
1541.9222 	EXP 	image_old_new: autoDraw = False
1541.9222 	EXP 	text_item: autoDraw = False
1541.9222 	EXP 	image_old_new: autoDraw = False
1541.9222 	EXP 	text_item: autoDraw = False
1541.9222 	EXP 	image_blank: autoDraw = True
1544.1556 	EXP 	cross_25: autoDraw = True
1544.2723 	EXP 	image_blank: autoDraw = False
1544.4063 	INFO 	Keyboard events cleared
1544.4063 	EXP 	cross_25: autoDraw = False
1544.4063 	EXP 	cross_25: autoDraw = False
1544.4063 	EXP 	image_blank: autoDraw = False
1544.4063 	EXP 	image_old_new: image = 'Scenes_Dataset/field_A.jpg'
1544.4063 	EXP 	image_old_new: autoDraw = True
1544.4063 	EXP 	text_item: autoDraw = True
1545.3571 	DATA 	Keypress: left
1547.3896 	EXP 	New trial (rep=0, index=4): <Trial 4 (4 in rep 0) data={'Index': 45, 'Scene': 'Scenes_Dataset/factory_B.jpg', 'Scene_Size': (600, 415), 'Condition_Encode': 'Incongruent', 'Object_Encode': 'Objects_Dataset/shield.png', 'Object_Size': (199, 300), 'Condition_Old': 'old', 'Correct_Key_Old': 'left', 'Obj_Lure': 'Objects_Dataset/trumpet_retouched.png', 'Lure_size': (300, 122), 'Target_pos': (300, 200), 'Lure_pos': (300, -200), 'Correct_key_AFC': 'up', 'jitter_ITI': 2.9, 'thisN': 4, 'thisTrialN': 4, 'thisRepN': 0}>
1547.4055 	EXP 	image_old_new: autoDraw = False
1547.4055 	EXP 	text_item: autoDraw = False
1547.4055 	EXP 	image_old_new: autoDraw = False
1547.4055 	EXP 	text_item: autoDraw = False
1547.4055 	EXP 	image_blank: autoDraw = True
1549.6390 	EXP 	cross_25: autoDraw = True
1549.8890 	EXP 	cross_25: autoDraw = False
1550.3048 	INFO 	Keyboard events cleared
1550.3048 	EXP 	image_blank: autoDraw = False
1550.3048 	EXP 	cross_25: autoDraw = False
1550.3048 	EXP 	image_blank: autoDraw = False
1550.3048 	EXP 	image_old_new: image = 'Scenes_Dataset/factory_B.jpg'
1550.3048 	EXP 	image_old_new: autoDraw = True
1550.3048 	EXP 	text_item: autoDraw = True
1551.2570 	DATA 	Keypress: left
1553.2898 	EXP 	New trial (rep=0, index=5): <Trial 5 (5 in rep 0) data={'Index': 89, 'Scene': 'Scenes_Dataset/beach_A.jpg', 'Scene_Size': (600, 450), 'Condition_Encode': 'Lure', 'Object_Encode': None, 'Object_Size': None, 'Condition_Old': 'new', 'Correct_Key_Old': 'right', 'Obj_Lure': None, 'Lure_size': None, 'Target_pos': None, 'Lure_pos': None, 'Correct_key_AFC': None, 'jitter_ITI': 2.25, 'thisN': 5, 'thisTrialN': 5, 'thisRepN': 0}>
1553.3057 	EXP 	image_old_new: autoDraw = False
1553.3057 	EXP 	text_item: autoDraw = False
1553.3057 	EXP 	image_blank: autoDraw = True
1555.5391 	EXP 	cross_25: autoDraw = True
1555.5557 	EXP 	image_blank: autoDraw = False
1555.7911 	INFO 	Keyboard events cleared
1555.7911 	EXP 	cross_25: autoDraw = False
1555.7911 	EXP 	cross_25: autoDraw = False
1555.7911 	EXP 	image_blank: autoDraw = False
1555.7911 	EXP 	image_old_new: image = 'Scenes_Dataset/beach_A.jpg'
1555.7911 	EXP 	image_old_new: autoDraw = True
1555.7911 	EXP 	text_item: autoDraw = True
1557.0570 	DATA 	Keypress: right
1558.7897 	EXP 	New trial (rep=0, index=6): <Trial 6 (6 in rep 0) data={'Index': 70, 'Scene': 'Scenes_Dataset/ballet_room_B.jpg', 'Scene_Size': (600, 400), 'Condition_Encode': 'Lure', 'Object_Encode': None, 'Object_Size': None, 'Condition_Old': 'new', 'Correct_Key_Old': 'right', 'Obj_Lure': None, 'Lure_size': None, 'Target_pos': None, 'Lure_pos': None, 'Correct_key_AFC': None, 'jitter_ITI': 2.6, 'thisN': 6, 'thisTrialN': 6, 'thisRepN': 0}>
1558.8058 	EXP 	image_old_new: autoDraw = False
1558.8058 	EXP 	text_item: autoDraw = False
1558.8058 	EXP 	image_blank: autoDraw = True
1561.0392 	EXP 	cross_25: autoDraw = True
1561.2892 	EXP 	cross_25: autoDraw = False
1561.4056 	INFO 	Keyboard events cleared
1561.4055 	EXP 	image_blank: autoDraw = False
1561.4055 	EXP 	cross_25: autoDraw = False
1561.4055 	EXP 	image_blank: autoDraw = False
1561.4055 	EXP 	image_old_new: image = 'Scenes_Dataset/ballet_room_B.jpg'
1561.4055 	EXP 	image_old_new: autoDraw = True
1561.4055 	EXP 	text_item: autoDraw = True
1562.5916 	DATA 	Keypress: right
1564.3910 	EXP 	New trial (rep=0, index=7): <Trial 7 (7 in rep 0) data={'Index': 16, 'Scene': 'Scenes_Dataset/hair_salon_A.jpg', 'Scene_Size': (600, 386), 'Condition_Encode': 'Congruent', 'Object_Encode': 'Objects_Dataset/hairdryer_retouched.png', 'Object_Size': (250, 241), 'Condition_Old': 'old', 'Correct_Key_Old': 'left', 'Obj_Lure': 'Objects_Dataset/comb.png', 'Lure_size': (250, 250), 'Target_pos': (300, -200), 'Lure_pos': (300, 200), 'Correct_key_AFC': 'down', 'jitter_ITI': 2.75, 'thisN': 7, 'thisTrialN': 7, 'thisRepN': 0}>
1564.4061 	EXP 	image_old_new: autoDraw = False
1564.4061 	EXP 	text_item: autoDraw = False
1564.4061 	EXP 	image_blank: autoDraw = True
1566.6394 	EXP 	cross_25: autoDraw = True
1566.8893 	EXP 	cross_25: autoDraw = False
1567.1579 	INFO 	Keyboard events cleared
1567.1579 	EXP 	image_blank: autoDraw = False
1567.1579 	EXP 	cross_25: autoDraw = False
1567.1579 	EXP 	image_blank: autoDraw = False
1567.1579 	EXP 	image_old_new: image = 'Scenes_Dataset/hair_salon_A.jpg'
1567.1579 	EXP 	image_old_new: autoDraw = True
1567.1579 	EXP 	text_item: autoDraw = True
1568.2409 	DATA 	Keypress: left
1570.1565 	EXP 	New trial (rep=0, index=8): <Trial 8 (8 in rep 0) data={'Index': 90, 'Scene': 'Scenes_Dataset/laundry_A.jpg', 'Scene_Size': (600, 408), 'Condition_Encode': 'Lure', 'Object_Encode': None, 'Object_Size': None, 'Condition_Old': 'new', 'Correct_Key_Old': 'right', 'Obj_Lure': None, 'Lure_size': None, 'Target_pos': None, 'Lure_pos': None, 'Correct_key_AFC': None, 'jitter_ITI': 2.3, 'thisN': 8, 'thisTrialN': 8, 'thisRepN': 0}>
1570.1725 	EXP 	image_old_new: autoDraw = False
1570.1725 	EXP 	text_item: autoDraw = False
1570.1725 	EXP 	image_blank: autoDraw = True
1572.3894 	EXP 	cross_25: autoDraw = True
1572.4726 	EXP 	image_blank: autoDraw = False
1572.6391 	INFO 	Keyboard events cleared
1572.6391 	EXP 	cross_25: autoDraw = False
1572.6391 	EXP 	cross_25: autoDraw = False
1572.6391 	EXP 	image_blank: autoDraw = False
1572.6391 	EXP 	image_old_new: image = 'Scenes_Dataset/laundry_A.jpg'
1572.6391 	EXP 	image_old_new: autoDraw = True
1572.6391 	EXP 	text_item: autoDraw = True
1573.6408 	DATA 	Keypress: right
1575.6247 	EXP 	New trial (rep=0, index=9): <Trial 9 (9 in rep 0) data={'Index': 62, 'Scene': 'Scenes_Dataset/soccer_stadium_A.jpg', 'Scene_Size': (600, 400), 'Condition_Encode': 'Lure', 'Object_Encode': None, 'Object_Size': None, 'Condition_Old': 'new', 'Correct_Key_Old': 'right', 'Obj_Lure': None, 'Lure_size': None, 'Target_pos': None, 'Lure_pos': None, 'Correct_key_AFC': None, 'jitter_ITI': 2.2, 'thisN': 9, 'thisTrialN': 9, 'thisRepN': 0}>
1575.6395 	EXP 	image_old_new: autoDraw = False
1575.6395 	EXP 	text_item: autoDraw = False
1575.6395 	EXP 	image_old_new: autoDraw = False
1575.6395 	EXP 	text_item: autoDraw = False
1575.6395 	EXP 	image_blank: autoDraw = True
1577.8395 	EXP 	image_blank: autoDraw = False
1577.8895 	EXP 	cross_25: autoDraw = True
1578.1386 	INFO 	Keyboard events cleared
1578.1386 	EXP 	cross_25: autoDraw = False
1578.1386 	EXP 	cross_25: autoDraw = False
1578.1386 	EXP 	image_blank: autoDraw = False
1578.1386 	EXP 	image_old_new: image = 'Scenes_Dataset/soccer_stadium_A.jpg'
1578.1386 	EXP 	image_old_new: autoDraw = True
1578.1386 	EXP 	text_item: autoDraw = True
1579.9248 	DATA 	Keypress: right
1581.1236 	EXP 	New trial (rep=0, index=10): <Trial 10 (10 in rep 0) data={'Index': 25, 'Scene': 'Scenes_Dataset/building_entrance_A.jpg', 'Scene_Size': (600, 400), 'Condition_Encode': 'Congruent', 'Object_Encode': 'Objects_Dataset/envelope_retouched.png', 'Object_Size': (250, 211), 'Condition_Old': 'old', 'Correct_Key_Old': 'left', 'Obj_Lure': 'Objects_Dataset/door_mat.png', 'Lure_size': (300, 300), 'Target_pos': (300, -200), 'Lure_pos': (300, 200), 'Correct_key_AFC': 'down', 'jitter_ITI': 3.2, 'thisN': 10, 'thisTrialN': 10, 'thisRepN': 0}>
1581.1395 	EXP 	image_old_new: autoDraw = False
1581.1395 	EXP 	text_item: autoDraw = False
1581.1395 	EXP 	image_blank: autoDraw = True
1583.3728 	EXP 	cross_25: autoDraw = True
1583.6228 	EXP 	cross_25: autoDraw = False
1584.3396 	INFO 	Keyboard events cleared
1584.3395 	EXP 	image_blank: autoDraw = False
1584.3395 	EXP 	cross_25: autoDraw = False
1584.3395 	EXP 	image_blank: autoDraw = False
1584.3395 	EXP 	image_old_new: image = 'Scenes_Dataset/building_entrance_A.jpg'
1584.3395 	EXP 	image_old_new: autoDraw = True
1584.3395 	EXP 	text_item: autoDraw = True
1585.3076 	DATA 	Keypress: left
1587.3237 	EXP 	New trial (rep=0, index=11): <Trial 11 (11 in rep 0) data={'Index': 35, 'Scene': 'Scenes_Dataset/dentist_A.jpg', 'Scene_Size': (600, 400), 'Condition_Encode': 'Incongruent', 'Object_Encode': 'Objects_Dataset/basketball.png', 'Object_Size': (282, 300), 'Condition_Old': 'old', 'Correct_Key_Old': 'left', 'Obj_Lure': 'Objects_Dataset/chandelier_retouched.png', 'Lure_size': (250, 300), 'Target_pos': (300, 200), 'Lure_pos': (300, -200), 'Correct_key_AFC': 'up', 'jitter_ITI': 2.4, 'thisN': 11, 'thisTrialN': 11, 'thisRepN': 0}>
1587.3396 	EXP 	image_old_new: autoDraw = False
1587.3396 	EXP 	text_item: autoDraw = False
1587.3396 	EXP 	image_old_new: autoDraw = False
1587.3396 	EXP 	text_item: autoDraw = False
1587.3396 	EXP 	image_blank: autoDraw = True
1589.5730 	EXP 	cross_25: autoDraw = True
1589.7398 	EXP 	image_blank: autoDraw = False
1589.8230 	INFO 	Keyboard events cleared
1589.8230 	EXP 	cross_25: autoDraw = False
1589.8230 	EXP 	cross_25: autoDraw = False
1589.8230 	EXP 	image_blank: autoDraw = False
1589.8230 	EXP 	image_old_new: image = 'Scenes_Dataset/dentist_A.jpg'
1589.8230 	EXP 	image_old_new: autoDraw = True
1589.8230 	EXP 	text_item: autoDraw = True
1592.2741 	DATA 	Keypress: right
1592.8071 	EXP 	New trial (rep=0, index=12): <Trial 12 (12 in rep 0) data={'Index': 59, 'Scene': 'Scenes_Dataset/golf_course_A.jpg', 'Scene_Size': (600, 400), 'Condition_Encode': 'Incongruent', 'Object_Encode': 'Objects_Dataset/clothesline_retouched_2.png', 'Object_Size': (350, 231), 'Condition_Old': 'old', 'Correct_Key_Old': 'left', 'Obj_Lure': 'Objects_Dataset/computer_monitor.png', 'Lure_size': (300, 300), 'Target_pos': (300, 200), 'Lure_pos': (300, -200), 'Correct_key_AFC': 'up', 'jitter_ITI': 2.3, 'thisN': 12, 'thisTrialN': 12, 'thisRepN': 0}>
1592.8231 	EXP 	image_old_new: autoDraw = False
1592.8231 	EXP 	text_item: autoDraw = False
1592.8231 	EXP 	image_blank: autoDraw = True
1595.0565 	EXP 	cross_25: autoDraw = True
1595.1229 	EXP 	image_blank: autoDraw = False
1595.3064 	INFO 	Keyboard events cleared
1595.3064 	EXP 	cross_25: autoDraw = False
1595.3064 	EXP 	cross_25: autoDraw = False
1595.3064 	EXP 	image_blank: autoDraw = False
1595.3064 	EXP 	image_old_new: image = 'Scenes_Dataset/golf_course_A.jpg'
1595.3064 	EXP 	image_old_new: autoDraw = True
1595.3064 	EXP 	text_item: autoDraw = True
1596.5912 	DATA 	Keypress: right
1598.2906 	EXP 	New trial (rep=0, index=13): <Trial 13 (13 in rep 0) data={'Index': 33, 'Scene': 'Scenes_Dataset/ice_rink_A.jpg', 'Scene_Size': (600, 450), 'Condition_Encode': 'Incongruent', 'Object_Encode': 'Objects_Dataset/paper_towel_dispenser.png', 'Object_Size': (300, 400), 'Condition_Old': 'old', 'Correct_Key_Old': 'left', 'Obj_Lure': 'Objects_Dataset/saxophone.png', 'Lure_size': (250, 250), 'Target_pos': (300, 200), 'Lure_pos': (300, -200), 'Correct_key_AFC': 'up', 'jitter_ITI': 2.3, 'thisN': 13, 'thisTrialN': 13, 'thisRepN': 0}>
1598.3067 	EXP 	image_old_new: autoDraw = False
1598.3067 	EXP 	text_item: autoDraw = False
1598.3067 	EXP 	image_blank: autoDraw = True
1600.5398 	EXP 	cross_25: autoDraw = True
1600.6065 	EXP 	image_blank: autoDraw = False
1600.7913 	INFO 	Keyboard events cleared
1600.7912 	EXP 	cross_25: autoDraw = False
1600.7912 	EXP 	cross_25: autoDraw = False
1600.7912 	EXP 	image_blank: autoDraw = False
1600.7912 	EXP 	image_old_new: image = 'Scenes_Dataset/ice_rink_A.jpg'
1600.7912 	EXP 	image_old_new: autoDraw = True
1600.7912 	EXP 	text_item: autoDraw = True
1601.7577 	DATA 	Keypress: left
1603.7906 	EXP 	New trial (rep=0, index=14): <Trial 14 (14 in rep 0) data={'Index': 72, 'Scene': 'Scenes_Dataset/underwater_A.jpg', 'Scene_Size': (600, 450), 'Condition_Encode': 'Lure', 'Object_Encode': None, 'Object_Size': None, 'Condition_Old': 'new', 'Correct_Key_Old': 'right', 'Obj_Lure': None, 'Lure_size': None, 'Target_pos': None, 'Lure_pos': None, 'Correct_key_AFC': None, 'jitter_ITI': 2.7, 'thisN': 14, 'thisTrialN': 14, 'thisRepN': 0}>
1603.8064 	EXP 	image_old_new: autoDraw = False
1603.8064 	EXP 	text_item: autoDraw = False
1603.8064 	EXP 	image_blank: autoDraw = True
1606.0399 	EXP 	cross_25: autoDraw = True
1606.2899 	EXP 	cross_25: autoDraw = False
1606.5065 	INFO 	Keyboard events cleared
1606.5065 	EXP 	image_blank: autoDraw = False
1606.5065 	EXP 	cross_25: autoDraw = False
1606.5065 	EXP 	image_blank: autoDraw = False
1606.5065 	EXP 	image_old_new: image = 'Scenes_Dataset/underwater_A.jpg'
1606.5065 	EXP 	image_old_new: autoDraw = True
1606.5065 	EXP 	text_item: autoDraw = True
1607.4753 	DATA 	Keypress: right
1609.4920 	EXP 	New trial (rep=0, index=15): <Trial 15 (15 in rep 0) data={'Index': 32, 'Scene': 'Scenes_Dataset/elevator_A.jpg', 'Scene_Size': (600, 450), 'Condition_Encode': 'Incongruent', 'Object_Encode': 'Objects_Dataset/cake_tongs_retouched.png', 'Object_Size': (300, 75), 'Condition_Old': 'old', 'Correct_Key_Old': 'left', 'Obj_Lure': 'Objects_Dataset/3d_glasses_retouched.png', 'Lure_size': (300, 300), 'Target_pos': (300, 200), 'Lure_pos': (300, -200), 'Correct_key_AFC': 'up', 'jitter_ITI': 2.25, 'thisN': 15, 'thisTrialN': 15, 'thisRepN': 0}>
1609.5068 	EXP 	image_old_new: autoDraw = False
1609.5068 	EXP 	text_item: autoDraw = False
1609.5068 	EXP 	image_blank: autoDraw = True
1611.7400 	EXP 	cross_25: autoDraw = True
1611.7566 	EXP 	image_blank: autoDraw = False
1611.9900 	INFO 	Keyboard events cleared
1611.9900 	EXP 	cross_25: autoDraw = False
1611.9900 	EXP 	cross_25: autoDraw = False
1611.9900 	EXP 	image_blank: autoDraw = False
1611.9900 	EXP 	image_old_new: image = 'Scenes_Dataset/elevator_A.jpg'
1611.9900 	EXP 	image_old_new: autoDraw = True
1611.9900 	EXP 	text_item: autoDraw = True
1613.0103 	DATA 	Keypress: left
1614.9743 	EXP 	New trial (rep=0, index=16): <Trial 16 (16 in rep 0) data={'Index': 83, 'Scene': 'Scenes_Dataset/living_room_A.jpg', 'Scene_Size': (600, 436), 'Condition_Encode': 'Lure', 'Object_Encode': None, 'Object_Size': None, 'Condition_Old': 'new', 'Correct_Key_Old': 'right', 'Obj_Lure': None, 'Lure_size': None, 'Target_pos': None, 'Lure_pos': None, 'Correct_key_AFC': None, 'jitter_ITI': 3.25, 'thisN': 16, 'thisTrialN': 16, 'thisRepN': 0}>
1614.9903 	EXP 	image_old_new: autoDraw = False
1614.9903 	EXP 	text_item: autoDraw = False
1614.9903 	EXP 	image_blank: autoDraw = True
1617.2233 	EXP 	cross_25: autoDraw = True
1617.4733 	EXP 	cross_25: autoDraw = False
1618.2437 	INFO 	Keyboard events cleared
1618.2437 	EXP 	image_blank: autoDraw = False
1618.2437 	EXP 	cross_25: autoDraw = False
1618.2437 	EXP 	image_blank: autoDraw = False
1618.2437 	EXP 	image_old_new: image = 'Scenes_Dataset/living_room_A.jpg'
1618.2437 	EXP 	image_old_new: autoDraw = True
1618.2437 	EXP 	text_item: autoDraw = True
1619.6750 	DATA 	Keypress: right
1621.2407 	EXP 	New trial (rep=0, index=17): <Trial 17 (17 in rep 0) data={'Index': 22, 'Scene': 'Scenes_Dataset/cavern_A.jpg', 'Scene_Size': (600, 410), 'Condition_Encode': 'Congruent', 'Object_Encode': 'Objects_Dataset/canteen.png', 'Object_Size': (150, 250), 'Condition_Old': 'old', 'Correct_Key_Old': 'left', 'Obj_Lure': 'Objects_Dataset/hiking_boots.png', 'Lure_size': (300, 300), 'Target_pos': (300, -200), 'Lure_pos': (300, 200), 'Correct_key_AFC': 'down', 'jitter_ITI': 3.05, 'thisN': 17, 'thisTrialN': 17, 'thisRepN': 0}>
1621.2566 	EXP 	image_old_new: autoDraw = False
1621.2566 	EXP 	text_item: autoDraw = False
1621.2566 	EXP 	image_blank: autoDraw = True
1623.4736 	EXP 	cross_25: autoDraw = True
1623.7233 	EXP 	cross_25: autoDraw = False
1624.3073 	INFO 	Keyboard events cleared
1624.3073 	EXP 	image_blank: autoDraw = False
1624.3073 	EXP 	cross_25: autoDraw = False
1624.3073 	EXP 	image_blank: autoDraw = False
1624.3073 	EXP 	image_old_new: image = 'Scenes_Dataset/cavern_A.jpg'
1624.3073 	EXP 	image_old_new: autoDraw = True
1624.3073 	EXP 	text_item: autoDraw = True
1625.3578 	DATA 	Keypress: left
1627.2905 	EXP 	New trial (rep=0, index=18): <Trial 18 (18 in rep 0) data={'Index': 52, 'Scene': 'Scenes_Dataset/parking_lot_A.jpg', 'Scene_Size': (600, 397), 'Condition_Encode': 'Incongruent', 'Object_Encode': 'Objects_Dataset/digital_piano_retouched.png', 'Object_Size': (350, 350), 'Condition_Old': 'old', 'Correct_Key_Old': 'left', 'Obj_Lure': 'Objects_Dataset/toothbrush.png', 'Lure_size': (300, 215), 'Target_pos': (300, 200), 'Lure_pos': (300, -200), 'Correct_key_AFC': 'up', 'jitter_ITI': 3.25, 'thisN': 18, 'thisTrialN': 18, 'thisRepN': 0}>
1627.3062 	EXP 	image_old_new: autoDraw = False
1627.3062 	EXP 	text_item: autoDraw = False
1627.3062 	EXP 	image_old_new: autoDraw = False
1627.3062 	EXP 	text_item: autoDraw = False
1627.3062 	EXP 	image_blank: autoDraw = True
1629.5397 	EXP 	cross_25: autoDraw = True
1629.7898 	EXP 	cross_25: autoDraw = False
1630.5575 	INFO 	Keyboard events cleared
1630.5575 	EXP 	image_blank: autoDraw = False
1630.5575 	EXP 	cross_25: autoDraw = False
1630.5575 	EXP 	image_blank: autoDraw = False
1630.5575 	EXP 	image_old_new: image = 'Scenes_Dataset/parking_lot_A.jpg'
1630.5575 	EXP 	image_old_new: autoDraw = True
1630.5575 	EXP 	text_item: autoDraw = True
1631.5248 	DATA 	Keypress: right
1633.5570 	EXP 	New trial (rep=0, index=19): <Trial 19 (19 in rep 0) data={'Index': 85, 'Scene': 'Scenes_Dataset/forest_A.jpg', 'Scene_Size': (600, 375), 'Condition_Encode': 'Lure', 'Object_Encode': None, 'Object_Size': None, 'Condition_Old': 'new', 'Correct_Key_Old': 'right', 'Obj_Lure': None, 'Lure_size': None, 'Target_pos': None, 'Lure_pos': None, 'Correct_key_AFC': None, 'jitter_ITI': 2.05, 'thisN': 19, 'thisTrialN': 19, 'thisRepN': 0}>
1633.5730 	EXP 	image_old_new: autoDraw = False
1633.5730 	EXP 	text_item: autoDraw = False
1633.5730 	EXP 	image_blank: autoDraw = True
1635.6232 	EXP 	image_blank: autoDraw = False
1635.7898 	EXP 	cross_25: autoDraw = True
1636.0432 	INFO 	Keyboard events cleared
1636.0432 	EXP 	cross_25: autoDraw = False
1636.0432 	EXP 	cross_25: autoDraw = False
1636.0432 	EXP 	image_blank: autoDraw = False
1636.0432 	EXP 	image_old_new: image = 'Scenes_Dataset/forest_A.jpg'
1636.0432 	EXP 	image_old_new: autoDraw = True
1636.0432 	EXP 	text_item: autoDraw = True
1637.1428 	DATA 	Keypress: right
1639.0408 	EXP 	New trial (rep=0, index=20): <Trial 20 (20 in rep 0) data={'Index': 11, 'Scene': 'Scenes_Dataset/airplane_interior_A.jpg', 'Scene_Size': (600, 480), 'Condition_Encode': 'Congruent', 'Object_Encode': 'Objects_Dataset/oxygen_mask_retouched.png', 'Object_Size': (300, 300), 'Condition_Old': 'old', 'Correct_Key_Old': 'left', 'Obj_Lure': 'Objects_Dataset/airplane_belt.png', 'Lure_size': (300, 249), 'Target_pos': (300, -200), 'Lure_pos': (300, 200), 'Correct_key_AFC': 'down', 'jitter_ITI': 2.5, 'thisN': 20, 'thisTrialN': 20, 'thisRepN': 0}>
1639.0564 	EXP 	image_old_new: autoDraw = False
1639.0564 	EXP 	text_item: autoDraw = False
1639.0564 	EXP 	image_blank: autoDraw = True
1641.2731 	EXP 	cross_25: autoDraw = True
1641.5232 	EXP 	cross_25: autoDraw = False
1641.5577 	INFO 	Keyboard events cleared
1641.5577 	EXP 	image_blank: autoDraw = False
1641.5577 	EXP 	cross_25: autoDraw = False
1641.5577 	EXP 	image_blank: autoDraw = False
1641.5577 	EXP 	image_old_new: image = 'Scenes_Dataset/airplane_interior_A.jpg'
1641.5577 	EXP 	image_old_new: autoDraw = True
1641.5577 	EXP 	text_item: autoDraw = True
1642.6082 	DATA 	Keypress: left
1644.5583 	EXP 	New trial (rep=0, index=21): <Trial 21 (21 in rep 0) data={'Index': 1, 'Scene': 'Scenes_Dataset/office_work_A.jpg', 'Scene_Size': (600, 470), 'Condition_Encode': 'Congruent', 'Object_Encode': 'Objects_Dataset/staple_puller_retouched.png', 'Object_Size': (400, 400), 'Condition_Old': 'old', 'Correct_Key_Old': 'left', 'Obj_Lure': 'Objects_Dataset/clock.png', 'Lure_size': (250, 248), 'Target_pos': (300, -200), 'Lure_pos': (300, 200), 'Correct_key_AFC': 'down', 'jitter_ITI': 2, 'thisN': 21, 'thisTrialN': 21, 'thisRepN': 0}>
1644.5732 	EXP 	image_old_new: autoDraw = False
1644.5732 	EXP 	text_item: autoDraw = False
1644.5732 	EXP 	image_blank: autoDraw = True
1646.5732 	EXP 	image_blank: autoDraw = False
1646.7899 	EXP 	cross_25: autoDraw = True
1647.0451 	INFO 	Keyboard events cleared
1647.0450 	EXP 	cross_25: autoDraw = False
1647.0450 	EXP 	cross_25: autoDraw = False
1647.0450 	EXP 	image_blank: autoDraw = False
1647.0450 	EXP 	image_old_new: image = 'Scenes_Dataset/office_work_A.jpg'
1647.0450 	EXP 	image_old_new: autoDraw = True
1647.0450 	EXP 	text_item: autoDraw = True
1648.1249 	DATA 	Keypress: left
1650.0409 	EXP 	New trial (rep=0, index=22): <Trial 22 (22 in rep 0) data={'Index': 31, 'Scene': 'Scenes_Dataset/balcony.jpg', 'Scene_Size': (600, 450), 'Condition_Encode': 'Incongruent', 'Object_Encode': 'Objects_Dataset/car_key.png', 'Object_Size': (300, 125), 'Condition_Old': 'old', 'Correct_Key_Old': 'left', 'Obj_Lure': 'Objects_Dataset/staple_puller_retouched.png', 'Lure_size': (400, 400), 'Target_pos': (300, 200), 'Lure_pos': (300, -200), 'Correct_key_AFC': 'up', 'jitter_ITI': 2.2, 'thisN': 22, 'thisTrialN': 22, 'thisRepN': 0}>
1650.0566 	EXP 	image_old_new: autoDraw = False
1650.0566 	EXP 	text_item: autoDraw = False
1650.0566 	EXP 	image_blank: autoDraw = True
1652.2566 	EXP 	image_blank: autoDraw = False
1652.2753 	EXP 	cross_25: autoDraw = True
1652.5444 	INFO 	Keyboard events cleared
1652.5444 	EXP 	cross_25: autoDraw = False
1652.5444 	EXP 	cross_25: autoDraw = False
1652.5444 	EXP 	image_blank: autoDraw = False
1652.5444 	EXP 	image_old_new: image = 'Scenes_Dataset/balcony.jpg'
1652.5444 	EXP 	image_old_new: autoDraw = True
1652.5444 	EXP 	text_item: autoDraw = True
1653.4092 	DATA 	Keypress: left
1655.5407 	EXP 	New trial (rep=0, index=23): <Trial 23 (23 in rep 0) data={'Index': 69, 'Scene': 'Scenes_Dataset/museum_B.jpg', 'Scene_Size': (600, 400), 'Condition_Encode': 'Lure', 'Object_Encode': None, 'Object_Size': None, 'Condition_Old': 'new', 'Correct_Key_Old': 'right', 'Obj_Lure': None, 'Lure_size': None, 'Target_pos': None, 'Lure_pos': None, 'Correct_key_AFC': None, 'jitter_ITI': 2.55, 'thisN': 23, 'thisTrialN': 23, 'thisRepN': 0}>
1655.5567 	EXP 	image_old_new: autoDraw = False
1655.5567 	EXP 	text_item: autoDraw = False
1655.5567 	EXP 	image_blank: autoDraw = True
1657.7738 	EXP 	cross_25: autoDraw = True
1658.0234 	EXP 	cross_25: autoDraw = False
1658.1137 	INFO 	Keyboard events cleared
1658.1137 	EXP 	image_blank: autoDraw = False
1658.1137 	EXP 	cross_25: autoDraw = False
1658.1137 	EXP 	image_blank: autoDraw = False
1658.1137 	EXP 	image_old_new: image = 'Scenes_Dataset/museum_B.jpg'
1658.1137 	EXP 	image_old_new: autoDraw = True
1658.1137 	EXP 	text_item: autoDraw = True
1659.4584 	DATA 	Keypress: right
1661.1078 	EXP 	New trial (rep=0, index=24): <Trial 24 (24 in rep 0) data={'Index': 78, 'Scene': 'Scenes_Dataset/market_A.jpg', 'Scene_Size': (600, 455), 'Condition_Encode': 'Lure', 'Object_Encode': None, 'Object_Size': None, 'Condition_Old': 'new', 'Correct_Key_Old': 'right', 'Obj_Lure': None, 'Lure_size': None, 'Target_pos': None, 'Lure_pos': None, 'Correct_key_AFC': None, 'jitter_ITI': 3, 'thisN': 24, 'thisTrialN': 24, 'thisRepN': 0}>
1661.1234 	EXP 	image_old_new: autoDraw = False
1661.1234 	EXP 	text_item: autoDraw = False
1661.1234 	EXP 	image_blank: autoDraw = True
1663.3570 	EXP 	cross_25: autoDraw = True
1663.6068 	EXP 	cross_25: autoDraw = False
1664.1304 	INFO 	Keyboard events cleared
1664.1304 	EXP 	image_blank: autoDraw = False
1664.1304 	EXP 	cross_25: autoDraw = False
1664.1304 	EXP 	image_blank: autoDraw = False
1664.1304 	EXP 	image_old_new: image = 'Scenes_Dataset/market_A.jpg'
1664.1304 	EXP 	image_old_new: autoDraw = True
1664.1304 	EXP 	text_item: autoDraw = True
1665.0585 	DATA 	Keypress: right
1667.1082 	EXP 	New trial (rep=0, index=25): <Trial 25 (25 in rep 0) data={'Index': 87, 'Scene': 'Scenes_Dataset/train_station_A.jpg', 'Scene_Size': (600, 415), 'Condition_Encode': 'Lure', 'Object_Encode': None, 'Object_Size': None, 'Condition_Old': 'new', 'Correct_Key_Old': 'right', 'Obj_Lure': None, 'Lure_size': None, 'Target_pos': None, 'Lure_pos': None, 'Correct_key_AFC': None, 'jitter_ITI': 2.15, 'thisN': 25, 'thisTrialN': 25, 'thisRepN': 0}>
1667.1233 	EXP 	image_old_new: autoDraw = False
1667.1233 	EXP 	text_item: autoDraw = False
1667.1233 	EXP 	image_blank: autoDraw = True
1669.2737 	EXP 	image_blank: autoDraw = False
1669.3569 	EXP 	cross_25: autoDraw = True
1669.6105 	INFO 	Keyboard events cleared
1669.6105 	EXP 	cross_25: autoDraw = False
1669.6105 	EXP 	cross_25: autoDraw = False
1669.6105 	EXP 	image_blank: autoDraw = False
1669.6105 	EXP 	image_old_new: image = 'Scenes_Dataset/train_station_A.jpg'
1669.6105 	EXP 	image_old_new: autoDraw = True
1669.6105 	EXP 	text_item: autoDraw = True
1670.7081 	DATA 	Keypress: right
1672.6077 	EXP 	New trial (rep=0, index=26): <Trial 26 (26 in rep 0) data={'Index': 4, 'Scene': 'Scenes_Dataset/pastry_shop_A.jpg', 'Scene_Size': (600, 400), 'Condition_Encode': 'Congruent', 'Object_Encode': 'Objects_Dataset/cake_holder.png', 'Object_Size': (300, 209), 'Condition_Old': 'old', 'Correct_Key_Old': 'left', 'Obj_Lure': 'Objects_Dataset/cake_tongs_retouched.png', 'Lure_size': (300, 75), 'Target_pos': (300, -200), 'Lure_pos': (300, 200), 'Correct_key_AFC': 'down', 'jitter_ITI': 2.15, 'thisN': 26, 'thisTrialN': 26, 'thisRepN': 0}>
1672.6240 	EXP 	image_old_new: autoDraw = False
1672.6240 	EXP 	text_item: autoDraw = False
1672.6240 	EXP 	image_blank: autoDraw = True
1674.7741 	EXP 	image_blank: autoDraw = False
1674.8404 	EXP 	cross_25: autoDraw = True
1675.0916 	INFO 	Keyboard events cleared
1675.0916 	EXP 	cross_25: autoDraw = False
1675.0916 	EXP 	cross_25: autoDraw = False
1675.0916 	EXP 	image_blank: autoDraw = False
1675.0916 	EXP 	image_old_new: image = 'Scenes_Dataset/pastry_shop_A.jpg'
1675.0916 	EXP 	image_old_new: autoDraw = True
1675.0916 	EXP 	text_item: autoDraw = True
1676.0082 	DATA 	Keypress: left
1678.0913 	EXP 	New trial (rep=0, index=27): <Trial 27 (27 in rep 0) data={'Index': 27, 'Scene': 'Scenes_Dataset/toilet_A.jpg', 'Scene_Size': (600, 450), 'Condition_Encode': 'Congruent', 'Object_Encode': 'Objects_Dataset/toothbrush.png', 'Object_Size': (300, 215), 'Condition_Old': 'old', 'Correct_Key_Old': 'left', 'Obj_Lure': 'Objects_Dataset/hairdryer_retouched.png', 'Lure_size': (250, 241), 'Target_pos': (300, -200), 'Lure_pos': (300, 200), 'Correct_key_AFC': 'down', 'jitter_ITI': 2, 'thisN': 27, 'thisTrialN': 27, 'thisRepN': 0}>
1678.1072 	EXP 	image_old_new: autoDraw = False
1678.1072 	EXP 	text_item: autoDraw = False
1678.1072 	EXP 	image_blank: autoDraw = True
1680.1072 	EXP 	image_blank: autoDraw = False
1680.3240 	EXP 	cross_25: autoDraw = True
1680.5748 	INFO 	Keyboard events cleared
1680.5747 	EXP 	cross_25: autoDraw = False
1680.5747 	EXP 	cross_25: autoDraw = False
1680.5747 	EXP 	image_blank: autoDraw = False
1680.5747 	EXP 	image_old_new: image = 'Scenes_Dataset/toilet_A.jpg'
1680.5747 	EXP 	image_old_new: autoDraw = True
1680.5747 	EXP 	text_item: autoDraw = True
1682.0424 	DATA 	Keypress: left
1683.5580 	EXP 	New trial (rep=0, index=28): <Trial 28 (28 in rep 0) data={'Index': 26, 'Scene': 'Scenes_Dataset/hospital_room_B.jpg', 'Scene_Size': (600, 400), 'Condition_Encode': 'Congruent', 'Object_Encode': 'Objects_Dataset/saline_retouched.png', 'Object_Size': (300, 225), 'Condition_Old': 'old', 'Correct_Key_Old': 'left', 'Obj_Lure': 'Objects_Dataset/pills.png', 'Lure_size': (216, 250), 'Target_pos': (300, -200), 'Lure_pos': (300, 200), 'Correct_key_AFC': 'down', 'jitter_ITI': 3.25, 'thisN': 28, 'thisTrialN': 28, 'thisRepN': 0}>
1683.5740 	EXP 	image_old_new: autoDraw = False
1683.5740 	EXP 	text_item: autoDraw = False
1683.5740 	EXP 	image_old_new: autoDraw = False
1683.5740 	EXP 	text_item: autoDraw = False
1683.5740 	EXP 	image_blank: autoDraw = True
1685.8074 	EXP 	cross_25: autoDraw = True
1686.0574 	EXP 	cross_25: autoDraw = False
1686.8249 	INFO 	Keyboard events cleared
1686.8249 	EXP 	image_blank: autoDraw = False
1686.8249 	EXP 	cross_25: autoDraw = False
1686.8249 	EXP 	image_blank: autoDraw = False
1686.8249 	EXP 	image_old_new: image = 'Scenes_Dataset/hospital_room_B.jpg'
1686.8249 	EXP 	image_old_new: autoDraw = True
1686.8249 	EXP 	text_item: autoDraw = True
1688.0929 	DATA 	Keypress: left
1689.8082 	EXP 	New trial (rep=0, index=29): <Trial 29 (29 in rep 0) data={'Index': 18, 'Scene': 'Scenes_Dataset/soccer_stadium_B.jpg', 'Scene_Size': (600, 400), 'Condition_Encode': 'Congruent', 'Object_Encode': 'Objects_Dataset/football_boots.png', 'Object_Size': (300, 300), 'Condition_Old': 'old', 'Correct_Key_Old': 'left', 'Obj_Lure': 'Objects_Dataset/whistle.png', 'Lure_size': (200, 151), 'Target_pos': (300, -200), 'Lure_pos': (300, 200), 'Correct_key_AFC': 'down', 'jitter_ITI': 2.85, 'thisN': 29, 'thisTrialN': 29, 'thisRepN': 0}>
1689.8240 	EXP 	image_old_new: autoDraw = False
1689.8240 	EXP 	text_item: autoDraw = False
1689.8240 	EXP 	image_old_new: autoDraw = False
1689.8240 	EXP 	text_item: autoDraw = False
1689.8240 	EXP 	image_blank: autoDraw = True
1692.0575 	EXP 	cross_25: autoDraw = True
1692.3077 	EXP 	cross_25: autoDraw = False
1692.6759 	INFO 	Keyboard events cleared
1692.6758 	EXP 	image_blank: autoDraw = False
1692.6758 	EXP 	cross_25: autoDraw = False
1692.6758 	EXP 	image_blank: autoDraw = False
1692.6758 	EXP 	image_old_new: image = 'Scenes_Dataset/soccer_stadium_B.jpg'
1692.6758 	EXP 	image_old_new: autoDraw = True
1692.6758 	EXP 	text_item: autoDraw = True
1694.1090 	DATA 	Keypress: right
1695.6600 	EXP 	New trial (rep=0, index=30): <Trial 30 (30 in rep 0) data={'Index': 3, 'Scene': 'Scenes_Dataset/car_interior_A.jpg', 'Scene_Size': (600, 389), 'Condition_Encode': 'Congruent', 'Object_Encode': 'Objects_Dataset/car_mat.png', 'Object_Size': (230, 258), 'Condition_Old': 'old', 'Correct_Key_Old': 'left', 'Obj_Lure': 'Objects_Dataset/car_key.png', 'Lure_size': (300, 125), 'Target_pos': (300, -200), 'Lure_pos': (300, 200), 'Correct_key_AFC': 'down', 'jitter_ITI': 2.1, 'thisN': 30, 'thisTrialN': 30, 'thisRepN': 0}>
1695.6744 	EXP 	image_old_new: autoDraw = False
1695.6744 	EXP 	text_item: autoDraw = False
1695.6744 	EXP 	image_old_new: autoDraw = False
1695.6744 	EXP 	text_item: autoDraw = False
1695.6744 	EXP 	image_blank: autoDraw = True
1697.7743 	EXP 	image_blank: autoDraw = False
1697.9244 	EXP 	cross_25: autoDraw = True
1698.1747 	INFO 	Keyboard events cleared
1698.1747 	EXP 	cross_25: autoDraw = False
1698.1747 	EXP 	cross_25: autoDraw = False
1698.1747 	EXP 	image_blank: autoDraw = False
1698.1747 	EXP 	image_old_new: image = 'Scenes_Dataset/car_interior_A.jpg'
1698.1747 	EXP 	image_old_new: autoDraw = True
1698.1747 	EXP 	text_item: autoDraw = True
1699.1600 	DATA 	Keypress: right
1701.1586 	EXP 	New trial (rep=0, index=31): <Trial 31 (31 in rep 0) data={'Index': 30, 'Scene': 'Scenes_Dataset/locker_room_B.jpg', 'Scene_Size': (600, 399), 'Condition_Encode': 'Congruent', 'Object_Encode': 'Objects_Dataset/locker.png', 'Object_Size': (264, 400), 'Condition_Old': 'old', 'Correct_Key_Old': 'left', 'Obj_Lure': 'Objects_Dataset/slippers.png', 'Lure_size': (280, 300), 'Target_pos': (300, -200), 'Lure_pos': (300, 200), 'Correct_key_AFC': 'down', 'jitter_ITI': 2.15, 'thisN': 31, 'thisTrialN': 31, 'thisRepN': 0}>
1701.1742 	EXP 	image_old_new: autoDraw = False
1701.1742 	EXP 	text_item: autoDraw = False
1701.1742 	EXP 	image_old_new: autoDraw = False
1701.1742 	EXP 	text_item: autoDraw = False
1701.1742 	EXP 	image_blank: autoDraw = True
1703.3244 	EXP 	image_blank: autoDraw = False
1703.4243 	EXP 	cross_25: autoDraw = True
1703.6752 	INFO 	Keyboard events cleared
1703.6752 	EXP 	cross_25: autoDraw = False
1703.6752 	EXP 	cross_25: autoDraw = False
1703.6752 	EXP 	image_blank: autoDraw = False
1703.6752 	EXP 	image_old_new: image = 'Scenes_Dataset/locker_room_B.jpg'
1703.6752 	EXP 	image_old_new: autoDraw = True
1703.6752 	EXP 	text_item: autoDraw = True
1704.8261 	DATA 	Keypress: left
1706.6585 	EXP 	New trial (rep=0, index=32): <Trial 32 (32 in rep 0) data={'Index': 8, 'Scene': 'Scenes_Dataset/igloo_A.jpg', 'Scene_Size': (600, 450), 'Condition_Encode': 'Congruent', 'Object_Encode': 'Objects_Dataset/eskimo_coat.png', 'Object_Size': (300, 300), 'Condition_Old': 'old', 'Correct_Key_Old': 'left', 'Obj_Lure': 'Objects_Dataset/wool_cap.png', 'Lure_size': (250, 250), 'Target_pos': (300, -200), 'Lure_pos': (300, 200), 'Correct_key_AFC': 'down', 'jitter_ITI': 2.35, 'thisN': 32, 'thisTrialN': 32, 'thisRepN': 0}>
1706.6752 	EXP 	image_old_new: autoDraw = False
1706.6752 	EXP 	text_item: autoDraw = False
1706.6752 	EXP 	image_old_new: autoDraw = False
1706.6752 	EXP 	text_item: autoDraw = False
1706.6752 	EXP 	image_blank: autoDraw = True
1708.9076 	EXP 	cross_25: autoDraw = True
1709.0244 	EXP 	image_blank: autoDraw = False
1709.1610 	INFO 	Keyboard events cleared
1709.1610 	EXP 	cross_25: autoDraw = False
1709.1610 	EXP 	cross_25: autoDraw = False
1709.1610 	EXP 	image_blank: autoDraw = False
1709.1610 	EXP 	image_old_new: image = 'Scenes_Dataset/igloo_A.jpg'
1709.1610 	EXP 	image_old_new: autoDraw = True
1709.1610 	EXP 	text_item: autoDraw = True
1711.0937 	DATA 	Keypress: left
1712.1586 	EXP 	New trial (rep=0, index=33): <Trial 33 (33 in rep 0) data={'Index': 43, 'Scene': 'Scenes_Dataset/home_office_A.jpg', 'Scene_Size': (600, 399), 'Condition_Encode': 'Incongruent', 'Object_Encode': 'Objects_Dataset/bicycle_bell.png', 'Object_Size': (250, 210), 'Condition_Old': 'old', 'Correct_Key_Old': 'left', 'Obj_Lure': 'Objects_Dataset/unicycle_retouched.png', 'Lure_size': (159, 300), 'Target_pos': (300, 200), 'Lure_pos': (300, -200), 'Correct_key_AFC': 'up', 'jitter_ITI': 2.8, 'thisN': 33, 'thisTrialN': 33, 'thisRepN': 0}>
1712.1743 	EXP 	image_old_new: autoDraw = False
1712.1743 	EXP 	text_item: autoDraw = False
1712.1743 	EXP 	image_blank: autoDraw = True
1714.3910 	EXP 	cross_25: autoDraw = True
1714.6410 	EXP 	cross_25: autoDraw = False
1714.9789 	INFO 	Keyboard events cleared
1714.9788 	EXP 	image_blank: autoDraw = False
1714.9788 	EXP 	cross_25: autoDraw = False
1714.9788 	EXP 	image_blank: autoDraw = False
1714.9788 	EXP 	image_old_new: image = 'Scenes_Dataset/home_office_A.jpg'
1714.9788 	EXP 	image_old_new: autoDraw = True
1714.9788 	EXP 	text_item: autoDraw = True
1716.3098 	DATA 	Keypress: left
1717.9754 	EXP 	New trial (rep=0, index=34): <Trial 34 (34 in rep 0) data={'Index': 76, 'Scene': 'Scenes_Dataset/laboratory_A.jpg', 'Scene_Size': (600, 400), 'Condition_Encode': 'Lure', 'Object_Encode': None, 'Object_Size': None, 'Condition_Old': 'new', 'Correct_Key_Old': 'right', 'Obj_Lure': None, 'Lure_size': None, 'Target_pos': None, 'Lure_pos': None, 'Correct_key_AFC': None, 'jitter_ITI': 2.9, 'thisN': 34, 'thisTrialN': 34, 'thisRepN': 0}>
1717.9909 	EXP 	image_old_new: autoDraw = False
1717.9909 	EXP 	text_item: autoDraw = False
1717.9909 	EXP 	image_blank: autoDraw = True
1720.2079 	EXP 	cross_25: autoDraw = True
1720.4577 	EXP 	cross_25: autoDraw = False
1720.8981 	INFO 	Keyboard events cleared
1720.8980 	EXP 	image_blank: autoDraw = False
1720.8980 	EXP 	cross_25: autoDraw = False
1720.8980 	EXP 	image_blank: autoDraw = False
1720.8980 	EXP 	image_old_new: image = 'Scenes_Dataset/laboratory_A.jpg'
1720.8980 	EXP 	image_old_new: autoDraw = True
1720.8980 	EXP 	text_item: autoDraw = True
1721.8930 	DATA 	Keypress: right
1723.8919 	EXP 	New trial (rep=0, index=35): <Trial 35 (35 in rep 0) data={'Index': 71, 'Scene': 'Scenes_Dataset/field_B.jpg', 'Scene_Size': (600, 381), 'Condition_Encode': 'Lure', 'Object_Encode': None, 'Object_Size': None, 'Condition_Old': 'new', 'Correct_Key_Old': 'right', 'Obj_Lure': None, 'Lure_size': None, 'Target_pos': None, 'Lure_pos': None, 'Correct_key_AFC': None, 'jitter_ITI': 2.65, 'thisN': 35, 'thisTrialN': 35, 'thisRepN': 0}>
1723.9079 	EXP 	image_old_new: autoDraw = False
1723.9079 	EXP 	text_item: autoDraw = False
1723.9079 	EXP 	image_blank: autoDraw = True
1726.1246 	EXP 	cross_25: autoDraw = True
1726.3746 	EXP 	cross_25: autoDraw = False
1726.5606 	INFO 	Keyboard events cleared
1726.5606 	EXP 	image_blank: autoDraw = False
1726.5606 	EXP 	cross_25: autoDraw = False
1726.5606 	EXP 	image_blank: autoDraw = False
1726.5606 	EXP 	image_old_new: image = 'Scenes_Dataset/field_B.jpg'
1726.5606 	EXP 	image_old_new: autoDraw = True
1726.5606 	EXP 	text_item: autoDraw = True
1727.4432 	DATA 	Keypress: right
1729.5588 	EXP 	New trial (rep=0, index=36): <Trial 36 (36 in rep 0) data={'Index': 5, 'Scene': 'Scenes_Dataset/movie_theater_A.jpg', 'Scene_Size': (600, 364), 'Condition_Encode': 'Congruent', 'Object_Encode': 'Objects_Dataset/3d_glasses_retouched.png', 'Object_Size': (300, 300), 'Condition_Old': 'old', 'Correct_Key_Old': 'left', 'Obj_Lure': 'Objects_Dataset/movie_reels.png', 'Lure_size': (350, 268), 'Target_pos': (300, -200), 'Lure_pos': (300, 200), 'Correct_key_AFC': 'down', 'jitter_ITI': 2.2, 'thisN': 36, 'thisTrialN': 36, 'thisRepN': 0}>
1729.5746 	EXP 	image_old_new: autoDraw = False
1729.5746 	EXP 	text_item: autoDraw = False
1729.5746 	EXP 	image_blank: autoDraw = True
1731.7746 	EXP 	image_blank: autoDraw = False
1731.7912 	EXP 	cross_25: autoDraw = True
1732.0435 	INFO 	Keyboard events cleared
1732.0435 	EXP 	cross_25: autoDraw = False
1732.0435 	EXP 	cross_25: autoDraw = False
1732.0435 	EXP 	image_blank: autoDraw = False
1732.0435 	EXP 	image_old_new: image = 'Scenes_Dataset/movie_theater_A.jpg'
1732.0435 	EXP 	image_old_new: autoDraw = True
1732.0435 	EXP 	text_item: autoDraw = True
1733.3766 	DATA 	Keypress: left
1735.0423 	EXP 	New trial (rep=0, index=37): <Trial 37 (37 in rep 0) data={'Index': 81, 'Scene': 'Scenes_Dataset/games_room_A.jpg', 'Scene_Size': (600, 371), 'Condition_Encode': 'Lure', 'Object_Encode': None, 'Object_Size': None, 'Condition_Old': 'new', 'Correct_Key_Old': 'right', 'Obj_Lure': None, 'Lure_size': None, 'Target_pos': None, 'Lure_pos': None, 'Correct_key_AFC': None, 'jitter_ITI': 3.15, 'thisN': 37, 'thisTrialN': 37, 'thisRepN': 0}>
1735.0580 	EXP 	image_old_new: autoDraw = False
1735.0580 	EXP 	text_item: autoDraw = False
1735.0580 	EXP 	image_blank: autoDraw = True
1737.2915 	EXP 	cross_25: autoDraw = True
1737.5416 	EXP 	cross_25: autoDraw = False
1738.2111 	INFO 	Keyboard events cleared
1738.2111 	EXP 	image_blank: autoDraw = False
1738.2111 	EXP 	cross_25: autoDraw = False
1738.2111 	EXP 	image_blank: autoDraw = False
1738.2111 	EXP 	image_old_new: image = 'Scenes_Dataset/games_room_A.jpg'
1738.2111 	EXP 	image_old_new: autoDraw = True
1738.2111 	EXP 	text_item: autoDraw = True
1739.0765 	DATA 	Keypress: right
1741.2087 	EXP 	New trial (rep=0, index=38): <Trial 38 (38 in rep 0) data={'Index': 40, 'Scene': 'Scenes_Dataset/kindergarten_A.jpg', 'Scene_Size': (600, 338), 'Condition_Encode': 'Incongruent', 'Object_Encode': 'Objects_Dataset/payment_terminal.png', 'Object_Size': (285, 300), 'Condition_Old': 'old', 'Correct_Key_Old': 'left', 'Obj_Lure': 'Objects_Dataset/message_bottle.png', 'Lure_size': (284, 177), 'Target_pos': (300, 200), 'Lure_pos': (300, -200), 'Correct_key_AFC': 'up', 'jitter_ITI': 2.65, 'thisN': 38, 'thisTrialN': 38, 'thisRepN': 0}>
1741.2248 	EXP 	image_old_new: autoDraw = False
1741.2248 	EXP 	text_item: autoDraw = False
1741.2248 	EXP 	image_blank: autoDraw = True
1743.4423 	EXP 	cross_25: autoDraw = True
1743.6916 	EXP 	cross_25: autoDraw = False
1743.8784 	INFO 	Keyboard events cleared
1743.8784 	EXP 	image_blank: autoDraw = False
1743.8784 	EXP 	cross_25: autoDraw = False
1743.8784 	EXP 	image_blank: autoDraw = False
1743.8784 	EXP 	image_old_new: image = 'Scenes_Dataset/kindergarten_A.jpg'
1743.8784 	EXP 	image_old_new: autoDraw = True
1743.8784 	EXP 	text_item: autoDraw = True
1744.8597 	DATA 	Keypress: left
1746.8614 	EXP 	New trial (rep=0, index=39): <Trial 39 (39 in rep 0) data={'Index': 39, 'Scene': 'Scenes_Dataset/garage_A.jpg', 'Scene_Size': (600, 397), 'Condition_Encode': 'Incongruent', 'Object_Encode': 'Objects_Dataset/crown.png', 'Object_Size': (300, 249), 'Condition_Old': 'old', 'Correct_Key_Old': 'left', 'Obj_Lure': 'Objects_Dataset/oxygen_mask_retouched.png', 'Lure_size': (300, 300), 'Target_pos': (300, 200), 'Lure_pos': (300, -200), 'Correct_key_AFC': 'up', 'jitter_ITI': 2.6, 'thisN': 39, 'thisTrialN': 39, 'thisRepN': 0}>
1746.8747 	EXP 	image_old_new: autoDraw = False
1746.8747 	EXP 	text_item: autoDraw = False
1746.8747 	EXP 	image_blank: autoDraw = True
1749.1084 	EXP 	cross_25: autoDraw = True
1749.3599 	EXP 	cross_25: autoDraw = False
1749.4753 	INFO 	Keyboard events cleared
1749.4753 	EXP 	image_blank: autoDraw = False
1749.4753 	EXP 	cross_25: autoDraw = False
1749.4753 	EXP 	image_blank: autoDraw = False
1749.4753 	EXP 	image_old_new: image = 'Scenes_Dataset/garage_A.jpg'
1749.4753 	EXP 	image_old_new: autoDraw = True
1749.4753 	EXP 	text_item: autoDraw = True
1750.5269 	DATA 	Keypress: left
1752.4593 	EXP 	New trial (rep=0, index=40): <Trial 40 (40 in rep 0) data={'Index': 19, 'Scene': 'Scenes_Dataset/island_A.jpg', 'Scene_Size': (600, 420), 'Condition_Encode': 'Congruent', 'Object_Encode': 'Objects_Dataset/message_bottle.png', 'Object_Size': (284, 177), 'Condition_Old': 'old', 'Correct_Key_Old': 'left', 'Obj_Lure': 'Objects_Dataset/kayak.png', 'Lure_size': (450, 338), 'Target_pos': (300, -200), 'Lure_pos': (300, 200), 'Correct_key_AFC': 'down', 'jitter_ITI': 2.9, 'thisN': 40, 'thisTrialN': 40, 'thisRepN': 0}>
1752.4748 	EXP 	image_old_new: autoDraw = False
1752.4748 	EXP 	text_item: autoDraw = False
1752.4748 	EXP 	image_old_new: autoDraw = False
1752.4748 	EXP 	text_item: autoDraw = False
1752.4748 	EXP 	image_blank: autoDraw = True
1754.7251 	EXP 	cross_25: autoDraw = True
1754.9759 	EXP 	cross_25: autoDraw = False
1755.3802 	INFO 	Keyboard events cleared
1755.3801 	EXP 	image_blank: autoDraw = False
1755.3801 	EXP 	cross_25: autoDraw = False
1755.3801 	EXP 	image_blank: autoDraw = False
1755.3801 	EXP 	image_old_new: image = 'Scenes_Dataset/island_A.jpg'
1755.3801 	EXP 	image_old_new: autoDraw = True
1755.3801 	EXP 	text_item: autoDraw = True
1756.4436 	DATA 	Keypress: left
1758.3757 	EXP 	New trial (rep=0, index=41): <Trial 41 (41 in rep 0) data={'Index': 80, 'Scene': 'Scenes_Dataset/amusement_park_A.jpg', 'Scene_Size': (600, 400), 'Condition_Encode': 'Lure', 'Object_Encode': None, 'Object_Size': None, 'Condition_Old': 'new', 'Correct_Key_Old': 'right', 'Obj_Lure': None, 'Lure_size': None, 'Target_pos': None, 'Lure_pos': None, 'Correct_key_AFC': None, 'jitter_ITI': 3.1, 'thisN': 41, 'thisTrialN': 41, 'thisRepN': 0}>
1758.3919 	EXP 	image_old_new: autoDraw = False
1758.3919 	EXP 	text_item: autoDraw = False
1758.3919 	EXP 	image_blank: autoDraw = True
1760.6088 	EXP 	cross_25: autoDraw = True
1760.8585 	EXP 	cross_25: autoDraw = False
1761.4977 	INFO 	Keyboard events cleared
1761.4976 	EXP 	image_blank: autoDraw = False
1761.4976 	EXP 	cross_25: autoDraw = False
1761.4976 	EXP 	image_blank: autoDraw = False
1761.4976 	EXP 	image_old_new: image = 'Scenes_Dataset/amusement_park_A.jpg'
1761.4976 	EXP 	image_old_new: autoDraw = True
1761.4976 	EXP 	text_item: autoDraw = True
1762.5774 	DATA 	Keypress: right
1764.4926 	EXP 	New trial (rep=0, index=42): <Trial 42 (42 in rep 0) data={'Index': 75, 'Scene': 'Scenes_Dataset/gymnasium_A.jpg', 'Scene_Size': (600, 399), 'Condition_Encode': 'Lure', 'Object_Encode': None, 'Object_Size': None, 'Condition_Old': 'new', 'Correct_Key_Old': 'right', 'Obj_Lure': None, 'Lure_size': None, 'Target_pos': None, 'Lure_pos': None, 'Correct_key_AFC': None, 'jitter_ITI': 2.85, 'thisN': 42, 'thisTrialN': 42, 'thisRepN': 0}>
1764.5087 	EXP 	image_old_new: autoDraw = False
1764.5087 	EXP 	text_item: autoDraw = False
1764.5087 	EXP 	image_blank: autoDraw = True
1766.7253 	EXP 	cross_25: autoDraw = True
1766.9753 	EXP 	cross_25: autoDraw = False
1767.3628 	INFO 	Keyboard events cleared
1767.3628 	EXP 	image_blank: autoDraw = False
1767.3628 	EXP 	cross_25: autoDraw = False
1767.3628 	EXP 	image_blank: autoDraw = False
1767.3628 	EXP 	image_old_new: image = 'Scenes_Dataset/gymnasium_A.jpg'
1767.3628 	EXP 	image_old_new: autoDraw = True
1767.3628 	EXP 	text_item: autoDraw = True
1769.1937 	DATA 	Keypress: right
1770.3592 	EXP 	New trial (rep=0, index=43): <Trial 43 (43 in rep 0) data={'Index': 61, 'Scene': 'Scenes_Dataset/office_work_B.jpg', 'Scene_Size': (600, 402), 'Condition_Encode': 'Lure', 'Object_Encode': None, 'Object_Size': None, 'Condition_Old': 'new', 'Correct_Key_Old': 'right', 'Obj_Lure': None, 'Lure_size': None, 'Target_pos': None, 'Lure_pos': None, 'Correct_key_AFC': None, 'jitter_ITI': 2.15, 'thisN': 43, 'thisTrialN': 43, 'thisRepN': 0}>
1770.3752 	EXP 	image_old_new: autoDraw = False
1770.3752 	EXP 	text_item: autoDraw = False
1770.3752 	EXP 	image_blank: autoDraw = True
1772.5252 	EXP 	image_blank: autoDraw = False
1772.5919 	EXP 	cross_25: autoDraw = True
1772.8425 	INFO 	Keyboard events cleared
1772.8424 	EXP 	cross_25: autoDraw = False
1772.8424 	EXP 	cross_25: autoDraw = False
1772.8424 	EXP 	image_blank: autoDraw = False
1772.8424 	EXP 	image_old_new: image = 'Scenes_Dataset/office_work_B.jpg'
1772.8424 	EXP 	image_old_new: autoDraw = True
1772.8424 	EXP 	text_item: autoDraw = True
1774.3440 	DATA 	Keypress: right
1775.8263 	EXP 	New trial (rep=0, index=44): <Trial 44 (44 in rep 0) data={'Index': 84, 'Scene': 'Scenes_Dataset/bedroom_A.jpg', 'Scene_Size': (600, 403), 'Condition_Encode': 'Lure', 'Object_Encode': None, 'Object_Size': None, 'Condition_Old': 'new', 'Correct_Key_Old': 'right', 'Obj_Lure': None, 'Lure_size': None, 'Target_pos': None, 'Lure_pos': None, 'Correct_key_AFC': None, 'jitter_ITI': 2, 'thisN': 44, 'thisTrialN': 44, 'thisRepN': 0}>
1775.8419 	EXP 	image_old_new: autoDraw = False
1775.8419 	EXP 	text_item: autoDraw = False
1775.8419 	EXP 	image_old_new: autoDraw = False
1775.8419 	EXP 	text_item: autoDraw = False
1775.8419 	EXP 	image_blank: autoDraw = True
1777.8418 	EXP 	image_blank: autoDraw = False
1778.0752 	EXP 	cross_25: autoDraw = True
1778.3251 	INFO 	Keyboard events cleared
1778.3251 	EXP 	cross_25: autoDraw = False
1778.3251 	EXP 	cross_25: autoDraw = False
1778.3251 	EXP 	image_blank: autoDraw = False
1778.3251 	EXP 	image_old_new: image = 'Scenes_Dataset/bedroom_A.jpg'
1778.3251 	EXP 	image_old_new: autoDraw = True
1778.3251 	EXP 	text_item: autoDraw = True
1779.1771 	DATA 	Keypress: right
1781.3099 	EXP 	New trial (rep=0, index=45): <Trial 45 (45 in rep 0) data={'Index': 37, 'Scene': 'Scenes_Dataset/vault_A.jpg', 'Scene_Size': (600, 398), 'Condition_Encode': 'Incongruent', 'Object_Encode': 'Objects_Dataset/fan.png', 'Object_Size': (350, 350), 'Condition_Old': 'old', 'Correct_Key_Old': 'left', 'Obj_Lure': 'Objects_Dataset/cactus.png', 'Lure_size': (300, 248), 'Target_pos': (300, 200), 'Lure_pos': (300, -200), 'Correct_key_AFC': 'up', 'jitter_ITI': 2.5, 'thisN': 45, 'thisTrialN': 45, 'thisRepN': 0}>
1781.3253 	EXP 	image_old_new: autoDraw = False
1781.3253 	EXP 	text_item: autoDraw = False
1781.3253 	EXP 	image_old_new: autoDraw = False
1781.3253 	EXP 	text_item: autoDraw = False
1781.3253 	EXP 	image_blank: autoDraw = True
1783.5603 	EXP 	cross_25: autoDraw = True
1783.8101 	EXP 	cross_25: autoDraw = False
1783.8254 	INFO 	Keyboard events cleared
1783.8253 	EXP 	image_blank: autoDraw = False
1783.8253 	EXP 	cross_25: autoDraw = False
1783.8253 	EXP 	image_blank: autoDraw = False
1783.8253 	EXP 	image_old_new: image = 'Scenes_Dataset/vault_A.jpg'
1783.8253 	EXP 	image_old_new: autoDraw = True
1783.8253 	EXP 	text_item: autoDraw = True
1784.5957 	DATA 	Keypress: left
1786.8119 	EXP 	New trial (rep=0, index=46): <Trial 46 (46 in rep 0) data={'Index': 57, 'Scene': 'Scenes_Dataset/road_A.jpg', 'Scene_Size': (600, 450), 'Condition_Encode': 'Incongruent', 'Object_Encode': 'Objects_Dataset/wine_cork.png', 'Object_Size': (250, 163), 'Condition_Old': 'old', 'Correct_Key_Old': 'left', 'Obj_Lure': 'Objects_Dataset/locker.png', 'Lure_size': (264, 400), 'Target_pos': (300, 200), 'Lure_pos': (300, -200), 'Correct_key_AFC': 'up', 'jitter_ITI': 2.2, 'thisN': 46, 'thisTrialN': 46, 'thisRepN': 0}>
1786.8288 	EXP 	image_old_new: autoDraw = False
1786.8288 	EXP 	text_item: autoDraw = False
1786.8288 	EXP 	image_blank: autoDraw = True
1789.0445 	EXP 	image_blank: autoDraw = False
1789.0605 	EXP 	cross_25: autoDraw = True
1789.3089 	INFO 	Keyboard events cleared
1789.3089 	EXP 	cross_25: autoDraw = False
1789.3089 	EXP 	cross_25: autoDraw = False
1789.3089 	EXP 	image_blank: autoDraw = False
1789.3089 	EXP 	image_old_new: image = 'Scenes_Dataset/road_A.jpg'
1789.3089 	EXP 	image_old_new: autoDraw = True
1789.3089 	EXP 	text_item: autoDraw = True
1790.5288 	DATA 	Keypress: left
1792.2953 	EXP 	New trial (rep=0, index=47): <Trial 47 (47 in rep 0) data={'Index': 20, 'Scene': 'Scenes_Dataset/basketball_field_A.jpg', 'Scene_Size': (600, 399), 'Condition_Encode': 'Congruent', 'Object_Encode': 'Objects_Dataset/whistle.png', 'Object_Size': (200, 151), 'Condition_Old': 'old', 'Correct_Key_Old': 'left', 'Obj_Lure': 'Objects_Dataset/basketball.png', 'Lure_size': (282, 300), 'Target_pos': (300, -200), 'Lure_pos': (300, 200), 'Correct_key_AFC': 'down', 'jitter_ITI': 2.95, 'thisN': 47, 'thisTrialN': 47, 'thisRepN': 0}>
1792.3110 	EXP 	image_old_new: autoDraw = False
1792.3110 	EXP 	text_item: autoDraw = False
1792.3110 	EXP 	image_blank: autoDraw = True
1794.5447 	EXP 	cross_25: autoDraw = True
1794.8096 	EXP 	cross_25: autoDraw = False
1795.2601 	INFO 	Keyboard events cleared
1795.2601 	EXP 	image_blank: autoDraw = False
1795.2601 	EXP 	cross_25: autoDraw = False
1795.2601 	EXP 	image_blank: autoDraw = False
1795.2601 	EXP 	image_old_new: image = 'Scenes_Dataset/basketball_field_A.jpg'
1795.2601 	EXP 	image_old_new: autoDraw = True
1795.2601 	EXP 	text_item: autoDraw = True
1796.4615 	DATA 	Keypress: right
1798.2458 	EXP 	New trial (rep=0, index=48): <Trial 48 (48 in rep 0) data={'Index': 23, 'Scene': 'Scenes_Dataset/desert_A.jpg', 'Scene_Size': (600, 375), 'Condition_Encode': 'Congruent', 'Object_Encode': 'Objects_Dataset/cactus.png', 'Object_Size': (300, 248), 'Condition_Old': 'old', 'Correct_Key_Old': 'left', 'Obj_Lure': 'Objects_Dataset/canteen.png', 'Lure_size': (150, 250), 'Target_pos': (300, -200), 'Lure_pos': (300, 200), 'Correct_key_AFC': 'down', 'jitter_ITI': 3.1, 'thisN': 48, 'thisTrialN': 48, 'thisRepN': 0}>
1798.2598 	EXP 	image_old_new: autoDraw = False
1798.2598 	EXP 	text_item: autoDraw = False
1798.2598 	EXP 	image_blank: autoDraw = True
1800.5094 	EXP 	cross_25: autoDraw = True
1800.7607 	EXP 	cross_25: autoDraw = False
1801.3615 	INFO 	Keyboard events cleared
1801.3615 	EXP 	image_blank: autoDraw = False
1801.3615 	EXP 	cross_25: autoDraw = False
1801.3615 	EXP 	image_blank: autoDraw = False
1801.3615 	EXP 	image_old_new: image = 'Scenes_Dataset/desert_A.jpg'
1801.3615 	EXP 	image_old_new: autoDraw = True
1801.3615 	EXP 	text_item: autoDraw = True
1802.4115 	DATA 	Keypress: left
1804.3440 	EXP 	New trial (rep=0, index=49): <Trial 49 (49 in rep 0) data={'Index': 36, 'Scene': 'Scenes_Dataset/stable_A.jpg', 'Scene_Size': (600, 450), 'Condition_Encode': 'Incongruent', 'Object_Encode': 'Objects_Dataset/remote_control.png', 'Object_Size': (300, 293), 'Condition_Old': 'old', 'Correct_Key_Old': 'left', 'Obj_Lure': 'Objects_Dataset/sword_retouched.png', 'Lure_size': (300, 300), 'Target_pos': (300, 200), 'Lure_pos': (300, -200), 'Correct_key_AFC': 'up', 'jitter_ITI': 2.45, 'thisN': 49, 'thisTrialN': 49, 'thisRepN': 0}>
1804.3612 	EXP 	image_old_new: autoDraw = False
1804.3612 	EXP 	text_item: autoDraw = False
1804.3612 	EXP 	image_blank: autoDraw = True
1806.5946 	EXP 	cross_25: autoDraw = True
1806.8261 	EXP 	image_blank: autoDraw = False
1806.8612 	INFO 	Keyboard events cleared
1806.8612 	EXP 	cross_25: autoDraw = False
1806.8612 	EXP 	cross_25: autoDraw = False
1806.8612 	EXP 	image_blank: autoDraw = False
1806.8612 	EXP 	image_old_new: image = 'Scenes_Dataset/stable_A.jpg'
1806.8612 	EXP 	image_old_new: autoDraw = True
1806.8612 	EXP 	text_item: autoDraw = True
1807.6294 	DATA 	Keypress: left
1809.8440 	EXP 	New trial (rep=0, index=50): <Trial 50 (50 in rep 0) data={'Index': 56, 'Scene': 'Scenes_Dataset/fountain_A.jpg', 'Scene_Size': (600, 443), 'Condition_Encode': 'Incongruent', 'Object_Encode': 'Objects_Dataset/plasticine.png', 'Object_Size': (250, 167), 'Condition_Old': 'old', 'Correct_Key_Old': 'left', 'Obj_Lure': 'Objects_Dataset/hands_dryer.png', 'Lure_size': (350, 267), 'Target_pos': (300, 200), 'Lure_pos': (300, -200), 'Correct_key_AFC': 'up', 'jitter_ITI': 2.15, 'thisN': 50, 'thisTrialN': 50, 'thisRepN': 0}>
1809.8614 	EXP 	image_old_new: autoDraw = False
1809.8614 	EXP 	text_item: autoDraw = False
1809.8614 	EXP 	image_blank: autoDraw = True
1812.0107 	EXP 	image_blank: autoDraw = False
1812.0940 	EXP 	cross_25: autoDraw = True
1812.3467 	INFO 	Keyboard events cleared
1812.3467 	EXP 	cross_25: autoDraw = False
1812.3467 	EXP 	cross_25: autoDraw = False
1812.3467 	EXP 	image_blank: autoDraw = False
1812.3467 	EXP 	image_old_new: image = 'Scenes_Dataset/fountain_A.jpg'
1812.3467 	EXP 	image_old_new: autoDraw = True
1812.3467 	EXP 	text_item: autoDraw = True
1813.1627 	DATA 	Keypress: left
1815.3285 	EXP 	New trial (rep=0, index=51): <Trial 51 (51 in rep 0) data={'Index': 6, 'Scene': 'Scenes_Dataset/stationary_store_A.jpg', 'Scene_Size': (600, 370), 'Condition_Encode': 'Congruent', 'Object_Encode': 'Objects_Dataset/stapler.png', 'Object_Size': (250, 178), 'Condition_Old': 'old', 'Correct_Key_Old': 'left', 'Obj_Lure': 'Objects_Dataset/envelope_retouched.png', 'Lure_size': (250, 211), 'Target_pos': (300, -200), 'Lure_pos': (300, 200), 'Correct_key_AFC': 'down', 'jitter_ITI': 2.25, 'thisN': 51, 'thisTrialN': 51, 'thisRepN': 0}>
1815.3444 	EXP 	image_old_new: autoDraw = False
1815.3444 	EXP 	text_item: autoDraw = False
1815.3444 	EXP 	image_blank: autoDraw = True
1817.5773 	EXP 	cross_25: autoDraw = True
1817.5941 	EXP 	image_blank: autoDraw = False
1817.8269 	INFO 	Keyboard events cleared
1817.8269 	EXP 	cross_25: autoDraw = False
1817.8269 	EXP 	cross_25: autoDraw = False
1817.8269 	EXP 	image_blank: autoDraw = False
1817.8269 	EXP 	image_old_new: image = 'Scenes_Dataset/stationary_store_A.jpg'
1817.8269 	EXP 	image_old_new: autoDraw = True
1817.8269 	EXP 	text_item: autoDraw = True
1818.7792 	DATA 	Keypress: left
1820.8117 	EXP 	New trial (rep=0, index=52): <Trial 52 (52 in rep 0) data={'Index': 65, 'Scene': 'Scenes_Dataset/toy_store_A.jpg', 'Scene_Size': (600, 399), 'Condition_Encode': 'Lure', 'Object_Encode': None, 'Object_Size': None, 'Condition_Old': 'new', 'Correct_Key_Old': 'right', 'Obj_Lure': None, 'Lure_size': None, 'Target_pos': None, 'Lure_pos': None, 'Correct_key_AFC': None, 'jitter_ITI': 2.35, 'thisN': 52, 'thisTrialN': 52, 'thisRepN': 0}>
1820.8271 	EXP 	image_old_new: autoDraw = False
1820.8271 	EXP 	text_item: autoDraw = False
1820.8271 	EXP 	image_old_new: autoDraw = False
1820.8271 	EXP 	text_item: autoDraw = False
1820.8271 	EXP 	image_blank: autoDraw = True
1823.0599 	EXP 	cross_25: autoDraw = True
1823.1773 	EXP 	image_blank: autoDraw = False
1823.3105 	INFO 	Keyboard events cleared
1823.3104 	EXP 	cross_25: autoDraw = False
1823.3104 	EXP 	cross_25: autoDraw = False
1823.3104 	EXP 	image_blank: autoDraw = False
1823.3104 	EXP 	image_old_new: image = 'Scenes_Dataset/toy_store_A.jpg'
1823.3104 	EXP 	image_old_new: autoDraw = True
1823.3104 	EXP 	text_item: autoDraw = True
1824.6971 	DATA 	Keypress: left
1826.2957 	EXP 	New trial (rep=0, index=53): <Trial 53 (53 in rep 0) data={'Index': 50, 'Scene': 'Scenes_Dataset/playground_A.jpg', 'Scene_Size': (600, 337), 'Condition_Encode': 'Incongruent', 'Object_Encode': 'Objects_Dataset/water_dispenser.png', 'Object_Size': (300, 300), 'Condition_Old': 'old', 'Correct_Key_Old': 'left', 'Obj_Lure': 'Objects_Dataset/wine_cork.png', 'Lure_size': (250, 163), 'Target_pos': (300, 200), 'Lure_pos': (300, -200), 'Correct_key_AFC': 'up', 'jitter_ITI': 3.15, 'thisN': 53, 'thisTrialN': 53, 'thisRepN': 0}>
1826.3100 	EXP 	image_old_new: autoDraw = False
1826.3100 	EXP 	text_item: autoDraw = False
1826.3100 	EXP 	image_old_new: autoDraw = False
1826.3100 	EXP 	text_item: autoDraw = False
1826.3100 	EXP 	image_blank: autoDraw = True
1828.5599 	EXP 	cross_25: autoDraw = True
1828.8100 	EXP 	cross_25: autoDraw = False
1829.4614 	INFO 	Keyboard events cleared
1829.4614 	EXP 	image_blank: autoDraw = False
1829.4614 	EXP 	cross_25: autoDraw = False
1829.4614 	EXP 	image_blank: autoDraw = False
1829.4614 	EXP 	image_old_new: image = 'Scenes_Dataset/playground_A.jpg'
1829.4614 	EXP 	image_old_new: autoDraw = True
1829.4614 	EXP 	text_item: autoDraw = True
1832.1287 	DATA 	Keypress: left
1832.4606 	EXP 	New trial (rep=0, index=54): <Trial 54 (54 in rep 0) data={'Index': 82, 'Scene': 'Scenes_Dataset/classroom_A.jpg', 'Scene_Size': (600, 450), 'Condition_Encode': 'Lure', 'Object_Encode': None, 'Object_Size': None, 'Condition_Old': 'new', 'Correct_Key_Old': 'right', 'Obj_Lure': None, 'Lure_size': None, 'Target_pos': None, 'Lure_pos': None, 'Correct_key_AFC': None, 'jitter_ITI': 3.2, 'thisN': 54, 'thisTrialN': 54, 'thisRepN': 0}>
1832.4770 	EXP 	image_old_new: autoDraw = False
1832.4770 	EXP 	text_item: autoDraw = False
1832.4770 	EXP 	image_blank: autoDraw = True
1834.6937 	EXP 	cross_25: autoDraw = True
1834.9438 	EXP 	cross_25: autoDraw = False
1835.6785 	INFO 	Keyboard events cleared
1835.6785 	EXP 	image_blank: autoDraw = False
1835.6785 	EXP 	cross_25: autoDraw = False
1835.6785 	EXP 	image_blank: autoDraw = False
1835.6785 	EXP 	image_old_new: image = 'Scenes_Dataset/classroom_A.jpg'
1835.6785 	EXP 	image_old_new: autoDraw = True
1835.6785 	EXP 	text_item: autoDraw = True
1836.8620 	DATA 	Keypress: right
1838.6778 	EXP 	New trial (rep=0, index=55): <Trial 55 (55 in rep 0) data={'Index': 24, 'Scene': 'Scenes_Dataset/marina_A.jpg', 'Scene_Size': (600, 450), 'Condition_Encode': 'Congruent', 'Object_Encode': 'Objects_Dataset/sailor_hat.png', 'Object_Size': (300, 250), 'Condition_Old': 'old', 'Correct_Key_Old': 'left', 'Obj_Lure': 'Objects_Dataset/rope.png', 'Lure_size': (300, 248), 'Target_pos': (300, -200), 'Lure_pos': (300, 200), 'Correct_key_AFC': 'down', 'jitter_ITI': 3.15, 'thisN': 55, 'thisTrialN': 55, 'thisRepN': 0}>
1838.6932 	EXP 	image_old_new: autoDraw = False
1838.6932 	EXP 	text_item: autoDraw = False
1838.6932 	EXP 	image_blank: autoDraw = True
1840.9105 	EXP 	cross_25: autoDraw = True
1841.1603 	EXP 	cross_25: autoDraw = False
1841.8435 	INFO 	Keyboard events cleared
1841.8435 	EXP 	image_blank: autoDraw = False
1841.8435 	EXP 	cross_25: autoDraw = False
1841.8435 	EXP 	image_blank: autoDraw = False
1841.8435 	EXP 	image_old_new: image = 'Scenes_Dataset/marina_A.jpg'
1841.8435 	EXP 	image_old_new: autoDraw = True
1841.8435 	EXP 	text_item: autoDraw = True
1842.8108 	DATA 	Keypress: left
1844.8294 	EXP 	New trial (rep=0, index=56): <Trial 56 (56 in rep 0) data={'Index': 68, 'Scene': 'Scenes_Dataset/hut_B.jpg', 'Scene_Size': (600, 400), 'Condition_Encode': 'Lure', 'Object_Encode': None, 'Object_Size': None, 'Condition_Old': 'new', 'Correct_Key_Old': 'right', 'Obj_Lure': None, 'Lure_size': None, 'Target_pos': None, 'Lure_pos': None, 'Correct_key_AFC': None, 'jitter_ITI': 2.5, 'thisN': 56, 'thisTrialN': 56, 'thisRepN': 0}>
1844.8434 	EXP 	image_old_new: autoDraw = False
1844.8434 	EXP 	text_item: autoDraw = False
1844.8434 	EXP 	image_blank: autoDraw = True
1847.0769 	EXP 	cross_25: autoDraw = True
1847.3276 	EXP 	cross_25: autoDraw = False
1847.3450 	INFO 	Keyboard events cleared
1847.3450 	EXP 	image_blank: autoDraw = False
1847.3450 	EXP 	cross_25: autoDraw = False
1847.3450 	EXP 	image_blank: autoDraw = False
1847.3450 	EXP 	image_old_new: image = 'Scenes_Dataset/hut_B.jpg'
1847.3450 	EXP 	image_old_new: autoDraw = True
1847.3450 	EXP 	text_item: autoDraw = True
1848.1617 	DATA 	Keypress: right
1850.3440 	EXP 	New trial (rep=0, index=57): <Trial 57 (57 in rep 0) data={'Index': 79, 'Scene': 'Scenes_Dataset/construction_A.jpg', 'Scene_Size': (600, 440), 'Condition_Encode': 'Lure', 'Object_Encode': None, 'Object_Size': None, 'Condition_Old': 'new', 'Correct_Key_Old': 'right', 'Obj_Lure': None, 'Lure_size': None, 'Target_pos': None, 'Lure_pos': None, 'Correct_key_AFC': None, 'jitter_ITI': 3.05, 'thisN': 57, 'thisTrialN': 57, 'thisRepN': 0}>
1850.3603 	EXP 	image_old_new: autoDraw = False
1850.3603 	EXP 	text_item: autoDraw = False
1850.3603 	EXP 	image_blank: autoDraw = True
1852.5770 	EXP 	cross_25: autoDraw = True
1852.8271 	EXP 	cross_25: autoDraw = False
1853.4112 	INFO 	Keyboard events cleared
1853.4112 	EXP 	image_blank: autoDraw = False
1853.4112 	EXP 	cross_25: autoDraw = False
1853.4112 	EXP 	image_blank: autoDraw = False
1853.4112 	EXP 	image_old_new: image = 'Scenes_Dataset/construction_A.jpg'
1853.4112 	EXP 	image_old_new: autoDraw = True
1853.4112 	EXP 	text_item: autoDraw = True
1854.9448 	DATA 	Keypress: right
1856.3942 	EXP 	New trial (rep=0, index=58): <Trial 58 (58 in rep 0) data={'Index': 88, 'Scene': 'Scenes_Dataset/library_A.jpg', 'Scene_Size': (600, 478), 'Condition_Encode': 'Lure', 'Object_Encode': None, 'Object_Size': None, 'Condition_Old': 'new', 'Correct_Key_Old': 'right', 'Obj_Lure': None, 'Lure_size': None, 'Target_pos': None, 'Lure_pos': None, 'Correct_key_AFC': None, 'jitter_ITI': 2.2, 'thisN': 58, 'thisTrialN': 58, 'thisRepN': 0}>
1856.4104 	EXP 	image_old_new: autoDraw = False
1856.4104 	EXP 	text_item: autoDraw = False
1856.4104 	EXP 	image_old_new: autoDraw = False
1856.4104 	EXP 	text_item: autoDraw = False
1856.4104 	EXP 	image_blank: autoDraw = True
1858.6105 	EXP 	image_blank: autoDraw = False
1858.6437 	EXP 	cross_25: autoDraw = True
1858.8963 	INFO 	Keyboard events cleared
1858.8963 	EXP 	cross_25: autoDraw = False
1858.8963 	EXP 	cross_25: autoDraw = False
1858.8963 	EXP 	image_blank: autoDraw = False
1858.8963 	EXP 	image_old_new: image = 'Scenes_Dataset/library_A.jpg'
1858.8963 	EXP 	image_old_new: autoDraw = True
1858.8963 	EXP 	text_item: autoDraw = True
1860.0617 	DATA 	Keypress: right
1861.8948 	EXP 	New trial (rep=0, index=59): <Trial 59 (59 in rep 0) data={'Index': 2, 'Scene': 'Scenes_Dataset/waiting_room_A.jpg', 'Scene_Size': (600, 450), 'Condition_Encode': 'Congruent', 'Object_Encode': 'Objects_Dataset/clock.png', 'Object_Size': (250, 248), 'Condition_Old': 'old', 'Correct_Key_Old': 'left', 'Obj_Lure': 'Objects_Dataset/water_dispenser.png', 'Lure_size': (300, 300), 'Target_pos': (300, -200), 'Lure_pos': (300, 200), 'Correct_key_AFC': 'down', 'jitter_ITI': 2.05, 'thisN': 59, 'thisTrialN': 59, 'thisRepN': 0}>
1861.9105 	EXP 	image_old_new: autoDraw = False
1861.9105 	EXP 	text_item: autoDraw = False
1861.9105 	EXP 	image_blank: autoDraw = True
1863.9607 	EXP 	image_blank: autoDraw = False
1864.1272 	EXP 	cross_25: autoDraw = True
1864.3775 	INFO 	Keyboard events cleared
1864.3774 	EXP 	cross_25: autoDraw = False
1864.3774 	EXP 	cross_25: autoDraw = False
1864.3774 	EXP 	image_blank: autoDraw = False
1864.3774 	EXP 	image_old_new: image = 'Scenes_Dataset/waiting_room_A.jpg'
1864.3774 	EXP 	image_old_new: autoDraw = True
1864.3774 	EXP 	text_item: autoDraw = True
1865.3455 	DATA 	Keypress: left
1867.3611 	EXP 	New trial (rep=0, index=60): <Trial 60 (60 in rep 0) data={'Index': 63, 'Scene': 'Scenes_Dataset/desert_B.jpg', 'Scene_Size': (600, 381), 'Condition_Encode': 'Lure', 'Object_Encode': None, 'Object_Size': None, 'Condition_Old': 'new', 'Correct_Key_Old': 'right', 'Obj_Lure': None, 'Lure_size': None, 'Target_pos': None, 'Lure_pos': None, 'Correct_key_AFC': None, 'jitter_ITI': 2.25, 'thisN': 60, 'thisTrialN': 60, 'thisRepN': 0}>
1867.3772 	EXP 	image_old_new: autoDraw = False
1867.3772 	EXP 	text_item: autoDraw = False
1867.3772 	EXP 	image_old_new: autoDraw = False
1867.3772 	EXP 	text_item: autoDraw = False
1867.3772 	EXP 	image_blank: autoDraw = True
1869.6107 	EXP 	cross_25: autoDraw = True
1869.6272 	EXP 	image_blank: autoDraw = False
1869.8625 	INFO 	Keyboard events cleared
1869.8625 	EXP 	cross_25: autoDraw = False
1869.8625 	EXP 	cross_25: autoDraw = False
1869.8625 	EXP 	image_blank: autoDraw = False
1869.8625 	EXP 	image_old_new: image = 'Scenes_Dataset/desert_B.jpg'
1869.8625 	EXP 	image_old_new: autoDraw = True
1869.8625 	EXP 	text_item: autoDraw = True
1872.2459 	DATA 	Keypress: right
1872.8452 	EXP 	New trial (rep=0, index=61): <Trial 61 (61 in rep 0) data={'Index': 55, 'Scene': 'Scenes_Dataset/lake_A.jpg', 'Scene_Size': (600, 442), 'Condition_Encode': 'Incongruent', 'Object_Encode': 'Objects_Dataset/thermometer.png', 'Object_Size': (300, 199), 'Condition_Old': 'old', 'Correct_Key_Old': 'left', 'Obj_Lure': 'Objects_Dataset/ticket_machine.png', 'Lure_size': (200, 300), 'Target_pos': (300, 200), 'Lure_pos': (300, -200), 'Correct_key_AFC': 'up', 'jitter_ITI': 2.1, 'thisN': 61, 'thisTrialN': 61, 'thisRepN': 0}>
1872.8611 	EXP 	image_old_new: autoDraw = False
1872.8611 	EXP 	text_item: autoDraw = False
1872.8611 	EXP 	image_blank: autoDraw = True
1874.9608 	EXP 	image_blank: autoDraw = False
1875.0956 	EXP 	cross_25: autoDraw = True
1875.3603 	INFO 	Keyboard events cleared
1875.3603 	EXP 	cross_25: autoDraw = False
1875.3603 	EXP 	cross_25: autoDraw = False
1875.3603 	EXP 	image_blank: autoDraw = False
1875.3603 	EXP 	image_old_new: image = 'Scenes_Dataset/lake_A.jpg'
1875.3603 	EXP 	image_old_new: autoDraw = True
1875.3603 	EXP 	text_item: autoDraw = True
1876.3622 	DATA 	Keypress: left
1878.3448 	EXP 	New trial (rep=0, index=62): <Trial 62 (62 in rep 0) data={'Index': 34, 'Scene': 'Scenes_Dataset/flower_shop_A.jpg', 'Scene_Size': (600, 450), 'Condition_Encode': 'Incongruent', 'Object_Encode': 'Objects_Dataset/trumpet_retouched.png', 'Object_Size': (300, 122), 'Condition_Old': 'old', 'Correct_Key_Old': 'left', 'Obj_Lure': 'Objects_Dataset/sailor_hat.png', 'Lure_size': (300, 250), 'Target_pos': (300, 200), 'Lure_pos': (300, -200), 'Correct_key_AFC': 'up', 'jitter_ITI': 2.35, 'thisN': 62, 'thisTrialN': 62, 'thisRepN': 0}>
1878.3609 	EXP 	image_old_new: autoDraw = False
1878.3609 	EXP 	text_item: autoDraw = False
1878.3609 	EXP 	image_old_new: autoDraw = False
1878.3609 	EXP 	text_item: autoDraw = False
1878.3609 	EXP 	image_blank: autoDraw = True
1880.5941 	EXP 	cross_25: autoDraw = True
1880.7108 	EXP 	image_blank: autoDraw = False
1880.8435 	INFO 	Keyboard events cleared
1880.8434 	EXP 	cross_25: autoDraw = False
1880.8434 	EXP 	cross_25: autoDraw = False
1880.8434 	EXP 	image_blank: autoDraw = False
1880.8434 	EXP 	image_old_new: image = 'Scenes_Dataset/flower_shop_A.jpg'
1880.8434 	EXP 	image_old_new: autoDraw = True
1880.8434 	EXP 	text_item: autoDraw = True
1883.1788 	DATA 	Keypress: right
1883.8283 	EXP 	New trial (rep=0, index=63): <Trial 63 (63 in rep 0) data={'Index': 53, 'Scene': 'Scenes_Dataset/operating_room_A.jpg', 'Scene_Size': (600, 416), 'Condition_Encode': 'Incongruent', 'Object_Encode': 'Objects_Dataset/rope.png', 'Object_Size': (300, 248), 'Condition_Old': 'old', 'Correct_Key_Old': 'left', 'Obj_Lure': 'Objects_Dataset/scooter_retouched.png', 'Lure_size': (311, 350), 'Target_pos': (300, 200), 'Lure_pos': (300, -200), 'Correct_key_AFC': 'up', 'jitter_ITI': 2, 'thisN': 63, 'thisTrialN': 63, 'thisRepN': 0}>
1883.8439 	EXP 	image_old_new: autoDraw = False
1883.8439 	EXP 	text_item: autoDraw = False
1883.8439 	EXP 	image_old_new: autoDraw = False
1883.8439 	EXP 	text_item: autoDraw = False
1883.8439 	EXP 	image_blank: autoDraw = True
1885.8441 	EXP 	image_blank: autoDraw = False
1886.0775 	EXP 	cross_25: autoDraw = True
1886.3278 	INFO 	Keyboard events cleared
1886.3278 	EXP 	cross_25: autoDraw = False
1886.3278 	EXP 	cross_25: autoDraw = False
1886.3278 	EXP 	image_blank: autoDraw = False
1886.3278 	EXP 	image_old_new: image = 'Scenes_Dataset/operating_room_A.jpg'
1886.3278 	EXP 	image_old_new: autoDraw = True
1886.3278 	EXP 	text_item: autoDraw = True
1887.6293 	DATA 	Keypress: left
1889.3117 	EXP 	New trial (rep=0, index=64): <Trial 64 (64 in rep 0) data={'Index': 73, 'Scene': 'Scenes_Dataset/cemetery_A.jpg', 'Scene_Size': (600, 452), 'Condition_Encode': 'Lure', 'Object_Encode': None, 'Object_Size': None, 'Condition_Old': 'new', 'Correct_Key_Old': 'right', 'Obj_Lure': None, 'Lure_size': None, 'Target_pos': None, 'Lure_pos': None, 'Correct_key_AFC': None, 'jitter_ITI': 2.75, 'thisN': 64, 'thisTrialN': 64, 'thisRepN': 0}>
1889.3279 	EXP 	image_old_new: autoDraw = False
1889.3279 	EXP 	text_item: autoDraw = False
1889.3279 	EXP 	image_blank: autoDraw = True
1891.5610 	EXP 	cross_25: autoDraw = True
1891.8111 	EXP 	cross_25: autoDraw = False
1892.0799 	INFO 	Keyboard events cleared
1892.0799 	EXP 	image_blank: autoDraw = False
1892.0799 	EXP 	cross_25: autoDraw = False
1892.0799 	EXP 	image_blank: autoDraw = False
1892.0799 	EXP 	image_old_new: image = 'Scenes_Dataset/cemetery_A.jpg'
1892.0799 	EXP 	image_old_new: autoDraw = True
1892.0799 	EXP 	text_item: autoDraw = True
1893.2957 	DATA 	Keypress: right
1895.0782 	EXP 	New trial (rep=0, index=65): <Trial 65 (65 in rep 0) data={'Index': 67, 'Scene': 'Scenes_Dataset/kindergarten_B.jpg', 'Scene_Size': (600, 401), 'Condition_Encode': 'Lure', 'Object_Encode': None, 'Object_Size': None, 'Condition_Old': 'new', 'Correct_Key_Old': 'right', 'Obj_Lure': None, 'Lure_size': None, 'Target_pos': None, 'Lure_pos': None, 'Correct_key_AFC': None, 'jitter_ITI': 2.45, 'thisN': 65, 'thisTrialN': 65, 'thisRepN': 0}>
1895.0941 	EXP 	image_old_new: autoDraw = False
1895.0941 	EXP 	text_item: autoDraw = False
1895.0941 	EXP 	image_blank: autoDraw = True
1897.3111 	EXP 	cross_25: autoDraw = True
1897.5451 	EXP 	image_blank: autoDraw = False
1897.5641 	INFO 	Keyboard events cleared
1897.5640 	EXP 	cross_25: autoDraw = False
1897.5640 	EXP 	cross_25: autoDraw = False
1897.5640 	EXP 	image_blank: autoDraw = False
1897.5640 	EXP 	image_old_new: image = 'Scenes_Dataset/kindergarten_B.jpg'
1897.5640 	EXP 	image_old_new: autoDraw = True
1897.5640 	EXP 	text_item: autoDraw = True
1899.0289 	DATA 	Keypress: right
1900.5469 	EXP 	New trial (rep=0, index=66): <Trial 66 (66 in rep 0) data={'Index': 51, 'Scene': 'Scenes_Dataset/clinic_A.jpg', 'Scene_Size': (600, 400), 'Condition_Encode': 'Incongruent', 'Object_Encode': 'Objects_Dataset/juggling_balls_retouched.png', 'Object_Size': (350, 197), 'Condition_Old': 'old', 'Correct_Key_Old': 'left', 'Obj_Lure': 'Objects_Dataset/sled_retouched.png', 'Lure_size': (450, 286), 'Target_pos': (300, 200), 'Lure_pos': (300, -200), 'Correct_key_AFC': 'up', 'jitter_ITI': 3.2, 'thisN': 66, 'thisTrialN': 66, 'thisRepN': 0}>
1900.5610 	EXP 	image_old_new: autoDraw = False
1900.5610 	EXP 	text_item: autoDraw = False
1900.5610 	EXP 	image_blank: autoDraw = True
1902.8112 	EXP 	cross_25: autoDraw = True
1903.0612 	EXP 	cross_25: autoDraw = False
1903.7613 	INFO 	Keyboard events cleared
1903.7612 	EXP 	image_blank: autoDraw = False
1903.7612 	EXP 	cross_25: autoDraw = False
1903.7612 	EXP 	image_blank: autoDraw = False
1903.7612 	EXP 	image_old_new: image = 'Scenes_Dataset/clinic_A.jpg'
1903.7612 	EXP 	image_old_new: autoDraw = True
1903.7612 	EXP 	text_item: autoDraw = True
1905.0954 	DATA 	Keypress: right
1906.7453 	EXP 	New trial (rep=0, index=67): <Trial 67 (67 in rep 0) data={'Index': 48, 'Scene': 'Scenes_Dataset/ballet_room_A.jpg', 'Scene_Size': (600, 398), 'Condition_Encode': 'Incongruent', 'Object_Encode': 'Objects_Dataset/hiking_boots.png', 'Object_Size': (300, 300), 'Condition_Old': 'old', 'Correct_Key_Old': 'left', 'Obj_Lure': 'Objects_Dataset/bicycle_bell.png', 'Lure_size': (250, 210), 'Target_pos': (300, 200), 'Lure_pos': (300, -200), 'Correct_key_AFC': 'up', 'jitter_ITI': 3.05, 'thisN': 67, 'thisTrialN': 67, 'thisRepN': 0}>
1906.7631 	EXP 	image_old_new: autoDraw = False
1906.7631 	EXP 	text_item: autoDraw = False
1906.7631 	EXP 	image_old_new: autoDraw = False
1906.7631 	EXP 	text_item: autoDraw = False
1906.7631 	EXP 	image_blank: autoDraw = True
1906.8120 	DATA 	Keypress: left
1909.0115 	EXP 	cross_25: autoDraw = True
1909.2623 	EXP 	cross_25: autoDraw = False
1909.8294 	INFO 	Keyboard events cleared
1909.8294 	EXP 	image_blank: autoDraw = False
1909.8294 	EXP 	cross_25: autoDraw = False
1909.8294 	EXP 	image_blank: autoDraw = False
1909.8294 	EXP 	image_old_new: image = 'Scenes_Dataset/ballet_room_A.jpg'
1909.8294 	EXP 	image_old_new: autoDraw = True
1909.8294 	EXP 	text_item: autoDraw = True
1911.5796 	DATA 	Keypress: right
1912.8285 	EXP 	New trial (rep=0, index=68): <Trial 68 (68 in rep 0) data={'Index': 41, 'Scene': 'Scenes_Dataset/attic_A.jpg', 'Scene_Size': (600, 400), 'Condition_Encode': 'Incongruent', 'Object_Encode': 'Objects_Dataset/ticket_machine.png', 'Object_Size': (200, 300), 'Condition_Old': 'old', 'Correct_Key_Old': 'left', 'Obj_Lure': 'Objects_Dataset/cake_holder.png', 'Lure_size': (300, 209), 'Target_pos': (300, 200), 'Lure_pos': (300, -200), 'Correct_key_AFC': 'up', 'jitter_ITI': 2.7, 'thisN': 68, 'thisTrialN': 68, 'thisRepN': 0}>
1912.8444 	EXP 	image_old_new: autoDraw = False
1912.8444 	EXP 	text_item: autoDraw = False
1912.8444 	EXP 	image_blank: autoDraw = True
1915.0613 	EXP 	cross_25: autoDraw = True
1915.3113 	EXP 	cross_25: autoDraw = False
1915.5447 	INFO 	Keyboard events cleared
1915.5447 	EXP 	image_blank: autoDraw = False
1915.5447 	EXP 	cross_25: autoDraw = False
1915.5447 	EXP 	image_blank: autoDraw = False
1915.5447 	EXP 	image_old_new: image = 'Scenes_Dataset/attic_A.jpg'
1915.5447 	EXP 	image_old_new: autoDraw = True
1915.5447 	EXP 	text_item: autoDraw = True
1916.6630 	DATA 	Keypress: left
1918.5288 	EXP 	New trial (rep=0, index=69): <Trial 69 (69 in rep 0) data={'Index': 42, 'Scene': 'Scenes_Dataset/hut_A.jpg', 'Scene_Size': (600, 384), 'Condition_Encode': 'Incongruent', 'Object_Encode': 'Objects_Dataset/sled_retouched.png', 'Object_Size': (450, 286), 'Condition_Old': 'old', 'Correct_Key_Old': 'left', 'Obj_Lure': 'Objects_Dataset/stapler.png', 'Lure_size': (250, 178), 'Target_pos': (300, 200), 'Lure_pos': (300, -200), 'Correct_key_AFC': 'up', 'jitter_ITI': 2.75, 'thisN': 69, 'thisTrialN': 69, 'thisRepN': 0}>
1918.5444 	EXP 	image_old_new: autoDraw = False
1918.5444 	EXP 	text_item: autoDraw = False
1918.5444 	EXP 	image_old_new: autoDraw = False
1918.5444 	EXP 	text_item: autoDraw = False
1918.5444 	EXP 	image_blank: autoDraw = True
1920.7944 	EXP 	cross_25: autoDraw = True
1921.0444 	EXP 	cross_25: autoDraw = False
1921.2968 	INFO 	Keyboard events cleared
1921.2968 	EXP 	image_blank: autoDraw = False
1921.2968 	EXP 	cross_25: autoDraw = False
1921.2968 	EXP 	image_blank: autoDraw = False
1921.2968 	EXP 	image_old_new: image = 'Scenes_Dataset/hut_A.jpg'
1921.2968 	EXP 	image_old_new: autoDraw = True
1921.2968 	EXP 	text_item: autoDraw = True
1922.1633 	DATA 	Keypress: left
1924.2975 	EXP 	New trial (rep=0, index=70): <Trial 70 (70 in rep 0) data={'Index': 17, 'Scene': 'Scenes_Dataset/stage_A.jpg', 'Scene_Size': (600, 396), 'Condition_Encode': 'Congruent', 'Object_Encode': 'Objects_Dataset/saxophone.png', 'Object_Size': (250, 250), 'Condition_Old': 'old', 'Correct_Key_Old': 'left', 'Obj_Lure': 'Objects_Dataset/digital_piano_retouched.png', 'Lure_size': (350, 350), 'Target_pos': (300, -200), 'Lure_pos': (300, 200), 'Correct_key_AFC': 'down', 'jitter_ITI': 2.8, 'thisN': 70, 'thisTrialN': 70, 'thisRepN': 0}>
1924.3109 	EXP 	image_old_new: autoDraw = False
1924.3109 	EXP 	text_item: autoDraw = False
1924.3109 	EXP 	image_blank: autoDraw = True
1926.5443 	EXP 	cross_25: autoDraw = True
1926.7945 	EXP 	cross_25: autoDraw = False
1927.1117 	INFO 	Keyboard events cleared
1927.1117 	EXP 	image_blank: autoDraw = False
1927.1117 	EXP 	cross_25: autoDraw = False
1927.1117 	EXP 	image_blank: autoDraw = False
1927.1117 	EXP 	image_old_new: image = 'Scenes_Dataset/stage_A.jpg'
1927.1117 	EXP 	image_old_new: autoDraw = True
1927.1117 	EXP 	text_item: autoDraw = True
1928.0129 	DATA 	Keypress: left
1930.0955 	EXP 	New trial (rep=0, index=71): <Trial 71 (71 in rep 0) data={'Index': 66, 'Scene': 'Scenes_Dataset/vault_B.jpg', 'Scene_Size': (600, 400), 'Condition_Encode': 'Lure', 'Object_Encode': None, 'Object_Size': None, 'Condition_Old': 'new', 'Correct_Key_Old': 'right', 'Obj_Lure': None, 'Lure_size': None, 'Target_pos': None, 'Lure_pos': None, 'Correct_key_AFC': None, 'jitter_ITI': 2.4, 'thisN': 71, 'thisTrialN': 71, 'thisRepN': 0}>
1930.1111 	EXP 	image_old_new: autoDraw = False
1930.1111 	EXP 	text_item: autoDraw = False
1930.1111 	EXP 	image_old_new: autoDraw = False
1930.1111 	EXP 	text_item: autoDraw = False
1930.1111 	EXP 	image_blank: autoDraw = True
1932.3612 	EXP 	cross_25: autoDraw = True
1932.5119 	EXP 	image_blank: autoDraw = False
1932.6116 	INFO 	Keyboard events cleared
1932.6116 	EXP 	cross_25: autoDraw = False
1932.6116 	EXP 	cross_25: autoDraw = False
1932.6116 	EXP 	image_blank: autoDraw = False
1932.6116 	EXP 	image_old_new: image = 'Scenes_Dataset/vault_B.jpg'
1932.6116 	EXP 	image_old_new: autoDraw = True
1932.6116 	EXP 	text_item: autoDraw = True
1934.2299 	DATA 	Keypress: right
1935.5953 	EXP 	New trial (rep=0, index=72): <Trial 72 (72 in rep 0) data={'Index': 12, 'Scene': 'Scenes_Dataset/castle_A.jpg', 'Scene_Size': (600, 450), 'Condition_Encode': 'Congruent', 'Object_Encode': 'Objects_Dataset/sword_retouched.png', 'Object_Size': (300, 300), 'Condition_Old': 'old', 'Correct_Key_Old': 'left', 'Obj_Lure': 'Objects_Dataset/shield.png', 'Lure_size': (199, 300), 'Target_pos': (300, -200), 'Lure_pos': (300, 200), 'Correct_key_AFC': 'down', 'jitter_ITI': 2.55, 'thisN': 72, 'thisTrialN': 72, 'thisRepN': 0}>
1935.6111 	EXP 	image_old_new: autoDraw = False
1935.6111 	EXP 	text_item: autoDraw = False
1935.6111 	EXP 	image_old_new: autoDraw = False
1935.6111 	EXP 	text_item: autoDraw = False
1935.6111 	EXP 	image_blank: autoDraw = True
1937.8447 	EXP 	cross_25: autoDraw = True
1938.0946 	EXP 	cross_25: autoDraw = False
1938.1652 	INFO 	Keyboard events cleared
1938.1652 	EXP 	image_blank: autoDraw = False
1938.1652 	EXP 	cross_25: autoDraw = False
1938.1652 	EXP 	image_blank: autoDraw = False
1938.1652 	EXP 	image_old_new: image = 'Scenes_Dataset/castle_A.jpg'
1938.1652 	EXP 	image_old_new: autoDraw = True
1938.1652 	EXP 	text_item: autoDraw = True
1939.1129 	DATA 	Keypress: left
1941.1617 	EXP 	New trial (rep=0, index=73): <Trial 73 (73 in rep 0) data={'Index': 49, 'Scene': 'Scenes_Dataset/restaurant_A.jpg', 'Scene_Size': (600, 400), 'Condition_Encode': 'Incongruent', 'Object_Encode': 'Objects_Dataset/comb.png', 'Object_Size': (250, 250), 'Condition_Old': 'old', 'Correct_Key_Old': 'left', 'Obj_Lure': 'Objects_Dataset/football_boots.png', 'Lure_size': (300, 300), 'Target_pos': (300, 200), 'Lure_pos': (300, -200), 'Correct_key_AFC': 'up', 'jitter_ITI': 3.1, 'thisN': 73, 'thisTrialN': 73, 'thisRepN': 0}>
1941.1779 	EXP 	image_old_new: autoDraw = False
1941.1779 	EXP 	text_item: autoDraw = False
1941.1779 	EXP 	image_blank: autoDraw = True
1943.3949 	EXP 	cross_25: autoDraw = True
1943.6449 	EXP 	cross_25: autoDraw = False
1944.2811 	INFO 	Keyboard events cleared
1944.2811 	EXP 	image_blank: autoDraw = False
1944.2811 	EXP 	cross_25: autoDraw = False
1944.2811 	EXP 	image_blank: autoDraw = False
1944.2811 	EXP 	image_old_new: image = 'Scenes_Dataset/restaurant_A.jpg'
1944.2811 	EXP 	image_old_new: autoDraw = True
1944.2811 	EXP 	text_item: autoDraw = True
1945.3297 	DATA 	Keypress: right
1947.2787 	EXP 	New trial (rep=0, index=74): <Trial 74 (74 in rep 0) data={'Index': 58, 'Scene': 'Scenes_Dataset/museum_A.jpg', 'Scene_Size': (600, 337), 'Condition_Encode': 'Incongruent', 'Object_Encode': 'Objects_Dataset/bikini.png', 'Object_Size': (350, 350), 'Condition_Old': 'old', 'Correct_Key_Old': 'left', 'Obj_Lure': 'Objects_Dataset/clothesline_retouched_2.png', 'Lure_size': (350, 231), 'Target_pos': (300, 200), 'Lure_pos': (300, -200), 'Correct_key_AFC': 'up', 'jitter_ITI': 2.25, 'thisN': 74, 'thisTrialN': 74, 'thisRepN': 0}>
1947.2947 	EXP 	image_old_new: autoDraw = False
1947.2947 	EXP 	text_item: autoDraw = False
1947.2947 	EXP 	image_blank: autoDraw = True
1949.5115 	EXP 	cross_25: autoDraw = True
1949.5475 	EXP 	image_blank: autoDraw = False
1949.7629 	INFO 	Keyboard events cleared
1949.7629 	EXP 	cross_25: autoDraw = False
1949.7629 	EXP 	cross_25: autoDraw = False
1949.7629 	EXP 	image_blank: autoDraw = False
1949.7629 	EXP 	image_old_new: image = 'Scenes_Dataset/museum_A.jpg'
1949.7629 	EXP 	image_old_new: autoDraw = True
1949.7629 	EXP 	text_item: autoDraw = True
1951.7790 	DATA 	Keypress: right
1952.7474 	EXP 	New trial (rep=0, index=75): <Trial 75 (75 in rep 0) data={'Index': 38, 'Scene': 'Scenes_Dataset/garden_A.jpg', 'Scene_Size': (600, 446), 'Condition_Encode': 'Incongruent', 'Object_Encode': 'Objects_Dataset/airplane_belt.png', 'Object_Size': (300, 249), 'Condition_Old': 'old', 'Correct_Key_Old': 'left', 'Obj_Lure': 'Objects_Dataset/saline_retouched.png', 'Lure_size': (300, 225), 'Target_pos': (300, 200), 'Lure_pos': (300, -200), 'Correct_key_AFC': 'up', 'jitter_ITI': 2.55, 'thisN': 75, 'thisTrialN': 75, 'thisRepN': 0}>
1952.7616 	EXP 	image_old_new: autoDraw = False
1952.7616 	EXP 	text_item: autoDraw = False
1952.7616 	EXP 	image_old_new: autoDraw = False
1952.7616 	EXP 	text_item: autoDraw = False
1952.7616 	EXP 	image_blank: autoDraw = True
1955.0117 	EXP 	cross_25: autoDraw = True
1955.2620 	EXP 	cross_25: autoDraw = False
1955.3154 	INFO 	Keyboard events cleared
1955.3154 	EXP 	image_blank: autoDraw = False
1955.3154 	EXP 	cross_25: autoDraw = False
1955.3154 	EXP 	image_blank: autoDraw = False
1955.3154 	EXP 	image_old_new: image = 'Scenes_Dataset/garden_A.jpg'
1955.3154 	EXP 	image_old_new: autoDraw = True
1955.3154 	EXP 	text_item: autoDraw = True
1956.1470 	DATA 	Keypress: left
1958.3120 	EXP 	New trial (rep=0, index=76): <Trial 76 (76 in rep 0) data={'Index': 15, 'Scene': 'Scenes_Dataset/river_A.jpg', 'Scene_Size': (600, 450), 'Condition_Encode': 'Congruent', 'Object_Encode': 'Objects_Dataset/kayak.png', 'Object_Size': (450, 338), 'Condition_Old': 'old', 'Correct_Key_Old': 'left', 'Obj_Lure': 'Objects_Dataset/paddle.png', 'Lure_size': (300, 299), 'Target_pos': (300, -200), 'Lure_pos': (300, 200), 'Correct_key_AFC': 'down', 'jitter_ITI': 2.7, 'thisN': 76, 'thisTrialN': 76, 'thisRepN': 0}>
1958.3282 	EXP 	image_old_new: autoDraw = False
1958.3282 	EXP 	text_item: autoDraw = False
1958.3282 	EXP 	image_blank: autoDraw = True
1960.5450 	EXP 	cross_25: autoDraw = True
1960.7951 	EXP 	cross_25: autoDraw = False
1961.0299 	INFO 	Keyboard events cleared
1961.0298 	EXP 	image_blank: autoDraw = False
1961.0298 	EXP 	cross_25: autoDraw = False
1961.0298 	EXP 	image_blank: autoDraw = False
1961.0298 	EXP 	image_old_new: image = 'Scenes_Dataset/river_A.jpg'
1961.0298 	EXP 	image_old_new: autoDraw = True
1961.0298 	EXP 	text_item: autoDraw = True
1962.2296 	DATA 	Keypress: left
1964.0290 	EXP 	New trial (rep=0, index=77): <Trial 77 (77 in rep 0) data={'Index': 14, 'Scene': 'Scenes_Dataset/palace_interior_A.jpg', 'Scene_Size': (600, 447), 'Condition_Encode': 'Congruent', 'Object_Encode': 'Objects_Dataset/chandelier_retouched.png', 'Object_Size': (250, 300), 'Condition_Old': 'old', 'Correct_Key_Old': 'left', 'Obj_Lure': 'Objects_Dataset/crown.png', 'Lure_size': (300, 249), 'Target_pos': (300, -200), 'Lure_pos': (300, 200), 'Correct_key_AFC': 'down', 'jitter_ITI': 2.65, 'thisN': 77, 'thisTrialN': 77, 'thisRepN': 0}>
1964.0450 	EXP 	image_old_new: autoDraw = False
1964.0450 	EXP 	text_item: autoDraw = False
1964.0450 	EXP 	image_blank: autoDraw = True
1966.2617 	EXP 	cross_25: autoDraw = True
1966.5116 	EXP 	cross_25: autoDraw = False
1966.7021 	INFO 	Keyboard events cleared
1966.7021 	EXP 	image_blank: autoDraw = False
1966.7021 	EXP 	cross_25: autoDraw = False
1966.7021 	EXP 	image_blank: autoDraw = False
1966.7021 	EXP 	image_old_new: image = 'Scenes_Dataset/palace_interior_A.jpg'
1966.7021 	EXP 	image_old_new: autoDraw = True
1966.7021 	EXP 	text_item: autoDraw = True
1968.1298 	DATA 	Keypress: left
1969.6956 	EXP 	New trial (rep=0, index=78): <Trial 78 (78 in rep 0) data={'Index': 86, 'Scene': 'Scenes_Dataset/shopping_center_A.jpg', 'Scene_Size': (600, 405), 'Condition_Encode': 'Lure', 'Object_Encode': None, 'Object_Size': None, 'Condition_Old': 'new', 'Correct_Key_Old': 'right', 'Obj_Lure': None, 'Lure_size': None, 'Target_pos': None, 'Lure_pos': None, 'Correct_key_AFC': None, 'jitter_ITI': 2.1, 'thisN': 78, 'thisTrialN': 78, 'thisRepN': 0}>
1969.7115 	EXP 	image_old_new: autoDraw = False
1969.7115 	EXP 	text_item: autoDraw = False
1969.7115 	EXP 	image_blank: autoDraw = True
1971.8117 	EXP 	image_blank: autoDraw = False
1971.9449 	EXP 	cross_25: autoDraw = True
1972.2005 	INFO 	Keyboard events cleared
1972.2005 	EXP 	cross_25: autoDraw = False
1972.2005 	EXP 	cross_25: autoDraw = False
1972.2005 	EXP 	image_blank: autoDraw = False
1972.2005 	EXP 	image_old_new: image = 'Scenes_Dataset/shopping_center_A.jpg'
1972.2005 	EXP 	image_old_new: autoDraw = True
1972.2005 	EXP 	text_item: autoDraw = True
1973.1963 	DATA 	Keypress: right
1975.1959 	EXP 	New trial (rep=0, index=79): <Trial 79 (79 in rep 0) data={'Index': 77, 'Scene': 'Scenes_Dataset/trash_A.jpg', 'Scene_Size': (600, 424), 'Condition_Encode': 'Lure', 'Object_Encode': None, 'Object_Size': None, 'Condition_Old': 'new', 'Correct_Key_Old': 'right', 'Obj_Lure': None, 'Lure_size': None, 'Target_pos': None, 'Lure_pos': None, 'Correct_key_AFC': None, 'jitter_ITI': 2.95, 'thisN': 79, 'thisTrialN': 79, 'thisRepN': 0}>
1975.2117 	EXP 	image_old_new: autoDraw = False
1975.2117 	EXP 	text_item: autoDraw = False
1975.2117 	EXP 	image_blank: autoDraw = True
1977.4452 	EXP 	cross_25: autoDraw = True
1977.6956 	EXP 	cross_25: autoDraw = False
1978.1674 	INFO 	Keyboard events cleared
1978.1673 	EXP 	image_blank: autoDraw = False
1978.1673 	EXP 	cross_25: autoDraw = False
1978.1673 	EXP 	image_blank: autoDraw = False
1978.1673 	EXP 	image_old_new: image = 'Scenes_Dataset/trash_A.jpg'
1978.1673 	EXP 	image_old_new: autoDraw = True
1978.1673 	EXP 	text_item: autoDraw = True
1979.4967 	DATA 	Keypress: right
1981.1629 	EXP 	New trial (rep=0, index=80): <Trial 80 (80 in rep 0) data={'Index': 29, 'Scene': 'Scenes_Dataset/pool_B.jpg', 'Scene_Size': (600, 450), 'Condition_Encode': 'Congruent', 'Object_Encode': 'Objects_Dataset/slippers.png', 'Object_Size': (280, 300), 'Condition_Old': 'old', 'Correct_Key_Old': 'left', 'Obj_Lure': 'Objects_Dataset/bikini.png', 'Lure_size': (350, 350), 'Target_pos': (300, -200), 'Lure_pos': (300, 200), 'Correct_key_AFC': 'down', 'jitter_ITI': 2.1, 'thisN': 80, 'thisTrialN': 80, 'thisRepN': 0}>
1981.1785 	EXP 	image_old_new: autoDraw = False
1981.1785 	EXP 	text_item: autoDraw = False
1981.1785 	EXP 	image_blank: autoDraw = True
1983.2786 	EXP 	image_blank: autoDraw = False
1983.3952 	EXP 	cross_25: autoDraw = True
1983.6518 	INFO 	Keyboard events cleared
1983.6518 	EXP 	cross_25: autoDraw = False
1983.6518 	EXP 	cross_25: autoDraw = False
1983.6518 	EXP 	image_blank: autoDraw = False
1983.6518 	EXP 	image_old_new: image = 'Scenes_Dataset/pool_B.jpg'
1983.6518 	EXP 	image_old_new: autoDraw = True
1983.6518 	EXP 	text_item: autoDraw = True
1985.2298 	DATA 	Keypress: left
1986.6457 	EXP 	New trial (rep=0, index=81): <Trial 81 (81 in rep 0) data={'Index': 9, 'Scene': 'Scenes_Dataset/childrens_room_A.jpg', 'Scene_Size': (600, 524), 'Condition_Encode': 'Congruent', 'Object_Encode': 'Objects_Dataset/abacus.png', 'Object_Size': (185, 200), 'Condition_Old': 'old', 'Correct_Key_Old': 'left', 'Obj_Lure': 'Objects_Dataset/doll.png', 'Lure_size': (191, 300), 'Target_pos': (300, -200), 'Lure_pos': (300, 200), 'Correct_key_AFC': 'down', 'jitter_ITI': 2.4, 'thisN': 81, 'thisTrialN': 81, 'thisRepN': 0}>
1986.6619 	EXP 	image_old_new: autoDraw = False
1986.6619 	EXP 	text_item: autoDraw = False
1986.6619 	EXP 	image_blank: autoDraw = True
1988.8787 	EXP 	cross_25: autoDraw = True
1989.0623 	EXP 	image_blank: autoDraw = False
1989.1382 	INFO 	Keyboard events cleared
1989.1381 	EXP 	cross_25: autoDraw = False
1989.1381 	EXP 	cross_25: autoDraw = False
1989.1381 	EXP 	image_blank: autoDraw = False
1989.1381 	EXP 	image_old_new: image = 'Scenes_Dataset/childrens_room_A.jpg'
1989.1381 	EXP 	image_old_new: autoDraw = True
1989.1381 	EXP 	text_item: autoDraw = True
1990.3639 	DATA 	Keypress: right
1992.1292 	EXP 	New trial (rep=0, index=82): <Trial 82 (82 in rep 0) data={'Index': 46, 'Scene': 'Scenes_Dataset/skate_park_A.jpg', 'Scene_Size': (600, 450), 'Condition_Encode': 'Incongruent', 'Object_Encode': 'Objects_Dataset/paddle.png', 'Object_Size': (300, 299), 'Condition_Old': 'old', 'Correct_Key_Old': 'left', 'Obj_Lure': 'Objects_Dataset/fan.png', 'Lure_size': (350, 350), 'Target_pos': (300, 200), 'Lure_pos': (300, -200), 'Correct_key_AFC': 'up', 'jitter_ITI': 2.95, 'thisN': 82, 'thisTrialN': 82, 'thisRepN': 0}>
1992.1453 	EXP 	image_old_new: autoDraw = False
1992.1453 	EXP 	text_item: autoDraw = False
1992.1453 	EXP 	image_blank: autoDraw = True
1994.3787 	EXP 	cross_25: autoDraw = True
1994.6316 	EXP 	cross_25: autoDraw = False
1995.0977 	INFO 	Keyboard events cleared
1995.0977 	EXP 	image_blank: autoDraw = False
1995.0977 	EXP 	cross_25: autoDraw = False
1995.0977 	EXP 	image_blank: autoDraw = False
1995.0977 	EXP 	image_old_new: image = 'Scenes_Dataset/skate_park_A.jpg'
1995.0977 	EXP 	image_old_new: autoDraw = True
1995.0977 	EXP 	text_item: autoDraw = True
1996.2330 	DATA 	Keypress: right
1998.0964 	EXP 	New trial (rep=0, index=83): <Trial 83 (83 in rep 0) data={'Index': 47, 'Scene': 'Scenes_Dataset/entrance_hall_B.jpg', 'Scene_Size': (600, 421), 'Condition_Encode': 'Incongruent', 'Object_Encode': 'Objects_Dataset/movie_reels.png', 'Object_Size': (350, 268), 'Condition_Old': 'old', 'Correct_Key_Old': 'left', 'Obj_Lure': 'Objects_Dataset/payment_terminal.png', 'Lure_size': (285, 300), 'Target_pos': (300, 200), 'Lure_pos': (300, -200), 'Correct_key_AFC': 'up', 'jitter_ITI': 3, 'thisN': 83, 'thisTrialN': 83, 'thisRepN': 0}>
1998.1120 	EXP 	image_old_new: autoDraw = False
1998.1120 	EXP 	text_item: autoDraw = False
1998.1120 	EXP 	image_blank: autoDraw = True
2000.3293 	EXP 	cross_25: autoDraw = True
2000.5787 	EXP 	cross_25: autoDraw = False
2001.1199 	INFO 	Keyboard events cleared
2001.1199 	EXP 	image_blank: autoDraw = False
2001.1199 	EXP 	cross_25: autoDraw = False
2001.1199 	EXP 	image_blank: autoDraw = False
2001.1199 	EXP 	image_old_new: image = 'Scenes_Dataset/entrance_hall_B.jpg'
2001.1199 	EXP 	image_old_new: autoDraw = True
2001.1199 	EXP 	text_item: autoDraw = True
2002.5976 	DATA 	Keypress: left
2004.1132 	EXP 	New trial (rep=0, index=84): <Trial 84 (84 in rep 0) data={'Index': 10, 'Scene': 'Scenes_Dataset/toy_store_B.jpg', 'Scene_Size': (600, 415), 'Condition_Encode': 'Congruent', 'Object_Encode': 'Objects_Dataset/doll.png', 'Object_Size': (191, 300), 'Condition_Old': 'old', 'Correct_Key_Old': 'left', 'Obj_Lure': 'Objects_Dataset/abacus.png', 'Lure_size': (185, 200), 'Target_pos': (300, -200), 'Lure_pos': (300, 200), 'Correct_key_AFC': 'down', 'jitter_ITI': 2.45, 'thisN': 84, 'thisTrialN': 84, 'thisRepN': 0}>
2004.1289 	EXP 	image_old_new: autoDraw = False
2004.1289 	EXP 	text_item: autoDraw = False
2004.1289 	EXP 	image_blank: autoDraw = True
2006.3474 	EXP 	cross_25: autoDraw = True
2006.5791 	EXP 	image_blank: autoDraw = False
2006.6172 	INFO 	Keyboard events cleared
2006.6171 	EXP 	cross_25: autoDraw = False
2006.6171 	EXP 	cross_25: autoDraw = False
2006.6171 	EXP 	image_blank: autoDraw = False
2006.6171 	EXP 	image_old_new: image = 'Scenes_Dataset/toy_store_B.jpg'
2006.6171 	EXP 	image_old_new: autoDraw = True
2006.6171 	EXP 	text_item: autoDraw = True
2009.2643 	DATA 	Keypress: left
2009.6127 	EXP 	New trial (rep=0, index=85): <Trial 85 (85 in rep 0) data={'Index': 28, 'Scene': 'Scenes_Dataset/public_toilet_A.jpg', 'Scene_Size': (600, 375), 'Condition_Encode': 'Congruent', 'Object_Encode': 'Objects_Dataset/hands_dryer.png', 'Object_Size': (350, 267), 'Condition_Old': 'old', 'Correct_Key_Old': 'left', 'Obj_Lure': 'Objects_Dataset/paper_towel_dispenser.png', 'Lure_size': (300, 400), 'Target_pos': (300, -200), 'Lure_pos': (300, 200), 'Correct_key_AFC': 'down', 'jitter_ITI': 2.05, 'thisN': 85, 'thisTrialN': 85, 'thisRepN': 0}>
2009.6290 	EXP 	image_old_new: autoDraw = False
2009.6290 	EXP 	text_item: autoDraw = False
2009.6290 	EXP 	image_blank: autoDraw = True
2011.6790 	EXP 	image_blank: autoDraw = False
2011.8458 	EXP 	cross_25: autoDraw = True
2012.1008 	INFO 	Keyboard events cleared
2012.1008 	EXP 	cross_25: autoDraw = False
2012.1008 	EXP 	cross_25: autoDraw = False
2012.1008 	EXP 	image_blank: autoDraw = False
2012.1008 	EXP 	image_old_new: image = 'Scenes_Dataset/public_toilet_A.jpg'
2012.1008 	EXP 	image_old_new: autoDraw = True
2012.1008 	EXP 	text_item: autoDraw = True
2014.8303 	DATA 	Keypress: left
2015.0800 	EXP 	New trial (rep=0, index=86): <Trial 86 (86 in rep 0) data={'Index': 7, 'Scene': 'Scenes_Dataset/snow_B.jpg', 'Scene_Size': (600, 450), 'Condition_Encode': 'Congruent', 'Object_Encode': 'Objects_Dataset/wool_cap.png', 'Object_Size': (250, 250), 'Condition_Old': 'old', 'Correct_Key_Old': 'left', 'Obj_Lure': 'Objects_Dataset/eskimo_coat.png', 'Lure_size': (300, 300), 'Target_pos': (300, -200), 'Lure_pos': (300, 200), 'Correct_key_AFC': 'down', 'jitter_ITI': 2.3, 'thisN': 86, 'thisTrialN': 86, 'thisRepN': 0}>
2015.0957 	EXP 	image_old_new: autoDraw = False
2015.0957 	EXP 	text_item: autoDraw = False
2015.0957 	EXP 	image_blank: autoDraw = True
2017.3292 	EXP 	cross_25: autoDraw = True
2017.3957 	EXP 	image_blank: autoDraw = False
2017.5800 	INFO 	Keyboard events cleared
2017.5800 	EXP 	cross_25: autoDraw = False
2017.5800 	EXP 	cross_25: autoDraw = False
2017.5800 	EXP 	image_blank: autoDraw = False
2017.5800 	EXP 	image_old_new: image = 'Scenes_Dataset/snow_B.jpg'
2017.5800 	EXP 	image_old_new: autoDraw = True
2017.5800 	EXP 	text_item: autoDraw = True
2018.3977 	DATA 	Keypress: left
2020.5632 	EXP 	New trial (rep=0, index=87): <Trial 87 (87 in rep 0) data={'Index': 44, 'Scene': 'Scenes_Dataset/boat_interior_A.jpg', 'Scene_Size': (600, 400), 'Condition_Encode': 'Incongruent', 'Object_Encode': 'Objects_Dataset/scooter_retouched.png', 'Object_Size': (311, 350), 'Condition_Old': 'old', 'Correct_Key_Old': 'left', 'Obj_Lure': 'Objects_Dataset/car_mat.png', 'Lure_size': (230, 258), 'Target_pos': (300, 200), 'Lure_pos': (300, -200), 'Correct_key_AFC': 'up', 'jitter_ITI': 2.85, 'thisN': 87, 'thisTrialN': 87, 'thisRepN': 0}>
2020.5822 	EXP 	image_old_new: autoDraw = False
2020.5822 	EXP 	text_item: autoDraw = False
2020.5822 	EXP 	image_old_new: autoDraw = False
2020.5822 	EXP 	text_item: autoDraw = False
2020.5822 	EXP 	image_blank: autoDraw = True
2022.8125 	EXP 	cross_25: autoDraw = True
2023.0624 	EXP 	cross_25: autoDraw = False
2023.4505 	INFO 	Keyboard events cleared
2023.4505 	EXP 	image_blank: autoDraw = False
2023.4505 	EXP 	cross_25: autoDraw = False
2023.4505 	EXP 	image_blank: autoDraw = False
2023.4505 	EXP 	image_old_new: image = 'Scenes_Dataset/boat_interior_A.jpg'
2023.4505 	EXP 	image_old_new: autoDraw = True
2023.4505 	EXP 	text_item: autoDraw = True
2024.1814 	DATA 	Keypress: left
2026.4465 	EXP 	New trial (rep=0, index=88): <Trial 88 (88 in rep 0) data={'Index': 21, 'Scene': 'Scenes_Dataset/pharmacy_A.jpg', 'Scene_Size': (600, 461), 'Condition_Encode': 'Congruent', 'Object_Encode': 'Objects_Dataset/pills.png', 'Object_Size': (216, 250), 'Condition_Old': 'old', 'Correct_Key_Old': 'left', 'Obj_Lure': 'Objects_Dataset/thermometer.png', 'Lure_size': (300, 199), 'Target_pos': (300, -200), 'Lure_pos': (300, 200), 'Correct_key_AFC': 'down', 'jitter_ITI': 3, 'thisN': 88, 'thisTrialN': 88, 'thisRepN': 0}>
2026.4626 	EXP 	image_old_new: autoDraw = False
2026.4626 	EXP 	text_item: autoDraw = False
2026.4626 	EXP 	image_blank: autoDraw = True
2028.6792 	EXP 	cross_25: autoDraw = True
2028.9295 	EXP 	cross_25: autoDraw = False
2029.4677 	INFO 	Keyboard events cleared
2029.4676 	EXP 	image_blank: autoDraw = False
2029.4676 	EXP 	cross_25: autoDraw = False
2029.4676 	EXP 	image_blank: autoDraw = False
2029.4676 	EXP 	image_old_new: image = 'Scenes_Dataset/pharmacy_A.jpg'
2029.4676 	EXP 	image_old_new: autoDraw = True
2029.4676 	EXP 	text_item: autoDraw = True
2030.6142 	DATA 	Keypress: left
2032.4635 	EXP 	New trial (rep=0, index=89): <Trial 89 (89 in rep 0) data={'Index': 64, 'Scene': 'Scenes_Dataset/building_entrance_B.jpg', 'Scene_Size': (600, 398), 'Condition_Encode': 'Lure', 'Object_Encode': None, 'Object_Size': None, 'Condition_Old': 'new', 'Correct_Key_Old': 'right', 'Obj_Lure': None, 'Lure_size': None, 'Target_pos': None, 'Lure_pos': None, 'Correct_key_AFC': None, 'jitter_ITI': 2.3, 'thisN': 89, 'thisTrialN': 89, 'thisRepN': 0}>
2032.4791 	EXP 	image_old_new: autoDraw = False
2032.4791 	EXP 	text_item: autoDraw = False
2032.4791 	EXP 	image_blank: autoDraw = True
2034.6961 	EXP 	cross_25: autoDraw = True
2034.7793 	EXP 	image_blank: autoDraw = False
2034.9512 	INFO 	Keyboard events cleared
2034.9511 	EXP 	cross_25: autoDraw = False
2034.9511 	EXP 	cross_25: autoDraw = False
2034.9511 	EXP 	image_blank: autoDraw = False
2034.9511 	EXP 	image_old_new: image = 'Scenes_Dataset/building_entrance_B.jpg'
2034.9511 	EXP 	image_old_new: autoDraw = True
2034.9511 	EXP 	text_item: autoDraw = True
2035.9146 	DATA 	Keypress: right
2037.9629 	INFO 	Keyboard events cleared
2037.9625 	EXP 	image_old_new: autoDraw = False
2037.9625 	EXP 	text_item: autoDraw = False
2037.9625 	EXP 	text_end_item: autoDraw = True
2041.2329 	DATA 	Keypress: space
2041.2462 	INFO 	Keyboard events cleared
2041.2461 	EXP 	text_end_item: autoDraw = False
2041.2461 	EXP 	text_explain_2afc: autoDraw = True
2059.7213 	EXP 	Imported Exemplo_encode.xlsx as conditions, 4 conditions, 13 params
2059.7215 	EXP 	New trial (rep=0, index=0): <Trial 0 (0 in rep 0) data={'Index': 'Ex4', 'ex_scene_encode': 'Scenes_Dataset/river_B.jpg', 'ex_scene_size': (600, 450), 'ex_object_encode': 'Objects_Dataset/drone.png', 'ex_object_size': (300, 144), 'ex_target_pos': (300, 200), 'ex_condition_encode': 'congruent', 'ex_lure': 'Objects_Dataset/fish_hook.png', 'ex_lure_size': (130, 200), 'ex_lure_pos': (300, -200), 'ex_new': None, 'ex_new_scene_size': None, 'jitter_ITI': 2.5, 'thisN': 0, 'thisTrialN': 0, 'thisRepN': 0}>
2059.7218 	DATA 	Keypress: space
2059.7293 	EXP 	text_explain_2afc: autoDraw = False
2059.7293 	EXP 	image_blank: autoDraw = True
2061.9633 	EXP 	cross_25: autoDraw = True
2062.2131 	EXP 	cross_25: autoDraw = False
2062.2343 	INFO 	Keyboard events cleared
2062.2343 	EXP 	image_blank: autoDraw = False
2062.2343 	EXP 	cross_25: autoDraw = False
2062.2343 	EXP 	image_blank: autoDraw = False
2062.2343 	EXP 	image_ex_2AFC: image = 'Scenes_Dataset/river_B.jpg'
2062.2343 	EXP 	image_ex_target: image = 'Objects_Dataset/drone.png'
2062.2343 	EXP 	image_ex_lure: image = 'Objects_Dataset/fish_hook.png'
2062.2343 	EXP 	image_ex_2AFC: autoDraw = True
2062.2343 	EXP 	image_ex_target: autoDraw = True
2062.2343 	EXP 	image_ex_lure: autoDraw = True
2063.5481 	DATA 	Keypress: up
2065.2140 	EXP 	New trial (rep=0, index=1): <Trial 1 (1 in rep 0) data={'Index': 'Ex2', 'ex_scene_encode': 'Scenes_Dataset/painting_workshop_A.jpg', 'ex_scene_size': (600, 450), 'ex_object_encode': 'Objects_Dataset/fish_hook.png', 'ex_object_size': (130, 200), 'ex_target_pos': (300, 200), 'ex_condition_encode': 'incongruent', 'ex_lure': 'Objects_Dataset/barrier.png', 'ex_lure_size': (300, 300), 'ex_lure_pos': (300, -200), 'ex_new': 'Scenes_Dataset/athletics_track_A', 'ex_new_scene_size': (600, 450), 'jitter_ITI': 2.5, 'thisN': 1, 'thisTrialN': 1, 'thisRepN': 0}>
2065.2300 	EXP 	image_ex_2AFC: autoDraw = False
2065.2300 	EXP 	image_ex_target: autoDraw = False
2065.2300 	EXP 	image_ex_lure: autoDraw = False
2065.2300 	EXP 	image_blank: autoDraw = True
2067.4633 	EXP 	cross_25: autoDraw = True
2067.7132 	EXP 	cross_25: autoDraw = False
2067.7390 	INFO 	Keyboard events cleared
2067.7389 	EXP 	image_blank: autoDraw = False
2067.7389 	EXP 	cross_25: autoDraw = False
2067.7389 	EXP 	image_blank: autoDraw = False
2067.7389 	EXP 	image_ex_2AFC: image = 'Scenes_Dataset/painting_workshop_A.jpg'
2067.7389 	EXP 	image_ex_target: image = 'Objects_Dataset/fish_hook.png'
2067.7389 	EXP 	image_ex_lure: image = 'Objects_Dataset/barrier.png'
2067.7389 	EXP 	image_ex_2AFC: autoDraw = True
2067.7389 	EXP 	image_ex_target: autoDraw = True
2067.7389 	EXP 	image_ex_lure: autoDraw = True
2068.8150 	DATA 	Keypress: down
2070.7309 	EXP 	New trial (rep=0, index=2): <Trial 2 (2 in rep 0) data={'Index': 'Ex3', 'ex_scene_encode': 'Scenes_Dataset/cellars_A.jpg', 'ex_scene_size': (600, 399), 'ex_object_encode': 'Objects_Dataset/barrier.png', 'ex_object_size': (300, 300), 'ex_target_pos': (300, -200), 'ex_condition_encode': 'incongruent', 'ex_lure': 'Objects_Dataset/hang_glider.png', 'ex_lure_size': (450, 275), 'ex_lure_pos': (300, 200), 'ex_new': None, 'ex_new_scene_size': None, 'jitter_ITI': 3, 'thisN': 2, 'thisTrialN': 2, 'thisRepN': 0}>
2070.7466 	EXP 	image_ex_2AFC: autoDraw = False
2070.7466 	EXP 	image_ex_target: autoDraw = False
2070.7466 	EXP 	image_ex_lure: autoDraw = False
2070.7466 	EXP 	image_blank: autoDraw = True
2072.9631 	EXP 	cross_25: autoDraw = True
2073.2132 	EXP 	cross_25: autoDraw = False
2073.7578 	INFO 	Keyboard events cleared
2073.7578 	EXP 	image_blank: autoDraw = False
2073.7578 	EXP 	cross_25: autoDraw = False
2073.7578 	EXP 	image_blank: autoDraw = False
2073.7578 	EXP 	image_ex_2AFC: image = 'Scenes_Dataset/cellars_A.jpg'
2073.7578 	EXP 	image_ex_target: image = 'Objects_Dataset/barrier.png'
2073.7578 	EXP 	image_ex_lure: image = 'Objects_Dataset/hang_glider.png'
2073.7578 	EXP 	image_ex_2AFC: autoDraw = True
2073.7578 	EXP 	image_ex_target: autoDraw = True
2073.7578 	EXP 	image_ex_lure: autoDraw = True
2076.3150 	DATA 	Keypress: up
2076.7490 	EXP 	New trial (rep=0, index=3): <Trial 3 (3 in rep 0) data={'Index': 'Ex1', 'ex_scene_encode': 'Scenes_Dataset/sky_A.jpg', 'ex_scene_size': (600, 398), 'ex_object_encode': 'Objects_Dataset/hang_glider.png', 'ex_object_size': (450, 275), 'ex_target_pos': (300, -200), 'ex_condition_encode': 'congruent', 'ex_lure': 'Objects_Dataset/drone.png', 'ex_lure_size': (300, 144), 'ex_lure_pos': (300, 200), 'ex_new': 'Scenes_Dataset/temple_A.jpg', 'ex_new_scene_size': (600, 358), 'jitter_ITI': 2, 'thisN': 3, 'thisTrialN': 3, 'thisRepN': 0}>
2076.7632 	EXP 	image_ex_2AFC: autoDraw = False
2076.7632 	EXP 	image_ex_target: autoDraw = False
2076.7632 	EXP 	image_ex_lure: autoDraw = False
2076.7632 	EXP 	image_blank: autoDraw = True
2078.7631 	EXP 	image_blank: autoDraw = False
2078.9810 	EXP 	cross_25: autoDraw = True
2079.2407 	INFO 	Keyboard events cleared
2079.2407 	EXP 	cross_25: autoDraw = False
2079.2407 	EXP 	cross_25: autoDraw = False
2079.2407 	EXP 	image_blank: autoDraw = False
2079.2407 	EXP 	image_ex_2AFC: image = 'Scenes_Dataset/sky_A.jpg'
2079.2407 	EXP 	image_ex_target: image = 'Objects_Dataset/hang_glider.png'
2079.2407 	EXP 	image_ex_lure: image = 'Objects_Dataset/drone.png'
2079.2407 	EXP 	image_ex_2AFC: autoDraw = True
2079.2407 	EXP 	image_ex_target: autoDraw = True
2079.2407 	EXP 	image_ex_lure: autoDraw = True
2080.9840 	DATA 	Keypress: down
2082.2481 	INFO 	Keyboard events cleared
2082.2480 	EXP 	image_ex_2AFC: autoDraw = False
2082.2480 	EXP 	image_ex_target: autoDraw = False
2082.2480 	EXP 	image_ex_lure: autoDraw = False
2082.2480 	EXP 	text_start_recall: autoDraw = True
2084.7747 	EXP 	Imported Encode_Pairs.xlsx as conditions, 60 conditions, 14 params
2084.7751 	EXP 	New trial (rep=0, index=0): <Trial 0 (0 in rep 0) data={'Index': 55, 'Scene': 'Scenes_Dataset/lake_A.jpg', 'Scene_Size': (600, 442), 'Condition_Encode': 'Incongruent', 'Object_Encode': 'Objects_Dataset/thermometer.png', 'Object_Size': (300, 199), 'Condition_Old': 'old', 'Correct_Key_Old': 'left', 'Obj_Lure': 'Objects_Dataset/ticket_machine.png', 'Lure_size': (200, 300), 'Target_pos': (300, 200), 'Lure_pos': (300, -200), 'Correct_key_AFC': 'up', 'jitter_ITI': 2.1, 'thisN': 0, 'thisTrialN': 0, 'thisRepN': 0}>
2084.7756 	DATA 	Keypress: space
2084.7772 	EXP 	text_start_recall: autoDraw = False
2084.7772 	EXP 	image_blank: autoDraw = True
2086.8808 	EXP 	image_blank: autoDraw = False
2087.0143 	EXP 	cross_25: autoDraw = True
2087.2725 	INFO 	Keyboard events cleared
2087.2725 	EXP 	cross_25: autoDraw = False
2087.2725 	EXP 	cross_25: autoDraw = False
2087.2725 	EXP 	image_blank: autoDraw = False
2087.2725 	EXP 	image_scene_2AFC: image = 'Scenes_Dataset/lake_A.jpg'
2087.2725 	EXP 	image_target: image = 'Objects_Dataset/thermometer.png'
2087.2725 	EXP 	image_lure: image = 'Objects_Dataset/ticket_machine.png'
2087.2725 	EXP 	image_scene_2AFC: autoDraw = True
2087.2725 	EXP 	image_target: autoDraw = True
2087.2725 	EXP 	image_lure: autoDraw = True
2088.8833 	DATA 	Keypress: up
2090.2655 	EXP 	New trial (rep=0, index=1): <Trial 1 (1 in rep 0) data={'Index': 34, 'Scene': 'Scenes_Dataset/flower_shop_A.jpg', 'Scene_Size': (600, 450), 'Condition_Encode': 'Incongruent', 'Object_Encode': 'Objects_Dataset/trumpet_retouched.png', 'Object_Size': (300, 122), 'Condition_Old': 'old', 'Correct_Key_Old': 'left', 'Obj_Lure': 'Objects_Dataset/sailor_hat.png', 'Lure_size': (300, 250), 'Target_pos': (300, 200), 'Lure_pos': (300, -200), 'Correct_key_AFC': 'up', 'jitter_ITI': 2.35, 'thisN': 1, 'thisTrialN': 1, 'thisRepN': 0}>
2090.2808 	EXP 	image_scene_2AFC: autoDraw = False
2090.2808 	EXP 	image_target: autoDraw = False
2090.2808 	EXP 	image_lure: autoDraw = False
2090.2808 	EXP 	image_blank: autoDraw = True
2092.4974 	EXP 	cross_25: autoDraw = True
2092.6308 	EXP 	image_blank: autoDraw = False
2092.7522 	INFO 	Keyboard events cleared
2092.7521 	EXP 	cross_25: autoDraw = False
2092.7521 	EXP 	cross_25: autoDraw = False
2092.7521 	EXP 	image_blank: autoDraw = False
2092.7521 	EXP 	image_scene_2AFC: image = 'Scenes_Dataset/flower_shop_A.jpg'
2092.7521 	EXP 	image_target: image = 'Objects_Dataset/trumpet_retouched.png'
2092.7521 	EXP 	image_lure: image = 'Objects_Dataset/sailor_hat.png'
2092.7521 	EXP 	image_scene_2AFC: autoDraw = True
2092.7521 	EXP 	image_target: autoDraw = True
2092.7521 	EXP 	image_lure: autoDraw = True
2094.5493 	DATA 	Keypress: up
2095.7322 	EXP 	New trial (rep=0, index=2): <Trial 2 (2 in rep 0) data={'Index': 11, 'Scene': 'Scenes_Dataset/airplane_interior_A.jpg', 'Scene_Size': (600, 480), 'Condition_Encode': 'Congruent', 'Object_Encode': 'Objects_Dataset/oxygen_mask_retouched.png', 'Object_Size': (300, 300), 'Condition_Old': 'old', 'Correct_Key_Old': 'left', 'Obj_Lure': 'Objects_Dataset/airplane_belt.png', 'Lure_size': (300, 249), 'Target_pos': (300, -200), 'Lure_pos': (300, 200), 'Correct_key_AFC': 'down', 'jitter_ITI': 2.5, 'thisN': 2, 'thisTrialN': 2, 'thisRepN': 0}>
2095.7474 	EXP 	image_scene_2AFC: autoDraw = False
2095.7474 	EXP 	image_target: autoDraw = False
2095.7474 	EXP 	image_lure: autoDraw = False
2095.7474 	EXP 	image_blank: autoDraw = True
2097.9806 	EXP 	cross_25: autoDraw = True
2098.2320 	EXP 	cross_25: autoDraw = False
2098.2578 	INFO 	Keyboard events cleared
2098.2577 	EXP 	image_blank: autoDraw = False
2098.2577 	EXP 	cross_25: autoDraw = False
2098.2577 	EXP 	image_blank: autoDraw = False
2098.2577 	EXP 	image_scene_2AFC: image = 'Scenes_Dataset/airplane_interior_A.jpg'
2098.2577 	EXP 	image_target: image = 'Objects_Dataset/oxygen_mask_retouched.png'
2098.2577 	EXP 	image_lure: image = 'Objects_Dataset/airplane_belt.png'
2098.2577 	EXP 	image_scene_2AFC: autoDraw = True
2098.2577 	EXP 	image_target: autoDraw = True
2098.2577 	EXP 	image_lure: autoDraw = True
2099.2331 	DATA 	Keypress: down
2101.2329 	EXP 	New trial (rep=0, index=3): <Trial 3 (3 in rep 0) data={'Index': 4, 'Scene': 'Scenes_Dataset/pastry_shop_A.jpg', 'Scene_Size': (600, 400), 'Condition_Encode': 'Congruent', 'Object_Encode': 'Objects_Dataset/cake_holder.png', 'Object_Size': (300, 209), 'Condition_Old': 'old', 'Correct_Key_Old': 'left', 'Obj_Lure': 'Objects_Dataset/cake_tongs_retouched.png', 'Lure_size': (300, 75), 'Target_pos': (300, -200), 'Lure_pos': (300, 200), 'Correct_key_AFC': 'down', 'jitter_ITI': 2.15, 'thisN': 3, 'thisTrialN': 3, 'thisRepN': 0}>
2101.2489 	EXP 	image_scene_2AFC: autoDraw = False
2101.2489 	EXP 	image_target: autoDraw = False
2101.2489 	EXP 	image_lure: autoDraw = False
2101.2489 	EXP 	image_blank: autoDraw = True
2103.3985 	EXP 	image_blank: autoDraw = False
2103.4819 	EXP 	cross_25: autoDraw = True
2103.7387 	INFO 	Keyboard events cleared
2103.7387 	EXP 	cross_25: autoDraw = False
2103.7387 	EXP 	cross_25: autoDraw = False
2103.7387 	EXP 	image_blank: autoDraw = False
2103.7387 	EXP 	image_scene_2AFC: image = 'Scenes_Dataset/pastry_shop_A.jpg'
2103.7387 	EXP 	image_target: image = 'Objects_Dataset/cake_holder.png'
2103.7387 	EXP 	image_lure: image = 'Objects_Dataset/cake_tongs_retouched.png'
2103.7387 	EXP 	image_scene_2AFC: autoDraw = True
2103.7387 	EXP 	image_target: autoDraw = True
2103.7387 	EXP 	image_lure: autoDraw = True
2104.7828 	DATA 	Keypress: down
2106.7165 	EXP 	New trial (rep=0, index=4): <Trial 4 (4 in rep 0) data={'Index': 21, 'Scene': 'Scenes_Dataset/pharmacy_A.jpg', 'Scene_Size': (600, 461), 'Condition_Encode': 'Congruent', 'Object_Encode': 'Objects_Dataset/pills.png', 'Object_Size': (216, 250), 'Condition_Old': 'old', 'Correct_Key_Old': 'left', 'Obj_Lure': 'Objects_Dataset/thermometer.png', 'Lure_size': (300, 199), 'Target_pos': (300, -200), 'Lure_pos': (300, 200), 'Correct_key_AFC': 'down', 'jitter_ITI': 3, 'thisN': 4, 'thisTrialN': 4, 'thisRepN': 0}>
2106.7333 	EXP 	image_scene_2AFC: autoDraw = False
2106.7333 	EXP 	image_target: autoDraw = False
2106.7333 	EXP 	image_lure: autoDraw = False
2106.7333 	EXP 	image_blank: autoDraw = True
2108.9653 	EXP 	cross_25: autoDraw = True
2109.2152 	EXP 	cross_25: autoDraw = False
2109.7560 	INFO 	Keyboard events cleared
2109.7560 	EXP 	image_blank: autoDraw = False
2109.7560 	EXP 	cross_25: autoDraw = False
2109.7560 	EXP 	image_blank: autoDraw = False
2109.7560 	EXP 	image_scene_2AFC: image = 'Scenes_Dataset/pharmacy_A.jpg'
2109.7560 	EXP 	image_target: image = 'Objects_Dataset/pills.png'
2109.7560 	EXP 	image_lure: image = 'Objects_Dataset/thermometer.png'
2109.7560 	EXP 	image_scene_2AFC: autoDraw = True
2109.7560 	EXP 	image_target: autoDraw = True
2109.7560 	EXP 	image_lure: autoDraw = True
2111.2334 	DATA 	Keypress: down
2112.7485 	EXP 	New trial (rep=0, index=5): <Trial 5 (5 in rep 0) data={'Index': 37, 'Scene': 'Scenes_Dataset/vault_A.jpg', 'Scene_Size': (600, 398), 'Condition_Encode': 'Incongruent', 'Object_Encode': 'Objects_Dataset/fan.png', 'Object_Size': (350, 350), 'Condition_Old': 'old', 'Correct_Key_Old': 'left', 'Obj_Lure': 'Objects_Dataset/cactus.png', 'Lure_size': (300, 248), 'Target_pos': (300, 200), 'Lure_pos': (300, -200), 'Correct_key_AFC': 'up', 'jitter_ITI': 2.5, 'thisN': 5, 'thisTrialN': 5, 'thisRepN': 0}>
2112.7656 	EXP 	image_scene_2AFC: autoDraw = False
2112.7656 	EXP 	image_target: autoDraw = False
2112.7656 	EXP 	image_lure: autoDraw = False
2112.7656 	EXP 	image_blank: autoDraw = True
2114.9987 	EXP 	cross_25: autoDraw = True
2115.2489 	EXP 	cross_25: autoDraw = False
2115.2738 	INFO 	Keyboard events cleared
2115.2737 	EXP 	image_blank: autoDraw = False
2115.2737 	EXP 	cross_25: autoDraw = False
2115.2737 	EXP 	image_blank: autoDraw = False
2115.2737 	EXP 	image_scene_2AFC: image = 'Scenes_Dataset/vault_A.jpg'
2115.2737 	EXP 	image_target: image = 'Objects_Dataset/fan.png'
2115.2737 	EXP 	image_lure: image = 'Objects_Dataset/cactus.png'
2115.2737 	EXP 	image_scene_2AFC: autoDraw = True
2115.2737 	EXP 	image_target: autoDraw = True
2115.2737 	EXP 	image_lure: autoDraw = True
2116.4999 	DATA 	Keypress: up
2118.2657 	EXP 	New trial (rep=0, index=6): <Trial 6 (6 in rep 0) data={'Index': 27, 'Scene': 'Scenes_Dataset/toilet_A.jpg', 'Scene_Size': (600, 450), 'Condition_Encode': 'Congruent', 'Object_Encode': 'Objects_Dataset/toothbrush.png', 'Object_Size': (300, 215), 'Condition_Old': 'old', 'Correct_Key_Old': 'left', 'Obj_Lure': 'Objects_Dataset/hairdryer_retouched.png', 'Lure_size': (250, 241), 'Target_pos': (300, -200), 'Lure_pos': (300, 200), 'Correct_key_AFC': 'down', 'jitter_ITI': 2, 'thisN': 6, 'thisTrialN': 6, 'thisRepN': 0}>
2118.2819 	EXP 	image_scene_2AFC: autoDraw = False
2118.2819 	EXP 	image_target: autoDraw = False
2118.2819 	EXP 	image_lure: autoDraw = False
2118.2819 	EXP 	image_blank: autoDraw = True
2120.2819 	EXP 	image_blank: autoDraw = False
2120.4978 	EXP 	cross_25: autoDraw = True
2120.7535 	INFO 	Keyboard events cleared
2120.7535 	EXP 	cross_25: autoDraw = False
2120.7535 	EXP 	cross_25: autoDraw = False
2120.7535 	EXP 	image_blank: autoDraw = False
2120.7535 	EXP 	image_scene_2AFC: image = 'Scenes_Dataset/toilet_A.jpg'
2120.7535 	EXP 	image_target: image = 'Objects_Dataset/toothbrush.png'
2120.7535 	EXP 	image_lure: image = 'Objects_Dataset/hairdryer_retouched.png'
2120.7535 	EXP 	image_scene_2AFC: autoDraw = True
2120.7535 	EXP 	image_target: autoDraw = True
2120.7535 	EXP 	image_lure: autoDraw = True
2122.0504 	DATA 	Keypress: up
2123.7326 	EXP 	New trial (rep=0, index=7): <Trial 7 (7 in rep 0) data={'Index': 24, 'Scene': 'Scenes_Dataset/marina_A.jpg', 'Scene_Size': (600, 450), 'Condition_Encode': 'Congruent', 'Object_Encode': 'Objects_Dataset/sailor_hat.png', 'Object_Size': (300, 250), 'Condition_Old': 'old', 'Correct_Key_Old': 'left', 'Obj_Lure': 'Objects_Dataset/rope.png', 'Lure_size': (300, 248), 'Target_pos': (300, -200), 'Lure_pos': (300, 200), 'Correct_key_AFC': 'down', 'jitter_ITI': 3.15, 'thisN': 7, 'thisTrialN': 7, 'thisRepN': 0}>
2123.7484 	EXP 	image_scene_2AFC: autoDraw = False
2123.7484 	EXP 	image_target: autoDraw = False
2123.7484 	EXP 	image_lure: autoDraw = False
2123.7484 	EXP 	image_blank: autoDraw = True
2125.9818 	EXP 	cross_25: autoDraw = True
2126.2318 	EXP 	cross_25: autoDraw = False
2126.9006 	INFO 	Keyboard events cleared
2126.9006 	EXP 	image_blank: autoDraw = False
2126.9006 	EXP 	cross_25: autoDraw = False
2126.9006 	EXP 	image_blank: autoDraw = False
2126.9006 	EXP 	image_scene_2AFC: image = 'Scenes_Dataset/marina_A.jpg'
2126.9006 	EXP 	image_target: image = 'Objects_Dataset/sailor_hat.png'
2126.9006 	EXP 	image_lure: image = 'Objects_Dataset/rope.png'
2126.9006 	EXP 	image_scene_2AFC: autoDraw = True
2126.9006 	EXP 	image_target: autoDraw = True
2126.9006 	EXP 	image_lure: autoDraw = True
2128.3986 	DATA 	Keypress: down
2129.8990 	EXP 	New trial (rep=0, index=8): <Trial 8 (8 in rep 0) data={'Index': 23, 'Scene': 'Scenes_Dataset/desert_A.jpg', 'Scene_Size': (600, 375), 'Condition_Encode': 'Congruent', 'Object_Encode': 'Objects_Dataset/cactus.png', 'Object_Size': (300, 248), 'Condition_Old': 'old', 'Correct_Key_Old': 'left', 'Obj_Lure': 'Objects_Dataset/canteen.png', 'Lure_size': (150, 250), 'Target_pos': (300, -200), 'Lure_pos': (300, 200), 'Correct_key_AFC': 'down', 'jitter_ITI': 3.1, 'thisN': 8, 'thisTrialN': 8, 'thisRepN': 0}>
2129.9146 	EXP 	image_scene_2AFC: autoDraw = False
2129.9146 	EXP 	image_target: autoDraw = False
2129.9146 	EXP 	image_lure: autoDraw = False
2129.9146 	EXP 	image_blank: autoDraw = True
2132.1313 	EXP 	cross_25: autoDraw = True
2132.3813 	EXP 	cross_25: autoDraw = False
2133.0192 	INFO 	Keyboard events cleared
2133.0191 	EXP 	image_blank: autoDraw = False
2133.0191 	EXP 	cross_25: autoDraw = False
2133.0191 	EXP 	image_blank: autoDraw = False
2133.0191 	EXP 	image_scene_2AFC: image = 'Scenes_Dataset/desert_A.jpg'
2133.0191 	EXP 	image_target: image = 'Objects_Dataset/cactus.png'
2133.0191 	EXP 	image_lure: image = 'Objects_Dataset/canteen.png'
2133.0191 	EXP 	image_scene_2AFC: autoDraw = True
2133.0191 	EXP 	image_target: autoDraw = True
2133.0191 	EXP 	image_lure: autoDraw = True
2134.2831 	DATA 	Keypress: down
2135.9986 	EXP 	New trial (rep=0, index=9): <Trial 9 (9 in rep 0) data={'Index': 28, 'Scene': 'Scenes_Dataset/public_toilet_A.jpg', 'Scene_Size': (600, 375), 'Condition_Encode': 'Congruent', 'Object_Encode': 'Objects_Dataset/hands_dryer.png', 'Object_Size': (350, 267), 'Condition_Old': 'old', 'Correct_Key_Old': 'left', 'Obj_Lure': 'Objects_Dataset/paper_towel_dispenser.png', 'Lure_size': (300, 400), 'Target_pos': (300, -200), 'Lure_pos': (300, 200), 'Correct_key_AFC': 'down', 'jitter_ITI': 2.05, 'thisN': 9, 'thisTrialN': 9, 'thisRepN': 0}>
2136.0145 	EXP 	image_scene_2AFC: autoDraw = False
2136.0145 	EXP 	image_target: autoDraw = False
2136.0145 	EXP 	image_lure: autoDraw = False
2136.0145 	EXP 	image_blank: autoDraw = True
2138.0647 	EXP 	image_blank: autoDraw = False
2138.2480 	EXP 	cross_25: autoDraw = True
2138.5022 	INFO 	Keyboard events cleared
2138.5022 	EXP 	cross_25: autoDraw = False
2138.5022 	EXP 	cross_25: autoDraw = False
2138.5022 	EXP 	image_blank: autoDraw = False
2138.5022 	EXP 	image_scene_2AFC: image = 'Scenes_Dataset/public_toilet_A.jpg'
2138.5022 	EXP 	image_target: image = 'Objects_Dataset/hands_dryer.png'
2138.5022 	EXP 	image_lure: image = 'Objects_Dataset/paper_towel_dispenser.png'
2138.5022 	EXP 	image_scene_2AFC: autoDraw = True
2138.5022 	EXP 	image_target: autoDraw = True
2138.5022 	EXP 	image_lure: autoDraw = True
2139.7834 	DATA 	Keypress: down
2141.4989 	EXP 	New trial (rep=0, index=10): <Trial 10 (10 in rep 0) data={'Index': 29, 'Scene': 'Scenes_Dataset/pool_B.jpg', 'Scene_Size': (600, 450), 'Condition_Encode': 'Congruent', 'Object_Encode': 'Objects_Dataset/slippers.png', 'Object_Size': (280, 300), 'Condition_Old': 'old', 'Correct_Key_Old': 'left', 'Obj_Lure': 'Objects_Dataset/bikini.png', 'Lure_size': (350, 350), 'Target_pos': (300, -200), 'Lure_pos': (300, 200), 'Correct_key_AFC': 'down', 'jitter_ITI': 2.1, 'thisN': 10, 'thisTrialN': 10, 'thisRepN': 0}>
2141.5149 	EXP 	image_scene_2AFC: autoDraw = False
2141.5149 	EXP 	image_target: autoDraw = False
2141.5149 	EXP 	image_lure: autoDraw = False
2141.5149 	EXP 	image_blank: autoDraw = True
2143.6149 	EXP 	image_blank: autoDraw = False
2143.7480 	EXP 	cross_25: autoDraw = True
2144.0060 	INFO 	Keyboard events cleared
2144.0059 	EXP 	cross_25: autoDraw = False
2144.0059 	EXP 	cross_25: autoDraw = False
2144.0059 	EXP 	image_blank: autoDraw = False
2144.0059 	EXP 	image_scene_2AFC: image = 'Scenes_Dataset/pool_B.jpg'
2144.0059 	EXP 	image_target: image = 'Objects_Dataset/slippers.png'
2144.0059 	EXP 	image_lure: image = 'Objects_Dataset/bikini.png'
2144.0059 	EXP 	image_scene_2AFC: autoDraw = True
2144.0059 	EXP 	image_target: autoDraw = True
2144.0059 	EXP 	image_lure: autoDraw = True
2145.4494 	DATA 	Keypress: down
2146.9992 	EXP 	New trial (rep=0, index=11): <Trial 11 (11 in rep 0) data={'Index': 46, 'Scene': 'Scenes_Dataset/skate_park_A.jpg', 'Scene_Size': (600, 450), 'Condition_Encode': 'Incongruent', 'Object_Encode': 'Objects_Dataset/paddle.png', 'Object_Size': (300, 299), 'Condition_Old': 'old', 'Correct_Key_Old': 'left', 'Obj_Lure': 'Objects_Dataset/fan.png', 'Lure_size': (350, 350), 'Target_pos': (300, 200), 'Lure_pos': (300, -200), 'Correct_key_AFC': 'up', 'jitter_ITI': 2.95, 'thisN': 11, 'thisTrialN': 11, 'thisRepN': 0}>
2147.0148 	EXP 	image_scene_2AFC: autoDraw = False
2147.0148 	EXP 	image_target: autoDraw = False
2147.0148 	EXP 	image_lure: autoDraw = False
2147.0148 	EXP 	image_blank: autoDraw = True
2149.2316 	EXP 	cross_25: autoDraw = True
2149.4816 	EXP 	cross_25: autoDraw = False
2150.0120 	INFO 	Keyboard events cleared
2150.0120 	EXP 	image_blank: autoDraw = False
2150.0120 	EXP 	cross_25: autoDraw = False
2150.0120 	EXP 	image_blank: autoDraw = False
2150.0120 	EXP 	image_scene_2AFC: image = 'Scenes_Dataset/skate_park_A.jpg'
2150.0120 	EXP 	image_target: image = 'Objects_Dataset/paddle.png'
2150.0120 	EXP 	image_lure: image = 'Objects_Dataset/fan.png'
2150.0120 	EXP 	image_scene_2AFC: autoDraw = True
2150.0120 	EXP 	image_target: autoDraw = True
2150.0120 	EXP 	image_lure: autoDraw = True
2151.5825 	DATA 	Keypress: up
2152.9654 	EXP 	New trial (rep=0, index=12): <Trial 12 (12 in rep 0) data={'Index': 19, 'Scene': 'Scenes_Dataset/island_A.jpg', 'Scene_Size': (600, 420), 'Condition_Encode': 'Congruent', 'Object_Encode': 'Objects_Dataset/message_bottle.png', 'Object_Size': (284, 177), 'Condition_Old': 'old', 'Correct_Key_Old': 'left', 'Obj_Lure': 'Objects_Dataset/kayak.png', 'Lure_size': (450, 338), 'Target_pos': (300, -200), 'Lure_pos': (300, 200), 'Correct_key_AFC': 'down', 'jitter_ITI': 2.9, 'thisN': 12, 'thisTrialN': 12, 'thisRepN': 0}>
2152.9815 	EXP 	image_scene_2AFC: autoDraw = False
2152.9815 	EXP 	image_target: autoDraw = False
2152.9815 	EXP 	image_lure: autoDraw = False
2152.9815 	EXP 	image_blank: autoDraw = True
2155.1982 	EXP 	cross_25: autoDraw = True
2155.4483 	EXP 	cross_25: autoDraw = False
2155.8912 	INFO 	Keyboard events cleared
2155.8912 	EXP 	image_blank: autoDraw = False
2155.8912 	EXP 	cross_25: autoDraw = False
2155.8912 	EXP 	image_blank: autoDraw = False
2155.8912 	EXP 	image_scene_2AFC: image = 'Scenes_Dataset/island_A.jpg'
2155.8912 	EXP 	image_target: image = 'Objects_Dataset/message_bottle.png'
2155.8912 	EXP 	image_lure: image = 'Objects_Dataset/kayak.png'
2155.8912 	EXP 	image_scene_2AFC: autoDraw = True
2155.8912 	EXP 	image_target: autoDraw = True
2155.8912 	EXP 	image_lure: autoDraw = True
2157.5500 	DATA 	Keypress: down
2158.8823 	EXP 	New trial (rep=0, index=13): <Trial 13 (13 in rep 0) data={'Index': 14, 'Scene': 'Scenes_Dataset/palace_interior_A.jpg', 'Scene_Size': (600, 447), 'Condition_Encode': 'Congruent', 'Object_Encode': 'Objects_Dataset/chandelier_retouched.png', 'Object_Size': (250, 300), 'Condition_Old': 'old', 'Correct_Key_Old': 'left', 'Obj_Lure': 'Objects_Dataset/crown.png', 'Lure_size': (300, 249), 'Target_pos': (300, -200), 'Lure_pos': (300, 200), 'Correct_key_AFC': 'down', 'jitter_ITI': 2.65, 'thisN': 13, 'thisTrialN': 13, 'thisRepN': 0}>
2158.8982 	EXP 	image_scene_2AFC: autoDraw = False
2158.8982 	EXP 	image_target: autoDraw = False
2158.8982 	EXP 	image_lure: autoDraw = False
2158.8982 	EXP 	image_blank: autoDraw = True
2161.1152 	EXP 	cross_25: autoDraw = True
2161.3651 	EXP 	cross_25: autoDraw = False
2161.5565 	INFO 	Keyboard events cleared
2161.5565 	EXP 	image_blank: autoDraw = False
2161.5565 	EXP 	cross_25: autoDraw = False
2161.5565 	EXP 	image_blank: autoDraw = False
2161.5565 	EXP 	image_scene_2AFC: image = 'Scenes_Dataset/palace_interior_A.jpg'
2161.5565 	EXP 	image_target: image = 'Objects_Dataset/chandelier_retouched.png'
2161.5565 	EXP 	image_lure: image = 'Objects_Dataset/crown.png'
2161.5565 	EXP 	image_scene_2AFC: autoDraw = True
2161.5565 	EXP 	image_target: autoDraw = True
2161.5565 	EXP 	image_lure: autoDraw = True
2163.0165 	DATA 	Keypress: up
2164.2493 	DATA 	Keypress: down
2164.4661 	DATA 	Keypress: down
2164.5495 	EXP 	New trial (rep=0, index=14): <Trial 14 (14 in rep 0) data={'Index': 39, 'Scene': 'Scenes_Dataset/garage_A.jpg', 'Scene_Size': (600, 397), 'Condition_Encode': 'Incongruent', 'Object_Encode': 'Objects_Dataset/crown.png', 'Object_Size': (300, 249), 'Condition_Old': 'old', 'Correct_Key_Old': 'left', 'Obj_Lure': 'Objects_Dataset/oxygen_mask_retouched.png', 'Lure_size': (300, 300), 'Target_pos': (300, 200), 'Lure_pos': (300, -200), 'Correct_key_AFC': 'up', 'jitter_ITI': 2.6, 'thisN': 14, 'thisTrialN': 14, 'thisRepN': 0}>
2164.5652 	EXP 	image_scene_2AFC: autoDraw = False
2164.5652 	EXP 	image_target: autoDraw = False
2164.5652 	EXP 	image_lure: autoDraw = False
2164.5652 	EXP 	image_blank: autoDraw = True
2166.7819 	EXP 	cross_25: autoDraw = True
2167.0319 	EXP 	cross_25: autoDraw = False
2167.1716 	INFO 	Keyboard events cleared
2167.1716 	EXP 	image_blank: autoDraw = False
2167.1716 	EXP 	cross_25: autoDraw = False
2167.1716 	EXP 	image_blank: autoDraw = False
2167.1716 	EXP 	image_scene_2AFC: image = 'Scenes_Dataset/garage_A.jpg'
2167.1716 	EXP 	image_target: image = 'Objects_Dataset/crown.png'
2167.1716 	EXP 	image_lure: image = 'Objects_Dataset/oxygen_mask_retouched.png'
2167.1716 	EXP 	image_scene_2AFC: autoDraw = True
2167.1716 	EXP 	image_target: autoDraw = True
2167.1716 	EXP 	image_lure: autoDraw = True
2168.9334 	DATA 	Keypress: up
2170.1499 	EXP 	New trial (rep=0, index=15): <Trial 15 (15 in rep 0) data={'Index': 31, 'Scene': 'Scenes_Dataset/balcony.jpg', 'Scene_Size': (600, 450), 'Condition_Encode': 'Incongruent', 'Object_Encode': 'Objects_Dataset/car_key.png', 'Object_Size': (300, 125), 'Condition_Old': 'old', 'Correct_Key_Old': 'left', 'Obj_Lure': 'Objects_Dataset/staple_puller_retouched.png', 'Lure_size': (400, 400), 'Target_pos': (300, 200), 'Lure_pos': (300, -200), 'Correct_key_AFC': 'up', 'jitter_ITI': 2.2, 'thisN': 15, 'thisTrialN': 15, 'thisRepN': 0}>
2170.1652 	EXP 	image_scene_2AFC: autoDraw = False
2170.1652 	EXP 	image_target: autoDraw = False
2170.1652 	EXP 	image_lure: autoDraw = False
2170.1652 	EXP 	image_blank: autoDraw = True
2172.3680 	EXP 	image_blank: autoDraw = False
2172.3985 	EXP 	cross_25: autoDraw = True
2172.6520 	INFO 	Keyboard events cleared
2172.6520 	EXP 	cross_25: autoDraw = False
2172.6520 	EXP 	cross_25: autoDraw = False
2172.6520 	EXP 	image_blank: autoDraw = False
2172.6520 	EXP 	image_scene_2AFC: image = 'Scenes_Dataset/balcony.jpg'
2172.6520 	EXP 	image_target: image = 'Objects_Dataset/car_key.png'
2172.6520 	EXP 	image_lure: image = 'Objects_Dataset/staple_puller_retouched.png'
2172.6520 	EXP 	image_scene_2AFC: autoDraw = True
2172.6520 	EXP 	image_target: autoDraw = True
2172.6520 	EXP 	image_lure: autoDraw = True
2174.4682 	DATA 	Keypress: up
2175.6494 	EXP 	New trial (rep=0, index=16): <Trial 16 (16 in rep 0) data={'Index': 1, 'Scene': 'Scenes_Dataset/office_work_A.jpg', 'Scene_Size': (600, 470), 'Condition_Encode': 'Congruent', 'Object_Encode': 'Objects_Dataset/staple_puller_retouched.png', 'Object_Size': (400, 400), 'Condition_Old': 'old', 'Correct_Key_Old': 'left', 'Obj_Lure': 'Objects_Dataset/clock.png', 'Lure_size': (250, 248), 'Target_pos': (300, -200), 'Lure_pos': (300, 200), 'Correct_key_AFC': 'down', 'jitter_ITI': 2, 'thisN': 16, 'thisTrialN': 16, 'thisRepN': 0}>
2175.6668 	EXP 	image_scene_2AFC: autoDraw = False
2175.6668 	EXP 	image_target: autoDraw = False
2175.6668 	EXP 	image_lure: autoDraw = False
2175.6668 	EXP 	image_blank: autoDraw = True
2177.6821 	EXP 	image_blank: autoDraw = False
2177.8821 	EXP 	cross_25: autoDraw = True
2178.1400 	INFO 	Keyboard events cleared
2178.1400 	EXP 	cross_25: autoDraw = False
2178.1400 	EXP 	cross_25: autoDraw = False
2178.1400 	EXP 	image_blank: autoDraw = False
2178.1400 	EXP 	image_scene_2AFC: image = 'Scenes_Dataset/office_work_A.jpg'
2178.1400 	EXP 	image_target: image = 'Objects_Dataset/staple_puller_retouched.png'
2178.1400 	EXP 	image_lure: image = 'Objects_Dataset/clock.png'
2178.1400 	EXP 	image_scene_2AFC: autoDraw = True
2178.1400 	EXP 	image_target: autoDraw = True
2178.1400 	EXP 	image_lure: autoDraw = True
2179.3504 	DATA 	Keypress: down
2181.1164 	EXP 	New trial (rep=0, index=17): <Trial 17 (17 in rep 0) data={'Index': 9, 'Scene': 'Scenes_Dataset/childrens_room_A.jpg', 'Scene_Size': (600, 524), 'Condition_Encode': 'Congruent', 'Object_Encode': 'Objects_Dataset/abacus.png', 'Object_Size': (185, 200), 'Condition_Old': 'old', 'Correct_Key_Old': 'left', 'Obj_Lure': 'Objects_Dataset/doll.png', 'Lure_size': (191, 300), 'Target_pos': (300, -200), 'Lure_pos': (300, 200), 'Correct_key_AFC': 'down', 'jitter_ITI': 2.4, 'thisN': 17, 'thisTrialN': 17, 'thisRepN': 0}>
2181.1323 	EXP 	image_scene_2AFC: autoDraw = False
2181.1323 	EXP 	image_target: autoDraw = False
2181.1323 	EXP 	image_lure: autoDraw = False
2181.1323 	EXP 	image_blank: autoDraw = True
2183.3655 	EXP 	cross_25: autoDraw = True
2183.5321 	EXP 	image_blank: autoDraw = False
2183.6251 	INFO 	Keyboard events cleared
2183.6250 	EXP 	cross_25: autoDraw = False
2183.6250 	EXP 	cross_25: autoDraw = False
2183.6250 	EXP 	image_blank: autoDraw = False
2183.6250 	EXP 	image_scene_2AFC: image = 'Scenes_Dataset/childrens_room_A.jpg'
2183.6250 	EXP 	image_target: image = 'Objects_Dataset/abacus.png'
2183.6250 	EXP 	image_lure: image = 'Objects_Dataset/doll.png'
2183.6250 	EXP 	image_scene_2AFC: autoDraw = True
2183.6250 	EXP 	image_target: autoDraw = True
2183.6250 	EXP 	image_lure: autoDraw = True
2185.3006 	DATA 	Keypress: down
2186.6161 	EXP 	New trial (rep=0, index=18): <Trial 18 (18 in rep 0) data={'Index': 40, 'Scene': 'Scenes_Dataset/kindergarten_A.jpg', 'Scene_Size': (600, 338), 'Condition_Encode': 'Incongruent', 'Object_Encode': 'Objects_Dataset/payment_terminal.png', 'Object_Size': (285, 300), 'Condition_Old': 'old', 'Correct_Key_Old': 'left', 'Obj_Lure': 'Objects_Dataset/message_bottle.png', 'Lure_size': (284, 177), 'Target_pos': (300, 200), 'Lure_pos': (300, -200), 'Correct_key_AFC': 'up', 'jitter_ITI': 2.65, 'thisN': 18, 'thisTrialN': 18, 'thisRepN': 0}>
2186.6320 	EXP 	image_scene_2AFC: autoDraw = False
2186.6320 	EXP 	image_target: autoDraw = False
2186.6320 	EXP 	image_lure: autoDraw = False
2186.6320 	EXP 	image_blank: autoDraw = True
2188.8489 	EXP 	cross_25: autoDraw = True
2189.1013 	EXP 	cross_25: autoDraw = False
2189.2885 	INFO 	Keyboard events cleared
2189.2884 	EXP 	image_blank: autoDraw = False
2189.2884 	EXP 	cross_25: autoDraw = False
2189.2884 	EXP 	image_blank: autoDraw = False
2189.2884 	EXP 	image_scene_2AFC: image = 'Scenes_Dataset/kindergarten_A.jpg'
2189.2884 	EXP 	image_target: image = 'Objects_Dataset/payment_terminal.png'
2189.2884 	EXP 	image_lure: image = 'Objects_Dataset/message_bottle.png'
2189.2884 	EXP 	image_scene_2AFC: autoDraw = True
2189.2884 	EXP 	image_target: autoDraw = True
2189.2884 	EXP 	image_lure: autoDraw = True
2191.1336 	DATA 	Keypress: up
2192.2663 	EXP 	New trial (rep=0, index=19): <Trial 19 (19 in rep 0) data={'Index': 17, 'Scene': 'Scenes_Dataset/stage_A.jpg', 'Scene_Size': (600, 396), 'Condition_Encode': 'Congruent', 'Object_Encode': 'Objects_Dataset/saxophone.png', 'Object_Size': (250, 250), 'Condition_Old': 'old', 'Correct_Key_Old': 'left', 'Obj_Lure': 'Objects_Dataset/digital_piano_retouched.png', 'Lure_size': (350, 350), 'Target_pos': (300, -200), 'Lure_pos': (300, 200), 'Correct_key_AFC': 'down', 'jitter_ITI': 2.8, 'thisN': 19, 'thisTrialN': 19, 'thisRepN': 0}>
2192.2824 	EXP 	image_scene_2AFC: autoDraw = False
2192.2824 	EXP 	image_target: autoDraw = False
2192.2824 	EXP 	image_lure: autoDraw = False
2192.2824 	EXP 	image_blank: autoDraw = True
2194.5157 	EXP 	cross_25: autoDraw = True
2194.7656 	EXP 	cross_25: autoDraw = False
2195.0961 	INFO 	Keyboard events cleared
2195.0961 	EXP 	image_blank: autoDraw = False
2195.0961 	EXP 	cross_25: autoDraw = False
2195.0961 	EXP 	image_blank: autoDraw = False
2195.0961 	EXP 	image_scene_2AFC: image = 'Scenes_Dataset/stage_A.jpg'
2195.0961 	EXP 	image_target: image = 'Objects_Dataset/saxophone.png'
2195.0961 	EXP 	image_lure: image = 'Objects_Dataset/digital_piano_retouched.png'
2195.0961 	EXP 	image_scene_2AFC: autoDraw = True
2195.0961 	EXP 	image_target: autoDraw = True
2195.0961 	EXP 	image_lure: autoDraw = True
2196.8836 	DATA 	Keypress: down
2198.0829 	EXP 	New trial (rep=0, index=20): <Trial 20 (20 in rep 0) data={'Index': 53, 'Scene': 'Scenes_Dataset/operating_room_A.jpg', 'Scene_Size': (600, 416), 'Condition_Encode': 'Incongruent', 'Object_Encode': 'Objects_Dataset/rope.png', 'Object_Size': (300, 248), 'Condition_Old': 'old', 'Correct_Key_Old': 'left', 'Obj_Lure': 'Objects_Dataset/scooter_retouched.png', 'Lure_size': (311, 350), 'Target_pos': (300, 200), 'Lure_pos': (300, -200), 'Correct_key_AFC': 'up', 'jitter_ITI': 2, 'thisN': 20, 'thisTrialN': 20, 'thisRepN': 0}>
2198.0991 	EXP 	image_scene_2AFC: autoDraw = False
2198.0991 	EXP 	image_target: autoDraw = False
2198.0991 	EXP 	image_lure: autoDraw = False
2198.0991 	EXP 	image_blank: autoDraw = True
2200.0992 	EXP 	image_blank: autoDraw = False
2200.3157 	EXP 	cross_25: autoDraw = True
2200.5754 	INFO 	Keyboard events cleared
2200.5754 	EXP 	cross_25: autoDraw = False
2200.5754 	EXP 	cross_25: autoDraw = False
2200.5754 	EXP 	image_blank: autoDraw = False
2200.5754 	EXP 	image_scene_2AFC: image = 'Scenes_Dataset/operating_room_A.jpg'
2200.5754 	EXP 	image_target: image = 'Objects_Dataset/rope.png'
2200.5754 	EXP 	image_lure: image = 'Objects_Dataset/scooter_retouched.png'
2200.5754 	EXP 	image_scene_2AFC: autoDraw = True
2200.5754 	EXP 	image_target: autoDraw = True
2200.5754 	EXP 	image_lure: autoDraw = True
2202.7173 	DATA 	Keypress: down
2203.5499 	EXP 	New trial (rep=0, index=21): <Trial 21 (21 in rep 0) data={'Index': 13, 'Scene': 'Scenes_Dataset/circus_A.jpg', 'Scene_Size': (600, 421), 'Condition_Encode': 'Congruent', 'Object_Encode': 'Objects_Dataset/unicycle_retouched.png', 'Object_Size': (159, 300), 'Condition_Old': 'old', 'Correct_Key_Old': 'left', 'Obj_Lure': 'Objects_Dataset/juggling_balls_retouched.png', 'Lure_size': (350, 197), 'Target_pos': (300, -200), 'Lure_pos': (300, 200), 'Correct_key_AFC': 'down', 'jitter_ITI': 2.6, 'thisN': 21, 'thisTrialN': 21, 'thisRepN': 0}>
2203.5659 	EXP 	image_scene_2AFC: autoDraw = False
2203.5659 	EXP 	image_target: autoDraw = False
2203.5659 	EXP 	image_lure: autoDraw = False
2203.5659 	EXP 	image_blank: autoDraw = True
2205.7991 	EXP 	cross_25: autoDraw = True
2206.0492 	EXP 	cross_25: autoDraw = False
2206.1726 	INFO 	Keyboard events cleared
2206.1725 	EXP 	image_blank: autoDraw = False
2206.1725 	EXP 	cross_25: autoDraw = False
2206.1725 	EXP 	image_blank: autoDraw = False
2206.1725 	EXP 	image_scene_2AFC: image = 'Scenes_Dataset/circus_A.jpg'
2206.1725 	EXP 	image_target: image = 'Objects_Dataset/unicycle_retouched.png'
2206.1725 	EXP 	image_lure: image = 'Objects_Dataset/juggling_balls_retouched.png'
2206.1725 	EXP 	image_scene_2AFC: autoDraw = True
2206.1725 	EXP 	image_target: autoDraw = True
2206.1725 	EXP 	image_lure: autoDraw = True
2207.4670 	DATA 	Keypress: down
2209.1499 	EXP 	New trial (rep=0, index=22): <Trial 22 (22 in rep 0) data={'Index': 43, 'Scene': 'Scenes_Dataset/home_office_A.jpg', 'Scene_Size': (600, 399), 'Condition_Encode': 'Incongruent', 'Object_Encode': 'Objects_Dataset/bicycle_bell.png', 'Object_Size': (250, 210), 'Condition_Old': 'old', 'Correct_Key_Old': 'left', 'Obj_Lure': 'Objects_Dataset/unicycle_retouched.png', 'Lure_size': (159, 300), 'Target_pos': (300, 200), 'Lure_pos': (300, -200), 'Correct_key_AFC': 'up', 'jitter_ITI': 2.8, 'thisN': 22, 'thisTrialN': 22, 'thisRepN': 0}>
2209.1660 	EXP 	image_scene_2AFC: autoDraw = False
2209.1660 	EXP 	image_target: autoDraw = False
2209.1660 	EXP 	image_lure: autoDraw = False
2209.1660 	EXP 	image_blank: autoDraw = True
2211.3991 	EXP 	cross_25: autoDraw = True
2211.6492 	EXP 	cross_25: autoDraw = False
2211.9698 	INFO 	Keyboard events cleared
2211.9698 	EXP 	image_blank: autoDraw = False
2211.9698 	EXP 	cross_25: autoDraw = False
2211.9698 	EXP 	image_blank: autoDraw = False
2211.9698 	EXP 	image_scene_2AFC: image = 'Scenes_Dataset/home_office_A.jpg'
2211.9698 	EXP 	image_target: image = 'Objects_Dataset/bicycle_bell.png'
2211.9698 	EXP 	image_lure: image = 'Objects_Dataset/unicycle_retouched.png'
2211.9698 	EXP 	image_scene_2AFC: autoDraw = True
2211.9698 	EXP 	image_target: autoDraw = True
2211.9698 	EXP 	image_lure: autoDraw = True
2213.7169 	DATA 	Keypress: up
2214.9513 	EXP 	New trial (rep=0, index=23): <Trial 23 (23 in rep 0) data={'Index': 2, 'Scene': 'Scenes_Dataset/waiting_room_A.jpg', 'Scene_Size': (600, 450), 'Condition_Encode': 'Congruent', 'Object_Encode': 'Objects_Dataset/clock.png', 'Object_Size': (250, 248), 'Condition_Old': 'old', 'Correct_Key_Old': 'left', 'Obj_Lure': 'Objects_Dataset/water_dispenser.png', 'Lure_size': (300, 300), 'Target_pos': (300, -200), 'Lure_pos': (300, 200), 'Correct_key_AFC': 'down', 'jitter_ITI': 2.05, 'thisN': 23, 'thisTrialN': 23, 'thisRepN': 0}>
2214.9661 	EXP 	image_scene_2AFC: autoDraw = False
2214.9661 	EXP 	image_target: autoDraw = False
2214.9661 	EXP 	image_lure: autoDraw = False
2214.9661 	EXP 	image_blank: autoDraw = True
2217.0156 	EXP 	image_blank: autoDraw = False
2217.1987 	EXP 	cross_25: autoDraw = True
2217.4571 	INFO 	Keyboard events cleared
2217.4571 	EXP 	cross_25: autoDraw = False
2217.4571 	EXP 	cross_25: autoDraw = False
2217.4571 	EXP 	image_blank: autoDraw = False
2217.4571 	EXP 	image_scene_2AFC: image = 'Scenes_Dataset/waiting_room_A.jpg'
2217.4571 	EXP 	image_target: image = 'Objects_Dataset/clock.png'
2217.4571 	EXP 	image_lure: image = 'Objects_Dataset/water_dispenser.png'
2217.4571 	EXP 	image_scene_2AFC: autoDraw = True
2217.4571 	EXP 	image_target: autoDraw = True
2217.4571 	EXP 	image_lure: autoDraw = True
2218.8000 	DATA 	Keypress: down
2220.4505 	EXP 	New trial (rep=0, index=24): <Trial 24 (24 in rep 0) data={'Index': 26, 'Scene': 'Scenes_Dataset/hospital_room_B.jpg', 'Scene_Size': (600, 400), 'Condition_Encode': 'Congruent', 'Object_Encode': 'Objects_Dataset/saline_retouched.png', 'Object_Size': (300, 225), 'Condition_Old': 'old', 'Correct_Key_Old': 'left', 'Obj_Lure': 'Objects_Dataset/pills.png', 'Lure_size': (216, 250), 'Target_pos': (300, -200), 'Lure_pos': (300, 200), 'Correct_key_AFC': 'down', 'jitter_ITI': 3.25, 'thisN': 24, 'thisTrialN': 24, 'thisRepN': 0}>
2220.4655 	EXP 	image_scene_2AFC: autoDraw = False
2220.4655 	EXP 	image_target: autoDraw = False
2220.4655 	EXP 	image_lure: autoDraw = False
2220.4655 	EXP 	image_blank: autoDraw = True
2222.6824 	EXP 	cross_25: autoDraw = True
2222.9323 	EXP 	cross_25: autoDraw = False
2223.7240 	INFO 	Keyboard events cleared
2223.7240 	EXP 	image_blank: autoDraw = False
2223.7240 	EXP 	cross_25: autoDraw = False
2223.7240 	EXP 	image_blank: autoDraw = False
2223.7240 	EXP 	image_scene_2AFC: image = 'Scenes_Dataset/hospital_room_B.jpg'
2223.7240 	EXP 	image_target: image = 'Objects_Dataset/saline_retouched.png'
2223.7240 	EXP 	image_lure: image = 'Objects_Dataset/pills.png'
2223.7240 	EXP 	image_scene_2AFC: autoDraw = True
2223.7240 	EXP 	image_target: autoDraw = True
2223.7240 	EXP 	image_lure: autoDraw = True
2225.5504 	DATA 	Keypress: down
2226.7163 	EXP 	New trial (rep=0, index=25): <Trial 25 (25 in rep 0) data={'Index': 12, 'Scene': 'Scenes_Dataset/castle_A.jpg', 'Scene_Size': (600, 450), 'Condition_Encode': 'Congruent', 'Object_Encode': 'Objects_Dataset/sword_retouched.png', 'Object_Size': (300, 300), 'Condition_Old': 'old', 'Correct_Key_Old': 'left', 'Obj_Lure': 'Objects_Dataset/shield.png', 'Lure_size': (199, 300), 'Target_pos': (300, -200), 'Lure_pos': (300, 200), 'Correct_key_AFC': 'down', 'jitter_ITI': 2.55, 'thisN': 25, 'thisTrialN': 25, 'thisRepN': 0}>
2226.7323 	EXP 	image_scene_2AFC: autoDraw = False
2226.7323 	EXP 	image_target: autoDraw = False
2226.7323 	EXP 	image_lure: autoDraw = False
2226.7323 	EXP 	image_blank: autoDraw = True
2228.9491 	EXP 	cross_25: autoDraw = True
2229.1990 	EXP 	cross_25: autoDraw = False
2229.2945 	INFO 	Keyboard events cleared
2229.2945 	EXP 	image_blank: autoDraw = False
2229.2945 	EXP 	cross_25: autoDraw = False
2229.2945 	EXP 	image_blank: autoDraw = False
2229.2945 	EXP 	image_scene_2AFC: image = 'Scenes_Dataset/castle_A.jpg'
2229.2945 	EXP 	image_target: image = 'Objects_Dataset/sword_retouched.png'
2229.2945 	EXP 	image_lure: image = 'Objects_Dataset/shield.png'
2229.2945 	EXP 	image_scene_2AFC: autoDraw = True
2229.2945 	EXP 	image_target: autoDraw = True
2229.2945 	EXP 	image_lure: autoDraw = True
2230.4338 	DATA 	Keypress: down
2232.2832 	EXP 	New trial (rep=0, index=26): <Trial 26 (26 in rep 0) data={'Index': 6, 'Scene': 'Scenes_Dataset/stationary_store_A.jpg', 'Scene_Size': (600, 370), 'Condition_Encode': 'Congruent', 'Object_Encode': 'Objects_Dataset/stapler.png', 'Object_Size': (250, 178), 'Condition_Old': 'old', 'Correct_Key_Old': 'left', 'Obj_Lure': 'Objects_Dataset/envelope_retouched.png', 'Lure_size': (250, 211), 'Target_pos': (300, -200), 'Lure_pos': (300, 200), 'Correct_key_AFC': 'down', 'jitter_ITI': 2.25, 'thisN': 26, 'thisTrialN': 26, 'thisRepN': 0}>
2232.2990 	EXP 	image_scene_2AFC: autoDraw = False
2232.2990 	EXP 	image_target: autoDraw = False
2232.2990 	EXP 	image_lure: autoDraw = False
2232.2990 	EXP 	image_blank: autoDraw = True
2234.5325 	EXP 	cross_25: autoDraw = True
2234.5491 	EXP 	image_blank: autoDraw = False
2234.7912 	INFO 	Keyboard events cleared
2234.7912 	EXP 	cross_25: autoDraw = False
2234.7912 	EXP 	cross_25: autoDraw = False
2234.7912 	EXP 	image_blank: autoDraw = False
2234.7912 	EXP 	image_scene_2AFC: image = 'Scenes_Dataset/stationary_store_A.jpg'
2234.7912 	EXP 	image_target: image = 'Objects_Dataset/stapler.png'
2234.7912 	EXP 	image_lure: image = 'Objects_Dataset/envelope_retouched.png'
2234.7912 	EXP 	image_scene_2AFC: autoDraw = True
2234.7912 	EXP 	image_target: autoDraw = True
2234.7912 	EXP 	image_lure: autoDraw = True
2237.0173 	DATA 	Keypress: down
2237.7844 	EXP 	New trial (rep=0, index=27): <Trial 27 (27 in rep 0) data={'Index': 59, 'Scene': 'Scenes_Dataset/golf_course_A.jpg', 'Scene_Size': (600, 400), 'Condition_Encode': 'Incongruent', 'Object_Encode': 'Objects_Dataset/clothesline_retouched_2.png', 'Object_Size': (350, 231), 'Condition_Old': 'old', 'Correct_Key_Old': 'left', 'Obj_Lure': 'Objects_Dataset/computer_monitor.png', 'Lure_size': (300, 300), 'Target_pos': (300, 200), 'Lure_pos': (300, -200), 'Correct_key_AFC': 'up', 'jitter_ITI': 2.3, 'thisN': 27, 'thisTrialN': 27, 'thisRepN': 0}>
2237.7990 	EXP 	image_scene_2AFC: autoDraw = False
2237.7990 	EXP 	image_target: autoDraw = False
2237.7990 	EXP 	image_lure: autoDraw = False
2237.7990 	EXP 	image_blank: autoDraw = True
2240.0159 	EXP 	cross_25: autoDraw = True
2240.0994 	EXP 	image_blank: autoDraw = False
2240.2745 	INFO 	Keyboard events cleared
2240.2745 	EXP 	cross_25: autoDraw = False
2240.2745 	EXP 	cross_25: autoDraw = False
2240.2745 	EXP 	image_blank: autoDraw = False
2240.2745 	EXP 	image_scene_2AFC: image = 'Scenes_Dataset/golf_course_A.jpg'
2240.2745 	EXP 	image_target: image = 'Objects_Dataset/clothesline_retouched_2.png'
2240.2745 	EXP 	image_lure: image = 'Objects_Dataset/computer_monitor.png'
2240.2745 	EXP 	image_scene_2AFC: autoDraw = True
2240.2745 	EXP 	image_target: autoDraw = True
2240.2745 	EXP 	image_lure: autoDraw = True
2242.6015 	DATA 	Keypress: up
2243.2666 	EXP 	New trial (rep=0, index=28): <Trial 28 (28 in rep 0) data={'Index': 18, 'Scene': 'Scenes_Dataset/soccer_stadium_B.jpg', 'Scene_Size': (600, 400), 'Condition_Encode': 'Congruent', 'Object_Encode': 'Objects_Dataset/football_boots.png', 'Object_Size': (300, 300), 'Condition_Old': 'old', 'Correct_Key_Old': 'left', 'Obj_Lure': 'Objects_Dataset/whistle.png', 'Lure_size': (200, 151), 'Target_pos': (300, -200), 'Lure_pos': (300, 200), 'Correct_key_AFC': 'down', 'jitter_ITI': 2.85, 'thisN': 28, 'thisTrialN': 28, 'thisRepN': 0}>
2243.2826 	EXP 	image_scene_2AFC: autoDraw = False
2243.2826 	EXP 	image_target: autoDraw = False
2243.2826 	EXP 	image_lure: autoDraw = False
2243.2826 	EXP 	image_blank: autoDraw = True
2245.4993 	EXP 	cross_25: autoDraw = True
2245.7495 	EXP 	cross_25: autoDraw = False
2246.1330 	INFO 	Keyboard events cleared
2246.1329 	EXP 	image_blank: autoDraw = False
2246.1329 	EXP 	cross_25: autoDraw = False
2246.1329 	EXP 	image_blank: autoDraw = False
2246.1329 	EXP 	image_scene_2AFC: image = 'Scenes_Dataset/soccer_stadium_B.jpg'
2246.1329 	EXP 	image_target: image = 'Objects_Dataset/football_boots.png'
2246.1329 	EXP 	image_lure: image = 'Objects_Dataset/whistle.png'
2246.1329 	EXP 	image_scene_2AFC: autoDraw = True
2246.1329 	EXP 	image_target: autoDraw = True
2246.1329 	EXP 	image_lure: autoDraw = True
2247.3507 	DATA 	Keypress: down
2249.1168 	EXP 	New trial (rep=0, index=29): <Trial 29 (29 in rep 0) data={'Index': 42, 'Scene': 'Scenes_Dataset/hut_A.jpg', 'Scene_Size': (600, 384), 'Condition_Encode': 'Incongruent', 'Object_Encode': 'Objects_Dataset/sled_retouched.png', 'Object_Size': (450, 286), 'Condition_Old': 'old', 'Correct_Key_Old': 'left', 'Obj_Lure': 'Objects_Dataset/stapler.png', 'Lure_size': (250, 178), 'Target_pos': (300, 200), 'Lure_pos': (300, -200), 'Correct_key_AFC': 'up', 'jitter_ITI': 2.75, 'thisN': 29, 'thisTrialN': 29, 'thisRepN': 0}>
2249.1325 	EXP 	image_scene_2AFC: autoDraw = False
2249.1325 	EXP 	image_target: autoDraw = False
2249.1325 	EXP 	image_lure: autoDraw = False
2249.1325 	EXP 	image_scene_2AFC: autoDraw = False
2249.1325 	EXP 	image_target: autoDraw = False
2249.1325 	EXP 	image_lure: autoDraw = False
2249.1325 	EXP 	image_blank: autoDraw = True
2251.3661 	EXP 	cross_25: autoDraw = True
2251.6159 	EXP 	cross_25: autoDraw = False
2251.8906 	INFO 	Keyboard events cleared
2251.8905 	EXP 	image_blank: autoDraw = False
2251.8905 	EXP 	cross_25: autoDraw = False
2251.8905 	EXP 	image_blank: autoDraw = False
2251.8905 	EXP 	image_scene_2AFC: image = 'Scenes_Dataset/hut_A.jpg'
2251.8905 	EXP 	image_target: image = 'Objects_Dataset/sled_retouched.png'
2251.8905 	EXP 	image_lure: image = 'Objects_Dataset/stapler.png'
2251.8905 	EXP 	image_scene_2AFC: autoDraw = True
2251.8905 	EXP 	image_target: autoDraw = True
2251.8905 	EXP 	image_lure: autoDraw = True
2253.1010 	DATA 	Keypress: up
2254.8836 	EXP 	New trial (rep=0, index=30): <Trial 30 (30 in rep 0) data={'Index': 44, 'Scene': 'Scenes_Dataset/boat_interior_A.jpg', 'Scene_Size': (600, 400), 'Condition_Encode': 'Incongruent', 'Object_Encode': 'Objects_Dataset/scooter_retouched.png', 'Object_Size': (311, 350), 'Condition_Old': 'old', 'Correct_Key_Old': 'left', 'Obj_Lure': 'Objects_Dataset/car_mat.png', 'Lure_size': (230, 258), 'Target_pos': (300, 200), 'Lure_pos': (300, -200), 'Correct_key_AFC': 'up', 'jitter_ITI': 2.85, 'thisN': 30, 'thisTrialN': 30, 'thisRepN': 0}>
2254.8992 	EXP 	image_scene_2AFC: autoDraw = False
2254.8992 	EXP 	image_target: autoDraw = False
2254.8992 	EXP 	image_lure: autoDraw = False
2254.8992 	EXP 	image_blank: autoDraw = True
2257.1167 	EXP 	cross_25: autoDraw = True
2257.3659 	EXP 	cross_25: autoDraw = False
2257.7640 	INFO 	Keyboard events cleared
2257.7640 	EXP 	image_blank: autoDraw = False
2257.7640 	EXP 	cross_25: autoDraw = False
2257.7640 	EXP 	image_blank: autoDraw = False
2257.7640 	EXP 	image_scene_2AFC: image = 'Scenes_Dataset/boat_interior_A.jpg'
2257.7640 	EXP 	image_target: image = 'Objects_Dataset/scooter_retouched.png'
2257.7640 	EXP 	image_lure: image = 'Objects_Dataset/car_mat.png'
2257.7640 	EXP 	image_scene_2AFC: autoDraw = True
2257.7640 	EXP 	image_target: autoDraw = True
2257.7640 	EXP 	image_lure: autoDraw = True
2259.4174 	DATA 	Keypress: up
2260.7359 	EXP 	New trial (rep=0, index=31): <Trial 31 (31 in rep 0) data={'Index': 51, 'Scene': 'Scenes_Dataset/clinic_A.jpg', 'Scene_Size': (600, 400), 'Condition_Encode': 'Incongruent', 'Object_Encode': 'Objects_Dataset/juggling_balls_retouched.png', 'Object_Size': (350, 197), 'Condition_Old': 'old', 'Correct_Key_Old': 'left', 'Obj_Lure': 'Objects_Dataset/sled_retouched.png', 'Lure_size': (450, 286), 'Target_pos': (300, 200), 'Lure_pos': (300, -200), 'Correct_key_AFC': 'up', 'jitter_ITI': 3.2, 'thisN': 31, 'thisTrialN': 31, 'thisRepN': 0}>
2260.7495 	EXP 	image_scene_2AFC: autoDraw = False
2260.7495 	EXP 	image_target: autoDraw = False
2260.7495 	EXP 	image_lure: autoDraw = False
2260.7495 	EXP 	image_blank: autoDraw = True
2262.9831 	EXP 	cross_25: autoDraw = True
2263.2331 	EXP 	cross_25: autoDraw = False
2263.9570 	INFO 	Keyboard events cleared
2263.9570 	EXP 	image_blank: autoDraw = False
2263.9570 	EXP 	cross_25: autoDraw = False
2263.9570 	EXP 	image_blank: autoDraw = False
2263.9570 	EXP 	image_scene_2AFC: image = 'Scenes_Dataset/clinic_A.jpg'
2263.9570 	EXP 	image_target: image = 'Objects_Dataset/juggling_balls_retouched.png'
2263.9570 	EXP 	image_lure: image = 'Objects_Dataset/sled_retouched.png'
2263.9570 	EXP 	image_scene_2AFC: autoDraw = True
2263.9570 	EXP 	image_target: autoDraw = True
2263.9570 	EXP 	image_lure: autoDraw = True
2265.6008 	DATA 	Keypress: up
2266.9504 	EXP 	New trial (rep=0, index=32): <Trial 32 (32 in rep 0) data={'Index': 41, 'Scene': 'Scenes_Dataset/attic_A.jpg', 'Scene_Size': (600, 400), 'Condition_Encode': 'Incongruent', 'Object_Encode': 'Objects_Dataset/ticket_machine.png', 'Object_Size': (200, 300), 'Condition_Old': 'old', 'Correct_Key_Old': 'left', 'Obj_Lure': 'Objects_Dataset/cake_holder.png', 'Lure_size': (300, 209), 'Target_pos': (300, 200), 'Lure_pos': (300, -200), 'Correct_key_AFC': 'up', 'jitter_ITI': 2.7, 'thisN': 32, 'thisTrialN': 32, 'thisRepN': 0}>
2266.9662 	EXP 	image_scene_2AFC: autoDraw = False
2266.9662 	EXP 	image_target: autoDraw = False
2266.9662 	EXP 	image_lure: autoDraw = False
2266.9662 	EXP 	image_blank: autoDraw = True
2269.1830 	EXP 	cross_25: autoDraw = True
2269.4330 	EXP 	cross_25: autoDraw = False
2269.6708 	INFO 	Keyboard events cleared
2269.6707 	EXP 	image_blank: autoDraw = False
2269.6707 	EXP 	cross_25: autoDraw = False
2269.6707 	EXP 	image_blank: autoDraw = False
2269.6707 	EXP 	image_scene_2AFC: image = 'Scenes_Dataset/attic_A.jpg'
2269.6707 	EXP 	image_target: image = 'Objects_Dataset/ticket_machine.png'
2269.6707 	EXP 	image_lure: image = 'Objects_Dataset/cake_holder.png'
2269.6707 	EXP 	image_scene_2AFC: autoDraw = True
2269.6707 	EXP 	image_target: autoDraw = True
2269.6707 	EXP 	image_lure: autoDraw = True
2271.1162 	DATA 	Keypress: up
2272.6662 	EXP 	New trial (rep=0, index=33): <Trial 33 (33 in rep 0) data={'Index': 50, 'Scene': 'Scenes_Dataset/playground_A.jpg', 'Scene_Size': (600, 337), 'Condition_Encode': 'Incongruent', 'Object_Encode': 'Objects_Dataset/water_dispenser.png', 'Object_Size': (300, 300), 'Condition_Old': 'old', 'Correct_Key_Old': 'left', 'Obj_Lure': 'Objects_Dataset/wine_cork.png', 'Lure_size': (250, 163), 'Target_pos': (300, 200), 'Lure_pos': (300, -200), 'Correct_key_AFC': 'up', 'jitter_ITI': 3.15, 'thisN': 33, 'thisTrialN': 33, 'thisRepN': 0}>
2272.6825 	EXP 	image_scene_2AFC: autoDraw = False
2272.6825 	EXP 	image_target: autoDraw = False
2272.6825 	EXP 	image_lure: autoDraw = False
2272.6825 	EXP 	image_blank: autoDraw = True
2274.9165 	EXP 	cross_25: autoDraw = True
2275.1666 	EXP 	cross_25: autoDraw = False
2275.8364 	INFO 	Keyboard events cleared
2275.8363 	EXP 	image_blank: autoDraw = False
2275.8363 	EXP 	cross_25: autoDraw = False
2275.8363 	EXP 	image_blank: autoDraw = False
2275.8363 	EXP 	image_scene_2AFC: image = 'Scenes_Dataset/playground_A.jpg'
2275.8363 	EXP 	image_target: image = 'Objects_Dataset/water_dispenser.png'
2275.8363 	EXP 	image_lure: image = 'Objects_Dataset/wine_cork.png'
2275.8363 	EXP 	image_scene_2AFC: autoDraw = True
2275.8363 	EXP 	image_target: autoDraw = True
2275.8363 	EXP 	image_lure: autoDraw = True
2277.0504 	DATA 	Keypress: up
2278.8342 	EXP 	New trial (rep=0, index=34): <Trial 34 (34 in rep 0) data={'Index': 30, 'Scene': 'Scenes_Dataset/locker_room_B.jpg', 'Scene_Size': (600, 399), 'Condition_Encode': 'Congruent', 'Object_Encode': 'Objects_Dataset/locker.png', 'Object_Size': (264, 400), 'Condition_Old': 'old', 'Correct_Key_Old': 'left', 'Obj_Lure': 'Objects_Dataset/slippers.png', 'Lure_size': (280, 300), 'Target_pos': (300, -200), 'Lure_pos': (300, 200), 'Correct_key_AFC': 'down', 'jitter_ITI': 2.15, 'thisN': 34, 'thisTrialN': 34, 'thisRepN': 0}>
2278.8499 	EXP 	image_scene_2AFC: autoDraw = False
2278.8499 	EXP 	image_target: autoDraw = False
2278.8499 	EXP 	image_lure: autoDraw = False
2278.8499 	EXP 	image_blank: autoDraw = True
2280.9999 	EXP 	image_blank: autoDraw = False
2281.0679 	EXP 	cross_25: autoDraw = True
2281.3393 	INFO 	Keyboard events cleared
2281.3393 	EXP 	cross_25: autoDraw = False
2281.3393 	EXP 	cross_25: autoDraw = False
2281.3393 	EXP 	image_blank: autoDraw = False
2281.3393 	EXP 	image_scene_2AFC: image = 'Scenes_Dataset/locker_room_B.jpg'
2281.3393 	EXP 	image_target: image = 'Objects_Dataset/locker.png'
2281.3393 	EXP 	image_lure: image = 'Objects_Dataset/slippers.png'
2281.3393 	EXP 	image_scene_2AFC: autoDraw = True
2281.3393 	EXP 	image_target: autoDraw = True
2281.3393 	EXP 	image_lure: autoDraw = True
2282.7346 	DATA 	Keypress: down
2284.3340 	EXP 	New trial (rep=0, index=35): <Trial 35 (35 in rep 0) data={'Index': 36, 'Scene': 'Scenes_Dataset/stable_A.jpg', 'Scene_Size': (600, 450), 'Condition_Encode': 'Incongruent', 'Object_Encode': 'Objects_Dataset/remote_control.png', 'Object_Size': (300, 293), 'Condition_Old': 'old', 'Correct_Key_Old': 'left', 'Obj_Lure': 'Objects_Dataset/sword_retouched.png', 'Lure_size': (300, 300), 'Target_pos': (300, 200), 'Lure_pos': (300, -200), 'Correct_key_AFC': 'up', 'jitter_ITI': 2.45, 'thisN': 35, 'thisTrialN': 35, 'thisRepN': 0}>
2284.3497 	EXP 	image_scene_2AFC: autoDraw = False
2284.3497 	EXP 	image_target: autoDraw = False
2284.3497 	EXP 	image_lure: autoDraw = False
2284.3497 	EXP 	image_blank: autoDraw = True
2286.5667 	EXP 	cross_25: autoDraw = True
2286.7999 	EXP 	image_blank: autoDraw = False
2286.8279 	INFO 	Keyboard events cleared
2286.8278 	EXP 	cross_25: autoDraw = False
2286.8278 	EXP 	cross_25: autoDraw = False
2286.8278 	EXP 	image_blank: autoDraw = False
2286.8278 	EXP 	image_scene_2AFC: image = 'Scenes_Dataset/stable_A.jpg'
2286.8278 	EXP 	image_target: image = 'Objects_Dataset/remote_control.png'
2286.8278 	EXP 	image_lure: image = 'Objects_Dataset/sword_retouched.png'
2286.8278 	EXP 	image_scene_2AFC: autoDraw = True
2286.8278 	EXP 	image_target: autoDraw = True
2286.8278 	EXP 	image_lure: autoDraw = True
2288.2346 	DATA 	Keypress: down
2289.8173 	EXP 	New trial (rep=0, index=36): <Trial 36 (36 in rep 0) data={'Index': 15, 'Scene': 'Scenes_Dataset/river_A.jpg', 'Scene_Size': (600, 450), 'Condition_Encode': 'Congruent', 'Object_Encode': 'Objects_Dataset/kayak.png', 'Object_Size': (450, 338), 'Condition_Old': 'old', 'Correct_Key_Old': 'left', 'Obj_Lure': 'Objects_Dataset/paddle.png', 'Lure_size': (300, 299), 'Target_pos': (300, -200), 'Lure_pos': (300, 200), 'Correct_key_AFC': 'down', 'jitter_ITI': 2.7, 'thisN': 36, 'thisTrialN': 36, 'thisRepN': 0}>
2289.8332 	EXP 	image_scene_2AFC: autoDraw = False
2289.8332 	EXP 	image_target: autoDraw = False
2289.8332 	EXP 	image_lure: autoDraw = False
2289.8332 	EXP 	image_blank: autoDraw = True
2292.0500 	EXP 	cross_25: autoDraw = True
2292.3001 	EXP 	cross_25: autoDraw = False
2292.5439 	INFO 	Keyboard events cleared
2292.5439 	EXP 	image_blank: autoDraw = False
2292.5439 	EXP 	cross_25: autoDraw = False
2292.5439 	EXP 	image_blank: autoDraw = False
2292.5439 	EXP 	image_scene_2AFC: image = 'Scenes_Dataset/river_A.jpg'
2292.5439 	EXP 	image_target: image = 'Objects_Dataset/kayak.png'
2292.5439 	EXP 	image_lure: image = 'Objects_Dataset/paddle.png'
2292.5439 	EXP 	image_scene_2AFC: autoDraw = True
2292.5439 	EXP 	image_target: autoDraw = True
2292.5439 	EXP 	image_lure: autoDraw = True
2293.3847 	DATA 	Keypress: down
2295.5339 	EXP 	New trial (rep=0, index=37): <Trial 37 (37 in rep 0) data={'Index': 45, 'Scene': 'Scenes_Dataset/factory_B.jpg', 'Scene_Size': (600, 415), 'Condition_Encode': 'Incongruent', 'Object_Encode': 'Objects_Dataset/shield.png', 'Object_Size': (199, 300), 'Condition_Old': 'old', 'Correct_Key_Old': 'left', 'Obj_Lure': 'Objects_Dataset/trumpet_retouched.png', 'Lure_size': (300, 122), 'Target_pos': (300, 200), 'Lure_pos': (300, -200), 'Correct_key_AFC': 'up', 'jitter_ITI': 2.9, 'thisN': 37, 'thisTrialN': 37, 'thisRepN': 0}>
2295.5500 	EXP 	image_scene_2AFC: autoDraw = False
2295.5500 	EXP 	image_target: autoDraw = False
2295.5500 	EXP 	image_lure: autoDraw = False
2295.5500 	EXP 	image_blank: autoDraw = True
2297.7669 	EXP 	cross_25: autoDraw = True
2298.0170 	EXP 	cross_25: autoDraw = False
2298.4664 	INFO 	Keyboard events cleared
2298.4664 	EXP 	image_blank: autoDraw = False
2298.4664 	EXP 	cross_25: autoDraw = False
2298.4664 	EXP 	image_blank: autoDraw = False
2298.4664 	EXP 	image_scene_2AFC: image = 'Scenes_Dataset/factory_B.jpg'
2298.4664 	EXP 	image_target: image = 'Objects_Dataset/shield.png'
2298.4664 	EXP 	image_lure: image = 'Objects_Dataset/trumpet_retouched.png'
2298.4664 	EXP 	image_scene_2AFC: autoDraw = True
2298.4664 	EXP 	image_target: autoDraw = True
2298.4664 	EXP 	image_lure: autoDraw = True
2300.4184 	DATA 	Keypress: up
2301.4509 	EXP 	New trial (rep=0, index=38): <Trial 38 (38 in rep 0) data={'Index': 35, 'Scene': 'Scenes_Dataset/dentist_A.jpg', 'Scene_Size': (600, 400), 'Condition_Encode': 'Incongruent', 'Object_Encode': 'Objects_Dataset/basketball.png', 'Object_Size': (282, 300), 'Condition_Old': 'old', 'Correct_Key_Old': 'left', 'Obj_Lure': 'Objects_Dataset/chandelier_retouched.png', 'Lure_size': (250, 300), 'Target_pos': (300, 200), 'Lure_pos': (300, -200), 'Correct_key_AFC': 'up', 'jitter_ITI': 2.4, 'thisN': 38, 'thisTrialN': 38, 'thisRepN': 0}>
2301.4668 	EXP 	image_scene_2AFC: autoDraw = False
2301.4668 	EXP 	image_target: autoDraw = False
2301.4668 	EXP 	image_lure: autoDraw = False
2301.4668 	EXP 	image_blank: autoDraw = True
2303.6836 	EXP 	cross_25: autoDraw = True
2303.8670 	EXP 	image_blank: autoDraw = False
2303.9435 	INFO 	Keyboard events cleared
2303.9435 	EXP 	cross_25: autoDraw = False
2303.9435 	EXP 	cross_25: autoDraw = False
2303.9435 	EXP 	image_blank: autoDraw = False
2303.9435 	EXP 	image_scene_2AFC: image = 'Scenes_Dataset/dentist_A.jpg'
2303.9435 	EXP 	image_target: image = 'Objects_Dataset/basketball.png'
2303.9435 	EXP 	image_lure: image = 'Objects_Dataset/chandelier_retouched.png'
2303.9435 	EXP 	image_scene_2AFC: autoDraw = True
2303.9435 	EXP 	image_target: autoDraw = True
2303.9435 	EXP 	image_lure: autoDraw = True
2306.5516 	DATA 	Keypress: down
2306.9343 	EXP 	New trial (rep=0, index=39): <Trial 39 (39 in rep 0) data={'Index': 7, 'Scene': 'Scenes_Dataset/snow_B.jpg', 'Scene_Size': (600, 450), 'Condition_Encode': 'Congruent', 'Object_Encode': 'Objects_Dataset/wool_cap.png', 'Object_Size': (250, 250), 'Condition_Old': 'old', 'Correct_Key_Old': 'left', 'Obj_Lure': 'Objects_Dataset/eskimo_coat.png', 'Lure_size': (300, 300), 'Target_pos': (300, -200), 'Lure_pos': (300, 200), 'Correct_key_AFC': 'down', 'jitter_ITI': 2.3, 'thisN': 39, 'thisTrialN': 39, 'thisRepN': 0}>
2306.9502 	EXP 	image_scene_2AFC: autoDraw = False
2306.9502 	EXP 	image_target: autoDraw = False
2306.9502 	EXP 	image_lure: autoDraw = False
2306.9502 	EXP 	image_blank: autoDraw = True
2309.1835 	EXP 	cross_25: autoDraw = True
2309.2503 	EXP 	image_blank: autoDraw = False
2309.4444 	INFO 	Keyboard events cleared
2309.4443 	EXP 	cross_25: autoDraw = False
2309.4443 	EXP 	cross_25: autoDraw = False
2309.4443 	EXP 	image_blank: autoDraw = False
2309.4443 	EXP 	image_scene_2AFC: image = 'Scenes_Dataset/snow_B.jpg'
2309.4443 	EXP 	image_target: image = 'Objects_Dataset/wool_cap.png'
2309.4443 	EXP 	image_lure: image = 'Objects_Dataset/eskimo_coat.png'
2309.4443 	EXP 	image_scene_2AFC: autoDraw = True
2309.4443 	EXP 	image_target: autoDraw = True
2309.4443 	EXP 	image_lure: autoDraw = True
2310.8849 	DATA 	Keypress: down
2312.4346 	EXP 	New trial (rep=0, index=40): <Trial 40 (40 in rep 0) data={'Index': 33, 'Scene': 'Scenes_Dataset/ice_rink_A.jpg', 'Scene_Size': (600, 450), 'Condition_Encode': 'Incongruent', 'Object_Encode': 'Objects_Dataset/paper_towel_dispenser.png', 'Object_Size': (300, 400), 'Condition_Old': 'old', 'Correct_Key_Old': 'left', 'Obj_Lure': 'Objects_Dataset/saxophone.png', 'Lure_size': (250, 250), 'Target_pos': (300, 200), 'Lure_pos': (300, -200), 'Correct_key_AFC': 'up', 'jitter_ITI': 2.3, 'thisN': 40, 'thisTrialN': 40, 'thisRepN': 0}>
2312.4502 	EXP 	image_scene_2AFC: autoDraw = False
2312.4502 	EXP 	image_target: autoDraw = False
2312.4502 	EXP 	image_lure: autoDraw = False
2312.4502 	EXP 	image_blank: autoDraw = True
2314.6669 	EXP 	cross_25: autoDraw = True
2314.7502 	EXP 	image_blank: autoDraw = False
2314.9211 	INFO 	Keyboard events cleared
2314.9211 	EXP 	cross_25: autoDraw = False
2314.9211 	EXP 	cross_25: autoDraw = False
2314.9211 	EXP 	image_blank: autoDraw = False
2314.9211 	EXP 	image_scene_2AFC: image = 'Scenes_Dataset/ice_rink_A.jpg'
2314.9211 	EXP 	image_target: image = 'Objects_Dataset/paper_towel_dispenser.png'
2314.9211 	EXP 	image_lure: image = 'Objects_Dataset/saxophone.png'
2314.9211 	EXP 	image_scene_2AFC: autoDraw = True
2314.9211 	EXP 	image_target: autoDraw = True
2314.9211 	EXP 	image_lure: autoDraw = True
2316.7850 	DATA 	Keypress: up
2317.9178 	EXP 	New trial (rep=0, index=41): <Trial 41 (41 in rep 0) data={'Index': 32, 'Scene': 'Scenes_Dataset/elevator_A.jpg', 'Scene_Size': (600, 450), 'Condition_Encode': 'Incongruent', 'Object_Encode': 'Objects_Dataset/cake_tongs_retouched.png', 'Object_Size': (300, 75), 'Condition_Old': 'old', 'Correct_Key_Old': 'left', 'Obj_Lure': 'Objects_Dataset/3d_glasses_retouched.png', 'Lure_size': (300, 300), 'Target_pos': (300, 200), 'Lure_pos': (300, -200), 'Correct_key_AFC': 'up', 'jitter_ITI': 2.25, 'thisN': 41, 'thisTrialN': 41, 'thisRepN': 0}>
2317.9349 	EXP 	image_scene_2AFC: autoDraw = False
2317.9349 	EXP 	image_target: autoDraw = False
2317.9349 	EXP 	image_lure: autoDraw = False
2317.9349 	EXP 	image_blank: autoDraw = True
2320.1506 	EXP 	cross_25: autoDraw = True
2320.1837 	EXP 	image_blank: autoDraw = False
2320.4019 	INFO 	Keyboard events cleared
2320.4018 	EXP 	cross_25: autoDraw = False
2320.4018 	EXP 	cross_25: autoDraw = False
2320.4018 	EXP 	image_blank: autoDraw = False
2320.4018 	EXP 	image_scene_2AFC: image = 'Scenes_Dataset/elevator_A.jpg'
2320.4018 	EXP 	image_target: image = 'Objects_Dataset/cake_tongs_retouched.png'
2320.4018 	EXP 	image_lure: image = 'Objects_Dataset/3d_glasses_retouched.png'
2320.4018 	EXP 	image_scene_2AFC: autoDraw = True
2320.4018 	EXP 	image_target: autoDraw = True
2320.4018 	EXP 	image_lure: autoDraw = True
2321.7544 	DATA 	Keypress: up
2323.4013 	EXP 	New trial (rep=0, index=42): <Trial 42 (42 in rep 0) data={'Index': 57, 'Scene': 'Scenes_Dataset/road_A.jpg', 'Scene_Size': (600, 450), 'Condition_Encode': 'Incongruent', 'Object_Encode': 'Objects_Dataset/wine_cork.png', 'Object_Size': (250, 163), 'Condition_Old': 'old', 'Correct_Key_Old': 'left', 'Obj_Lure': 'Objects_Dataset/locker.png', 'Lure_size': (264, 400), 'Target_pos': (300, 200), 'Lure_pos': (300, -200), 'Correct_key_AFC': 'up', 'jitter_ITI': 2.2, 'thisN': 42, 'thisTrialN': 42, 'thisRepN': 0}>
2323.4172 	EXP 	image_scene_2AFC: autoDraw = False
2323.4172 	EXP 	image_target: autoDraw = False
2323.4172 	EXP 	image_lure: autoDraw = False
2323.4172 	EXP 	image_blank: autoDraw = True
2325.6172 	EXP 	image_blank: autoDraw = False
2325.6340 	EXP 	cross_25: autoDraw = True
2325.8861 	INFO 	Keyboard events cleared
2325.8861 	EXP 	cross_25: autoDraw = False
2325.8861 	EXP 	cross_25: autoDraw = False
2325.8861 	EXP 	image_blank: autoDraw = False
2325.8861 	EXP 	image_scene_2AFC: image = 'Scenes_Dataset/road_A.jpg'
2325.8861 	EXP 	image_target: image = 'Objects_Dataset/wine_cork.png'
2325.8861 	EXP 	image_lure: image = 'Objects_Dataset/locker.png'
2325.8861 	EXP 	image_scene_2AFC: autoDraw = True
2325.8861 	EXP 	image_target: autoDraw = True
2325.8861 	EXP 	image_lure: autoDraw = True
2327.0685 	DATA 	Keypress: up
2328.8844 	EXP 	New trial (rep=0, index=43): <Trial 43 (43 in rep 0) data={'Index': 48, 'Scene': 'Scenes_Dataset/ballet_room_A.jpg', 'Scene_Size': (600, 398), 'Condition_Encode': 'Incongruent', 'Object_Encode': 'Objects_Dataset/hiking_boots.png', 'Object_Size': (300, 300), 'Condition_Old': 'old', 'Correct_Key_Old': 'left', 'Obj_Lure': 'Objects_Dataset/bicycle_bell.png', 'Lure_size': (250, 210), 'Target_pos': (300, 200), 'Lure_pos': (300, -200), 'Correct_key_AFC': 'up', 'jitter_ITI': 3.05, 'thisN': 43, 'thisTrialN': 43, 'thisRepN': 0}>
2328.9005 	EXP 	image_scene_2AFC: autoDraw = False
2328.9005 	EXP 	image_target: autoDraw = False
2328.9005 	EXP 	image_lure: autoDraw = False
2328.9005 	EXP 	image_blank: autoDraw = True
2331.1173 	EXP 	cross_25: autoDraw = True
2331.3682 	EXP 	cross_25: autoDraw = False
2331.9573 	INFO 	Keyboard events cleared
2331.9573 	EXP 	image_blank: autoDraw = False
2331.9573 	EXP 	cross_25: autoDraw = False
2331.9573 	EXP 	image_blank: autoDraw = False
2331.9573 	EXP 	image_scene_2AFC: image = 'Scenes_Dataset/ballet_room_A.jpg'
2331.9573 	EXP 	image_target: image = 'Objects_Dataset/hiking_boots.png'
2331.9573 	EXP 	image_lure: image = 'Objects_Dataset/bicycle_bell.png'
2331.9573 	EXP 	image_scene_2AFC: autoDraw = True
2331.9573 	EXP 	image_target: autoDraw = True
2331.9573 	EXP 	image_lure: autoDraw = True
2333.1856 	DATA 	Keypress: up
2334.9518 	EXP 	New trial (rep=0, index=44): <Trial 44 (44 in rep 0) data={'Index': 5, 'Scene': 'Scenes_Dataset/movie_theater_A.jpg', 'Scene_Size': (600, 364), 'Condition_Encode': 'Congruent', 'Object_Encode': 'Objects_Dataset/3d_glasses_retouched.png', 'Object_Size': (300, 300), 'Condition_Old': 'old', 'Correct_Key_Old': 'left', 'Obj_Lure': 'Objects_Dataset/movie_reels.png', 'Lure_size': (350, 268), 'Target_pos': (300, -200), 'Lure_pos': (300, 200), 'Correct_key_AFC': 'down', 'jitter_ITI': 2.2, 'thisN': 44, 'thisTrialN': 44, 'thisRepN': 0}>
2334.9672 	EXP 	image_scene_2AFC: autoDraw = False
2334.9672 	EXP 	image_target: autoDraw = False
2334.9672 	EXP 	image_lure: autoDraw = False
2334.9672 	EXP 	image_blank: autoDraw = True
2337.1674 	EXP 	image_blank: autoDraw = False
2337.1848 	EXP 	cross_25: autoDraw = True
2337.4403 	INFO 	Keyboard events cleared
2337.4403 	EXP 	cross_25: autoDraw = False
2337.4403 	EXP 	cross_25: autoDraw = False
2337.4403 	EXP 	image_blank: autoDraw = False
2337.4403 	EXP 	image_scene_2AFC: image = 'Scenes_Dataset/movie_theater_A.jpg'
2337.4403 	EXP 	image_target: image = 'Objects_Dataset/3d_glasses_retouched.png'
2337.4403 	EXP 	image_lure: image = 'Objects_Dataset/movie_reels.png'
2337.4403 	EXP 	image_scene_2AFC: autoDraw = True
2337.4403 	EXP 	image_target: autoDraw = True
2337.4403 	EXP 	image_lure: autoDraw = True
2338.1689 	DATA 	Keypress: down
2340.4186 	EXP 	New trial (rep=0, index=45): <Trial 45 (45 in rep 0) data={'Index': 8, 'Scene': 'Scenes_Dataset/igloo_A.jpg', 'Scene_Size': (600, 450), 'Condition_Encode': 'Congruent', 'Object_Encode': 'Objects_Dataset/eskimo_coat.png', 'Object_Size': (300, 300), 'Condition_Old': 'old', 'Correct_Key_Old': 'left', 'Obj_Lure': 'Objects_Dataset/wool_cap.png', 'Lure_size': (250, 250), 'Target_pos': (300, -200), 'Lure_pos': (300, 200), 'Correct_key_AFC': 'down', 'jitter_ITI': 2.35, 'thisN': 45, 'thisTrialN': 45, 'thisRepN': 0}>
2340.4339 	EXP 	image_scene_2AFC: autoDraw = False
2340.4339 	EXP 	image_target: autoDraw = False
2340.4339 	EXP 	image_lure: autoDraw = False
2340.4339 	EXP 	image_blank: autoDraw = True
2342.6673 	EXP 	cross_25: autoDraw = True
2342.7860 	EXP 	image_blank: autoDraw = False
2342.9273 	INFO 	Keyboard events cleared
2342.9273 	EXP 	cross_25: autoDraw = False
2342.9273 	EXP 	cross_25: autoDraw = False
2342.9273 	EXP 	image_blank: autoDraw = False
2342.9273 	EXP 	image_scene_2AFC: image = 'Scenes_Dataset/igloo_A.jpg'
2342.9273 	EXP 	image_target: image = 'Objects_Dataset/eskimo_coat.png'
2342.9273 	EXP 	image_lure: image = 'Objects_Dataset/wool_cap.png'
2342.9273 	EXP 	image_scene_2AFC: autoDraw = True
2342.9273 	EXP 	image_target: autoDraw = True
2342.9273 	EXP 	image_lure: autoDraw = True
2344.0190 	DATA 	Keypress: down
2345.9181 	EXP 	New trial (rep=0, index=46): <Trial 46 (46 in rep 0) data={'Index': 22, 'Scene': 'Scenes_Dataset/cavern_A.jpg', 'Scene_Size': (600, 410), 'Condition_Encode': 'Congruent', 'Object_Encode': 'Objects_Dataset/canteen.png', 'Object_Size': (150, 250), 'Condition_Old': 'old', 'Correct_Key_Old': 'left', 'Obj_Lure': 'Objects_Dataset/hiking_boots.png', 'Lure_size': (300, 300), 'Target_pos': (300, -200), 'Lure_pos': (300, 200), 'Correct_key_AFC': 'down', 'jitter_ITI': 3.05, 'thisN': 46, 'thisTrialN': 46, 'thisRepN': 0}>
2345.9340 	EXP 	image_scene_2AFC: autoDraw = False
2345.9340 	EXP 	image_target: autoDraw = False
2345.9340 	EXP 	image_lure: autoDraw = False
2345.9340 	EXP 	image_blank: autoDraw = True
2348.1674 	EXP 	cross_25: autoDraw = True
2348.4172 	EXP 	cross_25: autoDraw = False
2348.9910 	INFO 	Keyboard events cleared
2348.9909 	EXP 	image_blank: autoDraw = False
2348.9909 	EXP 	cross_25: autoDraw = False
2348.9909 	EXP 	image_blank: autoDraw = False
2348.9909 	EXP 	image_scene_2AFC: image = 'Scenes_Dataset/cavern_A.jpg'
2348.9909 	EXP 	image_target: image = 'Objects_Dataset/canteen.png'
2348.9909 	EXP 	image_lure: image = 'Objects_Dataset/hiking_boots.png'
2348.9909 	EXP 	image_scene_2AFC: autoDraw = True
2348.9909 	EXP 	image_target: autoDraw = True
2348.9909 	EXP 	image_lure: autoDraw = True
2350.3532 	DATA 	Keypress: down
2351.9852 	EXP 	New trial (rep=0, index=47): <Trial 47 (47 in rep 0) data={'Index': 56, 'Scene': 'Scenes_Dataset/fountain_A.jpg', 'Scene_Size': (600, 443), 'Condition_Encode': 'Incongruent', 'Object_Encode': 'Objects_Dataset/plasticine.png', 'Object_Size': (250, 167), 'Condition_Old': 'old', 'Correct_Key_Old': 'left', 'Obj_Lure': 'Objects_Dataset/hands_dryer.png', 'Lure_size': (350, 267), 'Target_pos': (300, 200), 'Lure_pos': (300, -200), 'Correct_key_AFC': 'up', 'jitter_ITI': 2.15, 'thisN': 47, 'thisTrialN': 47, 'thisRepN': 0}>
2352.0022 	EXP 	image_scene_2AFC: autoDraw = False
2352.0022 	EXP 	image_target: autoDraw = False
2352.0022 	EXP 	image_lure: autoDraw = False
2352.0022 	EXP 	image_blank: autoDraw = True
2354.1513 	EXP 	image_blank: autoDraw = False
2354.2177 	EXP 	cross_25: autoDraw = True
2354.4760 	INFO 	Keyboard events cleared
2354.4760 	EXP 	cross_25: autoDraw = False
2354.4760 	EXP 	cross_25: autoDraw = False
2354.4760 	EXP 	image_blank: autoDraw = False
2354.4760 	EXP 	image_scene_2AFC: image = 'Scenes_Dataset/fountain_A.jpg'
2354.4760 	EXP 	image_target: image = 'Objects_Dataset/plasticine.png'
2354.4760 	EXP 	image_lure: image = 'Objects_Dataset/hands_dryer.png'
2354.4760 	EXP 	image_scene_2AFC: autoDraw = True
2354.4760 	EXP 	image_target: autoDraw = True
2354.4760 	EXP 	image_lure: autoDraw = True
2355.6530 	DATA 	Keypress: up
2357.4688 	EXP 	New trial (rep=0, index=48): <Trial 48 (48 in rep 0) data={'Index': 38, 'Scene': 'Scenes_Dataset/garden_A.jpg', 'Scene_Size': (600, 446), 'Condition_Encode': 'Incongruent', 'Object_Encode': 'Objects_Dataset/airplane_belt.png', 'Object_Size': (300, 249), 'Condition_Old': 'old', 'Correct_Key_Old': 'left', 'Obj_Lure': 'Objects_Dataset/saline_retouched.png', 'Lure_size': (300, 225), 'Target_pos': (300, 200), 'Lure_pos': (300, -200), 'Correct_key_AFC': 'up', 'jitter_ITI': 2.55, 'thisN': 48, 'thisTrialN': 48, 'thisRepN': 0}>
2357.4847 	EXP 	image_scene_2AFC: autoDraw = False
2357.4847 	EXP 	image_target: autoDraw = False
2357.4847 	EXP 	image_lure: autoDraw = False
2357.4847 	EXP 	image_blank: autoDraw = True
2359.7015 	EXP 	cross_25: autoDraw = True
2359.9531 	EXP 	cross_25: autoDraw = False
2360.0500 	INFO 	Keyboard events cleared
2360.0500 	EXP 	image_blank: autoDraw = False
2360.0500 	EXP 	cross_25: autoDraw = False
2360.0500 	EXP 	image_blank: autoDraw = False
2360.0500 	EXP 	image_scene_2AFC: image = 'Scenes_Dataset/garden_A.jpg'
2360.0500 	EXP 	image_target: image = 'Objects_Dataset/airplane_belt.png'
2360.0500 	EXP 	image_lure: image = 'Objects_Dataset/saline_retouched.png'
2360.0500 	EXP 	image_scene_2AFC: autoDraw = True
2360.0500 	EXP 	image_target: autoDraw = True
2360.0500 	EXP 	image_lure: autoDraw = True
2361.2031 	DATA 	Keypress: up
2363.0358 	EXP 	New trial (rep=0, index=49): <Trial 49 (49 in rep 0) data={'Index': 58, 'Scene': 'Scenes_Dataset/museum_A.jpg', 'Scene_Size': (600, 337), 'Condition_Encode': 'Incongruent', 'Object_Encode': 'Objects_Dataset/bikini.png', 'Object_Size': (350, 350), 'Condition_Old': 'old', 'Correct_Key_Old': 'left', 'Obj_Lure': 'Objects_Dataset/clothesline_retouched_2.png', 'Lure_size': (350, 231), 'Target_pos': (300, 200), 'Lure_pos': (300, -200), 'Correct_key_AFC': 'up', 'jitter_ITI': 2.25, 'thisN': 49, 'thisTrialN': 49, 'thisRepN': 0}>
2363.0511 	EXP 	image_scene_2AFC: autoDraw = False
2363.0511 	EXP 	image_target: autoDraw = False
2363.0511 	EXP 	image_lure: autoDraw = False
2363.0511 	EXP 	image_blank: autoDraw = True
2365.2844 	EXP 	cross_25: autoDraw = True
2365.3010 	EXP 	image_blank: autoDraw = False
2365.5443 	INFO 	Keyboard events cleared
2365.5443 	EXP 	cross_25: autoDraw = False
2365.5443 	EXP 	cross_25: autoDraw = False
2365.5443 	EXP 	image_blank: autoDraw = False
2365.5443 	EXP 	image_scene_2AFC: image = 'Scenes_Dataset/museum_A.jpg'
2365.5443 	EXP 	image_target: image = 'Objects_Dataset/bikini.png'
2365.5443 	EXP 	image_lure: image = 'Objects_Dataset/clothesline_retouched_2.png'
2365.5443 	EXP 	image_scene_2AFC: autoDraw = True
2365.5443 	EXP 	image_target: autoDraw = True
2365.5443 	EXP 	image_lure: autoDraw = True
2367.1404 	DATA 	Keypress: up
2368.5372 	EXP 	New trial (rep=0, index=50): <Trial 50 (50 in rep 0) data={'Index': 3, 'Scene': 'Scenes_Dataset/car_interior_A.jpg', 'Scene_Size': (600, 389), 'Condition_Encode': 'Congruent', 'Object_Encode': 'Objects_Dataset/car_mat.png', 'Object_Size': (230, 258), 'Condition_Old': 'old', 'Correct_Key_Old': 'left', 'Obj_Lure': 'Objects_Dataset/car_key.png', 'Lure_size': (300, 125), 'Target_pos': (300, -200), 'Lure_pos': (300, 200), 'Correct_key_AFC': 'down', 'jitter_ITI': 2.1, 'thisN': 50, 'thisTrialN': 50, 'thisRepN': 0}>
2368.5512 	EXP 	image_scene_2AFC: autoDraw = False
2368.5512 	EXP 	image_target: autoDraw = False
2368.5512 	EXP 	image_lure: autoDraw = False
2368.5512 	EXP 	image_blank: autoDraw = True
2370.6511 	EXP 	image_blank: autoDraw = False
2370.7676 	EXP 	cross_25: autoDraw = True
2371.0295 	INFO 	Keyboard events cleared
2371.0295 	EXP 	cross_25: autoDraw = False
2371.0295 	EXP 	cross_25: autoDraw = False
2371.0295 	EXP 	image_blank: autoDraw = False
2371.0295 	EXP 	image_scene_2AFC: image = 'Scenes_Dataset/car_interior_A.jpg'
2371.0295 	EXP 	image_target: image = 'Objects_Dataset/car_mat.png'
2371.0295 	EXP 	image_lure: image = 'Objects_Dataset/car_key.png'
2371.0295 	EXP 	image_scene_2AFC: autoDraw = True
2371.0295 	EXP 	image_target: autoDraw = True
2371.0295 	EXP 	image_lure: autoDraw = True
2372.8858 	DATA 	Keypress: down
2374.0185 	EXP 	New trial (rep=0, index=51): <Trial 51 (51 in rep 0) data={'Index': 10, 'Scene': 'Scenes_Dataset/toy_store_B.jpg', 'Scene_Size': (600, 415), 'Condition_Encode': 'Congruent', 'Object_Encode': 'Objects_Dataset/doll.png', 'Object_Size': (191, 300), 'Condition_Old': 'old', 'Correct_Key_Old': 'left', 'Obj_Lure': 'Objects_Dataset/abacus.png', 'Lure_size': (185, 200), 'Target_pos': (300, -200), 'Lure_pos': (300, 200), 'Correct_key_AFC': 'down', 'jitter_ITI': 2.45, 'thisN': 51, 'thisTrialN': 51, 'thisRepN': 0}>
2374.0344 	EXP 	image_scene_2AFC: autoDraw = False
2374.0344 	EXP 	image_target: autoDraw = False
2374.0344 	EXP 	image_lure: autoDraw = False
2374.0344 	EXP 	image_blank: autoDraw = True
2376.2516 	EXP 	cross_25: autoDraw = True
2376.4856 	EXP 	image_blank: autoDraw = False
2376.5151 	INFO 	Keyboard events cleared
2376.5150 	EXP 	cross_25: autoDraw = False
2376.5150 	EXP 	cross_25: autoDraw = False
2376.5150 	EXP 	image_blank: autoDraw = False
2376.5150 	EXP 	image_scene_2AFC: image = 'Scenes_Dataset/toy_store_B.jpg'
2376.5150 	EXP 	image_target: image = 'Objects_Dataset/doll.png'
2376.5150 	EXP 	image_lure: image = 'Objects_Dataset/abacus.png'
2376.5150 	EXP 	image_scene_2AFC: autoDraw = True
2376.5150 	EXP 	image_target: autoDraw = True
2376.5150 	EXP 	image_lure: autoDraw = True
2378.0878 	DATA 	Keypress: down
2379.4869 	EXP 	New trial (rep=0, index=52): <Trial 52 (52 in rep 0) data={'Index': 47, 'Scene': 'Scenes_Dataset/entrance_hall_B.jpg', 'Scene_Size': (600, 421), 'Condition_Encode': 'Incongruent', 'Object_Encode': 'Objects_Dataset/movie_reels.png', 'Object_Size': (350, 268), 'Condition_Old': 'old', 'Correct_Key_Old': 'left', 'Obj_Lure': 'Objects_Dataset/payment_terminal.png', 'Lure_size': (285, 300), 'Target_pos': (300, 200), 'Lure_pos': (300, -200), 'Correct_key_AFC': 'up', 'jitter_ITI': 3, 'thisN': 52, 'thisTrialN': 52, 'thisRepN': 0}>
2379.5013 	EXP 	image_scene_2AFC: autoDraw = False
2379.5013 	EXP 	image_target: autoDraw = False
2379.5013 	EXP 	image_lure: autoDraw = False
2379.5013 	EXP 	image_blank: autoDraw = True
2381.7357 	EXP 	cross_25: autoDraw = True
2381.9855 	EXP 	cross_25: autoDraw = False
2382.5111 	INFO 	Keyboard events cleared
2382.5110 	EXP 	image_blank: autoDraw = False
2382.5110 	EXP 	cross_25: autoDraw = False
2382.5110 	EXP 	image_blank: autoDraw = False
2382.5110 	EXP 	image_scene_2AFC: image = 'Scenes_Dataset/entrance_hall_B.jpg'
2382.5110 	EXP 	image_target: image = 'Objects_Dataset/movie_reels.png'
2382.5110 	EXP 	image_lure: image = 'Objects_Dataset/payment_terminal.png'
2382.5110 	EXP 	image_scene_2AFC: autoDraw = True
2382.5110 	EXP 	image_target: autoDraw = True
2382.5110 	EXP 	image_lure: autoDraw = True
2383.8540 	DATA 	Keypress: up
2385.5031 	EXP 	New trial (rep=0, index=53): <Trial 53 (53 in rep 0) data={'Index': 20, 'Scene': 'Scenes_Dataset/basketball_field_A.jpg', 'Scene_Size': (600, 399), 'Condition_Encode': 'Congruent', 'Object_Encode': 'Objects_Dataset/whistle.png', 'Object_Size': (200, 151), 'Condition_Old': 'old', 'Correct_Key_Old': 'left', 'Obj_Lure': 'Objects_Dataset/basketball.png', 'Lure_size': (282, 300), 'Target_pos': (300, -200), 'Lure_pos': (300, 200), 'Correct_key_AFC': 'down', 'jitter_ITI': 2.95, 'thisN': 53, 'thisTrialN': 53, 'thisRepN': 0}>
2385.5186 	EXP 	image_scene_2AFC: autoDraw = False
2385.5186 	EXP 	image_target: autoDraw = False
2385.5186 	EXP 	image_lure: autoDraw = False
2385.5186 	EXP 	image_blank: autoDraw = True
2387.7520 	EXP 	cross_25: autoDraw = True
2388.0021 	EXP 	cross_25: autoDraw = False
2388.4744 	INFO 	Keyboard events cleared
2388.4744 	EXP 	image_blank: autoDraw = False
2388.4744 	EXP 	cross_25: autoDraw = False
2388.4744 	EXP 	image_blank: autoDraw = False
2388.4744 	EXP 	image_scene_2AFC: image = 'Scenes_Dataset/basketball_field_A.jpg'
2388.4744 	EXP 	image_target: image = 'Objects_Dataset/whistle.png'
2388.4744 	EXP 	image_lure: image = 'Objects_Dataset/basketball.png'
2388.4744 	EXP 	image_scene_2AFC: autoDraw = True
2388.4744 	EXP 	image_target: autoDraw = True
2388.4744 	EXP 	image_lure: autoDraw = True
2389.8870 	DATA 	Keypress: down
2391.4697 	EXP 	New trial (rep=0, index=54): <Trial 54 (54 in rep 0) data={'Index': 16, 'Scene': 'Scenes_Dataset/hair_salon_A.jpg', 'Scene_Size': (600, 386), 'Condition_Encode': 'Congruent', 'Object_Encode': 'Objects_Dataset/hairdryer_retouched.png', 'Object_Size': (250, 241), 'Condition_Old': 'old', 'Correct_Key_Old': 'left', 'Obj_Lure': 'Objects_Dataset/comb.png', 'Lure_size': (250, 250), 'Target_pos': (300, -200), 'Lure_pos': (300, 200), 'Correct_key_AFC': 'down', 'jitter_ITI': 2.75, 'thisN': 54, 'thisTrialN': 54, 'thisRepN': 0}>
2391.4856 	EXP 	image_scene_2AFC: autoDraw = False
2391.4856 	EXP 	image_target: autoDraw = False
2391.4856 	EXP 	image_lure: autoDraw = False
2391.4856 	EXP 	image_blank: autoDraw = True
2393.7185 	EXP 	cross_25: autoDraw = True
2393.9685 	EXP 	cross_25: autoDraw = False
2394.2402 	INFO 	Keyboard events cleared
2394.2402 	EXP 	image_blank: autoDraw = False
2394.2402 	EXP 	cross_25: autoDraw = False
2394.2402 	EXP 	image_blank: autoDraw = False
2394.2402 	EXP 	image_scene_2AFC: image = 'Scenes_Dataset/hair_salon_A.jpg'
2394.2402 	EXP 	image_target: image = 'Objects_Dataset/hairdryer_retouched.png'
2394.2402 	EXP 	image_lure: image = 'Objects_Dataset/comb.png'
2394.2402 	EXP 	image_scene_2AFC: autoDraw = True
2394.2402 	EXP 	image_target: autoDraw = True
2394.2402 	EXP 	image_lure: autoDraw = True
2395.4542 	DATA 	Keypress: down
2397.2213 	EXP 	New trial (rep=0, index=55): <Trial 55 (55 in rep 0) data={'Index': 49, 'Scene': 'Scenes_Dataset/restaurant_A.jpg', 'Scene_Size': (600, 400), 'Condition_Encode': 'Incongruent', 'Object_Encode': 'Objects_Dataset/comb.png', 'Object_Size': (250, 250), 'Condition_Old': 'old', 'Correct_Key_Old': 'left', 'Obj_Lure': 'Objects_Dataset/football_boots.png', 'Lure_size': (300, 300), 'Target_pos': (300, 200), 'Lure_pos': (300, -200), 'Correct_key_AFC': 'up', 'jitter_ITI': 3.1, 'thisN': 55, 'thisTrialN': 55, 'thisRepN': 0}>
2397.2353 	EXP 	image_scene_2AFC: autoDraw = False
2397.2353 	EXP 	image_target: autoDraw = False
2397.2353 	EXP 	image_lure: autoDraw = False
2397.2353 	EXP 	image_blank: autoDraw = True
2399.4684 	EXP 	cross_25: autoDraw = True
2399.7199 	EXP 	cross_25: autoDraw = False
2400.3415 	INFO 	Keyboard events cleared
2400.3415 	EXP 	image_blank: autoDraw = False
2400.3415 	EXP 	cross_25: autoDraw = False
2400.3415 	EXP 	image_blank: autoDraw = False
2400.3415 	EXP 	image_scene_2AFC: image = 'Scenes_Dataset/restaurant_A.jpg'
2400.3415 	EXP 	image_target: image = 'Objects_Dataset/comb.png'
2400.3415 	EXP 	image_lure: image = 'Objects_Dataset/football_boots.png'
2400.3415 	EXP 	image_scene_2AFC: autoDraw = True
2400.3415 	EXP 	image_target: autoDraw = True
2400.3415 	EXP 	image_lure: autoDraw = True
2401.7700 	DATA 	Keypress: up
2403.3365 	EXP 	New trial (rep=0, index=56): <Trial 56 (56 in rep 0) data={'Index': 54, 'Scene': 'Scenes_Dataset/campsite_A.jpg', 'Scene_Size': (600, 402), 'Condition_Encode': 'Incongruent', 'Object_Encode': 'Objects_Dataset/door_mat.png', 'Object_Size': (300, 300), 'Condition_Old': 'old', 'Correct_Key_Old': 'left', 'Obj_Lure': 'Objects_Dataset/remote_control.png', 'Lure_size': (300, 293), 'Target_pos': (300, 200), 'Lure_pos': (300, -200), 'Correct_key_AFC': 'up', 'jitter_ITI': 2.05, 'thisN': 56, 'thisTrialN': 56, 'thisRepN': 0}>
2403.3529 	EXP 	image_scene_2AFC: autoDraw = False
2403.3529 	EXP 	image_target: autoDraw = False
2403.3529 	EXP 	image_lure: autoDraw = False
2403.3529 	EXP 	image_blank: autoDraw = True
2405.4031 	EXP 	image_blank: autoDraw = False
2405.5698 	EXP 	cross_25: autoDraw = True
2405.8267 	INFO 	Keyboard events cleared
2405.8266 	EXP 	cross_25: autoDraw = False
2405.8266 	EXP 	cross_25: autoDraw = False
2405.8266 	EXP 	image_blank: autoDraw = False
2405.8266 	EXP 	image_scene_2AFC: image = 'Scenes_Dataset/campsite_A.jpg'
2405.8266 	EXP 	image_target: image = 'Objects_Dataset/door_mat.png'
2405.8266 	EXP 	image_lure: image = 'Objects_Dataset/remote_control.png'
2405.8266 	EXP 	image_scene_2AFC: autoDraw = True
2405.8266 	EXP 	image_target: autoDraw = True
2405.8266 	EXP 	image_lure: autoDraw = True
2406.8550 	DATA 	Keypress: up
2408.8054 	EXP 	New trial (rep=0, index=57): <Trial 57 (57 in rep 0) data={'Index': 52, 'Scene': 'Scenes_Dataset/parking_lot_A.jpg', 'Scene_Size': (600, 397), 'Condition_Encode': 'Incongruent', 'Object_Encode': 'Objects_Dataset/digital_piano_retouched.png', 'Object_Size': (350, 350), 'Condition_Old': 'old', 'Correct_Key_Old': 'left', 'Obj_Lure': 'Objects_Dataset/toothbrush.png', 'Lure_size': (300, 215), 'Target_pos': (300, 200), 'Lure_pos': (300, -200), 'Correct_key_AFC': 'up', 'jitter_ITI': 3.25, 'thisN': 57, 'thisTrialN': 57, 'thisRepN': 0}>
2408.8203 	EXP 	image_scene_2AFC: autoDraw = False
2408.8203 	EXP 	image_target: autoDraw = False
2408.8203 	EXP 	image_lure: autoDraw = False
2408.8203 	EXP 	image_blank: autoDraw = True
2411.0531 	EXP 	cross_25: autoDraw = True
2411.3032 	EXP 	cross_25: autoDraw = False
2412.0738 	INFO 	Keyboard events cleared
2412.0738 	EXP 	image_blank: autoDraw = False
2412.0738 	EXP 	cross_25: autoDraw = False
2412.0738 	EXP 	image_blank: autoDraw = False
2412.0738 	EXP 	image_scene_2AFC: image = 'Scenes_Dataset/parking_lot_A.jpg'
2412.0738 	EXP 	image_target: image = 'Objects_Dataset/digital_piano_retouched.png'
2412.0738 	EXP 	image_lure: image = 'Objects_Dataset/toothbrush.png'
2412.0738 	EXP 	image_scene_2AFC: autoDraw = True
2412.0738 	EXP 	image_target: autoDraw = True
2412.0738 	EXP 	image_lure: autoDraw = True
2413.9049 	DATA 	Keypress: down
2415.0701 	EXP 	New trial (rep=0, index=58): <Trial 58 (58 in rep 0) data={'Index': 60, 'Scene': 'Scenes_Dataset/field_A.jpg', 'Scene_Size': (600, 403), 'Condition_Encode': 'Incongruent', 'Object_Encode': 'Objects_Dataset/computer_monitor.png', 'Object_Size': (300, 300), 'Condition_Old': 'old', 'Correct_Key_Old': 'left', 'Obj_Lure': 'Objects_Dataset/plasticine.png', 'Lure_size': (250, 167), 'Target_pos': (300, 200), 'Lure_pos': (300, -200), 'Correct_key_AFC': 'up', 'jitter_ITI': 2.35, 'thisN': 58, 'thisTrialN': 58, 'thisRepN': 0}>
2415.0866 	EXP 	image_scene_2AFC: autoDraw = False
2415.0866 	EXP 	image_target: autoDraw = False
2415.0866 	EXP 	image_lure: autoDraw = False
2415.0866 	EXP 	image_blank: autoDraw = True
2417.3031 	EXP 	cross_25: autoDraw = True
2417.4366 	EXP 	image_blank: autoDraw = False
2417.5619 	INFO 	Keyboard events cleared
2417.5618 	EXP 	cross_25: autoDraw = False
2417.5618 	EXP 	cross_25: autoDraw = False
2417.5618 	EXP 	image_blank: autoDraw = False
2417.5618 	EXP 	image_scene_2AFC: image = 'Scenes_Dataset/field_A.jpg'
2417.5618 	EXP 	image_target: image = 'Objects_Dataset/computer_monitor.png'
2417.5618 	EXP 	image_lure: image = 'Objects_Dataset/plasticine.png'
2417.5618 	EXP 	image_scene_2AFC: autoDraw = True
2417.5618 	EXP 	image_target: autoDraw = True
2417.5618 	EXP 	image_lure: autoDraw = True
2418.8548 	DATA 	Keypress: up
2420.5543 	EXP 	New trial (rep=0, index=59): <Trial 59 (59 in rep 0) data={'Index': 25, 'Scene': 'Scenes_Dataset/building_entrance_A.jpg', 'Scene_Size': (600, 400), 'Condition_Encode': 'Congruent', 'Object_Encode': 'Objects_Dataset/envelope_retouched.png', 'Object_Size': (250, 211), 'Condition_Old': 'old', 'Correct_Key_Old': 'left', 'Obj_Lure': 'Objects_Dataset/door_mat.png', 'Lure_size': (300, 300), 'Target_pos': (300, -200), 'Lure_pos': (300, 200), 'Correct_key_AFC': 'down', 'jitter_ITI': 3.2, 'thisN': 59, 'thisTrialN': 59, 'thisRepN': 0}>
2420.5697 	EXP 	image_scene_2AFC: autoDraw = False
2420.5697 	EXP 	image_target: autoDraw = False
2420.5697 	EXP 	image_lure: autoDraw = False
2420.5697 	EXP 	image_blank: autoDraw = True
2422.7863 	EXP 	cross_25: autoDraw = True
2423.0359 	EXP 	cross_25: autoDraw = False
2423.7774 	INFO 	Keyboard events cleared
2423.7773 	EXP 	image_blank: autoDraw = False
2423.7773 	EXP 	cross_25: autoDraw = False
2423.7773 	EXP 	image_blank: autoDraw = False
2423.7773 	EXP 	image_scene_2AFC: image = 'Scenes_Dataset/building_entrance_A.jpg'
2423.7773 	EXP 	image_target: image = 'Objects_Dataset/envelope_retouched.png'
2423.7773 	EXP 	image_lure: image = 'Objects_Dataset/door_mat.png'
2423.7773 	EXP 	image_scene_2AFC: autoDraw = True
2423.7773 	EXP 	image_target: autoDraw = True
2423.7773 	EXP 	image_lure: autoDraw = True
2424.8380 	DATA 	Keypress: down
2426.7690 	EXP 	image_scene_2AFC: autoDraw = False
2426.7690 	EXP 	image_target: autoDraw = False
2426.7690 	EXP 	image_lure: autoDraw = False
2426.7690 	EXP 	text_end: autoDraw = True
2436.7693 	EXP 	text_end: autoDraw = False
2436.7693 	EXP 	text_end: autoDraw = False
2436.7695 	EXP 	SEED: status = STOPPED
2436.8209 	INFO 	saved data to 'C:\\Users\\IBEB\\Documents\\GitHub\\SEED\\data/AR2804_SEED_2026-04-28_12h23.38.692.csv'
2436.8231 	INFO 	saved data to C:\Users\IBEB\Documents\GitHub\SEED\data/AR2804_SEED_2026-04-28_12h23.38.692.psydat
2436.8506 	WARNING 	Stopping key buffers but this could be dangerous ifother keyboards rely on the same.
2436.9141 	WARNING 	Stopping key buffers but this could be dangerous ifother keyboards rely on the same.
2436.9141 	WARNING 	Stopping key buffers but this could be dangerous ifother keyboards rely on the same.
2436.9141 	WARNING 	Stopping key buffers but this could be dangerous ifother keyboards rely on the same.
2436.9141 	WARNING 	Stopping key buffers but this could be dangerous ifother keyboards rely on the same.
2436.9141 	WARNING 	Stopping key buffers but this could be dangerous ifother keyboards rely on the same.
2436.9141 	WARNING 	Stopping key buffers but this could be dangerous ifother keyboards rely on the same.
2436.9141 	WARNING 	Stopping key buffers but this could be dangerous ifother keyboards rely on the same.
2436.9141 	WARNING 	Stopping key buffers but this could be dangerous ifother keyboards rely on the same.
2436.9141 	WARNING 	Stopping key buffers but this could be dangerous ifother keyboards rely on the same.
2436.9141 	WARNING 	Stopping key buffers but this could be dangerous ifother keyboards rely on the same.
2436.9141 	WARNING 	Stopping key buffers but this could be dangerous ifother keyboards rely on the same.
2436.9141 	WARNING 	Stopping key buffers but this could be dangerous ifother keyboards rely on the same.
2436.9141 	WARNING 	Stopping key buffers but this could be dangerous ifother keyboards rely on the same.
2436.9142 	WARNING 	Stopping key buffers but this could be dangerous ifother keyboards rely on the same.
2436.9142 	WARNING 	Stopping key buffers but this could be dangerous ifother keyboards rely on the same.
2436.9142 	WARNING 	Stopping key buffers but this could be dangerous ifother keyboards rely on the same.
2436.9142 	WARNING 	Stopping key buffers but this could be dangerous ifother keyboards rely on the same.
2436.9142 	WARNING 	Stopping key buffers but this could be dangerous ifother keyboards rely on the same.
