Index,ex_scene_encode,ex_scene_size,ex_object_encode,ex_object_size,ex_target_pos,ex_condition_encode,ex_lure,ex_lure_size,ex_lure_pos,ex_new,ex_new_scene_size,jitter_ITI,thisN,thisTrialN,thisRepN,slider_example.response,slider_example.rt,key_ex_rate.keys,key_ex_rate.rt,key_ex_rate.duration,Scene,Scene_Size,Condition_Encode,Object_Encode,Object_Size,Condition_Old,Correct_Key_Old,Obj_Lure,Lure_size,Target_pos,Lure_pos,Correct_key_AFC,slider_cong.response,slider_cong.rt,key_rate.keys,key_rate.rt,key_rate.duration,ex_scene_old_new,scene_size,condition_encode,key_ex_old.keys,key_ex_old.rt,key_ex_old.duration,key_item.keys,key_item.corr,key_item.rt,key_item.duration,key_ex_2AFC.keys,key_ex_2AFC.rt,key_ex_2AFC.duration,key_2AFC.keys,key_2AFC.corr,key_2AFC.rt,key_2AFC.duration,exemplo_PAL.thisRepN,exemplo_PAL.thisTrialN,exemplo_PAL.thisN,exemplo_PAL.thisIndex,trial_encode.thisRepN,trial_encode.thisTrialN,trial_encode.thisN,trial_encode.thisIndex,trial_ex_old.thisRepN,trial_ex_old.thisTrialN,trial_ex_old.thisN,trial_ex_old.thisIndex,trial_item.thisRepN,trial_item.thisTrialN,trial_item.thisN,trial_item.thisIndex,trial_ex_2AFC.thisRepN,trial_ex_2AFC.thisTrialN,trial_ex_2AFC.thisN,trial_ex_2AFC.thisIndex,trial_asso.thisRepN,trial_asso.thisTrialN,trial_asso.thisN,trial_asso.thisIndex,thisRow.t,notes,Welcome.started,text_hi.started,key_welcome.started,Welcome.stopped,Explanation_PAL.started,text_Explain_PAL.started,key_explain_PAL.started,Explanation_PAL.stopped,Explain_Rating.started,text_explain_rate.started,key_explain_rate.started,Explain_Rating.stopped,blank.started,image_blank.started,cross_25.started,cross_25.stopped,image_blank.stopped,blank.stopped,Example_PAL.started,image_ex_scene.started,image_ex_object.started,slider_example.started,text_example.started,key_ex_rate.started,slider_example.stopped,text_example.stopped,key_ex_rate.stopped,Example_PAL.stopped,exemplo_PAL.slider_example.response,exemplo_PAL.slider_example.rt,exemplo_PAL.key_ex_rate.keys,exemplo_PAL.key_ex_rate.rt,exemplo_PAL.key_ex_rate.duration,Start_PAL.started,text_end_ex.started,text_start_PAL.started,key_start_PAL.started,text_end_ex.stopped,Start_PAL.stopped,key_start_PAL.keys,key_start_PAL.rt,key_start_PAL.duration,Encode.started,image_scene_encode.started,image_object_encode.started,text_rating.started,slider_cong.started,key_rate.started,text_rating.stopped,slider_cong.stopped,key_rate.stopped,Encode.stopped,trial_encode.slider_cong.response,trial_encode.slider_cong.rt,trial_encode.key_rate.keys,trial_encode.key_rate.rt,trial_encode.key_rate.duration,image_scene_encode.stopped,image_object_encode.stopped,Pause_1.started,text_pausa1.started,Pause_1.stopped,n_trials_total,n_go,n_nogo,hits,misses,correct_rejections,false_alarms,go_accuracy_percent,nogo_accuracy_percent,mean_rt_go_correct,Go_Nogo_task.started,Go_Nogo_task.stopped,Cog_Oral.started,text_endGo.started,text_endGo.stopped,text_call.started,key_end_cog.started,text_call.stopped,Cog_Oral.stopped,key_end_cog.keys,key_end_cog.rt,key_end_cog.duration,Retomar.started,text_retomar.started,key_resp.started,Retomar.stopped,key_resp.keys,key_resp.rt,key_resp.duration,Explanation_Recall.started,text_explain_recall.started,key_continue.started,Explanation_Recall.stopped,Explain_Old_New.started,text_explain_old_new.started,key_explain_old.started,Explain_Old_New.stopped,key_explain_old.keys,key_explain_old.rt,key_explain_old.duration,Exemplo_old.started,image_exemplo_old_new.started,key_ex_old.started,text_ex_old.started,Exemplo_old.stopped,trial_ex_old.key_ex_old.keys,trial_ex_old.key_ex_old.rt,trial_ex_old.key_ex_old.duration,Start_Recall.started,text_start_recall.started,key_start_recall.started,Start_Recall.stopped,key_start_recall.keys,key_start_recall.rt,key_start_recall.duration,Old_New_Task.started,image_old_new.started,key_item.started,text_item.started,Old_New_Task.stopped,trial_item.key_item.keys,trial_item.key_item.corr,trial_item.key_item.rt,trial_item.key_item.duration,image_old_new.stopped,key_item.stopped,text_item.stopped,End_Old_New.started,text_end_item.started,key_resp_2.started,End_Old_New.stopped,key_resp_2.keys,key_resp_2.rt,key_resp_2.duration,Explain_2AFC.started,text_explain_2afc.started,key_end_explain_2afc.started,Explain_2AFC.stopped,key_end_explain_2afc.keys,key_end_explain_2afc.rt,key_end_explain_2afc.duration,Exemplo_2AFC.started,image_ex_2AFC.started,image_ex_target.started,image_ex_lure.started,key_ex_2AFC.started,Exemplo_2AFC.stopped,trial_ex_2AFC.key_ex_2AFC.keys,trial_ex_2AFC.key_ex_2AFC.rt,trial_ex_2AFC.key_ex_2AFC.duration,trial_2AFC.started,image_scene_2AFC.started,key_2AFC.started,image_target.started,image_lure.started,trial_2AFC.stopped,trial_asso.key_2AFC.keys,trial_asso.key_2AFC.corr,trial_asso.key_2AFC.rt,trial_asso.key_2AFC.duration,end.started,text_end.started,end.stopped,participant,session,date,expName,psychopyVersion,frameRate,expStart,
,,,,,,,,,,,,,,,,,,,,,,,,,,,,,,,,,,,,,,,,,,,,,,,,,,,,,,,,,,,,,,,,,,,,,,,,,,,,,,,,,0.03485689999979513,0.03746399999909045,0.03746399999909045,18.488274399998772,,,,,,,,,,,,,,,,,,,,,,,,,,,,,,,,,,,,,,,,,,,,,,,,,,,,,,,,,,,,,,,,,,,,,,,,,,,,,,,,,,,,,,,,,,,,,,,,,,,,,,,,,,,,,,,,,,,,,,,,,,,,,,,,,,,,,,,,,,,,,,,,,,,,,,,,,,,,,,,,,,FA2804,001,2026-04-28_13h14.14.014,SEED,2024.2.5,61.93135404803123,2026-04-28 13h16.07.102570 +0100,
,,,,,,,,,,,,,,,,,,,,,,,,,,,,,,,,,,,,,,,,,,,,,,,,,,,,,,,,,,,,,,,,,,,,,,,,,,,,,,,,,,,,,18.488297099998817,18.50352649999877,20.503793699999733,76.00439969999934,,,,,,,,,,,,,,,,,,,,,,,,,,,,,,,,,,,,,,,,,,,,,,,,,,,,,,,,,,,,,,,,,,,,,,,,,,,,,,,,,,,,,,,,,,,,,,,,,,,,,,,,,,,,,,,,,,,,,,,,,,,,,,,,,,,,,,,,,,,,,,,,,,,,,,,,,,,,,,FA2804,001,2026-04-28_13h14.14.014,SEED,2024.2.5,61.93135404803123,2026-04-28 13h16.07.102570 +0100,
,,,,,,,,,,,,,,,,,,,,,,,,,,,,,,,,,,,,,,,,,,,,,,,,,,,,,,,,,,,,,,,,,,,,,,,,,,,,,,,,,,,,,,,,,76.00441919999867,76.01824370000031,78.00674330000038,97.13986859999932,,,,,,,,,,,,,,,,,,,,,,,,,,,,,,,,,,,,,,,,,,,,,,,,,,,,,,,,,,,,,,,,,,,,,,,,,,,,,,,,,,,,,,,,,,,,,,,,,,,,,,,,,,,,,,,,,,,,,,,,,,,,,,,,,,,,,,,,,,,,,,,,,,,,,,,,,,FA2804,001,2026-04-28_13h14.14.014,SEED,2024.2.5,61.93135404803123,2026-04-28 13h16.07.102570 +0100,
Ex2,Scenes_Dataset/painting_workshop_A.jpg,"(600, 450)",Objects_Dataset/fish_hook.png,"(130, 200)","(300, 200)",incongruent,Objects_Dataset/barrier.png,"(300, 300)","(300, -200)",Scenes_Dataset/athletics_track_A,"(600, 450)",2.5,0,0,0,None,None,num_1,0.8024767999995674,0.1280830000014248,,,,,,,,,,,,,,,,,,,,,,,,,,,,,,,,,,,0,0,0,1,,,,,,,,,,,,,,,,,,,,,97.15441979999923,,,,,,,,,,,,,,97.14424009999857,97.15441979999923,99.40408810000008,99.65479579999919,99.65479579999919,99.63916429999881,99.65231370000038,99.65479579999919,99.65479579999919,102.1552157999995,102.1552157999995,102.1552157999995,104.65275519999886,104.65275519999886,104.65275519999886,104.65413009999975,None,None,num_1,0.8024767999995674,0.1280830000014248,,,,,,,,,,,,,,,,,,,,,,,,,,,,,,,,,,,,,,,,,,,,,,,,,,,,,,,,,,,,,,,,,,,,,,,,,,,,,,,,,,,,,,,,,,,,,,,,,,,,,,,,,,,,,,,,,,,,,,,,,,,,,,,,,,,,,FA2804,001,2026-04-28_13h14.14.014,SEED,2024.2.5,61.93135404803123,2026-04-28 13h16.07.102570 +0100,
Ex4,Scenes_Dataset/river_B.jpg,"(600, 450)",Objects_Dataset/drone.png,"(300, 144)","(300, 200)",congruent,Objects_Dataset/fish_hook.png,"(130, 200)","(300, -200)",None,None,2.5,1,1,0,None,None,num_2,1.0260048999989522,0.14392190000035043,,,,,,,,,,,,,,,,,,,,,,,,,,,,,,,,,,,0,1,1,3,,,,,,,,,,,,,,,,,,,,,104.668842699999,,,,,,,,,,,,,,104.65462490000027,104.668842699999,106.90223080000032,107.15233119999903,107.17328230000021,107.1530445999997,107.1705282999992,107.17328230000021,107.17328230000021,109.65184219999901,109.65184219999901,109.65184219999901,112.15239420000034,112.15239420000034,112.15239420000034,112.17081759999928,None,None,num_2,1.0260048999989522,0.14392190000035043,,,,,,,,,,,,,,,,,,,,,,,,,,,,,,,,,,,,,,,,,,,,,,,,,,,,,,,,,,,,,,,,,,,,,,,,,,,,,,,,,,,,,,,,,,,,,,,,,,,,,,,,,,,,,,,,,,,,,,,,,,,,,,,,,,,,,FA2804,001,2026-04-28_13h14.14.014,SEED,2024.2.5,61.93135404803123,2026-04-28 13h16.07.102570 +0100,
Ex1,Scenes_Dataset/sky_A.jpg,"(600, 398)",Objects_Dataset/hang_glider.png,"(450, 275)","(300, -200)",congruent,Objects_Dataset/drone.png,"(300, 144)","(300, 200)",Scenes_Dataset/temple_A.jpg,"(600, 358)",2,2,2,0,None,None,num_3,0.7184804999997141,0.16801119999945513,,,,,,,,,,,,,,,,,,,,,,,,,,,,,,,,,,,0,2,2,0,,,,,,,,,,,,,,,,,,,,,112.18577379999988,,,,,,,,,,,,,,112.17125759999908,112.18577379999988,114.4023073999997,114.66073750000032,114.18558649999977,114.63615930000014,114.65771139999924,114.66073750000032,114.66073750000032,117.13536260000001,117.13536260000001,117.13536260000001,119.63567150000017,119.63567150000017,119.63567150000017,119.65373929999987,None,None,num_3,0.7184804999997141,0.16801119999945513,,,,,,,,,,,,,,,,,,,,,,,,,,,,,,,,,,,,,,,,,,,,,,,,,,,,,,,,,,,,,,,,,,,,,,,,,,,,,,,,,,,,,,,,,,,,,,,,,,,,,,,,,,,,,,,,,,,,,,,,,,,,,,,,,,,,,FA2804,001,2026-04-28_13h14.14.014,SEED,2024.2.5,61.93135404803123,2026-04-28 13h16.07.102570 +0100,
Ex3,Scenes_Dataset/cellars_A.jpg,"(600, 399)",Objects_Dataset/barrier.png,"(300, 300)","(300, -200)",incongruent,Objects_Dataset/hang_glider.png,"(450, 275)","(300, 200)",None,None,3,3,3,0,None,None,num_1,0.27765249999902153,0.11191010000038659,,,,,,,,,,,,,,,,,,,,,,,,,,,,,,,,,,,0,3,3,2,,,,,,,,,,,,,,,,,,,,,119.66953029999968,,,,,,,,,,,,,,119.65412189999915,119.66953029999968,121.88842079999995,122.15247829999862,122.6707050999994,122.65294910000011,122.66761149999911,122.6707050999994,122.6707050999994,125.15216650000002,125.15216650000002,125.15216650000002,127.6526173000002,127.6526173000002,127.6526173000002,127.65416410000034,None,None,num_1,0.27765249999902153,0.11191010000038659,,,,,,,,,,,,,,,,,,,,,,,,,,,,,,,,,,,,,,,,,,,,,,,,,,,,,,,,,,,,,,,,,,,,,,,,,,,,,,,,,,,,,,,,,,,,,,,,,,,,,,,,,,,,,,,,,,,,,,,,,,,,,,,,,,,,,FA2804,001,2026-04-28_13h14.14.014,SEED,2024.2.5,61.93135404803123,2026-04-28 13h16.07.102570 +0100,
,,,,,,,,,,,,,,,,,,,,,,,,,,,,,,,,,,,,,,,,,,,,,,,,,,,,,,,,,,,,,,,,,,,,,,,,,,,,,,,,,,,,,,,,,,,,,,,,,,,,,,,,,,,,,,,,,,127.65435400000024,127.66926160000003,129.15254490000007,129.15254490000007,129.16919069999858,133.23636869999973,space,4.077600299999176,None,,,,,,,,,,,,,,,,,,,,,,,,,,,,,,,,,,,,,,,,,,,,,,,,,,,,,,,,,,,,,,,,,,,,,,,,,,,,,,,,,,,,,,,,,,,,,,,,,,,,,,,,,,,,,,,,,,,,,,,,,,,,FA2804,001,2026-04-28_13h14.14.014,SEED,2024.2.5,61.93135404803123,2026-04-28 13h16.07.102570 +0100,
7,,,,,,,,,,,,2.3,0,0,0,,,,,,Scenes_Dataset/snow_B.jpg,"(600, 450)",Congruent,Objects_Dataset/wool_cap.png,"(250, 250)",old,left,Objects_Dataset/eskimo_coat.png,"(300, 300)","(300, -200)","(300, 200)",down,None,None,num_3,0.2348586999996769,0.16788619999897492,,,,,,,,,,,,,,,,,,,,,,0,0,0,6,,,,,,,,,,,,,,,,,133.26431439999942,,,,,,,,,,,,,,133.26251359999878,133.26431439999942,135.48607749999974,135.74387360000037,135.56941769999867,135.72002549999888,,,,,,,,,,,,,,,,,,,,,,,,,135.741297999999,135.74387360000037,135.74387360000037,138.21909199999936,138.21909199999936,138.21909199999936,140.72024859999874,140.72024859999874,140.72024859999874,140.72107200000028,None,None,num_3,0.2348586999996769,0.16788619999897492,,,,,,,,,,,,,,,,,,,,,,,,,,,,,,,,,,,,,,,,,,,,,,,,,,,,,,,,,,,,,,,,,,,,,,,,,,,,,,,,,,,,,,,,,,,,,,,,,,,,,,,,,,,,,FA2804,001,2026-04-28_13h14.14.014,SEED,2024.2.5,61.93135404803123,2026-04-28 13h16.07.102570 +0100,
10,,,,,,,,,,,,2.45,1,1,0,,,,,,Scenes_Dataset/toy_store_B.jpg,"(600, 415)",Congruent,Objects_Dataset/doll.png,"(191, 300)",old,left,Objects_Dataset/abacus.png,"(185, 200)","(300, -200)","(300, 200)",down,None,None,num_3,0.3994020999998611,0.20011130000057165,,,,,,,,,,,,,,,,,,,,,,0,1,1,9,,,,,,,,,,,,,,,,,140.73607639999864,,,,,,,,,,,,,,140.72138799999993,140.73607639999864,142.9694999000003,143.2266295999998,143.18606480000017,143.2032698999992,,,,,,,,,,,,,,,,,,,,,,,,,143.2238354000001,143.2266295999998,143.2266295999998,145.70260079999935,145.70260079999935,145.70260079999935,148.20298339999863,148.20298339999863,148.20298339999863,148.22145809999893,None,None,num_3,0.3994020999998611,0.20011130000057165,,,,,,,,,,,,,,,,,,,,,,,,,,,,,,,,,,,,,,,,,,,,,,,,,,,,,,,,,,,,,,,,,,,,,,,,,,,,,,,,,,,,,,,,,,,,,,,,,,,,,,,,,,,,,FA2804,001,2026-04-28_13h14.14.014,SEED,2024.2.5,61.93135404803123,2026-04-28 13h16.07.102570 +0100,
54,,,,,,,,,,,,2.05,2,2,0,,,,,,Scenes_Dataset/campsite_A.jpg,"(600, 402)",Incongruent,Objects_Dataset/door_mat.png,"(300, 300)",old,left,Objects_Dataset/remote_control.png,"(300, 293)","(300, 200)","(300, -200)",up,None,None,num_2,0.48386239999854297,0.15988740000102553,,,,,,,,,,,,,,,,,,,,,,0,2,2,53,,,,,,,,,,,,,,,,,148.23703279999972,,,,,,,,,,,,,,148.22198299999945,148.23703279999972,150.4532331999999,150.7069131999997,150.286291299999,150.68698509999922,,,,,,,,,,,,,,,,,,,,,,,,,150.70408390000011,150.7069131999997,150.7069131999997,153.18592969999918,153.18592969999918,153.18592969999918,155.70288710000023,155.70288710000023,155.70288710000023,155.70404129999952,None,None,num_2,0.48386239999854297,0.15988740000102553,,,,,,,,,,,,,,,,,,,,,,,,,,,,,,,,,,,,,,,,,,,,,,,,,,,,,,,,,,,,,,,,,,,,,,,,,,,,,,,,,,,,,,,,,,,,,,,,,,,,,,,,,,,,,FA2804,001,2026-04-28_13h14.14.014,SEED,2024.2.5,61.93135404803123,2026-04-28 13h16.07.102570 +0100,
44,,,,,,,,,,,,2.85,3,3,0,,,,,,Scenes_Dataset/boat_interior_A.jpg,"(600, 400)",Incongruent,Objects_Dataset/scooter_retouched.png,"(311, 350)",old,left,Objects_Dataset/car_mat.png,"(230, 258)","(300, 200)","(300, -200)",up,None,None,num_1,0.6231334999993123,0.17618490000131715,,,,,,,,,,,,,,,,,,,,,,0,3,3,43,,,,,,,,,,,,,,,,,155.71958639999866,,,,,,,,,,,,,,155.70443799999885,155.71958639999866,157.93633450000016,158.18631249999999,158.57704999999987,158.5537809999987,,,,,,,,,,,,,,,,,,,,,,,,,158.5742011000002,158.57704999999987,158.57704999999987,161.0545745999989,161.0545745999989,161.0545745999989,163.56968760000018,163.56968760000018,163.56968760000018,163.5708856000001,None,None,num_1,0.6231334999993123,0.17618490000131715,,,,,,,,,,,,,,,,,,,,,,,,,,,,,,,,,,,,,,,,,,,,,,,,,,,,,,,,,,,,,,,,,,,,,,,,,,,,,,,,,,,,,,,,,,,,,,,,,,,,,,,,,,,,,FA2804,001,2026-04-28_13h14.14.014,SEED,2024.2.5,61.93135404803123,2026-04-28 13h16.07.102570 +0100,
39,,,,,,,,,,,,2.6,4,4,0,,,,,,Scenes_Dataset/garage_A.jpg,"(600, 397)",Incongruent,Objects_Dataset/crown.png,"(300, 249)",old,left,Objects_Dataset/oxygen_mask_retouched.png,"(300, 300)","(300, 200)","(300, -200)",up,None,None,num_1,0.6476372999986779,0.19170910000138974,,,,,,,,,,,,,,,,,,,,,,0,4,4,38,,,,,,,,,,,,,,,,,163.58639579999908,,,,,,,,,,,,,,163.57136549999996,163.58639579999908,165.8029964999987,166.05311959999926,166.19765579999876,166.17295679999916,,,,,,,,,,,,,,,,,,,,,,,,,166.1949267,166.19765579999876,166.19765579999876,168.6863448999993,168.6863448999993,168.6863448999993,171.18659979999939,171.18659979999939,171.18659979999939,171.18742959999872,None,None,num_1,0.6476372999986779,0.19170910000138974,,,,,,,,,,,,,,,,,,,,,,,,,,,,,,,,,,,,,,,,,,,,,,,,,,,,,,,,,,,,,,,,,,,,,,,,,,,,,,,,,,,,,,,,,,,,,,,,,,,,,,,,,,,,,FA2804,001,2026-04-28_13h14.14.014,SEED,2024.2.5,61.93135404803123,2026-04-28 13h16.07.102570 +0100,
26,,,,,,,,,,,,3.25,5,5,0,,,,,,Scenes_Dataset/hospital_room_B.jpg,"(600, 400)",Congruent,Objects_Dataset/saline_retouched.png,"(300, 225)",old,left,Objects_Dataset/pills.png,"(216, 250)","(300, -200)","(300, 200)",down,None,None,num_3,0.6293158999997104,0.1999922000013612,,,,,,,,,,,,,,,,,,,,,,0,5,5,25,,,,,,,,,,,,,,,,,171.20322010000018,,,,,,,,,,,,,,171.18781669999953,171.20322010000018,173.43666259999918,173.6867516000002,174.4620149000002,174.43750120000004,,,,,,,,,,,,,,,,,,,,,,,,,174.45848939999996,174.4620149000002,174.4620149000002,176.9364201999997,176.9364201999997,176.9364201999997,179.4533378999986,179.4533378999986,179.4533378999986,179.45473839999977,None,None,num_3,0.6293158999997104,0.1999922000013612,,,,,,,,,,,,,,,,,,,,,,,,,,,,,,,,,,,,,,,,,,,,,,,,,,,,,,,,,,,,,,,,,,,,,,,,,,,,,,,,,,,,,,,,,,,,,,,,,,,,,,,,,,,,,FA2804,001,2026-04-28_13h14.14.014,SEED,2024.2.5,61.93135404803123,2026-04-28 13h16.07.102570 +0100,
53,,,,,,,,,,,,2,6,6,0,,,,,,Scenes_Dataset/operating_room_A.jpg,"(600, 416)",Incongruent,Objects_Dataset/rope.png,"(300, 248)",old,left,Objects_Dataset/scooter_retouched.png,"(311, 350)","(300, 200)","(300, -200)",up,None,None,num_1,0.7699152999994112,0.183935000000929,,,,,,,,,,,,,,,,,,,,,,0,6,6,52,,,,,,,,,,,,,,,,,179.47000149999985,,,,,,,,,,,,,,179.45520719999877,179.47000149999985,181.68717189999916,181.94267279999985,181.47031719999904,181.9206192999991,,,,,,,,,,,,,,,,,,,,,,,,,181.93990549999944,181.94267279999985,181.94267279999985,184.41991039999994,184.41991039999994,184.41991039999994,186.92043279999962,186.92043279999962,186.92043279999962,186.92157729999963,None,None,num_1,0.7699152999994112,0.183935000000929,,,,,,,,,,,,,,,,,,,,,,,,,,,,,,,,,,,,,,,,,,,,,,,,,,,,,,,,,,,,,,,,,,,,,,,,,,,,,,,,,,,,,,,,,,,,,,,,,,,,,,,,,,,,,FA2804,001,2026-04-28_13h14.14.014,SEED,2024.2.5,61.93135404803123,2026-04-28 13h16.07.102570 +0100,
47,,,,,,,,,,,,3,7,7,0,,,,,,Scenes_Dataset/entrance_hall_B.jpg,"(600, 421)",Incongruent,Objects_Dataset/movie_reels.png,"(350, 268)",old,left,Objects_Dataset/payment_terminal.png,"(285, 300)","(300, 200)","(300, -200)",up,None,None,num_2,0.6820227000007435,0.19169130000045698,,,,,,,,,,,,,,,,,,,,,,0,7,7,46,,,,,,,,,,,,,,,,,186.9370732999996,,,,,,,,,,,,,,186.92197839999972,186.9370732999996,189.17044460000034,189.4205622999998,189.94411649999893,189.9209582000003,,,,,,,,,,,,,,,,,,,,,,,,,189.94123599999875,189.94411649999893,189.94411649999893,192.42000579999876,192.42000579999876,192.42000579999876,194.92038630000025,194.92038630000025,194.92038630000025,194.93877549999888,None,None,num_2,0.6820227000007435,0.19169130000045698,,,,,,,,,,,,,,,,,,,,,,,,,,,,,,,,,,,,,,,,,,,,,,,,,,,,,,,,,,,,,,,,,,,,,,,,,,,,,,,,,,,,,,,,,,,,,,,,,,,,,,,,,,,,,FA2804,001,2026-04-28_13h14.14.014,SEED,2024.2.5,61.93135404803123,2026-04-28 13h16.07.102570 +0100,
25,,,,,,,,,,,,3.2,8,8,0,,,,,,Scenes_Dataset/building_entrance_A.jpg,"(600, 400)",Congruent,Objects_Dataset/envelope_retouched.png,"(250, 211)",old,left,Objects_Dataset/door_mat.png,"(300, 300)","(300, -200)","(300, 200)",down,None,None,num_3,0.4810118000004877,0.21593939999911527,,,,,,,,,,,,,,,,,,,,,,0,8,8,24,,,,,,,,,,,,,,,,,194.95366359999935,,,,,,,,,,,,,,194.9393272999987,194.95366359999935,197.1704565,197.42043199999898,198.1599731999995,198.13782639999954,,,,,,,,,,,,,,,,,,,,,,,,,198.157108899999,198.1599731999995,198.1599731999995,200.6368208999993,200.6368208999993,200.6368208999993,203.13718019999942,203.13718019999942,203.13718019999942,203.15535239999917,None,None,num_3,0.4810118000004877,0.21593939999911527,,,,,,,,,,,,,,,,,,,,,,,,,,,,,,,,,,,,,,,,,,,,,,,,,,,,,,,,,,,,,,,,,,,,,,,,,,,,,,,,,,,,,,,,,,,,,,,,,,,,,,,,,,,,,FA2804,001,2026-04-28_13h14.14.014,SEED,2024.2.5,61.93135404803123,2026-04-28 13h16.07.102570 +0100,
21,,,,,,,,,,,,3,9,9,0,,,,,,Scenes_Dataset/pharmacy_A.jpg,"(600, 461)",Congruent,Objects_Dataset/pills.png,"(216, 250)",old,left,Objects_Dataset/thermometer.png,"(300, 199)","(300, -200)","(300, 200)",down,None,None,num_3,0.736516599999959,0.19176229999902716,,,,,,,,,,,,,,,,,,,,,,0,9,9,20,,,,,,,,,,,,,,,,,203.17050550000022,,,,,,,,,,,,,,203.15586470000017,203.17050550000022,205.38733839999986,205.63836269999956,206.18066989999897,206.15450299999975,,,,,,,,,,,,,,,,,,,,,,,,,206.1755108999987,206.18066989999897,206.18066989999897,208.65351439999904,208.65351439999904,208.65351439999904,211.1561273999996,211.1561273999996,211.1561273999996,211.15725609999936,None,None,num_3,0.736516599999959,0.19176229999902716,,,,,,,,,,,,,,,,,,,,,,,,,,,,,,,,,,,,,,,,,,,,,,,,,,,,,,,,,,,,,,,,,,,,,,,,,,,,,,,,,,,,,,,,,,,,,,,,,,,,,,,,,,,,,FA2804,001,2026-04-28_13h14.14.014,SEED,2024.2.5,61.93135404803123,2026-04-28 13h16.07.102570 +0100,
6,,,,,,,,,,,,2.25,10,10,0,,,,,,Scenes_Dataset/stationary_store_A.jpg,"(600, 370)",Congruent,Objects_Dataset/stapler.png,"(250, 178)",old,left,Objects_Dataset/envelope_retouched.png,"(250, 211)","(300, -200)","(300, 200)",down,None,None,num_3,0.7328472000008333,0.19180509999932838,,,,,,,,,,,,,,,,,,,,,,0,10,10,5,,,,,,,,,,,,,,,,,211.17070839999906,,,,,,,,,,,,,,211.15772039999865,211.17070839999906,213.40393839999888,213.66202559999874,213.42070429999876,213.63770850000037,,,,,,,,,,,,,,,,,,,,,,,,,213.65784580000036,213.66202559999874,213.66202559999874,216.13708529999894,216.13708529999894,216.13708529999894,218.6371712,218.6371712,218.6371712,218.65530749999925,None,None,num_3,0.7328472000008333,0.19180509999932838,,,,,,,,,,,,,,,,,,,,,,,,,,,,,,,,,,,,,,,,,,,,,,,,,,,,,,,,,,,,,,,,,,,,,,,,,,,,,,,,,,,,,,,,,,,,,,,,,,,,,,,,,,,,,FA2804,001,2026-04-28_13h14.14.014,SEED,2024.2.5,61.93135404803123,2026-04-28 13h16.07.102570 +0100,
37,,,,,,,,,,,,2.5,11,11,0,,,,,,Scenes_Dataset/vault_A.jpg,"(600, 398)",Incongruent,Objects_Dataset/fan.png,"(350, 350)",old,left,Objects_Dataset/cactus.png,"(300, 248)","(300, 200)","(300, -200)",up,None,None,num_2,0.7599473999998736,0.16009069999927306,,,,,,,,,,,,,,,,,,,,,,0,11,11,36,,,,,,,,,,,,,,,,,218.67079600000034,,,,,,,,,,,,,,218.65587009999945,218.67079600000034,220.8874090999998,221.137446499999,221.174370499999,221.15468419999888,,,,,,,,,,,,,,,,,,,,,,,,,221.17162069999904,221.174370499999,221.174370499999,223.6537847999989,223.6537847999989,223.6537847999989,226.15415639999992,226.15415639999992,226.15415639999992,226.17296709999937,None,None,num_2,0.7599473999998736,0.16009069999927306,,,,,,,,,,,,,,,,,,,,,,,,,,,,,,,,,,,,,,,,,,,,,,,,,,,,,,,,,,,,,,,,,,,,,,,,,,,,,,,,,,,,,,,,,,,,,,,,,,,,,,,,,,,,,FA2804,001,2026-04-28_13h14.14.014,SEED,2024.2.5,61.93135404803123,2026-04-28 13h16.07.102570 +0100,
34,,,,,,,,,,,,2.35,12,12,0,,,,,,Scenes_Dataset/flower_shop_A.jpg,"(600, 450)",Incongruent,Objects_Dataset/trumpet_retouched.png,"(300, 122)",old,left,Objects_Dataset/sailor_hat.png,"(300, 250)","(300, 200)","(300, -200)",up,None,None,num_1,0.8039597999995749,0.18396170000050915,,,,,,,,,,,,,,,,,,,,,,0,12,12,33,,,,,,,,,,,,,,,,,226.18777239999872,,,,,,,,,,,,,,226.17350710000028,226.18777239999872,228.40736429999924,228.6770282999987,228.53768709999895,228.6547668000003,,,,,,,,,,,,,,,,,,,,,,,,,228.6743131000003,228.6770282999987,228.6770282999987,231.15386409999883,231.15386409999883,231.15386409999883,233.65417639999941,233.65417639999941,233.65417639999941,233.6719266,None,None,num_1,0.8039597999995749,0.18396170000050915,,,,,,,,,,,,,,,,,,,,,,,,,,,,,,,,,,,,,,,,,,,,,,,,,,,,,,,,,,,,,,,,,,,,,,,,,,,,,,,,,,,,,,,,,,,,,,,,,,,,,,,,,,,,,FA2804,001,2026-04-28_13h14.14.014,SEED,2024.2.5,61.93135404803123,2026-04-28 13h16.07.102570 +0100,
45,,,,,,,,,,,,2.9,13,13,0,,,,,,Scenes_Dataset/factory_B.jpg,"(600, 415)",Incongruent,Objects_Dataset/shield.png,"(199, 300)",old,left,Objects_Dataset/trumpet_retouched.png,"(300, 122)","(300, 200)","(300, -200)",up,None,None,num_1,0.6308420000004844,0.1840487999998004,,,,,,,,,,,,,,,,,,,,,,0,13,13,44,,,,,,,,,,,,,,,,,233.68808419999914,,,,,,,,,,,,,,233.67249859999902,233.68808419999914,235.90433479999956,236.15433819999998,236.59917630000018,236.57125789999918,,,,,,,,,,,,,,,,,,,,,,,,,236.59621009999864,236.59917630000018,236.59917630000018,239.0709300999988,239.0709300999988,239.0709300999988,241.57091839999885,241.57091839999885,241.57091839999885,241.58910319999995,None,None,num_1,0.6308420000004844,0.1840487999998004,,,,,,,,,,,,,,,,,,,,,,,,,,,,,,,,,,,,,,,,,,,,,,,,,,,,,,,,,,,,,,,,,,,,,,,,,,,,,,,,,,,,,,,,,,,,,,,,,,,,,,,,,,,,,FA2804,001,2026-04-28_13h14.14.014,SEED,2024.2.5,61.93135404803123,2026-04-28 13h16.07.102570 +0100,
43,,,,,,,,,,,,2.8,14,14,0,,,,,,Scenes_Dataset/home_office_A.jpg,"(600, 399)",Incongruent,Objects_Dataset/bicycle_bell.png,"(250, 210)",old,left,Objects_Dataset/unicycle_retouched.png,"(159, 300)","(300, 200)","(300, -200)",up,None,None,num_2,1.0704080999985308,0.16793800000050396,,,,,,,,,,,,,,,,,,,,,,0,14,14,42,,,,,,,,,,,,,,,,,241.6042811999996,,,,,,,,,,,,,,241.59002150000015,241.6042811999996,243.82109929999933,244.07112059999963,244.41000779999922,244.38819569999941,,,,,,,,,,,,,,,,,,,,,,,,,244.40747109999938,244.41000779999922,244.41000779999922,246.88751109999976,246.88751109999976,246.88751109999976,249.38788209999984,249.38788209999984,249.38788209999984,249.4056359999995,None,None,num_2,1.0704080999985308,0.16793800000050396,,,,,,,,,,,,,,,,,,,,,,,,,,,,,,,,,,,,,,,,,,,,,,,,,,,,,,,,,,,,,,,,,,,,,,,,,,,,,,,,,,,,,,,,,,,,,,,,,,,,,,,,,,,,,FA2804,001,2026-04-28_13h14.14.014,SEED,2024.2.5,61.93135404803123,2026-04-28 13h16.07.102570 +0100,
36,,,,,,,,,,,,2.45,15,15,0,,,,,,Scenes_Dataset/stable_A.jpg,"(600, 450)",Incongruent,Objects_Dataset/remote_control.png,"(300, 293)",old,left,Objects_Dataset/sword_retouched.png,"(300, 300)","(300, 200)","(300, -200)",up,None,None,num_1,0.7790335999998206,0.19992830000046524,,,,,,,,,,,,,,,,,,,,,,0,15,15,35,,,,,,,,,,,,,,,,,249.42116019999958,,,,,,,,,,,,,,249.40636389999963,249.42116019999958,251.63808280000012,251.89407589999973,251.87144809999882,251.87200889999986,,,,,,,,,,,,,,,,,,,,,,,,,251.89137130000017,251.89407589999973,251.89407589999973,254.37082109999938,254.37082109999938,254.37082109999938,256.88794380000036,256.88794380000036,256.88794380000036,256.88939839999875,None,None,num_1,0.7790335999998206,0.19992830000046524,,,,,,,,,,,,,,,,,,,,,,,,,,,,,,,,,,,,,,,,,,,,,,,,,,,,,,,,,,,,,,,,,,,,,,,,,,,,,,,,,,,,,,,,,,,,,,,,,,,,,,,,,,,,,FA2804,001,2026-04-28_13h14.14.014,SEED,2024.2.5,61.93135404803123,2026-04-28 13h16.07.102570 +0100,
23,,,,,,,,,,,,3.1,16,16,0,,,,,,Scenes_Dataset/desert_A.jpg,"(600, 375)",Congruent,Objects_Dataset/cactus.png,"(300, 248)",old,left,Objects_Dataset/canteen.png,"(150, 250)","(300, -200)","(300, 200)",down,None,None,num_3,0.6461435000001075,0.1759087999998883,,,,,,,,,,,,,,,,,,,,,,0,16,16,22,,,,,,,,,,,,,,,,,256.90452939999886,,,,,,,,,,,,,,256.88977499999964,256.90452939999886,259.12141249999877,259.37110649999886,260.0082961999997,259.9884390999996,,,,,,,,,,,,,,,,,,,,,,,,,260.0056642999989,260.0082961999997,260.0082961999997,262.48765359999925,262.48765359999925,262.48765359999925,264.9880472999994,264.9880472999994,264.9880472999994,265.00600959999974,None,None,num_3,0.6461435000001075,0.1759087999998883,,,,,,,,,,,,,,,,,,,,,,,,,,,,,,,,,,,,,,,,,,,,,,,,,,,,,,,,,,,,,,,,,,,,,,,,,,,,,,,,,,,,,,,,,,,,,,,,,,,,,,,,,,,,,FA2804,001,2026-04-28_13h14.14.014,SEED,2024.2.5,61.93135404803123,2026-04-28 13h16.07.102570 +0100,
35,,,,,,,,,,,,2.4,17,17,0,,,,,,Scenes_Dataset/dentist_A.jpg,"(600, 400)",Incongruent,Objects_Dataset/basketball.png,"(282, 300)",old,left,Objects_Dataset/chandelier_retouched.png,"(250, 300)","(300, 200)","(300, -200)",up,None,None,num_1,1.0904903999999078,0.16800160000093456,,,,,,,,,,,,,,,,,,,,,,0,17,17,34,,,,,,,,,,,,,,,,,265.0214245999996,,,,,,,,,,,,,,265.00650700000006,265.0214245999996,267.2379983999999,267.49384649999956,267.4213760999992,267.47191219999877,,,,,,,,,,,,,,,,,,,,,,,,,267.49113450000004,267.49384649999956,267.49384649999956,269.9713075999989,269.9713075999989,269.9713075999989,272.4742279000002,272.4742279000002,272.4742279000002,272.47496630000023,None,None,num_1,1.0904903999999078,0.16800160000093456,,,,,,,,,,,,,,,,,,,,,,,,,,,,,,,,,,,,,,,,,,,,,,,,,,,,,,,,,,,,,,,,,,,,,,,,,,,,,,,,,,,,,,,,,,,,,,,,,,,,,,,,,,,,,FA2804,001,2026-04-28_13h14.14.014,SEED,2024.2.5,61.93135404803123,2026-04-28 13h16.07.102570 +0100,
28,,,,,,,,,,,,2.05,18,18,0,,,,,,Scenes_Dataset/public_toilet_A.jpg,"(600, 375)",Congruent,Objects_Dataset/hands_dryer.png,"(350, 267)",old,left,Objects_Dataset/paper_towel_dispenser.png,"(300, 400)","(300, -200)","(300, 200)",down,None,None,num_3,0.5914198999998916,0.19202120000045397,,,,,,,,,,,,,,,,,,,,,,0,18,18,27,,,,,,,,,,,,,,,,,272.4881564999996,,,,,,,,,,,,,,272.47519359999933,272.4881564999996,274.7215497999987,274.97647809999944,274.53826630000003,274.95535670000027,,,,,,,,,,,,,,,,,,,,,,,,,274.9736596999992,274.97647809999944,274.97647809999944,277.454479,277.454479,277.454479,279.95492639999975,279.95492639999975,279.95492639999975,279.97343249999903,None,None,num_3,0.5914198999998916,0.19202120000045397,,,,,,,,,,,,,,,,,,,,,,,,,,,,,,,,,,,,,,,,,,,,,,,,,,,,,,,,,,,,,,,,,,,,,,,,,,,,,,,,,,,,,,,,,,,,,,,,,,,,,,,,,,,,,FA2804,001,2026-04-28_13h14.14.014,SEED,2024.2.5,61.93135404803123,2026-04-28 13h16.07.102570 +0100,
60,,,,,,,,,,,,2.35,19,19,0,,,,,,Scenes_Dataset/field_A.jpg,"(600, 403)",Incongruent,Objects_Dataset/computer_monitor.png,"(300, 300)",old,left,Objects_Dataset/plasticine.png,"(250, 167)","(300, 200)","(300, -200)",up,None,None,num_1,0.955355199999758,0.17582220000076632,,,,,,,,,,,,,,,,,,,,,,0,19,19,59,,,,,,,,,,,,,,,,,279.98827170000004,,,,,,,,,,,,,,279.97408919999907,279.98827170000004,282.20496159999857,282.4617961999993,282.3385774999988,282.4392485999997,,,,,,,,,,,,,,,,,,,,,,,,,282.4588957999986,282.4617961999993,282.4617961999993,284.95460660000026,284.95460660000026,284.95460660000026,,,,287.4420412999989,None,None,num_1,0.955355199999758,0.17582220000076632,,,,,,,,,,,,,,,,,,,,,,,,,,,,,,,,,,,,,,,,,,,,,,,,,,,,,,,,,,,,,,,,,,,,,,,,,,,,,,,,,,,,,,,,,,,,,,,,,,,,,,,,,,,,,FA2804,001,2026-04-28_13h14.14.014,SEED,2024.2.5,61.93135404803123,2026-04-28 13h16.07.102570 +0100,
46,,,,,,,,,,,,2.95,20,20,0,,,,,,Scenes_Dataset/skate_park_A.jpg,"(600, 450)",Incongruent,Objects_Dataset/paddle.png,"(300, 299)",old,left,Objects_Dataset/fan.png,"(350, 350)","(300, 200)","(300, -200)",up,None,None,num_2,0.6696661999994831,0.1760418000012578,,,,,,,,,,,,,,,,,,,,,,0,20,20,45,,,,,,,,,,,,,,,,,287.4549440999999,,,,,,,,,,,,,,287.4422493000002,287.4549440999999,289.6887716000001,289.9384584999989,290.41412669999954,290.38913299999876,,,,,,,,,,,,,,,,,,,,,,,,,290.4108954000003,290.41412669999954,290.41412669999954,292.8880935999987,292.8880935999987,292.8880935999987,295.38882039999953,295.38882039999953,295.38882039999953,295.4071922999992,None,None,num_2,0.6696661999994831,0.1760418000012578,,,,,,,,,,,,,,,,,,,,,,,,,,,,,,,,,,,,,,,,,,,,,,,,,,,,,,,,,,,,,,,,,,,,,,,,,,,,,,,,,,,,,,,,,,,,,,,,,,,,,,,,,,,,,FA2804,001,2026-04-28_13h14.14.014,SEED,2024.2.5,61.93135404803123,2026-04-28 13h16.07.102570 +0100,
2,,,,,,,,,,,,2.05,21,21,0,,,,,,Scenes_Dataset/waiting_room_A.jpg,"(600, 450)",Congruent,Objects_Dataset/clock.png,"(250, 248)",old,left,Objects_Dataset/water_dispenser.png,"(300, 300)","(300, -200)","(300, 200)",down,None,None,num_3,0.5059278000007907,0.19215930000063963,,,,,,,,,,,,,,,,,,,,,,0,21,21,1,,,,,,,,,,,,,,,,,295.4218218999995,,,,,,,,,,,,,,295.4076275999996,295.4218218999995,297.6387255999998,297.88949949999915,297.4719336999988,297.8724431999999,,,,,,,,,,,,,,,,,,,,,,,,,297.8862921,297.88949949999915,297.88949949999915,300.37175129999923,300.37175129999923,300.37175129999923,302.8720419000001,302.8720419000001,302.8720419000001,302.8732108999993,None,None,num_3,0.5059278000007907,0.19215930000063963,302.8888635000003,302.8888635000003,,,,,,,,,,,,,,,,,,,,,,,,,,,,,,,,,,,,,,,,,,,,,,,,,,,,,,,,,,,,,,,,,,,,,,,,,,,,,,,,,,,,,,,,,,,,,,,,,,,,,,,,,,,FA2804,001,2026-04-28_13h14.14.014,SEED,2024.2.5,61.93135404803123,2026-04-28 13h16.07.102570 +0100,
42,,,,,,,,,,,,2.75,22,22,0,,,,,,Scenes_Dataset/hut_A.jpg,"(600, 384)",Incongruent,Objects_Dataset/sled_retouched.png,"(450, 286)",old,left,Objects_Dataset/stapler.png,"(250, 178)","(300, 200)","(300, -200)",up,None,None,num_2,0.7800300999988394,0.1999632000006386,,,,,,,,,,,,,,,,,,,,,,0,22,22,41,,,,,,,,,,,,,,,,,302.8888635000003,,,,,,,,,,,,,,302.87361450000026,302.8888635000003,305.1222468999986,305.3722300999998,305.645747999999,305.62252439999975,,,,,,,,,,,,,,,,,,,,,,,,,305.6409582999986,305.645747999999,305.645747999999,308.1217650999988,308.1217650999988,308.1217650999988,310.6239480999993,310.6239480999993,310.6239480999993,310.62493989999894,None,None,num_2,0.7800300999988394,0.1999632000006386,,,,,,,,,,,,,,,,,,,,,,,,,,,,,,,,,,,,,,,,,,,,,,,,,,,,,,,,,,,,,,,,,,,,,,,,,,,,,,,,,,,,,,,,,,,,,,,,,,,,,,,,,,,,,FA2804,001,2026-04-28_13h14.14.014,SEED,2024.2.5,61.93135404803123,2026-04-28 13h16.07.102570 +0100,
22,,,,,,,,,,,,3.05,23,23,0,,,,,,Scenes_Dataset/cavern_A.jpg,"(600, 410)",Congruent,Objects_Dataset/canteen.png,"(150, 250)",old,left,Objects_Dataset/hiking_boots.png,"(300, 300)","(300, -200)","(300, 200)",down,None,None,num_3,0.7212306999990687,0.20809850000114238,,,,,,,,,,,,,,,,,,,,,,0,23,23,21,,,,,,,,,,,,,,,,,310.6429783000003,,,,,,,,,,,,,,310.62532529999953,310.6429783000003,312.87232310000036,313.1223633999998,313.71046639999986,313.68949090000024,,,,,,,,,,,,,,,,,,,,,,,,,313.7078507999995,313.71046639999986,313.71046639999986,316.18861540000034,316.18861540000034,316.18861540000034,318.6891247000003,318.6891247000003,318.6891247000003,318.7071495,None,None,num_3,0.7212306999990687,0.20809850000114238,,,,,,,,,,,,,,,,,,,,,,,,,,,,,,,,,,,,,,,,,,,,,,,,,,,,,,,,,,,,,,,,,,,,,,,,,,,,,,,,,,,,,,,,,,,,,,,,,,,,,,,,,,,,,FA2804,001,2026-04-28_13h14.14.014,SEED,2024.2.5,61.93135404803123,2026-04-28 13h16.07.102570 +0100,
18,,,,,,,,,,,,2.85,24,24,0,,,,,,Scenes_Dataset/soccer_stadium_B.jpg,"(600, 400)",Congruent,Objects_Dataset/football_boots.png,"(300, 300)",old,left,Objects_Dataset/whistle.png,"(200, 151)","(300, -200)","(300, 200)",down,None,None,num_3,0.3667002999991382,0.21574610000061512,,,,,,,,,,,,,,,,,,,,,,0,24,24,17,,,,,,,,,,,,,,,,,318.7223355999995,,,,,,,,,,,,,,318.70768130000033,318.7223355999995,320.93900239999857,321.1890217,321.5733325000001,321.55630050000036,,,,,,,,,,,,,,,,,,,,,,,,,321.57069319999937,321.5733325000001,321.5733325000001,324.05530650000037,324.05530650000037,324.05530650000037,326.5557063999986,326.5557063999986,326.5557063999986,326.55721189999895,None,None,num_3,0.3667002999991382,0.21574610000061512,326.57258790000014,326.57258790000014,,,,,,,,,,,,,,,,,,,,,,,,,,,,,,,,,,,,,,,,,,,,,,,,,,,,,,,,,,,,,,,,,,,,,,,,,,,,,,,,,,,,,,,,,,,,,,,,,,,,,,,,,,,FA2804,001,2026-04-28_13h14.14.014,SEED,2024.2.5,61.93135404803123,2026-04-28 13h16.07.102570 +0100,
32,,,,,,,,,,,,2.25,25,25,0,,,,,,Scenes_Dataset/elevator_A.jpg,"(600, 450)",Incongruent,Objects_Dataset/cake_tongs_retouched.png,"(300, 75)",old,left,Objects_Dataset/3d_glasses_retouched.png,"(300, 300)","(300, 200)","(300, -200)",up,None,None,num_2,0.8350379999992583,0.19192440000006172,,,,,,,,,,,,,,,,,,,,,,0,25,25,31,,,,,,,,,,,,,,,,,326.57258790000014,,,,,,,,,,,,,,326.55774819999897,326.57258790000014,328.80568589999893,329.06146309999895,328.8223773999998,329.03954239999985,,,,,,,,,,,,,,,,,,,,,,,,,329.0588721999993,329.06146309999895,329.06146309999895,331.53876279999895,331.53876279999895,331.53876279999895,334.0389637999997,334.0389637999997,334.0389637999997,334.05720649999967,None,None,num_2,0.8350379999992583,0.19192440000006172,,,,,,,,,,,,,,,,,,,,,,,,,,,,,,,,,,,,,,,,,,,,,,,,,,,,,,,,,,,,,,,,,,,,,,,,,,,,,,,,,,,,,,,,,,,,,,,,,,,,,,,,,,,,,FA2804,001,2026-04-28_13h14.14.014,SEED,2024.2.5,61.93135404803123,2026-04-28 13h16.07.102570 +0100,
13,,,,,,,,,,,,2.6,26,26,0,,,,,,Scenes_Dataset/circus_A.jpg,"(600, 421)",Congruent,Objects_Dataset/unicycle_retouched.png,"(159, 300)",old,left,Objects_Dataset/juggling_balls_retouched.png,"(350, 197)","(300, -200)","(300, 200)",down,None,None,num_3,0.4182088000015938,0.20803259999956936,,,,,,,,,,,,,,,,,,,,,,0,26,26,12,,,,,,,,,,,,,,,,,334.07236699999885,,,,,,,,,,,,,,334.05776549999973,334.07236699999885,336.2892217999997,336.53902779999953,336.68073489999915,336.65635929999917,,,,,,,,,,,,,,,,,,,,,,,,,336.67806949999976,336.68073489999915,336.68073489999915,339.15551140000025,339.15551140000025,339.15551140000025,341.6556241999988,341.6556241999988,341.6556241999988,341.6742013999992,None,None,num_3,0.4182088000015938,0.20803259999956936,,,,,,,,,,,,,,,,,,,,,,,,,,,,,,,,,,,,,,,,,,,,,,,,,,,,,,,,,,,,,,,,,,,,,,,,,,,,,,,,,,,,,,,,,,,,,,,,,,,,,,,,,,,,,FA2804,001,2026-04-28_13h14.14.014,SEED,2024.2.5,61.93135404803123,2026-04-28 13h16.07.102570 +0100,
48,,,,,,,,,,,,3.05,27,27,0,,,,,,Scenes_Dataset/ballet_room_A.jpg,"(600, 398)",Incongruent,Objects_Dataset/hiking_boots.png,"(300, 300)",old,left,Objects_Dataset/bicycle_bell.png,"(250, 210)","(300, 200)","(300, -200)",up,None,None,num_2,1.2876448999995773,0.19991189999927883,,,,,,,,,,,,,,,,,,,,,,0,27,27,47,,,,,,,,,,,,,,,,,341.68918739999935,,,,,,,,,,,,,,341.6746418999992,341.68918739999935,343.90841139999975,344.1726215999988,344.74463429999923,344.72313639999993,,,,,,,,,,,,,,,,,,,,,,,,,344.74175230000037,344.74463429999923,344.74463429999923,347.2221869999994,347.2221869999994,347.2221869999994,349.72254520000024,349.72254520000024,349.72254520000024,349.7408044999993,None,None,num_2,1.2876448999995773,0.19991189999927883,,,,,,,,,,,,,,,,,,,,,,,,,,,,,,,,,,,,,,,,,,,,,,,,,,,,,,,,,,,,,,,,,,,,,,,,,,,,,,,,,,,,,,,,,,,,,,,,,,,,,,,,,,,,,FA2804,001,2026-04-28_13h14.14.014,SEED,2024.2.5,61.93135404803123,2026-04-28 13h16.07.102570 +0100,
1,,,,,,,,,,,,2,28,28,0,,,,,,Scenes_Dataset/office_work_A.jpg,"(600, 470)",Congruent,Objects_Dataset/staple_puller_retouched.png,"(400, 400)",old,left,Objects_Dataset/clock.png,"(250, 248)","(300, -200)","(300, 200)",down,None,None,num_3,0.4280767000000196,0.20008939999934228,,,,,,,,,,,,,,,,,,,,,,0,28,28,0,,,,,,,,,,,,,,,,,349.7559930999996,,,,,,,,,,,,,,349.74135190000015,349.7559930999996,351.9726799,352.23076409999885,351.75606979999975,352.20660809999936,,,,,,,,,,,,,,,,,,,,,,,,,352.2281358,352.23076409999885,352.23076409999885,354.70565969999916,354.70565969999916,354.70565969999916,357.20586530000037,357.20586530000037,357.20586530000037,357.22401100000025,None,None,num_3,0.4280767000000196,0.20008939999934228,,,,,,,,,,,,,,,,,,,,,,,,,,,,,,,,,,,,,,,,,,,,,,,,,,,,,,,,,,,,,,,,,,,,,,,,,,,,,,,,,,,,,,,,,,,,,,,,,,,,,,,,,,,,,FA2804,001,2026-04-28_13h14.14.014,SEED,2024.2.5,61.93135404803123,2026-04-28 13h16.07.102570 +0100,
40,,,,,,,,,,,,2.65,29,29,0,,,,,,Scenes_Dataset/kindergarten_A.jpg,"(600, 338)",Incongruent,Objects_Dataset/payment_terminal.png,"(285, 300)",old,left,Objects_Dataset/message_bottle.png,"(284, 177)","(300, 200)","(300, -200)",up,None,None,num_1,0.9295115999993868,0.17594710000048508,,,,,,,,,,,,,,,,,,,,,,0,29,29,39,,,,,,,,,,,,,,,,,357.23975379999865,,,,,,,,,,,,,,357.2245425000001,357.23975379999865,359.45611889999964,359.706234199999,359.89161889999923,359.8733209999991,,,,,,,,,,,,,,,,,,,,,,,,,359.88901579999947,359.89161889999923,359.89161889999923,362.3724301000002,362.3724301000002,362.3724301000002,364.8728945999992,364.8728945999992,364.8728945999992,364.89280229999895,None,None,num_1,0.9295115999993868,0.17594710000048508,,,,,,,,,,,,,,,,,,,,,,,,,,,,,,,,,,,,,,,,,,,,,,,,,,,,,,,,,,,,,,,,,,,,,,,,,,,,,,,,,,,,,,,,,,,,,,,,,,,,,,,,,,,,,FA2804,001,2026-04-28_13h14.14.014,SEED,2024.2.5,61.93135404803123,2026-04-28 13h16.07.102570 +0100,
19,,,,,,,,,,,,2.9,30,30,0,,,,,,Scenes_Dataset/island_A.jpg,"(600, 420)",Congruent,Objects_Dataset/message_bottle.png,"(284, 177)",old,left,Objects_Dataset/kayak.png,"(450, 338)","(300, -200)","(300, 200)",down,None,None,num_3,0.8924719999995432,0.18402430000060122,,,,,,,,,,,,,,,,,,,,,,0,30,30,18,,,,,,,,,,,,,,,,,364.9062346999999,,,,,,,,,,,,,,364.8933084,364.9062346999999,367.1229129000003,367.3729676999992,367.8132045000002,367.7903121999989,,,,,,,,,,,,,,,,,,,,,,,,,367.8106080999987,367.8132045000002,367.8132045000002,370.2893641999999,370.2893641999999,370.2893641999999,372.78966709999986,372.78966709999986,372.78966709999986,372.807795499999,None,None,num_3,0.8924719999995432,0.18402430000060122,,,,,,,,,,,,,,,,,,,,,,,,,,,,,,,,,,,,,,,,,,,,,,,,,,,,,,,,,,,,,,,,,,,,,,,,,,,,,,,,,,,,,,,,,,,,,,,,,,,,,,,,,,,,,FA2804,001,2026-04-28_13h14.14.014,SEED,2024.2.5,61.93135404803123,2026-04-28 13h16.07.102570 +0100,
14,,,,,,,,,,,,2.65,31,31,0,,,,,,Scenes_Dataset/palace_interior_A.jpg,"(600, 447)",Congruent,Objects_Dataset/chandelier_retouched.png,"(250, 300)",old,left,Objects_Dataset/crown.png,"(300, 249)","(300, -200)","(300, 200)",down,None,None,num_3,0.37776769999982207,0.21596150000004855,,,,,,,,,,,,,,,,,,,,,,0,31,31,13,,,,,,,,,,,,,,,,,372.8229945999992,,,,,,,,,,,,,,372.8084700999989,372.8229945999992,375.04004580000037,375.289719299999,375.47913139999946,375.45657479999863,,,,,,,,,,,,,,,,,,,,,,,,,375.4763753999996,375.47913139999946,375.47913139999946,377.95604660000026,377.95604660000026,377.95604660000026,380.45645289999993,380.45645289999993,380.45645289999993,380.4576285000003,None,None,num_3,0.37776769999982207,0.21596150000004855,,,,,,,,,,,,,,,,,,,,,,,,,,,,,,,,,,,,,,,,,,,,,,,,,,,,,,,,,,,,,,,,,,,,,,,,,,,,,,,,,,,,,,,,,,,,,,,,,,,,,,,,,,,,,FA2804,001,2026-04-28_13h14.14.014,SEED,2024.2.5,61.93135404803123,2026-04-28 13h16.07.102570 +0100,
27,,,,,,,,,,,,2,32,32,0,,,,,,Scenes_Dataset/toilet_A.jpg,"(600, 450)",Congruent,Objects_Dataset/toothbrush.png,"(300, 215)",old,left,Objects_Dataset/hairdryer_retouched.png,"(250, 241)","(300, -200)","(300, 200)",down,None,None,num_3,0.6143339000009291,0.16801610000038636,,,,,,,,,,,,,,,,,,,,,,0,32,32,26,,,,,,,,,,,,,,,,,380.4753712999991,,,,,,,,,,,,,,380.4580288999987,380.4753712999991,382.7067542999994,382.960095299999,382.4897954999997,382.94069969999873,,,,,,,,,,,,,,,,,,,,,,,,,382.9574198999999,382.960095299999,382.960095299999,385.4395128999986,385.4395128999986,385.4395128999986,387.93976399999883,387.93976399999883,387.93976399999883,387.9582114999994,None,None,num_3,0.6143339000009291,0.16801610000038636,,,,,,,,,,,,,,,,,,,,,,,,,,,,,,,,,,,,,,,,,,,,,,,,,,,,,,,,,,,,,,,,,,,,,,,,,,,,,,,,,,,,,,,,,,,,,,,,,,,,,,,,,,,,,FA2804,001,2026-04-28_13h14.14.014,SEED,2024.2.5,61.93135404803123,2026-04-28 13h16.07.102570 +0100,
57,,,,,,,,,,,,2.2,33,33,0,,,,,,Scenes_Dataset/road_A.jpg,"(600, 450)",Incongruent,Objects_Dataset/wine_cork.png,"(250, 163)",old,left,Objects_Dataset/locker.png,"(264, 400)","(300, 200)","(300, -200)",up,None,None,num_3,0.5621713999989879,0.18409650000103284,,,,,,,,,,,,,,,,,,,,,,0,33,33,56,,,,,,,,,,,,,,,,,387.9731759999995,,,,,,,,,,,,,,387.958724099999,387.9731759999995,390.19160360000024,390.4557874000002,390.17330609999954,390.44052419999935,,,,,,,,,,,,,,,,,,,,,,,,,390.4532436999998,390.4557874000002,390.4557874000002,392.93960940000034,392.93960940000034,392.93960940000034,395.4398137999997,395.4398137999997,395.4398137999997,395.44088550000015,None,None,num_3,0.5621713999989879,0.18409650000103284,395.45666770000025,395.45666770000025,,,,,,,,,,,,,,,,,,,,,,,,,,,,,,,,,,,,,,,,,,,,,,,,,,,,,,,,,,,,,,,,,,,,,,,,,,,,,,,,,,,,,,,,,,,,,,,,,,,,,,,,,,,FA2804,001,2026-04-28_13h14.14.014,SEED,2024.2.5,61.93135404803123,2026-04-28 13h16.07.102570 +0100,
59,,,,,,,,,,,,2.3,34,34,0,,,,,,Scenes_Dataset/golf_course_A.jpg,"(600, 400)",Incongruent,Objects_Dataset/clothesline_retouched_2.png,"(350, 231)",old,left,Objects_Dataset/computer_monitor.png,"(300, 300)","(300, 200)","(300, -200)",up,None,None,num_1,0.614582899999732,0.1758258999998361,,,,,,,,,,,,,,,,,,,,,,0,34,34,58,,,,,,,,,,,,,,,,,395.45666770000025,,,,,,,,,,,,,,395.4411769999988,395.45666770000025,397.6900107999991,397.9448532999995,397.75670659999923,397.9242435999986,,,,,,,,,,,,,,,,,,,,,,,,,397.94181860000026,397.9448532999995,397.9448532999995,400.4232574999987,400.4232574999987,400.4232574999987,402.9252983999995,402.9252983999995,402.9252983999995,402.9258957000002,None,None,num_1,0.614582899999732,0.1758258999998361,,,,,,,,,,,,,,,,,,,,,,,,,,,,,,,,,,,,,,,,,,,,,,,,,,,,,,,,,,,,,,,,,,,,,,,,,,,,,,,,,,,,,,,,,,,,,,,,,,,,,,,,,,,,,FA2804,001,2026-04-28_13h14.14.014,SEED,2024.2.5,61.93135404803123,2026-04-28 13h16.07.102570 +0100,
31,,,,,,,,,,,,2.2,35,35,0,,,,,,Scenes_Dataset/balcony.jpg,"(600, 450)",Incongruent,Objects_Dataset/car_key.png,"(300, 125)",old,left,Objects_Dataset/staple_puller_retouched.png,"(400, 400)","(300, 200)","(300, -200)",up,None,None,num_2,0.6033513000002131,0.16778739999972458,,,,,,,,,,,,,,,,,,,,,,0,35,35,30,,,,,,,,,,,,,,,,,402.9399776999999,,,,,,,,,,,,,,402.92613150000034,402.9399776999999,405.17375979999997,405.42692569999963,405.14016639999863,405.4075073999993,,,,,,,,,,,,,,,,,,,,,,,,,405.42487269999947,405.42692569999963,405.42692569999963,407.9065088999996,407.9065088999996,407.9065088999996,410.40673629999947,410.40673629999947,410.40673629999947,410.4259117999991,None,None,num_2,0.6033513000002131,0.16778739999972458,,,,,,,,,,,,,,,,,,,,,,,,,,,,,,,,,,,,,,,,,,,,,,,,,,,,,,,,,,,,,,,,,,,,,,,,,,,,,,,,,,,,,,,,,,,,,,,,,,,,,,,,,,,,,FA2804,001,2026-04-28_13h14.14.014,SEED,2024.2.5,61.93135404803123,2026-04-28 13h16.07.102570 +0100,
41,,,,,,,,,,,,2.7,36,36,0,,,,,,Scenes_Dataset/attic_A.jpg,"(600, 400)",Incongruent,Objects_Dataset/ticket_machine.png,"(200, 300)",old,left,Objects_Dataset/cake_holder.png,"(300, 209)","(300, 200)","(300, -200)",up,None,None,num_1,0.4542034000005515,0.2001611999985471,,,,,,,,,,,,,,,,,,,,,,0,36,36,40,,,,,,,,,,,,,,,,,410.4400967999991,,,,,,,,,,,,,,410.42633879999994,410.4400967999991,412.65685979999944,412.9069555999995,413.1447681999998,413.12433319999946,,,,,,,,,,,,,,,,,,,,,,,,,413.1421045999996,413.1447681999998,413.1447681999998,415.6234640999992,415.6234640999992,415.6234640999992,418.14021239999965,418.14021239999965,418.14021239999965,418.14142679999895,None,None,num_1,0.4542034000005515,0.2001611999985471,,,,,,,,,,,,,,,,,,,,,,,,,,,,,,,,,,,,,,,,,,,,,,,,,,,,,,,,,,,,,,,,,,,,,,,,,,,,,,,,,,,,,,,,,,,,,,,,,,,,,,,,,,,,,FA2804,001,2026-04-28_13h14.14.014,SEED,2024.2.5,61.93135404803123,2026-04-28 13h16.07.102570 +0100,
15,,,,,,,,,,,,2.7,37,37,0,,,,,,Scenes_Dataset/river_A.jpg,"(600, 450)",Congruent,Objects_Dataset/kayak.png,"(450, 338)",old,left,Objects_Dataset/paddle.png,"(300, 299)","(300, -200)","(300, 200)",down,None,None,num_3,0.5693956000013713,0.1759052999987034,,,,,,,,,,,,,,,,,,,,,,0,37,37,14,,,,,,,,,,,,,,,,,418.15745199999947,,,,,,,,,,,,,,418.14177779999955,418.15745199999947,420.3736054000001,420.6238109999995,420.86906309999904,420.84095419999903,,,,,,,,,,,,,,,,,,,,,,,,,420.8657805999992,420.86906309999904,420.86906309999904,423.34042450000015,423.34042450000015,423.34042450000015,425.84053979999953,425.84053979999953,425.84053979999953,425.85861300000033,None,None,num_3,0.5693956000013713,0.1759052999987034,,,,,,,,,,,,,,,,,,,,,,,,,,,,,,,,,,,,,,,,,,,,,,,,,,,,,,,,,,,,,,,,,,,,,,,,,,,,,,,,,,,,,,,,,,,,,,,,,,,,,,,,,,,,,FA2804,001,2026-04-28_13h14.14.014,SEED,2024.2.5,61.93135404803123,2026-04-28 13h16.07.102570 +0100,
12,,,,,,,,,,,,2.55,38,38,0,,,,,,Scenes_Dataset/castle_A.jpg,"(600, 450)",Congruent,Objects_Dataset/sword_retouched.png,"(300, 300)",old,left,Objects_Dataset/shield.png,"(199, 300)","(300, -200)","(300, 200)",down,None,None,num_3,0.634936700000253,0.1757990999994945,,,,,,,,,,,,,,,,,,,,,,0,38,38,11,,,,,,,,,,,,,,,,,425.87407729999904,,,,,,,,,,,,,,425.8591472999997,425.87407729999904,428.0905593999996,428.3406008000002,428.4270039999992,428.40759499999876,,,,,,,,,,,,,,,,,,,,,,,,,428.4240919999993,428.4270039999992,428.4270039999992,430.90697120000004,430.90697120000004,430.90697120000004,433.40736149999975,433.40736149999975,433.40736149999975,433.40870859999995,None,None,num_3,0.634936700000253,0.1757990999994945,,,,,,,,,,,,,,,,,,,,,,,,,,,,,,,,,,,,,,,,,,,,,,,,,,,,,,,,,,,,,,,,,,,,,,,,,,,,,,,,,,,,,,,,,,,,,,,,,,,,,,,,,,,,,FA2804,001,2026-04-28_13h14.14.014,SEED,2024.2.5,61.93135404803123,2026-04-28 13h16.07.102570 +0100,
29,,,,,,,,,,,,2.1,39,39,0,,,,,,Scenes_Dataset/pool_B.jpg,"(600, 450)",Congruent,Objects_Dataset/slippers.png,"(280, 300)",old,left,Objects_Dataset/bikini.png,"(350, 350)","(300, -200)","(300, 200)",down,None,None,num_3,0.46346470000025874,0.17614639999919746,,,,,,,,,,,,,,,,,,,,,,0,39,39,28,,,,,,,,,,,,,,,,,433.42403829999967,,,,,,,,,,,,,,433.4091559999997,433.42403829999967,435.6575600999986,435.9088746999987,435.5241181000001,435.8909700999993,,,,,,,,,,,,,,,,,,,,,,,,,435.9059895999999,435.9088746999987,435.9088746999987,438.3903835000001,438.3903835000001,438.3903835000001,440.89342359999864,440.89342359999864,440.89342359999864,440.8947462999986,None,None,num_3,0.46346470000025874,0.17614639999919746,,,,,,,,,,,,,,,,,,,,,,,,,,,,,,,,,,,,,,,,,,,,,,,,,,,,,,,,,,,,,,,,,,,,,,,,,,,,,,,,,,,,,,,,,,,,,,,,,,,,,,,,,,,,,FA2804,001,2026-04-28_13h14.14.014,SEED,2024.2.5,61.93135404803123,2026-04-28 13h16.07.102570 +0100,
11,,,,,,,,,,,,2.5,40,40,0,,,,,,Scenes_Dataset/airplane_interior_A.jpg,"(600, 480)",Congruent,Objects_Dataset/oxygen_mask_retouched.png,"(300, 300)",old,left,Objects_Dataset/airplane_belt.png,"(300, 249)","(300, -200)","(300, 200)",down,None,None,num_3,0.6104444000011426,0.1761845999990328,,,,,,,,,,,,,,,,,,,,,,0,40,40,10,,,,,,,,,,,,,,,,,440.90759569999864,,,,,,,,,,,,,,440.8952766000002,440.90759569999864,443.14117780000015,443.39287519999925,443.41916370000035,443.393215099999,,,,,,,,,,,,,,,,,,,,,,,,,443.4161428999996,443.41916370000035,443.41916370000035,445.90731419999975,445.90731419999975,445.90731419999975,448.40749069999947,448.40749069999947,448.40749069999947,448.4087753999993,None,None,num_3,0.6104444000011426,0.1761845999990328,,,,,,,,,,,,,,,,,,,,,,,,,,,,,,,,,,,,,,,,,,,,,,,,,,,,,,,,,,,,,,,,,,,,,,,,,,,,,,,,,,,,,,,,,,,,,,,,,,,,,,,,,,,,,FA2804,001,2026-04-28_13h14.14.014,SEED,2024.2.5,61.93135404803123,2026-04-28 13h16.07.102570 +0100,
55,,,,,,,,,,,,2.1,41,41,0,,,,,,Scenes_Dataset/lake_A.jpg,"(600, 442)",Incongruent,Objects_Dataset/thermometer.png,"(300, 199)",old,left,Objects_Dataset/ticket_machine.png,"(200, 300)","(300, 200)","(300, -200)",up,None,None,num_2,1.4712902000010217,0.176097600000503,,,,,,,,,,,,,,,,,,,,,,0,41,41,54,,,,,,,,,,,,,,,,,448.4242349999986,,,,,,,,,,,,,,448.4093557999986,448.4242349999986,450.6576675999986,450.9112245999986,450.5244047999986,450.89129739999953,,,,,,,,,,,,,,,,,,,,,,,,,450.90870519999953,450.9112245999986,450.9112245999986,453.3905008999991,453.3905008999991,453.3905008999991,455.8909322999989,455.8909322999989,455.8909322999989,455.90898769999876,None,None,num_2,1.4712902000010217,0.176097600000503,,,,,,,,,,,,,,,,,,,,,,,,,,,,,,,,,,,,,,,,,,,,,,,,,,,,,,,,,,,,,,,,,,,,,,,,,,,,,,,,,,,,,,,,,,,,,,,,,,,,,,,,,,,,,FA2804,001,2026-04-28_13h14.14.014,SEED,2024.2.5,61.93135404803123,2026-04-28 13h16.07.102570 +0100,
49,,,,,,,,,,,,3.1,42,42,0,,,,,,Scenes_Dataset/restaurant_A.jpg,"(600, 400)",Incongruent,Objects_Dataset/comb.png,"(250, 250)",old,left,Objects_Dataset/football_boots.png,"(300, 300)","(300, 200)","(300, -200)",up,None,None,num_2,0.4744262999993225,0.17602439999973285,,,,,,,,,,,,,,,,,,,,,,0,42,42,48,,,,,,,,,,,,,,,,,455.92439639999975,,,,,,,,,,,,,,455.9093510999992,455.92439639999975,458.1408871000003,458.39100080000026,459.0286199000002,459.00811599999906,,,,,,,,,,,,,,,,,,,,,,,,,459.02598229999967,459.0286199000002,459.0286199000002,461.507351799999,461.507351799999,461.507351799999,464.0075044999994,464.0075044999994,464.0075044999994,464.0255975,None,None,num_2,0.4744262999993225,0.17602439999973285,,,,,,,,,,,,,,,,,,,,,,,,,,,,,,,,,,,,,,,,,,,,,,,,,,,,,,,,,,,,,,,,,,,,,,,,,,,,,,,,,,,,,,,,,,,,,,,,,,,,,,,,,,,,,FA2804,001,2026-04-28_13h14.14.014,SEED,2024.2.5,61.93135404803123,2026-04-28 13h16.07.102570 +0100,
50,,,,,,,,,,,,3.15,43,43,0,,,,,,Scenes_Dataset/playground_A.jpg,"(600, 337)",Incongruent,Objects_Dataset/water_dispenser.png,"(300, 300)",old,left,Objects_Dataset/wine_cork.png,"(250, 163)","(300, 200)","(300, -200)",up,None,None,num_3,0.6996847999998863,0.20772810000016761,,,,,,,,,,,,,,,,,,,,,,0,43,43,49,,,,,,,,,,,,,,,,,464.040997099999,,,,,,,,,,,,,,464.0261023000003,464.040997099999,466.25765729999875,466.50770269999884,467.19935179999993,467.1749364999996,,,,,,,,,,,,,,,,,,,,,,,,,467.1962549,467.19935179999993,467.19935179999993,469.6742742999995,469.6742742999995,469.6742742999995,472.1744738999987,472.1744738999987,472.1744738999987,472.1931778999988,None,None,num_3,0.6996847999998863,0.20772810000016761,,,,,,,,,,,,,,,,,,,,,,,,,,,,,,,,,,,,,,,,,,,,,,,,,,,,,,,,,,,,,,,,,,,,,,,,,,,,,,,,,,,,,,,,,,,,,,,,,,,,,,,,,,,,,FA2804,001,2026-04-28_13h14.14.014,SEED,2024.2.5,61.93135404803123,2026-04-28 13h16.07.102570 +0100,
20,,,,,,,,,,,,2.95,44,44,0,,,,,,Scenes_Dataset/basketball_field_A.jpg,"(600, 399)",Congruent,Objects_Dataset/whistle.png,"(200, 151)",old,left,Objects_Dataset/basketball.png,"(282, 300)","(300, -200)","(300, 200)",down,None,None,num_3,0.5726407000001927,0.176133299999492,,,,,,,,,,,,,,,,,,,,,,0,44,44,19,,,,,,,,,,,,,,,,,472.20788749999883,,,,,,,,,,,,,,472.19398179999916,472.20788749999883,474.4245699000003,474.67459659999986,475.1669012000002,475.14191670000037,,,,,,,,,,,,,,,,,,,,,,,,,475.1644149999993,475.1669012000002,475.1669012000002,477.64107309999963,477.64107309999963,477.64107309999963,480.1413458999996,480.1413458999996,480.1413458999996,480.1602581999996,None,None,num_3,0.5726407000001927,0.176133299999492,,,,,,,,,,,,,,,,,,,,,,,,,,,,,,,,,,,,,,,,,,,,,,,,,,,,,,,,,,,,,,,,,,,,,,,,,,,,,,,,,,,,,,,,,,,,,,,,,,,,,,,,,,,,,FA2804,001,2026-04-28_13h14.14.014,SEED,2024.2.5,61.93135404803123,2026-04-28 13h16.07.102570 +0100,
4,,,,,,,,,,,,2.15,45,45,0,,,,,,Scenes_Dataset/pastry_shop_A.jpg,"(600, 400)",Congruent,Objects_Dataset/cake_holder.png,"(300, 209)",old,left,Objects_Dataset/cake_tongs_retouched.png,"(300, 75)","(300, -200)","(300, 200)",down,None,None,num_3,0.4573064999985945,0.1761409000009735,,,,,,,,,,,,,,,,,,,,,,0,45,45,3,,,,,,,,,,,,,,,,,480.1745706999991,,,,,,,,,,,,,,480.16076350000003,480.1745706999991,482.3918204999991,482.6454632999994,482.3247401999997,482.6253909999996,,,,,,,,,,,,,,,,,,,,,,,,,482.6427700000004,482.6454632999994,482.6454632999994,485.12454219999927,485.12454219999927,485.12454219999927,487.6244397999999,487.6244397999999,487.6244397999999,487.6425013999997,None,None,num_3,0.4573064999985945,0.1761409000009735,,,,,,,,,,,,,,,,,,,,,,,,,,,,,,,,,,,,,,,,,,,,,,,,,,,,,,,,,,,,,,,,,,,,,,,,,,,,,,,,,,,,,,,,,,,,,,,,,,,,,,,,,,,,,FA2804,001,2026-04-28_13h14.14.014,SEED,2024.2.5,61.93135404803123,2026-04-28 13h16.07.102570 +0100,
56,,,,,,,,,,,,2.15,46,46,0,,,,,,Scenes_Dataset/fountain_A.jpg,"(600, 443)",Incongruent,Objects_Dataset/plasticine.png,"(250, 167)",old,left,Objects_Dataset/hands_dryer.png,"(350, 267)","(300, 200)","(300, -200)",up,None,None,num_1,0.6214051999995718,0.16805270000077144,,,,,,,,,,,,,,,,,,,,,,0,46,46,55,,,,,,,,,,,,,,,,,487.65810710000005,,,,,,,,,,,,,,487.6431479999992,487.65810710000005,489.8760427999987,490.14815279999857,489.8086602000003,490.12514869999904,,,,,,,,,,,,,,,,,,,,,,,,,490.14523670000017,490.14815279999857,490.14815279999857,492.6244160999995,492.6244160999995,492.6244160999995,495.12509449999925,495.12509449999925,495.12509449999925,495.1263024999989,None,None,num_1,0.6214051999995718,0.16805270000077144,,,,,,,,,,,,,,,,,,,,,,,,,,,,,,,,,,,,,,,,,,,,,,,,,,,,,,,,,,,,,,,,,,,,,,,,,,,,,,,,,,,,,,,,,,,,,,,,,,,,,,,,,,,,,FA2804,001,2026-04-28_13h14.14.014,SEED,2024.2.5,61.93135404803123,2026-04-28 13h16.07.102570 +0100,
16,,,,,,,,,,,,2.75,47,47,0,,,,,,Scenes_Dataset/hair_salon_A.jpg,"(600, 386)",Congruent,Objects_Dataset/hairdryer_retouched.png,"(250, 241)",old,left,Objects_Dataset/comb.png,"(250, 250)","(300, -200)","(300, 200)",down,None,None,num_3,0.7593120999990788,0.18400029999975231,,,,,,,,,,,,,,,,,,,,,,0,47,47,15,,,,,,,,,,,,,,,,,495.14186080000036,,,,,,,,,,,,,,495.1268908000002,495.14186080000036,497.37517429999934,497.6254192999986,497.8982665000003,497.87563989999944,,,,,,,,,,,,,,,,,,,,,,,,,497.89555420000033,497.8982665000003,497.8982665000003,500.3746296999998,500.3746296999998,500.3746296999998,502.87505520000013,502.87505520000013,502.87505520000013,502.8931369999991,None,None,num_3,0.7593120999990788,0.18400029999975231,,,,,,,,,,,,,,,,,,,,,,,,,,,,,,,,,,,,,,,,,,,,,,,,,,,,,,,,,,,,,,,,,,,,,,,,,,,,,,,,,,,,,,,,,,,,,,,,,,,,,,,,,,,,,FA2804,001,2026-04-28_13h14.14.014,SEED,2024.2.5,61.93135404803123,2026-04-28 13h16.07.102570 +0100,
17,,,,,,,,,,,,2.8,48,48,0,,,,,,Scenes_Dataset/stage_A.jpg,"(600, 396)",Congruent,Objects_Dataset/saxophone.png,"(250, 250)",old,left,Objects_Dataset/digital_piano_retouched.png,"(350, 350)","(300, -200)","(300, 200)",down,None,None,num_3,0.582586699998501,0.18390929999986838,,,,,,,,,,,,,,,,,,,,,,0,48,48,16,,,,,,,,,,,,,,,,,502.90893809999943,,,,,,,,,,,,,,502.89373989999876,502.90893809999943,505.1253704999999,505.3751014999998,505.7121413999994,505.69210849999945,,,,,,,,,,,,,,,,,,,,,,,,,505.7094477999999,505.7121413999994,505.7121413999994,508.19140510000034,508.19140510000034,508.19140510000034,510.69177729999865,510.69177729999865,510.69177729999865,510.70976229999906,None,None,num_3,0.582586699998501,0.18390929999986838,,,,,,,,,,,,,,,,,,,,,,,,,,,,,,,,,,,,,,,,,,,,,,,,,,,,,,,,,,,,,,,,,,,,,,,,,,,,,,,,,,,,,,,,,,,,,,,,,,,,,,,,,,,,,FA2804,001,2026-04-28_13h14.14.014,SEED,2024.2.5,61.93135404803123,2026-04-28 13h16.07.102570 +0100,
3,,,,,,,,,,,,2.1,49,49,0,,,,,,Scenes_Dataset/car_interior_A.jpg,"(600, 389)",Congruent,Objects_Dataset/car_mat.png,"(230, 258)",old,left,Objects_Dataset/car_key.png,"(300, 125)","(300, -200)","(300, 200)",down,None,None,num_3,0.8668218000002526,0.19988329999978305,,,,,,,,,,,,,,,,,,,,,,0,49,49,2,,,,,,,,,,,,,,,,,510.7253942999996,,,,,,,,,,,,,,510.7108767999998,510.7253942999996,512.9417003999988,513.1999145999998,512.8253714999992,513.1760489999997,,,,,,,,,,,,,,,,,,,,,,,,,513.1968207999998,513.1999145999998,513.1999145999998,515.6751281999987,515.6751281999987,515.6751281999987,518.1918864999989,518.1918864999989,518.1918864999989,518.1930831999998,None,None,num_3,0.8668218000002526,0.19988329999978305,,,,,,,,,,,,,,,,,,,,,,,,,,,,,,,,,,,,,,,,,,,,,,,,,,,,,,,,,,,,,,,,,,,,,,,,,,,,,,,,,,,,,,,,,,,,,,,,,,,,,,,,,,,,,FA2804,001,2026-04-28_13h14.14.014,SEED,2024.2.5,61.93135404803123,2026-04-28 13h16.07.102570 +0100,
8,,,,,,,,,,,,2.35,50,50,0,,,,,,Scenes_Dataset/igloo_A.jpg,"(600, 450)",Congruent,Objects_Dataset/eskimo_coat.png,"(300, 300)",old,left,Objects_Dataset/wool_cap.png,"(250, 250)","(300, -200)","(300, 200)",down,None,None,num_3,0.6072791000005964,0.20810480000000098,,,,,,,,,,,,,,,,,,,,,,0,50,50,7,,,,,,,,,,,,,,,,,518.2088674999995,,,,,,,,,,,,,,518.1934666999987,518.2088674999995,520.4253174999994,520.6807325999998,520.5585570999992,520.6589513999988,,,,,,,,,,,,,,,,,,,,,,,,,520.6776656999991,520.6807325999998,520.6807325999998,523.1583950999993,523.1583950999993,523.1583950999993,525.6581284999993,525.6581284999993,525.6581284999993,525.6765423999987,None,None,num_3,0.6072791000005964,0.20810480000000098,,,,,,,,,,,,,,,,,,,,,,,,,,,,,,,,,,,,,,,,,,,,,,,,,,,,,,,,,,,,,,,,,,,,,,,,,,,,,,,,,,,,,,,,,,,,,,,,,,,,,,,,,,,,,FA2804,001,2026-04-28_13h14.14.014,SEED,2024.2.5,61.93135404803123,2026-04-28 13h16.07.102570 +0100,
52,,,,,,,,,,,,3.25,51,51,0,,,,,,Scenes_Dataset/parking_lot_A.jpg,"(600, 397)",Incongruent,Objects_Dataset/digital_piano_retouched.png,"(350, 350)",old,left,Objects_Dataset/toothbrush.png,"(300, 215)","(300, 200)","(300, -200)",up,None,None,num_1,0.4926820000000589,0.16007030000037048,,,,,,,,,,,,,,,,,,,,,,0,51,51,51,,,,,,,,,,,,,,,,,525.6915091999999,,,,,,,,,,,,,,525.6770433000002,525.6915091999999,527.9082418999988,528.158266299999,528.947610199999,528.9259956999995,,,,,,,,,,,,,,,,,,,,,,,,,528.9457132999996,528.947610199999,528.947610199999,531.4250321,531.4250321,531.4250321,533.9254098999991,533.9254098999991,533.9254098999991,533.9435219999996,None,None,num_1,0.4926820000000589,0.16007030000037048,,,,,,,,,,,,,,,,,,,,,,,,,,,,,,,,,,,,,,,,,,,,,,,,,,,,,,,,,,,,,,,,,,,,,,,,,,,,,,,,,,,,,,,,,,,,,,,,,,,,,,,,,,,,,FA2804,001,2026-04-28_13h14.14.014,SEED,2024.2.5,61.93135404803123,2026-04-28 13h16.07.102570 +0100,
5,,,,,,,,,,,,2.2,52,52,0,,,,,,Scenes_Dataset/movie_theater_A.jpg,"(600, 364)",Congruent,Objects_Dataset/3d_glasses_retouched.png,"(300, 300)",old,left,Objects_Dataset/movie_reels.png,"(350, 268)","(300, -200)","(300, 200)",down,None,None,num_3,0.6250899000006029,0.16799530000025698,,,,,,,,,,,,,,,,,,,,,,0,52,52,4,,,,,,,,,,,,,,,,,533.960240299999,,,,,,,,,,,,,,533.9439698999995,533.960240299999,536.1755489999996,536.4297721999992,536.1755489999996,536.4095249999991,,,,,,,,,,,,,,,,,,,,,,,,,536.4270289999986,536.4297721999992,536.4297721999992,538.9086582999989,538.9086582999989,538.9086582999989,541.4087519999994,541.4087519999994,541.4087519999994,541.4272683999989,None,None,num_3,0.6250899000006029,0.16799530000025698,,,,,,,,,,,,,,,,,,,,,,,,,,,,,,,,,,,,,,,,,,,,,,,,,,,,,,,,,,,,,,,,,,,,,,,,,,,,,,,,,,,,,,,,,,,,,,,,,,,,,,,,,,,,,FA2804,001,2026-04-28_13h14.14.014,SEED,2024.2.5,61.93135404803123,2026-04-28 13h16.07.102570 +0100,
9,,,,,,,,,,,,2.4,53,53,0,,,,,,Scenes_Dataset/childrens_room_A.jpg,"(600, 524)",Congruent,Objects_Dataset/abacus.png,"(185, 200)",old,left,Objects_Dataset/doll.png,"(191, 300)","(300, -200)","(300, 200)",down,None,None,num_3,0.6056733000004897,0.18395789999885892,,,,,,,,,,,,,,,,,,,,,,0,53,53,8,,,,,,,,,,,,,,,,,541.4422739999991,,,,,,,,,,,,,,541.4280196999989,541.4422739999991,543.6592604999987,543.9177377999986,543.8425537000003,543.8929449999996,,,,,,,,,,,,,,,,,,,,,,,,,543.9128643999993,543.9177377999986,543.9177377999986,546.3921885999989,546.3921885999989,546.3921885999989,548.8925056999997,548.8925056999997,548.8925056999997,548.9109580999993,None,None,num_3,0.6056733000004897,0.18395789999885892,,,,,,,,,,,,,,,,,,,,,,,,,,,,,,,,,,,,,,,,,,,,,,,,,,,,,,,,,,,,,,,,,,,,,,,,,,,,,,,,,,,,,,,,,,,,,,,,,,,,,,,,,,,,,FA2804,001,2026-04-28_13h14.14.014,SEED,2024.2.5,61.93135404803123,2026-04-28 13h16.07.102570 +0100,
51,,,,,,,,,,,,3.2,54,54,0,,,,,,Scenes_Dataset/clinic_A.jpg,"(600, 400)",Incongruent,Objects_Dataset/juggling_balls_retouched.png,"(350, 197)",old,left,Objects_Dataset/sled_retouched.png,"(450, 286)","(300, 200)","(300, -200)",up,None,None,num_1,0.47687930000029155,0.16005939999922703,,,,,,,,,,,,,,,,,,,,,,0,54,54,50,,,,,,,,,,,,,,,,,548.9258535999998,,,,,,,,,,,,,,548.9115868999997,548.9258535999998,551.1424888000001,551.3924857999991,552.1321769999995,552.1094496999995,,,,,,,,,,,,,,,,,,,,,,,,,552.1275602999995,552.1321769999995,552.1321769999995,554.6088686999992,554.6088686999992,554.6088686999992,557.1114942999993,557.1114942999993,557.1114942999993,557.112864499999,None,None,num_1,0.47687930000029155,0.16005939999922703,,,,,,,,,,,,,,,,,,,,,,,,,,,,,,,,,,,,,,,,,,,,,,,,,,,,,,,,,,,,,,,,,,,,,,,,,,,,,,,,,,,,,,,,,,,,,,,,,,,,,,,,,,,,,FA2804,001,2026-04-28_13h14.14.014,SEED,2024.2.5,61.93135404803123,2026-04-28 13h16.07.102570 +0100,
30,,,,,,,,,,,,2.15,55,55,0,,,,,,Scenes_Dataset/locker_room_B.jpg,"(600, 399)",Congruent,Objects_Dataset/locker.png,"(264, 400)",old,left,Objects_Dataset/slippers.png,"(280, 300)","(300, -200)","(300, 200)",down,None,None,num_3,0.6094226999994135,0.17603690000032657,,,,,,,,,,,,,,,,,,,,,,0,55,55,29,,,,,,,,,,,,,,,,,557.1258854999996,,,,,,,,,,,,,,557.1133209999989,557.1258854999996,559.3594107999998,559.6178252999998,559.2759135999986,559.5933356999994,,,,,,,,,,,,,,,,,,,,,,,,,559.6147299000004,559.6178252999998,559.6178252999998,562.0923798999993,562.0923798999993,562.0923798999993,564.5926827999992,564.5926827999992,564.5926827999992,564.6106091999991,None,None,num_3,0.6094226999994135,0.17603690000032657,,,,,,,,,,,,,,,,,,,,,,,,,,,,,,,,,,,,,,,,,,,,,,,,,,,,,,,,,,,,,,,,,,,,,,,,,,,,,,,,,,,,,,,,,,,,,,,,,,,,,,,,,,,,,FA2804,001,2026-04-28_13h14.14.014,SEED,2024.2.5,61.93135404803123,2026-04-28 13h16.07.102570 +0100,
58,,,,,,,,,,,,2.25,56,56,0,,,,,,Scenes_Dataset/museum_A.jpg,"(600, 337)",Incongruent,Objects_Dataset/bikini.png,"(350, 350)",old,left,Objects_Dataset/clothesline_retouched_2.png,"(350, 231)","(300, 200)","(300, -200)",up,None,None,num_2,0.9098606999996264,0.17602900000019872,,,,,,,,,,,,,,,,,,,,,,0,56,56,57,,,,,,,,,,,,,,,,,564.6272516999998,,,,,,,,,,,,,,564.6111492,564.6272516999998,566.8427350999991,567.0995508999986,566.8929111999987,567.0768160999996,,,,,,,,,,,,,,,,,,,,,,,,,567.0949402999995,567.0995508999986,567.0995508999986,569.5758704,569.5758704,569.5758704,572.0763283999986,572.0763283999986,572.0763283999986,572.094251999999,None,None,num_2,0.9098606999996264,0.17602900000019872,,,,,,,,,,,,,,,,,,,,,,,,,,,,,,,,,,,,,,,,,,,,,,,,,,,,,,,,,,,,,,,,,,,,,,,,,,,,,,,,,,,,,,,,,,,,,,,,,,,,,,,,,,,,,FA2804,001,2026-04-28_13h14.14.014,SEED,2024.2.5,61.93135404803123,2026-04-28 13h16.07.102570 +0100,
33,,,,,,,,,,,,2.3,57,57,0,,,,,,Scenes_Dataset/ice_rink_A.jpg,"(600, 450)",Incongruent,Objects_Dataset/paper_towel_dispenser.png,"(300, 400)",old,left,Objects_Dataset/saxophone.png,"(250, 250)","(300, 200)","(300, -200)",up,None,None,num_2,0.8185551999995369,0.18403680000119493,,,,,,,,,,,,,,,,,,,,,,0,57,57,32,,,,,,,,,,,,,,,,,572.1095085999987,,,,,,,,,,,,,,572.0947938999998,572.1095085999987,574.3261531999997,574.5826354000001,574.4094754999987,574.5600446999997,,,,,,,,,,,,,,,,,,,,,,,,,574.5794234999994,574.5826354000001,574.5826354000001,577.0592462999994,577.0592462999994,577.0592462999994,579.5596116999986,579.5596116999986,579.5596116999986,579.5780476999989,None,None,num_2,0.8185551999995369,0.18403680000119493,,,,,,,,,,,,,,,,,,,,,,,,,,,,,,,,,,,,,,,,,,,,,,,,,,,,,,,,,,,,,,,,,,,,,,,,,,,,,,,,,,,,,,,,,,,,,,,,,,,,,,,,,,,,,FA2804,001,2026-04-28_13h14.14.014,SEED,2024.2.5,61.93135404803123,2026-04-28 13h16.07.102570 +0100,
38,,,,,,,,,,,,2.55,58,58,0,,,,,,Scenes_Dataset/garden_A.jpg,"(600, 446)",Incongruent,Objects_Dataset/airplane_belt.png,"(300, 249)",old,left,Objects_Dataset/saline_retouched.png,"(300, 225)","(300, 200)","(300, -200)",up,None,None,num_1,0.5875697999999829,0.17615790000127163,,,,,,,,,,,,,,,,,,,,,,0,58,58,37,,,,,,,,,,,,,,,,,579.593073099999,,,,,,,,,,,,,,579.578721599999,579.593073099999,581.8098325999999,582.0625208999991,582.1483597999995,582.1272639999988,,,,,,,,,,,,,,,,,,,,,,,,,582.1457395999987,582.1483597999995,582.1483597999995,584.6260920999994,584.6260920999994,584.6260920999994,587.1428815999989,587.1428815999989,587.1428815999989,587.1439814999994,None,None,num_1,0.5875697999999829,0.17615790000127163,,,,,,,,,,,,,,,,,,,,,,,,,,,,,,,,,,,,,,,,,,,,,,,,,,,,,,,,,,,,,,,,,,,,,,,,,,,,,,,,,,,,,,,,,,,,,,,,,,,,,,,,,,,,,FA2804,001,2026-04-28_13h14.14.014,SEED,2024.2.5,61.93135404803123,2026-04-28 13h16.07.102570 +0100,
24,,,,,,,,,,,,3.15,59,59,0,,,,,,Scenes_Dataset/marina_A.jpg,"(600, 450)",Congruent,Objects_Dataset/sailor_hat.png,"(300, 250)",old,left,Objects_Dataset/rope.png,"(300, 248)","(300, -200)","(300, 200)",down,None,None,num_3,0.5652976999990642,0.17571119999956863,,,,,,,,,,,,,,,,,,,,,,0,59,59,23,,,,,,,,,,,,,,,,,587.1595903999987,,,,,,,,,,,,,,587.1443124999987,587.1595903999987,589.3761773999995,589.626680899999,590.3147136999996,590.2937602999991,,,,,,,,,,,,,,,,,,,,,,,,,590.3121988999992,590.3147136999996,590.3147136999996,592.7926785999989,592.7926785999989,592.7926785999989,595.2930111999995,595.2930111999995,595.2930111999995,595.3111044999987,None,None,num_3,0.5652976999990642,0.17571119999956863,,,,,,,,,,,,,,,,,,,,,,,,,,,,,,,,,,,,,,,,,,,,,,,,,,,,,,,,,,,,,,,,,,,,,,,,,,,,,,,,,,,,,,,,,,,,,,,,,,,,,,,,,,,,,FA2804,001,2026-04-28_13h14.14.014,SEED,2024.2.5,61.93135404803123,2026-04-28 13h16.07.102570 +0100,
,,,,,,,,,,,,,,,,,,,,,,,,,,,,,,,,,,,,,,,,,,,,,,,,,,,,,,,,,,,,,,,,,,,,,,,,,,,,,,,,,,,,,,,,,,,,,,,,,,,,,,,,,,,,,,,,,,,,,,,,,,,,,,,,,,,,,,,,,,,,595.3113874999999,595.3263231000001,605.4943733,,,,,,,,,,,,,,,,,,,,,,,,,,,,,,,,,,,,,,,,,,,,,,,,,,,,,,,,,,,,,,,,,,,,,,,,,,,,,,,,,,,,,,,,,,,,,,,,,,,,,,,,FA2804,001,2026-04-28_13h14.14.014,SEED,2024.2.5,61.93135404803123,2026-04-28 13h16.07.102570 +0100,
,,,,,,,,,,,,,,,,,,,,,,,,,,,,,,,,,,,,,,,,,,,,,,,,,,,,,,,,,,,,,,,,,,,,,,,,,,,,,,,,,,,,,,,,,,,,,,,,,,,,,,,,,,,,,,,,,,,,,,,,,,,,,,,,,,,,,,,,,,,,,,,100,82,18,82,0,15,3,100.0,83.33333333333334,0.4165322829267763,868.0879475000002,868.0891730999992,,,,,,,,,,,,,,,,,,,,,,,,,,,,,,,,,,,,,,,,,,,,,,,,,,,,,,,,,,,,,,,,,,,,,,,,,,,,,,,,,,,,,,,,,,,,FA2804,001,2026-04-28_13h14.14.014,SEED,2024.2.5,61.93135404803123,2026-04-28 13h16.07.102570 +0100,
,,,,,,,,,,,,,,,,,,,,,,,,,,,,,,,,,,,,,,,,,,,,,,,,,,,,,,,,,,,,,,,,,,,,,,,,,,,,,,,,,,,,,,,,,,,,,,,,,,,,,,,,,,,,,,,,,,,,,,,,,,,,,,,,,,,,,,,,,,,,,,,,,,,,,,,,,,,868.0891940000001,868.0929083999999,870.0991189999986,870.0991189999986,878.0977561,880.114792299999,1761.328416299999,space,883.2204371999997,None,,,,,,,,,,,,,,,,,,,,,,,,,,,,,,,,,,,,,,,,,,,,,,,,,,,,,,,,,,,,,,,,,,,,,,,,,,,,,,,,,,FA2804,001,2026-04-28_13h14.14.014,SEED,2024.2.5,61.93135404803123,2026-04-28 13h16.07.102570 +0100,
,,,,,,,,,,,,,,,,,,,,,,,,,,,,,,,,,,,,,,,,,,,,,,,,,,,,,,,,,,,,,,,,,,,,,,,,,,,,,,,,,,,,,,,,,,,,,,,,,,,,,,,,,,,,,,,,,,,,,,,,,,,,,,,,,,,,,,,,,,,,,,,,,,,,,,,,,,,,,,,,,,,,,1761.328600499999,1761.3442262999997,1761.3442262999997,1782.061805199999,space,20.701911300000575,None,,,,,,,,,,,,,,,,,,,,,,,,,,,,,,,,,,,,,,,,,,,,,,,,,,,,,,,,,,,,,,,,,,,,,,,,,,,FA2804,001,2026-04-28_13h14.14.014,SEED,2024.2.5,61.93135404803123,2026-04-28 13h16.07.102570 +0100,
,,,,,,,,,,,,,,,,,,,,,,,,,,,,,,,,,,,,,,,,,,,,,,,,,,,,,,,,,,,,,,,,,,,,,,,,,,,,,,,,,,,,,,,,,,,,,,,,,,,,,,,,,,,,,,,,,,,,,,,,,,,,,,,,,,,,,,,,,,,,,,,,,,,,,,,,,,,,,,,,,,,,,,,,,,,,1782.0618983999993,1782.0777335000002,1782.0777335000002,1803.3953473000001,,,,,,,,,,,,,,,,,,,,,,,,,,,,,,,,,,,,,,,,,,,,,,,,,,,,,,,,,,,,,,,,,,,,,,,FA2804,001,2026-04-28_13h14.14.014,SEED,2024.2.5,61.93135404803123,2026-04-28 13h16.07.102570 +0100,
,,,,,,,,,,,,,,,,,,,,,,,,,,,,,,,,,,,,,,,,,,,,,,,,,,,,,,,,,,,,,,,,,,,,,,,,,,,,,,,,,,,,,,,,,,,,,,,,,,,,,,,,,,,,,,,,,,,,,,,,,,,,,,,,,,,,,,,,,,,,,,,,,,,,,,,,,,,,,,,,,,,,,,,,,,,,,,,,1803.3954605999988,1803.4116537999998,1803.4116537999998,1859.3818331999992,space,55.962289999999484,None,,,,,,,,,,,,,,,,,,,,,,,,,,,,,,,,,,,,,,,,,,,,,,,,,,,,,,,,,,,,,,,,FA2804,001,2026-04-28_13h14.14.014,SEED,2024.2.5,61.93135404803123,2026-04-28 13h16.07.102570 +0100,
2,,,,,,,,,,,,3,0,0,0,,,,,,,,,,,,,,,,,,,,,,,Scenes_Dataset/painting_workshop_A.jpg,"(600, 450)",old,left,0.763323200000741,0.12799019999874872,,,,,,,,,,,,,,,,,,,,0,0,0,1,,,,,,,,,,,,,1859.395214099999,,,,,,,,,,,,,,1859.3894416000003,1859.395214099999,1861.645685899999,1861.895736999999,1862.4025339,1862.3797608999994,,,,,,,,,,,,,,,,,,,,,,,,,,,,,,,,,,,,,,,,,,,,,,,,,,,,,,,,,,,,,,,,,,,,,,,,,,,,,,,,,,,,,1862.3954861000002,1862.4025339,1862.4025339,1862.4025339,1865.3962226999993,left,0.763323200000741,0.12799019999874872,,,,,,,,,,,,,,,,,,,,,,,,,,,,,,,,,,,,,,,,,,,,,,,,,,,,,,,,FA2804,001,2026-04-28_13h14.14.014,SEED,2024.2.5,61.93135404803123,2026-04-28 13h16.07.102570 +0100,
1,,,,,,,,,,,,2,1,1,0,,,,,,,,,,,,,,,,,,,,,,,Scenes_Dataset/sky_A.jpg,"(600, 398)", old,None,,,,,,,,,,,,,,,,,,,,,,0,1,1,0,,,,,,,,,,,,,1865.412424799999,,,,,,,,,,,,,,1865.3967223,1865.412424799999,1867.6292415999997,1867.8844950999992,1867.412465899999,1867.8631781999993,,,,,,,,,,,,,,,,,,,,,,,,,,,,,,,,,,,,,,,,,,,,,,,,,,,,,,,,,,,,,,,,,,,,,,,,,,,,,,,,,,,,,1867.8807471,1867.8844950999992,1867.8844950999992,1867.8844950999992,1870.8796975999994,None,,,,,,,,,,,,,,,,,,,,,,,,,,,,,,,,,,,,,,,,,,,,,,,,,,,,,,,,,,FA2804,001,2026-04-28_13h14.14.014,SEED,2024.2.5,61.93135404803123,2026-04-28 13h16.07.102570 +0100,
4,,,,,,,,,,,,3.25,2,2,0,,,,,,,,,,,,,,,,,,,,,,,Scenes_Dataset/athletics_track_A,"(600, 450)",new,right,1.6992086000009294,0.13557979999859526,,,,,,,,,,,,,,,,,,,,0,2,2,3,,,,,,,,,,,,,1870.896920699999,,,,,,,,,,,,,,1870.8801428999996,1870.896920699999,1873.1125689,1873.3627271999994,1874.1472851999988,1874.1295637999992,,,,,,,,,,,,,,,,,,,,,,,,,,,,,,,,,,,,,,,,,,,,,,,,,,,,,,,,,,,,,,,,,,,,,,,,,,,,,,,,,,,,,1874.1435255999986,1874.1472851999988,1874.1472851999988,1874.1472851999988,1877.1297918,right,1.6992086000009294,0.13557979999859526,,,,,,,,,,,,,,,,,,,,,,,,,,,,,,,,,,,,,,,,,,,,,,,,,,,,,,,,FA2804,001,2026-04-28_13h14.14.014,SEED,2024.2.5,61.93135404803123,2026-04-28 13h16.07.102570 +0100,
3,,,,,,,,,,,,2.5,3,3,0,,,,,,,,,,,,,,,,,,,,,,,Scenes_Dataset/temple_A.jpg,"(600, 358)",new,right,1.2113155000006373,0.13589460000002873,,,,,,,,,,,,,,,,,,,,0,3,3,2,,,,,,,,,,,,,1877.1459548999992,,,,,,,,,,,,,,1877.1304877999992,1877.1459548999992,1879.379332999999,1879.6294278999994,1879.6508851999988,1879.6301164999986,,,,,,,,,,,,,,,,,,,,,,,,,,,,,,,,,,,,,,,,,,,,,,,,,,,,,,,,,,,,,,,,,,,,,,,,,,,,,,,,,,,,,1879.6445476999997,1879.6508851999988,1879.6508851999988,1879.6508851999988,1882.6462537999996,right,1.2113155000006373,0.13589460000002873,,,,,,,,,,,,,,,,,,,,,,,,,,,,,,,,,,,,,,,,,,,,,,,,,,,,,,,,FA2804,001,2026-04-28_13h14.14.014,SEED,2024.2.5,61.93135404803123,2026-04-28 13h16.07.102570 +0100,
,,,,,,,,,,,,,,,,,,,,,,,,,,,,,,,,,,,,,,,,,,,,,,,,,,,,,,,,,,,,,,,,,,,,,,,,,,,,,,,,,,,,,,,,,,,,,,,,,,,,,,,,,,,,,,,,,,,,,,,,,,,,,,,,,,,,,,,,,,,,,,,,,,,,,,,,,,,,,,,,,,,,,,,,,,,,,,,,,,,,,,,,,,,,,,,1882.6467229999998,1882.662718399999,1882.662718399999,1888.9311543999993,space,6.255208099999436,None,,,,,,,,,,,,,,,,,,,,,,,,,,,,,,,,,,,,,,,,,,,,,,,,,FA2804,001,2026-04-28_13h14.14.014,SEED,2024.2.5,61.93135404803123,2026-04-28 13h16.07.102570 +0100,
47,,,,,,,,,,,,3,0,0,0,,,,,,Scenes_Dataset/entrance_hall_B.jpg,"(600, 421)",Incongruent,Objects_Dataset/movie_reels.png,"(350, 268)",old,left,Objects_Dataset/payment_terminal.png,"(285, 300)","(300, 200)","(300, -200)",up,,,,,,,,,,,,left,1,0.8331196999988606,0.15163460000076157,,,,,,,,,,,,,,,,,,,,0,0,0,46,,,,,,,,,1888.960121099999,,,,,,,,,,,,,,1888.9554670999987,1888.960121099999,1891.196216299999,1891.4462208999994,1891.9650476999996,1891.9466073000003,,,,,,,,,,,,,,,,,,,,,,,,,,,,,,,,,,,,,,,,,,,,,,,,,,,,,,,,,,,,,,,,,,,,,,,,,,,,,,,,,,,,,,,,,,,,,,,,,,,,1891.9607816999996,1891.9650476999996,1891.9650476999996,1891.9650476999996,1894.9482835,left,1,0.8331196999988606,0.15163460000076157,,,,,,,,,,,,,,,,,,,,,,,,,,,,,,,,,,,,,,,,FA2804,001,2026-04-28_13h14.14.014,SEED,2024.2.5,61.93135404803123,2026-04-28 13h16.07.102570 +0100,
57,,,,,,,,,,,,2.2,1,1,0,,,,,,Scenes_Dataset/road_A.jpg,"(600, 450)",Incongruent,Objects_Dataset/wine_cork.png,"(250, 163)",old,left,Objects_Dataset/locker.png,"(264, 400)","(300, 200)","(300, -200)",up,,,,,,,,,,,,left,1,1.4363682999992307,0.16782849999981408,,,,,,,,,,,,,,,,,,,,0,1,1,56,,,,,,,,,1894.9629876999988,,,,,,,,,,,,,,1894.9488146000003,1894.9629876999988,1897.1961639,1897.4496538999992,1897.1629144999988,1897.4301309999992,,,,,,,,,,,,,,,,,,,,,,,,,,,,,,,,,,,,,,,,,,,,,,,,,,,,,,,,,,,,,,,,,,,,,,,,,,,,,,,,,,,,,,,,,,,,,,,,,,,,1897.4433214,1897.4496538999992,1897.4496538999992,1897.4496538999992,1900.4470602000001,left,1,1.4363682999992307,0.16782849999981408,,,,,,,,,,,,,,,,,,,,,,,,,,,,,,,,,,,,,,,,FA2804,001,2026-04-28_13h14.14.014,SEED,2024.2.5,61.93135404803123,2026-04-28 13h16.07.102570 +0100,
11,,,,,,,,,,,,2.5,2,2,0,,,,,,Scenes_Dataset/airplane_interior_A.jpg,"(600, 480)",Congruent,Objects_Dataset/oxygen_mask_retouched.png,"(300, 300)",old,left,Objects_Dataset/airplane_belt.png,"(300, 249)","(300, -200)","(300, 200)",down,,,,,,,,,,,,left,1,1.865259000000151,0.1522076000001107,,,,,,,,,,,,,,,,,,,,0,2,2,10,,,,,,,,,1900.462860399999,,,,,,,,,,,,,,1900.4477545999998,1900.462860399999,1902.6796166000004,1902.9296369000003,1902.9647616000002,1902.9470024000002,,,,,,,,,,,,,,,,,,,,,,,,,,,,,,,,,,,,,,,,,,,,,,,,,,,,,,,,,,,,,,,,,,,,,,,,,,,,,,,,,,,,,,,,,,,,,,,,,,,,1902.9608349999999,1902.9647616000002,1902.9647616000002,1902.9647616000002,1905.9647262999988,left,1,1.865259000000151,0.1522076000001107,,,,,,,,,,,,,,,,,,,,,,,,,,,,,,,,,,,,,,,,FA2804,001,2026-04-28_13h14.14.014,SEED,2024.2.5,61.93135404803123,2026-04-28 13h16.07.102570 +0100,
89,,,,,,,,,,,,2.25,3,3,0,,,,,,Scenes_Dataset/beach_A.jpg,"(600, 450)",Lure,None,None,new,right,None,None,None,None,None,,,,,,,,,,,,right,1,0.878488300000754,0.16806630000064615,,,,,,,,,,,,,,,,,,,,0,3,3,88,,,,,,,,,1905.9799194999996,,,,,,,,,,,,,,1905.9653411,1905.9799194999996,1908.1963878999995,1908.4474161999988,1908.2296331999987,1908.4302795000003,,,,,,,,,,,,,,,,,,,,,,,,,,,,,,,,,,,,,,,,,,,,,,,,,,,,,,,,,,,,,,,,,,,,,,,,,,,,,,,,,,,,,,,,,,,,,,,,,,,,1908.4436257999987,1908.4474161999988,1908.4474161999988,1908.4474161999988,1911.4469427000004,right,1,0.878488300000754,0.16806630000064615,,,,,,,,,,,,,,,,,,,,,,,,,,,,,,,,,,,,,,,,FA2804,001,2026-04-28_13h14.14.014,SEED,2024.2.5,61.93135404803123,2026-04-28 13h16.07.102570 +0100,
2,,,,,,,,,,,,2.05,4,4,0,,,,,,Scenes_Dataset/waiting_room_A.jpg,"(600, 450)",Congruent,Objects_Dataset/clock.png,"(250, 248)",old,left,Objects_Dataset/water_dispenser.png,"(300, 300)","(300, -200)","(300, 200)",down,,,,,,,,,,,,left,1,1.059720199998992,0.15197690000059083,,,,,,,,,,,,,,,,,,,,0,4,4,1,,,,,,,,,1911.4631850999995,,,,,,,,,,,,,,1911.447592299999,1911.4631850999995,1913.6816706999998,1913.9461527999993,1913.513345899999,1913.9302595999998,,,,,,,,,,,,,,,,,,,,,,,,,,,,,,,,,,,,,,,,,,,,,,,,,,,,,,,,,,,,,,,,,,,,,,,,,,,,,,,,,,,,,,,,,,,,,,,,,,,,1913.9362400999998,1913.9461527999993,1913.9461527999993,1913.9461527999993,1916.9308994999992,left,1,1.059720199998992,0.15197690000059083,1916.9465996,1916.9465996,1916.9465996,,,,,,,,,,,,,,,,,,,,,,,,,,,,,,,,,,,,,FA2804,001,2026-04-28_13h14.14.014,SEED,2024.2.5,61.93135404803123,2026-04-28 13h16.07.102570 +0100,
71,,,,,,,,,,,,2.65,5,5,0,,,,,,Scenes_Dataset/field_B.jpg,"(600, 381)",Lure,None,None,new,right,None,None,None,None,None,,,,,,,,,,,,right,1,1.1338457000001654,0.1520009999985632,,,,,,,,,,,,,,,,,,,,0,5,5,70,,,,,,,,,1916.9465996,,,,,,,,,,,,,,1916.931372699999,1916.9465996,1919.1798748,1919.4298894999993,1919.5999890999992,1919.5805495999994,,,,,,,,,,,,,,,,,,,,,,,,,,,,,,,,,,,,,,,,,,,,,,,,,,,,,,,,,,,,,,,,,,,,,,,,,,,,,,,,,,,,,,,,,,,,,,,,,,,,1919.5937673999997,1919.5999890999992,1919.5999890999992,1919.5999890999992,1922.5970627999995,right,1,1.1338457000001654,0.1520009999985632,,,,,,,,,,,,,,,,,,,,,,,,,,,,,,,,,,,,,,,,FA2804,001,2026-04-28_13h14.14.014,SEED,2024.2.5,61.93135404803123,2026-04-28 13h16.07.102570 +0100,
68,,,,,,,,,,,,2.5,6,6,0,,,,,,Scenes_Dataset/hut_B.jpg,"(600, 400)",Lure,None,None,new,right,None,None,None,None,None,,,,,,,,,,,,left,0,1.8112850000015897,0.14384829999835347,,,,,,,,,,,,,,,,,,,,0,6,6,67,,,,,,,,,1922.6132626999988,,,,,,,,,,,,,,1922.5978560999993,1922.6132626999988,1924.8302323999997,1925.0800388999996,1925.1147810000002,1925.0970025999995,,,,,,,,,,,,,,,,,,,,,,,,,,,,,,,,,,,,,,,,,,,,,,,,,,,,,,,,,,,,,,,,,,,,,,,,,,,,,,,,,,,,,,,,,,,,,,,,,,,,1925.1111026999988,1925.1147810000002,1925.1147810000002,1925.1147810000002,1928.0972666999987,left,0,1.8112850000015897,0.14384829999835347,,,,,,,,,,,,,,,,,,,,,,,,,,,,,,,,,,,,,,,,FA2804,001,2026-04-28_13h14.14.014,SEED,2024.2.5,61.93135404803123,2026-04-28 13h16.07.102570 +0100,
70,,,,,,,,,,,,2.6,7,7,0,,,,,,Scenes_Dataset/ballet_room_B.jpg,"(600, 400)",Lure,None,None,new,right,None,None,None,None,None,,,,,,,,,,,,right,1,1.2660450000003038,0.1359439999996539,,,,,,,,,,,,,,,,,,,,0,7,7,69,,,,,,,,,1928.1136363999995,,,,,,,,,,,,,,1928.0981099,1928.1136363999995,1930.3468709999997,1930.5969446,1930.7160496999986,1930.6972124000004,,,,,,,,,,,,,,,,,,,,,,,,,,,,,,,,,,,,,,,,,,,,,,,,,,,,,,,,,,,,,,,,,,,,,,,,,,,,,,,,,,,,,,,,,,,,,,,,,,,,1930.7050376999996,1930.7160496999986,1930.7160496999986,1930.7160496999986,1933.713737,right,1,1.2660450000003038,0.1359439999996539,,,,,,,,,,,,,,,,,,,,,,,,,,,,,,,,,,,,,,,,FA2804,001,2026-04-28_13h14.14.014,SEED,2024.2.5,61.93135404803123,2026-04-28 13h16.07.102570 +0100,
63,,,,,,,,,,,,2.25,8,8,0,,,,,,Scenes_Dataset/desert_B.jpg,"(600, 381)",Lure,None,None,new,right,None,None,None,None,None,,,,,,,,,,,,right,1,0.8473223000000871,0.1358375999989221,,,,,,,,,,,,,,,,,,,,0,8,8,62,,,,,,,,,1933.7301919000001,,,,,,,,,,,,,,1933.7144117999997,1933.7301919000001,1935.946844099999,1936.198946999999,1935.9801730999989,1936.1809010999987,,,,,,,,,,,,,,,,,,,,,,,,,,,,,,,,,,,,,,,,,,,,,,,,,,,,,,,,,,,,,,,,,,,,,,,,,,,,,,,,,,,,,,,,,,,,,,,,,,,,1936.1951965999997,1936.198946999999,1936.198946999999,1936.198946999999,1939.197200999999,right,1,0.8473223000000871,0.1358375999989221,,,,,,,,,,,,,,,,,,,,,,,,,,,,,,,,,,,,,,,,FA2804,001,2026-04-28_13h14.14.014,SEED,2024.2.5,61.93135404803123,2026-04-28 13h16.07.102570 +0100,
34,,,,,,,,,,,,2.35,9,9,0,,,,,,Scenes_Dataset/flower_shop_A.jpg,"(600, 450)",Incongruent,Objects_Dataset/trumpet_retouched.png,"(300, 122)",old,left,Objects_Dataset/sailor_hat.png,"(300, 250)","(300, 200)","(300, -200)",up,,,,,,,,,,,,left,1,0.9466070999988005,0.14386260000173934,,,,,,,,,,,,,,,,,,,,0,9,9,33,,,,,,,,,1939.2135402999993,,,,,,,,,,,,,,1939.1978457999994,1939.2135402999993,1941.4312756,1941.6834534999998,1941.5635586999997,1941.664281899999,,,,,,,,,,,,,,,,,,,,,,,,,,,,,,,,,,,,,,,,,,,,,,,,,,,,,,,,,,,,,,,,,,,,,,,,,,,,,,,,,,,,,,,,,,,,,,,,,,,,1941.6796366999988,1941.6834534999998,1941.6834534999998,1941.6834534999998,1944.6807572999987,left,1,0.9466070999988005,0.14386260000173934,,,,,,,,,,,,,,,,,,,,,,,,,,,,,,,,,,,,,,,,FA2804,001,2026-04-28_13h14.14.014,SEED,2024.2.5,61.93135404803123,2026-04-28 13h16.07.102570 +0100,
56,,,,,,,,,,,,2.15,10,10,0,,,,,,Scenes_Dataset/fountain_A.jpg,"(600, 443)",Incongruent,Objects_Dataset/plasticine.png,"(250, 167)",old,left,Objects_Dataset/hands_dryer.png,"(350, 267)","(300, 200)","(300, -200)",up,,,,,,,,,,,,left,1,1.7513646999996126,0.15221139999994193,,,,,,,,,,,,,,,,,,,,0,10,10,55,,,,,,,,,1944.696910999999,,,,,,,,,,,,,,1944.6814658999992,1944.696910999999,1946.9136018999998,1947.1665899,1946.8500187999998,1947.1501224000003,,,,,,,,,,,,,,,,,,,,,,,,,,,,,,,,,,,,,,,,,,,,,,,,,,,,,,,,,,,,,,,,,,,,,,,,,,,,,,,,,,,,,,,,,,,,,,,,,,,,1947.162282899999,1947.1665899,1947.1665899,1947.1665899,1950.1643569999997,left,1,1.7513646999996126,0.15221139999994193,,,,,,,,,,,,,,,,,,,,,,,,,,,,,,,,,,,,,,,,FA2804,001,2026-04-28_13h14.14.014,SEED,2024.2.5,61.93135404803123,2026-04-28 13h16.07.102570 +0100,
75,,,,,,,,,,,,2.85,11,11,0,,,,,,Scenes_Dataset/gymnasium_A.jpg,"(600, 399)",Lure,None,None,new,right,None,None,None,None,None,,,,,,,,,,,,right,1,1.1686910999997053,0.19997970000076748,,,,,,,,,,,,,,,,,,,,0,11,11,74,,,,,,,,,1950.1808598999996,,,,,,,,,,,,,,1950.1655897,1950.1808598999996,1952.4139907999997,1952.6640208999997,1953.0372540999997,1953.0142479999995,,,,,,,,,,,,,,,,,,,,,,,,,,,,,,,,,,,,,,,,,,,,,,,,,,,,,,,,,,,,,,,,,,,,,,,,,,,,,,,,,,,,,,,,,,,,,,,,,,,,1953.0334430999992,1953.0372540999997,1953.0372540999997,1953.0372540999997,1956.0313313999995,right,1,1.1686910999997053,0.19997970000076748,,,,,,,,,,,,,,,,,,,,,,,,,,,,,,,,,,,,,,,,FA2804,001,2026-04-28_13h14.14.014,SEED,2024.2.5,61.93135404803123,2026-04-28 13h16.07.102570 +0100,
28,,,,,,,,,,,,2.05,12,12,0,,,,,,Scenes_Dataset/public_toilet_A.jpg,"(600, 375)",Congruent,Objects_Dataset/hands_dryer.png,"(350, 267)",old,left,Objects_Dataset/paper_towel_dispenser.png,"(300, 400)","(300, -200)","(300, 200)",down,,,,,,,,,,,,right,0,1.338232899999639,0.19993609999983164,,,,,,,,,,,,,,,,,,,,0,12,12,27,,,,,,,,,1956.047360999999,,,,,,,,,,,,,,1956.0320874999998,1956.047360999999,1958.2651544,1958.5317448999995,1958.0972505999998,1958.514565399999,,,,,,,,,,,,,,,,,,,,,,,,,,,,,,,,,,,,,,,,,,,,,,,,,,,,,,,,,,,,,,,,,,,,,,,,,,,,,,,,,,,,,,,,,,,,,,,,,,,,1958.5281792999995,1958.5317448999995,1958.5317448999995,1958.5317448999995,1961.5311626999992,right,0,1.338232899999639,0.19993609999983164,,,,,,,,,,,,,,,,,,,,,,,,,,,,,,,,,,,,,,,,FA2804,001,2026-04-28_13h14.14.014,SEED,2024.2.5,61.93135404803123,2026-04-28 13h16.07.102570 +0100,
14,,,,,,,,,,,,2.65,13,13,0,,,,,,Scenes_Dataset/palace_interior_A.jpg,"(600, 447)",Congruent,Objects_Dataset/chandelier_retouched.png,"(250, 300)",old,left,Objects_Dataset/crown.png,"(300, 249)","(300, -200)","(300, 200)",down,,,,,,,,,,,,left,1,1.237466200000199,0.18381399999998393,,,,,,,,,,,,,,,,,,,,0,13,13,13,,,,,,,,,1961.5474422999996,,,,,,,,,,,,,,1961.5317512000001,1961.5474422999996,1963.7639765000004,1964.014146899999,1964.2003981999987,1964.1821389999986,,,,,,,,,,,,,,,,,,,,,,,,,,,,,,,,,,,,,,,,,,,,,,,,,,,,,,,,,,,,,,,,,,,,,,,,,,,,,,,,,,,,,,,,,,,,,,,,,,,,1964.1964138000003,1964.2003981999987,1964.2003981999987,1964.2003981999987,1967.1977600999999,left,1,1.237466200000199,0.18381399999998393,,,,,,,,,,,,,,,,,,,,,,,,,,,,,,,,,,,,,,,,FA2804,001,2026-04-28_13h14.14.014,SEED,2024.2.5,61.93135404803123,2026-04-28 13h16.07.102570 +0100,
74,,,,,,,,,,,,2.8,14,14,0,,,,,,Scenes_Dataset/terrace_A.jpg,"(600, 451)",Lure,None,None,new,right,None,None,None,None,None,,,,,,,,,,,,right,1,1.045774899999742,0.23190280000017083,,,,,,,,,,,,,,,,,,,,0,14,14,73,,,,,,,,,1967.2139764000003,,,,,,,,,,,,,,1967.1986060999989,1967.2139764000003,1969.4475167,1969.6977269,1970.016245499999,1969.9979113999998,,,,,,,,,,,,,,,,,,,,,,,,,,,,,,,,,,,,,,,,,,,,,,,,,,,,,,,,,,,,,,,,,,,,,,,,,,,,,,,,,,,,,,,,,,,,,,,,,,,,1970.0122281000004,1970.016245499999,1970.016245499999,1970.016245499999,1973.0002695000003,right,1,1.045774899999742,0.23190280000017083,,,,,,,,,,,,,,,,,,,,,,,,,,,,,,,,,,,,,,,,FA2804,001,2026-04-28_13h14.14.014,SEED,2024.2.5,61.93135404803123,2026-04-28 13h16.07.102570 +0100,
67,,,,,,,,,,,,2.45,15,15,0,,,,,,Scenes_Dataset/kindergarten_B.jpg,"(600, 401)",Lure,None,None,new,right,None,None,None,None,None,,,,,,,,,,,,right,1,1.8036295999991125,0.20815010000114853,,,,,,,,,,,,,,,,,,,,0,15,15,66,,,,,,,,,1973.0140886999998,,,,,,,,,,,,,,1973.0007514999998,1973.0140886999998,1975.2474826999987,1975.4983764999997,1975.4640727999995,1975.4809833999989,,,,,,,,,,,,,,,,,,,,,,,,,,,,,,,,,,,,,,,,,,,,,,,,,,,,,,,,,,,,,,,,,,,,,,,,,,,,,,,,,,,,,,,,,,,,,,,,,,,,1975.4946351999988,1975.4983764999997,1975.4983764999997,1975.4983764999997,1978.4813216000002,right,1,1.8036295999991125,0.20815010000114853,,,,,,,,,,,,,,,,,,,,,,,,,,,,,,,,,,,,,,,,FA2804,001,2026-04-28_13h14.14.014,SEED,2024.2.5,61.93135404803123,2026-04-28 13h16.07.102570 +0100,
52,,,,,,,,,,,,3.25,16,16,0,,,,,,Scenes_Dataset/parking_lot_A.jpg,"(600, 397)",Incongruent,Objects_Dataset/digital_piano_retouched.png,"(350, 350)",old,left,Objects_Dataset/toothbrush.png,"(300, 215)","(300, 200)","(300, -200)",up,,,,,,,,,,,,left,1,0.944336900000053,0.1762553000007756,,,,,,,,,,,,,,,,,,,,0,16,16,51,,,,,,,,,1978.4976621999995,,,,,,,,,,,,,,1978.4825490000003,1978.4976621999995,1980.7316097000003,1980.9809179999993,1981.7495741000002,1981.7317925999996,,,,,,,,,,,,,,,,,,,,,,,,,,,,,,,,,,,,,,,,,,,,,,,,,,,,,,,,,,,,,,,,,,,,,,,,,,,,,,,,,,,,,,,,,,,,,,,,,,,,1981.7458479999987,1981.7495741000002,1981.7495741000002,1981.7495741000002,1984.7478546999992,left,1,0.944336900000053,0.1762553000007756,,,,,,,,,,,,,,,,,,,,,,,,,,,,,,,,,,,,,,,,FA2804,001,2026-04-28_13h14.14.014,SEED,2024.2.5,61.93135404803123,2026-04-28 13h16.07.102570 +0100,
19,,,,,,,,,,,,2.9,17,17,0,,,,,,Scenes_Dataset/island_A.jpg,"(600, 420)",Congruent,Objects_Dataset/message_bottle.png,"(284, 177)",old,left,Objects_Dataset/kayak.png,"(450, 338)","(300, -200)","(300, 200)",down,,,,,,,,,,,,left,1,2.162899099999777,0.16810399999849324,,,,,,,,,,,,,,,,,,,,0,17,17,18,,,,,,,,,1984.7643800999995,,,,,,,,,,,,,,1984.7484384,1984.7643800999995,1986.980978399999,1987.2310056999995,1987.6670030999994,1987.6480097000003,,,,,,,,,,,,,,,,,,,,,,,,,,,,,,,,,,,,,,,,,,,,,,,,,,,,,,,,,,,,,,,,,,,,,,,,,,,,,,,,,,,,,,,,,,,,,,,,,,,,1987.6632383999986,1987.6670030999994,1987.6670030999994,1987.6670030999994,1990.6645403999992,left,1,2.162899099999777,0.16810399999849324,,,,,,,,,,,,,,,,,,,,,,,,,,,,,,,,,,,,,,,,FA2804,001,2026-04-28_13h14.14.014,SEED,2024.2.5,61.93135404803123,2026-04-28 13h16.07.102570 +0100,
30,,,,,,,,,,,,2.15,18,18,0,,,,,,Scenes_Dataset/locker_room_B.jpg,"(600, 399)",Congruent,Objects_Dataset/locker.png,"(264, 400)",old,left,Objects_Dataset/slippers.png,"(280, 300)","(300, -200)","(300, 200)",down,,,,,,,,,,,,left,1,1.2093920999996044,0.18395590000000084,,,,,,,,,,,,,,,,,,,,0,18,18,29,,,,,,,,,1990.681063099999,,,,,,,,,,,,,,1990.6651227000002,1990.681063099999,1992.8977548000003,1993.148587399999,1992.833315599999,1993.1333113,,,,,,,,,,,,,,,,,,,,,,,,,,,,,,,,,,,,,,,,,,,,,,,,,,,,,,,,,,,,,,,,,,,,,,,,,,,,,,,,,,,,,,,,,,,,,,,,,,,,1993.1450398999987,1993.148587399999,1993.148587399999,1993.148587399999,1996.1321778000001,left,1,1.2093920999996044,0.18395590000000084,1996.1481624999997,1996.1481624999997,1996.1481624999997,,,,,,,,,,,,,,,,,,,,,,,,,,,,,,,,,,,,,FA2804,001,2026-04-28_13h14.14.014,SEED,2024.2.5,61.93135404803123,2026-04-28 13h16.07.102570 +0100,
26,,,,,,,,,,,,3.25,19,19,0,,,,,,Scenes_Dataset/hospital_room_B.jpg,"(600, 400)",Congruent,Objects_Dataset/saline_retouched.png,"(300, 225)",old,left,Objects_Dataset/pills.png,"(216, 250)","(300, -200)","(300, 200)",down,,,,,,,,,,,,left,1,2.2171204000005673,0.15992419999929552,,,,,,,,,,,,,,,,,,,,0,19,19,25,,,,,,,,,1996.1481624999997,,,,,,,,,,,,,,1996.1330498999996,1996.1481624999997,1998.397861899999,1998.6506852999992,1999.396937899999,1999.3814540999992,,,,,,,,,,,,,,,,,,,,,,,,,,,,,,,,,,,,,,,,,,,,,,,,,,,,,,,,,,,,,,,,,,,,,,,,,,,,,,,,,,,,,,,,,,,,,,,,,,,,1999.393285,1999.396937899999,1999.396937899999,1999.396937899999,2002.3816023999989,left,1,2.2171204000005673,0.15992419999929552,2002.3980360999994,2002.3980360999994,2002.3980360999994,,,,,,,,,,,,,,,,,,,,,,,,,,,,,,,,,,,,,FA2804,001,2026-04-28_13h14.14.014,SEED,2024.2.5,61.93135404803123,2026-04-28 13h16.07.102570 +0100,
8,,,,,,,,,,,,2.35,20,20,0,,,,,,Scenes_Dataset/igloo_A.jpg,"(600, 450)",Congruent,Objects_Dataset/eskimo_coat.png,"(300, 300)",old,left,Objects_Dataset/wool_cap.png,"(250, 250)","(300, -200)","(300, 200)",down,,,,,,,,,,,,left,1,0.9110810999991372,0.14383600000110164,,,,,,,,,,,,,,,,,,,,0,20,20,7,,,,,,,,,2002.3980360999994,,,,,,,,,,,,,,2002.3821658999987,2002.3980360999994,2004.6316491999987,2004.8868915999992,2004.7494451999992,2004.8653928000003,,,,,,,,,,,,,,,,,,,,,,,,,,,,,,,,,,,,,,,,,,,,,,,,,,,,,,,,,,,,,,,,,,,,,,,,,,,,,,,,,,,,,,,,,,,,,,,,,,,,2004.882845,2004.8868915999992,2004.8868915999992,2004.8868915999992,2007.865813299999,left,1,0.9110810999991372,0.14383600000110164,,,,,,,,,,,,,,,,,,,,,,,,,,,,,,,,,,,,,,,,FA2804,001,2026-04-28_13h14.14.014,SEED,2024.2.5,61.93135404803123,2026-04-28 13h16.07.102570 +0100,
44,,,,,,,,,,,,2.85,21,21,0,,,,,,Scenes_Dataset/boat_interior_A.jpg,"(600, 400)",Incongruent,Objects_Dataset/scooter_retouched.png,"(311, 350)",old,left,Objects_Dataset/car_mat.png,"(230, 258)","(300, 200)","(300, -200)",up,,,,,,,,,,,,right,0,2.192720699998972,0.17619639999975334,,,,,,,,,,,,,,,,,,,,0,21,21,43,,,,,,,,,2007.8813993999993,,,,,,,,,,,,,,2007.8664122999999,2007.8813993999993,2010.1148931999996,2010.3648366999987,2010.733079399999,2010.7154637000003,,,,,,,,,,,,,,,,,,,,,,,,,,,,,,,,,,,,,,,,,,,,,,,,,,,,,,,,,,,,,,,,,,,,,,,,,,,,,,,,,,,,,,,,,,,,,,,,,,,,2010.7294157999986,2010.733079399999,2010.733079399999,2010.733079399999,2013.7318505000003,right,0,2.192720699998972,0.17619639999975334,,,,,,,,,,,,,,,,,,,,,,,,,,,,,,,,,,,,,,,,FA2804,001,2026-04-28_13h14.14.014,SEED,2024.2.5,61.93135404803123,2026-04-28 13h16.07.102570 +0100,
16,,,,,,,,,,,,2.75,22,22,0,,,,,,Scenes_Dataset/hair_salon_A.jpg,"(600, 386)",Congruent,Objects_Dataset/hairdryer_retouched.png,"(250, 241)",old,left,Objects_Dataset/comb.png,"(250, 250)","(300, -200)","(300, 200)",down,,,,,,,,,,,,left,1,1.416468999999779,0.1357733000004373,,,,,,,,,,,,,,,,,,,,0,22,22,15,,,,,,,,,2013.7481052999992,,,,,,,,,,,,,,2013.7324466999999,2013.7481052999992,2015.9647403,2016.2148527999998,2016.5016605,2016.4818314999993,,,,,,,,,,,,,,,,,,,,,,,,,,,,,,,,,,,,,,,,,,,,,,,,,,,,,,,,,,,,,,,,,,,,,,,,,,,,,,,,,,,,,,,,,,,,,,,,,,,,2016.4978028999994,2016.5016605,2016.5016605,2016.5016605,2019.4832545999998,left,1,1.416468999999779,0.1357733000004373,,,,,,,,,,,,,,,,,,,,,,,,,,,,,,,,,,,,,,,,FA2804,001,2026-04-28_13h14.14.014,SEED,2024.2.5,61.93135404803123,2026-04-28 13h16.07.102570 +0100,
58,,,,,,,,,,,,2.25,23,23,0,,,,,,Scenes_Dataset/museum_A.jpg,"(600, 337)",Incongruent,Objects_Dataset/bikini.png,"(350, 350)",old,left,Objects_Dataset/clothesline_retouched_2.png,"(350, 231)","(300, 200)","(300, -200)",up,,,,,,,,,,,,left,1,1.088279199999306,0.16008770000007644,,,,,,,,,,,,,,,,,,,,0,23,23,57,,,,,,,,,2019.4984879000003,,,,,,,,,,,,,,2019.4839561999997,2019.4984879000003,2021.7314933999987,2021.9815813999994,2021.7481086999996,2021.9653777000003,,,,,,,,,,,,,,,,,,,,,,,,,,,,,,,,,,,,,,,,,,,,,,,,,,,,,,,,,,,,,,,,,,,,,,,,,,,,,,,,,,,,,,,,,,,,,,,,,,,,2021.9773530000002,2021.9815813999994,2021.9815813999994,2021.9815813999994,2024.9655686999995,left,1,1.088279199999306,0.16008770000007644,2024.981504899999,2024.981504899999,2024.981504899999,,,,,,,,,,,,,,,,,,,,,,,,,,,,,,,,,,,,,FA2804,001,2026-04-28_13h14.14.014,SEED,2024.2.5,61.93135404803123,2026-04-28 13h16.07.102570 +0100,
7,,,,,,,,,,,,2.3,24,24,0,,,,,,Scenes_Dataset/snow_B.jpg,"(600, 450)",Congruent,Objects_Dataset/wool_cap.png,"(250, 250)",old,left,Objects_Dataset/eskimo_coat.png,"(300, 300)","(300, -200)","(300, 200)",down,,,,,,,,,,,,left,1,1.311889999999039,0.14337569999952393,,,,,,,,,,,,,,,,,,,,0,24,24,6,,,,,,,,,2024.981504899999,,,,,,,,,,,,,,2024.9662374,2024.981504899999,2027.2150573999988,2027.470569699999,2027.2816064999988,2027.4487238000002,,,,,,,,,,,,,,,,,,,,,,,,,,,,,,,,,,,,,,,,,,,,,,,,,,,,,,,,,,,,,,,,,,,,,,,,,,,,,,,,,,,,,,,,,,,,,,,,,,,,2027.466580799999,2027.470569699999,2027.470569699999,2027.470569699999,2030.4658345999997,left,1,1.311889999999039,0.14337569999952393,,,,,,,,,,,,,,,,,,,,,,,,,,,,,,,,,,,,,,,,FA2804,001,2026-04-28_13h14.14.014,SEED,2024.2.5,61.93135404803123,2026-04-28 13h16.07.102570 +0100,
15,,,,,,,,,,,,2.7,25,25,0,,,,,,Scenes_Dataset/river_A.jpg,"(600, 450)",Congruent,Objects_Dataset/kayak.png,"(450, 338)",old,left,Objects_Dataset/paddle.png,"(300, 299)","(300, -200)","(300, 200)",down,,,,,,,,,,,,left,1,2.0246224000002258,0.15204029999949853,,,,,,,,,,,,,,,,,,,,0,25,25,14,,,,,,,,,2030.481898599999,,,,,,,,,,,,,,2030.4665386999986,2030.481898599999,2032.6983136999988,2032.9484109999994,2033.1812790000004,2033.1654464999992,,,,,,,,,,,,,,,,,,,,,,,,,,,,,,,,,,,,,,,,,,,,,,,,,,,,,,,,,,,,,,,,,,,,,,,,,,,,,,,,,,,,,,,,,,,,,,,,,,,,2033.174379099999,2033.1812790000004,2033.1812790000004,2033.1812790000004,2036.1653585000004,left,1,2.0246224000002258,0.15204029999949853,2036.1815975999998,2036.1815975999998,2036.1815975999998,,,,,,,,,,,,,,,,,,,,,,,,,,,,,,,,,,,,,FA2804,001,2026-04-28_13h14.14.014,SEED,2024.2.5,61.93135404803123,2026-04-28 13h16.07.102570 +0100,
72,,,,,,,,,,,,2.7,26,26,0,,,,,,Scenes_Dataset/underwater_A.jpg,"(600, 450)",Lure,None,None,new,right,None,None,None,None,None,,,,,,,,,,,,right,1,1.1805294999994658,0.17596529999900667,,,,,,,,,,,,,,,,,,,,0,26,26,71,,,,,,,,,2036.1815975999998,,,,,,,,,,,,,,2036.1659342000003,2036.1815975999998,2038.4168565,2038.681825399999,2038.881342999999,2038.8654896999997,,,,,,,,,,,,,,,,,,,,,,,,,,,,,,,,,,,,,,,,,,,,,,,,,,,,,,,,,,,,,,,,,,,,,,,,,,,,,,,,,,,,,,,,,,,,,,,,,,,,2038.8738312999994,2038.881342999999,2038.881342999999,2038.881342999999,2041.8656673999994,right,1,1.1805294999994658,0.17596529999900667,2041.8817729000002,2041.8817729000002,2041.8817729000002,,,,,,,,,,,,,,,,,,,,,,,,,,,,,,,,,,,,,FA2804,001,2026-04-28_13h14.14.014,SEED,2024.2.5,61.93135404803123,2026-04-28 13h16.07.102570 +0100,
39,,,,,,,,,,,,2.6,27,27,0,,,,,,Scenes_Dataset/garage_A.jpg,"(600, 397)",Incongruent,Objects_Dataset/crown.png,"(300, 249)",old,left,Objects_Dataset/oxygen_mask_retouched.png,"(300, 300)","(300, 200)","(300, -200)",up,,,,,,,,,,,,left,1,1.7455785000001924,0.17597500000010768,,,,,,,,,,,,,,,,,,,,0,27,27,38,,,,,,,,,2041.8817729000002,,,,,,,,,,,,,,2041.8663655,2041.8817729000002,2044.115275,2044.3651498,2044.4843752999986,2044.4656607999987,,,,,,,,,,,,,,,,,,,,,,,,,,,,,,,,,,,,,,,,,,,,,,,,,,,,,,,,,,,,,,,,,,,,,,,,,,,,,,,,,,,,,,,,,,,,,,,,,,,,2044.4803709999996,2044.4843752999986,2044.4843752999986,2044.4843752999986,2047.4820849999996,left,1,1.7455785000001924,0.17597500000010768,,,,,,,,,,,,,,,,,,,,,,,,,,,,,,,,,,,,,,,,FA2804,001,2026-04-28_13h14.14.014,SEED,2024.2.5,61.93135404803123,2026-04-28 13h16.07.102570 +0100,
12,,,,,,,,,,,,2.55,28,28,0,,,,,,Scenes_Dataset/castle_A.jpg,"(600, 450)",Congruent,Objects_Dataset/sword_retouched.png,"(300, 300)",old,left,Objects_Dataset/shield.png,"(199, 300)","(300, -200)","(300, 200)",down,,,,,,,,,,,,left,1,0.8432572999990953,0.151919199999611,,,,,,,,,,,,,,,,,,,,0,28,28,11,,,,,,,,,2047.4985486999994,,,,,,,,,,,,,,2047.4826851999987,2047.4985486999994,2049.715269999999,2049.9652544,2050.050744099999,2050.0325049000003,,,,,,,,,,,,,,,,,,,,,,,,,,,,,,,,,,,,,,,,,,,,,,,,,,,,,,,,,,,,,,,,,,,,,,,,,,,,,,,,,,,,,,,,,,,,,,,,,,,,2050.0463423,2050.050744099999,2050.050744099999,2050.050744099999,2053.049641399999,left,1,0.8432572999990953,0.151919199999611,,,,,,,,,,,,,,,,,,,,,,,,,,,,,,,,,,,,,,,,FA2804,001,2026-04-28_13h14.14.014,SEED,2024.2.5,61.93135404803123,2026-04-28 13h16.07.102570 +0100,
51,,,,,,,,,,,,3.2,29,29,0,,,,,,Scenes_Dataset/clinic_A.jpg,"(600, 400)",Incongruent,Objects_Dataset/juggling_balls_retouched.png,"(350, 197)",old,left,Objects_Dataset/sled_retouched.png,"(450, 286)","(300, 200)","(300, -200)",up,,,,,,,,,,,,left,1,1.9235315999994782,0.1601026999996975,,,,,,,,,,,,,,,,,,,,0,29,29,50,,,,,,,,,2053.0655872999996,,,,,,,,,,,,,,2053.050591699999,2053.0655872999996,2055.282312899999,2055.5320859000003,2056.266537199999,2056.2491477000003,,,,,,,,,,,,,,,,,,,,,,,,,,,,,,,,,,,,,,,,,,,,,,,,,,,,,,,,,,,,,,,,,,,,,,,,,,,,,,,,,,,,,,,,,,,,,,,,,,,,2056.2628397999997,2056.266537199999,2056.266537199999,2056.266537199999,2059.2656841999997,left,1,1.9235315999994782,0.1601026999996975,,,,,,,,,,,,,,,,,,,,,,,,,,,,,,,,,,,,,,,,FA2804,001,2026-04-28_13h14.14.014,SEED,2024.2.5,61.93135404803123,2026-04-28 13h16.07.102570 +0100,
10,,,,,,,,,,,,2.45,30,30,0,,,,,,Scenes_Dataset/toy_store_B.jpg,"(600, 415)",Congruent,Objects_Dataset/doll.png,"(191, 300)",old,left,Objects_Dataset/abacus.png,"(185, 200)","(300, -200)","(300, 200)",down,,,,,,,,,,,,left,1,0.9103004999997211,0.1678922999999486,,,,,,,,,,,,,,,,,,,,0,30,30,9,,,,,,,,,2059.2823217999994,,,,,,,,,,,,,,2059.2663912999997,2059.2823217999994,2061.498833399999,2061.7518087999997,2061.7320089999994,2061.7324824999996,,,,,,,,,,,,,,,,,,,,,,,,,,,,,,,,,,,,,,,,,,,,,,,,,,,,,,,,,,,,,,,,,,,,,,,,,,,,,,,,,,,,,,,,,,,,,,,,,,,,2061.748125799999,2061.7518087999997,2061.7518087999997,2061.7518087999997,2064.749130099999,left,1,0.9103004999997211,0.1678922999999486,,,,,,,,,,,,,,,,,,,,,,,,,,,,,,,,,,,,,,,,FA2804,001,2026-04-28_13h14.14.014,SEED,2024.2.5,61.93135404803123,2026-04-28 13h16.07.102570 +0100,
53,,,,,,,,,,,,2,31,31,0,,,,,,Scenes_Dataset/operating_room_A.jpg,"(600, 416)",Incongruent,Objects_Dataset/rope.png,"(300, 248)",old,left,Objects_Dataset/scooter_retouched.png,"(311, 350)","(300, 200)","(300, -200)",up,,,,,,,,,,,,left,1,1.1506250000002183,0.15202189999945404,,,,,,,,,,,,,,,,,,,,0,31,31,52,,,,,,,,,2064.7654428999995,,,,,,,,,,,,,,2064.7498810999987,2064.7654428999995,2066.9822743999994,2067.231486999999,2066.765380699999,2067.2159924999996,,,,,,,,,,,,,,,,,,,,,,,,,,,,,,,,,,,,,,,,,,,,,,,,,,,,,,,,,,,,,,,,,,,,,,,,,,,,,,,,,,,,,,,,,,,,,,,,,,,,2067.227240799999,2067.231486999999,2067.231486999999,2067.231486999999,2070.215867699999,left,1,1.1506250000002183,0.15202189999945404,2070.2321206999986,2070.2321206999986,2070.2321206999986,,,,,,,,,,,,,,,,,,,,,,,,,,,,,,,,,,,,,FA2804,001,2026-04-28_13h14.14.014,SEED,2024.2.5,61.93135404803123,2026-04-28 13h16.07.102570 +0100,
65,,,,,,,,,,,,2.35,32,32,0,,,,,,Scenes_Dataset/toy_store_A.jpg,"(600, 399)",Lure,None,None,new,right,None,None,None,None,None,,,,,,,,,,,,right,1,2.0645449999992707,0.18476399999963178,,,,,,,,,,,,,,,,,,,,0,32,32,64,,,,,,,,,2070.2321206999986,,,,,,,,,,,,,,2070.2164694000003,2070.2321206999986,2072.4656242,2072.7173489999986,2072.5828703999996,2072.6996897999998,,,,,,,,,,,,,,,,,,,,,,,,,,,,,,,,,,,,,,,,,,,,,,,,,,,,,,,,,,,,,,,,,,,,,,,,,,,,,,,,,,,,,,,,,,,,,,,,,,,,2072.7138514,2072.7173489999986,2072.7173489999986,2072.7173489999986,2075.7162338,right,1,2.0645449999992707,0.18476399999963178,,,,,,,,,,,,,,,,,,,,,,,,,,,,,,,,,,,,,,,,FA2804,001,2026-04-28_13h14.14.014,SEED,2024.2.5,61.93135404803123,2026-04-28 13h16.07.102570 +0100,
45,,,,,,,,,,,,2.9,33,33,0,,,,,,Scenes_Dataset/factory_B.jpg,"(600, 415)",Incongruent,Objects_Dataset/shield.png,"(199, 300)",old,left,Objects_Dataset/trumpet_retouched.png,"(300, 122)","(300, 200)","(300, -200)",up,,,,,,,,,,,,left,1,1.0587776000011218,0.15199849999953585,,,,,,,,,,,,,,,,,,,,0,33,33,44,,,,,,,,,2075.7327028,,,,,,,,,,,,,,2075.7169943999997,2075.7327028,2077.949154,2078.1991103,2078.6351565999994,2078.6161697999996,,,,,,,,,,,,,,,,,,,,,,,,,,,,,,,,,,,,,,,,,,,,,,,,,,,,,,,,,,,,,,,,,,,,,,,,,,,,,,,,,,,,,,,,,,,,,,,,,,,,2078.6312719999987,2078.6351565999994,2078.6351565999994,2078.6351565999994,2081.616583699999,left,1,1.0587776000011218,0.15199849999953585,,,,,,,,,,,,,,,,,,,,,,,,,,,,,,,,,,,,,,,,FA2804,001,2026-04-28_13h14.14.014,SEED,2024.2.5,61.93135404803123,2026-04-28 13h16.07.102570 +0100,
46,,,,,,,,,,,,2.95,34,34,0,,,,,,Scenes_Dataset/skate_park_A.jpg,"(600, 450)",Incongruent,Objects_Dataset/paddle.png,"(300, 299)",old,left,Objects_Dataset/fan.png,"(350, 350)","(300, 200)","(300, -200)",up,,,,,,,,,,,,left,1,1.7128523999999743,0.1838542999994388,,,,,,,,,,,,,,,,,,,,0,34,34,45,,,,,,,,,2081.6324263999995,,,,,,,,,,,,,,2081.617157499999,2081.6324263999995,2083.865680499999,2084.1158727,2084.5891186999997,2084.5665825999986,,,,,,,,,,,,,,,,,,,,,,,,,,,,,,,,,,,,,,,,,,,,,,,,,,,,,,,,,,,,,,,,,,,,,,,,,,,,,,,,,,,,,,,,,,,,,,,,,,,,2084.5853876,2084.5891186999997,2084.5891186999997,2084.5891186999997,2087.5831254999994,left,1,1.7128523999999743,0.1838542999994388,,,,,,,,,,,,,,,,,,,,,,,,,,,,,,,,,,,,,,,,FA2804,001,2026-04-28_13h14.14.014,SEED,2024.2.5,61.93135404803123,2026-04-28 13h16.07.102570 +0100,
18,,,,,,,,,,,,2.85,35,35,0,,,,,,Scenes_Dataset/soccer_stadium_B.jpg,"(600, 400)",Congruent,Objects_Dataset/football_boots.png,"(300, 300)",old,left,Objects_Dataset/whistle.png,"(200, 151)","(300, -200)","(300, 200)",down,,,,,,,,,,,,left,1,1.001012200000332,0.19174499999826367,,,,,,,,,,,,,,,,,,,,0,35,35,17,,,,,,,,,2087.599360299999,,,,,,,,,,,,,,2087.5839189,2087.599360299999,2089.8177512,2090.0827007999997,2090.4530859999995,2090.4333886999993,,,,,,,,,,,,,,,,,,,,,,,,,,,,,,,,,,,,,,,,,,,,,,,,,,,,,,,,,,,,,,,,,,,,,,,,,,,,,,,,,,,,,,,,,,,,,,,,,,,,2090.4493887999997,2090.4530859999995,2090.4530859999995,2090.4530859999995,2093.4500668,left,1,1.001012200000332,0.19174499999826367,,,,,,,,,,,,,,,,,,,,,,,,,,,,,,,,,,,,,,,,FA2804,001,2026-04-28_13h14.14.014,SEED,2024.2.5,61.93135404803123,2026-04-28 13h16.07.102570 +0100,
80,,,,,,,,,,,,3.1,36,36,0,,,,,,Scenes_Dataset/amusement_park_A.jpg,"(600, 400)",Lure,None,None,new,right,None,None,None,None,None,,,,,,,,,,,,right,1,1.112224200000128,0.19984739999927115,,,,,,,,,,,,,,,,,,,,0,36,36,79,,,,,,,,,2093.4659281999993,,,,,,,,,,,,,,2093.4509782999994,2093.4659281999993,2095.6827808999988,2095.9336862,2096.5657489999994,2096.5499483000003,,,,,,,,,,,,,,,,,,,,,,,,,,,,,,,,,,,,,,,,,,,,,,,,,,,,,,,,,,,,,,,,,,,,,,,,,,,,,,,,,,,,,,,,,,,,,,,,,,,,2096.558764899999,2096.5657489999994,2096.5657489999994,2096.5657489999994,2099.550178399999,right,1,1.112224200000128,0.19984739999927115,2099.566238899999,2099.566238899999,2099.566238899999,,,,,,,,,,,,,,,,,,,,,,,,,,,,,,,,,,,,,FA2804,001,2026-04-28_13h14.14.014,SEED,2024.2.5,61.93135404803123,2026-04-28 13h16.07.102570 +0100,
27,,,,,,,,,,,,2,37,37,0,,,,,,Scenes_Dataset/toilet_A.jpg,"(600, 450)",Congruent,Objects_Dataset/toothbrush.png,"(300, 215)",old,left,Objects_Dataset/hairdryer_retouched.png,"(250, 241)","(300, -200)","(300, 200)",down,,,,,,,,,,,,left,1,1.4754200000006676,0.16794519999893964,,,,,,,,,,,,,,,,,,,,0,37,37,26,,,,,,,,,2099.566238899999,,,,,,,,,,,,,,2099.5508917999996,2099.566238899999,2101.7993561999992,2102.0505255999997,2101.5662476999987,2102.0330849,,,,,,,,,,,,,,,,,,,,,,,,,,,,,,,,,,,,,,,,,,,,,,,,,,,,,,,,,,,,,,,,,,,,,,,,,,,,,,,,,,,,,,,,,,,,,,,,,,,,2102.046701899999,2102.0505255999997,2102.0505255999997,2102.0505255999997,2105.0335987,left,1,1.4754200000006676,0.16794519999893964,,,,,,,,,,,,,,,,,,,,,,,,,,,,,,,,,,,,,,,,FA2804,001,2026-04-28_13h14.14.014,SEED,2024.2.5,61.93135404803123,2026-04-28 13h16.07.102570 +0100,
84,,,,,,,,,,,,2,38,38,0,,,,,,Scenes_Dataset/bedroom_A.jpg,"(600, 403)",Lure,None,None,new,right,None,None,None,None,None,,,,,,,,,,,,right,1,1.0642013999986375,0.1841008999999758,,,,,,,,,,,,,,,,,,,,0,38,38,83,,,,,,,,,2105.0508930999986,,,,,,,,,,,,,,2105.0344987999997,2105.0508930999986,2107.282947399999,2107.5337081,2107.066687999999,2107.5165877,,,,,,,,,,,,,,,,,,,,,,,,,,,,,,,,,,,,,,,,,,,,,,,,,,,,,,,,,,,,,,,,,,,,,,,,,,,,,,,,,,,,,,,,,,,,,,,,,,,,2107.530095799999,2107.5337081,2107.5337081,2107.5337081,2110.5167373999993,right,1,1.0642013999986375,0.1841008999999758,2110.5330195999995,2110.5330195999995,2110.5330195999995,,,,,,,,,,,,,,,,,,,,,,,,,,,,,,,,,,,,,FA2804,001,2026-04-28_13h14.14.014,SEED,2024.2.5,61.93135404803123,2026-04-28 13h16.07.102570 +0100,
82,,,,,,,,,,,,3.2,39,39,0,,,,,,Scenes_Dataset/classroom_A.jpg,"(600, 450)",Lure,None,None,new,right,None,None,None,None,None,,,,,,,,,,,,right,1,1.238874399999986,0.20009229999959643,,,,,,,,,,,,,,,,,,,,0,39,39,81,,,,,,,,,2110.5330195999995,,,,,,,,,,,,,,2110.5174976,2110.5330195999995,2112.766350599999,2113.0163228,2113.734962299999,2113.7166598999993,,,,,,,,,,,,,,,,,,,,,,,,,,,,,,,,,,,,,,,,,,,,,,,,,,,,,,,,,,,,,,,,,,,,,,,,,,,,,,,,,,,,,,,,,,,,,,,,,,,,2113.7310655,2113.734962299999,2113.734962299999,2113.734962299999,2116.7336467999994,right,1,1.238874399999986,0.20009229999959643,,,,,,,,,,,,,,,,,,,,,,,,,,,,,,,,,,,,,,,,FA2804,001,2026-04-28_13h14.14.014,SEED,2024.2.5,61.93135404803123,2026-04-28 13h16.07.102570 +0100,
54,,,,,,,,,,,,2.05,40,40,0,,,,,,Scenes_Dataset/campsite_A.jpg,"(600, 402)",Incongruent,Objects_Dataset/door_mat.png,"(300, 300)",old,left,Objects_Dataset/remote_control.png,"(300, 293)","(300, 200)","(300, -200)",up,,,,,,,,,,,,left,1,0.9635155999985727,0.17599490000065998,,,,,,,,,,,,,,,,,,,,0,40,40,53,,,,,,,,,2116.7498457,,,,,,,,,,,,,,2116.7342417,2116.7498457,2118.967186099999,2119.2183569999997,2118.7995935,2119.2003731999994,,,,,,,,,,,,,,,,,,,,,,,,,,,,,,,,,,,,,,,,,,,,,,,,,,,,,,,,,,,,,,,,,,,,,,,,,,,,,,,,,,,,,,,,,,,,,,,,,,,,2119.2145,2119.2183569999997,2119.2183569999997,2119.2183569999997,2122.216598699999,left,1,0.9635155999985727,0.17599490000065998,,,,,,,,,,,,,,,,,,,,,,,,,,,,,,,,,,,,,,,,FA2804,001,2026-04-28_13h14.14.014,SEED,2024.2.5,61.93135404803123,2026-04-28 13h16.07.102570 +0100,
62,,,,,,,,,,,,2.2,41,41,0,,,,,,Scenes_Dataset/soccer_stadium_A.jpg,"(600, 400)",Lure,None,None,new,right,None,None,None,None,None,,,,,,,,,,,,right,1,1.1193337000004249,0.20778780000000552,,,,,,,,,,,,,,,,,,,,0,41,41,61,,,,,,,,,2122.2330375,,,,,,,,,,,,,,2122.2173270000003,2122.2330375,2124.4496939,2124.7027034000002,2124.4330622999987,2124.685877099999,,,,,,,,,,,,,,,,,,,,,,,,,,,,,,,,,,,,,,,,,,,,,,,,,,,,,,,,,,,,,,,,,,,,,,,,,,,,,,,,,,,,,,,,,,,,,,,,,,,,2124.698919999999,2124.7027034000002,2124.7027034000002,2124.7027034000002,2127.7002956999986,right,1,1.1193337000004249,0.20778780000000552,,,,,,,,,,,,,,,,,,,,,,,,,,,,,,,,,,,,,,,,FA2804,001,2026-04-28_13h14.14.014,SEED,2024.2.5,61.93135404803123,2026-04-28 13h16.07.102570 +0100,
87,,,,,,,,,,,,2.15,42,42,0,,,,,,Scenes_Dataset/train_station_A.jpg,"(600, 415)",Lure,None,None,new,right,None,None,None,None,None,,,,,,,,,,,,right,1,1.1008019000000786,0.1758812999996735,,,,,,,,,,,,,,,,,,,,0,42,42,86,,,,,,,,,2127.7164653,,,,,,,,,,,,,,2127.700899899999,2127.7164653,2129.949907,2130.2011428999995,2129.8666051,2130.1840966,,,,,,,,,,,,,,,,,,,,,,,,,,,,,,,,,,,,,,,,,,,,,,,,,,,,,,,,,,,,,,,,,,,,,,,,,,,,,,,,,,,,,,,,,,,,,,,,,,,,2130.197457799999,2130.2011428999995,2130.2011428999995,2130.2011428999995,2133.2023216999987,right,1,1.1008019000000786,0.1758812999996735,,,,,,,,,,,,,,,,,,,,,,,,,,,,,,,,,,,,,,,,FA2804,001,2026-04-28_13h14.14.014,SEED,2024.2.5,61.93135404803123,2026-04-28 13h16.07.102570 +0100,
24,,,,,,,,,,,,3.15,43,43,0,,,,,,Scenes_Dataset/marina_A.jpg,"(600, 450)",Congruent,Objects_Dataset/sailor_hat.png,"(300, 250)",old,left,Objects_Dataset/rope.png,"(300, 248)","(300, -200)","(300, 200)",down,,,,,,,,,,,,left,1,2.3557848000000376,0.15198140000029525,,,,,,,,,,,,,,,,,,,,0,43,43,23,,,,,,,,,2133.2165165999995,,,,,,,,,,,,,,2133.2029518,2133.2165165999995,2135.4331796999995,2135.6832240999993,2136.3700740000004,2136.3506949000002,,,,,,,,,,,,,,,,,,,,,,,,,,,,,,,,,,,,,,,,,,,,,,,,,,,,,,,,,,,,,,,,,,,,,,,,,,,,,,,,,,,,,,,,,,,,,,,,,,,,2136.3662588999996,2136.3700740000004,2136.3700740000004,2136.3700740000004,2139.3670243999986,left,1,2.3557848000000376,0.15198140000029525,,,,,,,,,,,,,,,,,,,,,,,,,,,,,,,,,,,,,,,,FA2804,001,2026-04-28_13h14.14.014,SEED,2024.2.5,61.93135404803123,2026-04-28 13h16.07.102570 +0100,
4,,,,,,,,,,,,2.15,44,44,0,,,,,,Scenes_Dataset/pastry_shop_A.jpg,"(600, 400)",Congruent,Objects_Dataset/cake_holder.png,"(300, 209)",old,left,Objects_Dataset/cake_tongs_retouched.png,"(300, 75)","(300, -200)","(300, 200)",down,,,,,,,,,,,,right,0,1.4506916000009369,0.17559929999879387,,,,,,,,,,,,,,,,,,,,0,44,44,3,,,,,,,,,2139.383323099999,,,,,,,,,,,,,,2139.3676952999995,2139.383323099999,2141.5998576,2141.85153,2141.5331754,2141.8338637999987,,,,,,,,,,,,,,,,,,,,,,,,,,,,,,,,,,,,,,,,,,,,,,,,,,,,,,,,,,,,,,,,,,,,,,,,,,,,,,,,,,,,,,,,,,,,,,,,,,,,2141.8477594999986,2141.85153,2141.85153,2141.85153,2144.8504376,right,0,1.4506916000009369,0.17559929999879387,,,,,,,,,,,,,,,,,,,,,,,,,,,,,,,,,,,,,,,,FA2804,001,2026-04-28_13h14.14.014,SEED,2024.2.5,61.93135404803123,2026-04-28 13h16.07.102570 +0100,
88,,,,,,,,,,,,2.2,45,45,0,,,,,,Scenes_Dataset/library_A.jpg,"(600, 478)",Lure,None,None,new,right,None,None,None,None,None,,,,,,,,,,,,right,1,0.8687097000001813,0.20002839999870048,,,,,,,,,,,,,,,,,,,,0,45,45,87,,,,,,,,,2144.866608999999,,,,,,,,,,,,,,2144.851088399999,2144.866608999999,2147.0832887999986,2147.3371783000002,2147.0666070999996,2147.3172127,,,,,,,,,,,,,,,,,,,,,,,,,,,,,,,,,,,,,,,,,,,,,,,,,,,,,,,,,,,,,,,,,,,,,,,,,,,,,,,,,,,,,,,,,,,,,,,,,,,,2147.3332199999986,2147.3371783000002,2147.3371783000002,2147.3371783000002,2150.3366405999986,right,1,0.8687097000001813,0.20002839999870048,,,,,,,,,,,,,,,,,,,,,,,,,,,,,,,,,,,,,,,,FA2804,001,2026-04-28_13h14.14.014,SEED,2024.2.5,61.93135404803123,2026-04-28 13h16.07.102570 +0100,
66,,,,,,,,,,,,2.4,46,46,0,,,,,,Scenes_Dataset/vault_B.jpg,"(600, 400)",Lure,None,None,new,right,None,None,None,None,None,,,,,,,,,,,,right,1,1.1485536000000138,0.1677529999997205,,,,,,,,,,,,,,,,,,,,0,46,46,65,,,,,,,,,2150.3499678999997,,,,,,,,,,,,,,2150.337317899999,2150.3499678999997,2152.566665999999,2152.817707,2152.750151299999,2152.8004,,,,,,,,,,,,,,,,,,,,,,,,,,,,,,,,,,,,,,,,,,,,,,,,,,,,,,,,,,,,,,,,,,,,,,,,,,,,,,,,,,,,,,,,,,,,,,,,,,,,2152.814078399999,2152.817707,2152.817707,2152.817707,2155.8004696999997,right,1,1.1485536000000138,0.1677529999997205,2155.8167233999993,2155.8167233999993,2155.8167233999993,,,,,,,,,,,,,,,,,,,,,,,,,,,,,,,,,,,,,FA2804,001,2026-04-28_13h14.14.014,SEED,2024.2.5,61.93135404803123,2026-04-28 13h16.07.102570 +0100,
36,,,,,,,,,,,,2.45,47,47,0,,,,,,Scenes_Dataset/stable_A.jpg,"(600, 450)",Incongruent,Objects_Dataset/remote_control.png,"(300, 293)",old,left,Objects_Dataset/sword_retouched.png,"(300, 300)","(300, 200)","(300, -200)",up,,,,,,,,,,,,left,1,1.010777400000734,0.15163399999983085,,,,,,,,,,,,,,,,,,,,0,47,47,35,,,,,,,,,2155.8167233999993,,,,,,,,,,,,,,2155.801045,2155.8167233999993,2158.0530230999993,2158.3234919999995,2158.2667356,2158.300674799999,,,,,,,,,,,,,,,,,,,,,,,,,,,,,,,,,,,,,,,,,,,,,,,,,,,,,,,,,,,,,,,,,,,,,,,,,,,,,,,,,,,,,,,,,,,,,,,,,,,,2158.3195584999994,2158.3234919999995,2158.3234919999995,2158.3234919999995,2161.3170180999987,left,1,1.010777400000734,0.15163399999983085,,,,,,,,,,,,,,,,,,,,,,,,,,,,,,,,,,,,,,,,FA2804,001,2026-04-28_13h14.14.014,SEED,2024.2.5,61.93135404803123,2026-04-28 13h16.07.102570 +0100,
73,,,,,,,,,,,,2.75,48,48,0,,,,,,Scenes_Dataset/cemetery_A.jpg,"(600, 452)",Lure,None,None,new,right,None,None,None,None,None,,,,,,,,,,,,right,1,1.2796376000005694,0.18400300000030256,,,,,,,,,,,,,,,,,,,,0,48,48,72,,,,,,,,,2161.3334594999997,,,,,,,,,,,,,,2161.3176509999994,2161.3334594999997,2163.5502915999987,2163.8004440999994,2164.0864407999998,2164.0675321,,,,,,,,,,,,,,,,,,,,,,,,,,,,,,,,,,,,,,,,,,,,,,,,,,,,,,,,,,,,,,,,,,,,,,,,,,,,,,,,,,,,,,,,,,,,,,,,,,,,2164.0825640000003,2164.0864407999998,2164.0864407999998,2164.0864407999998,2167.083756599999,right,1,1.2796376000005694,0.18400300000030256,,,,,,,,,,,,,,,,,,,,,,,,,,,,,,,,,,,,,,,,FA2804,001,2026-04-28_13h14.14.014,SEED,2024.2.5,61.93135404803123,2026-04-28 13h16.07.102570 +0100,
33,,,,,,,,,,,,2.3,49,49,0,,,,,,Scenes_Dataset/ice_rink_A.jpg,"(600, 450)",Incongruent,Objects_Dataset/paper_towel_dispenser.png,"(300, 400)",old,left,Objects_Dataset/saxophone.png,"(250, 250)","(300, 200)","(300, -200)",up,,,,,,,,,,,,left,1,0.9333468999993784,0.1678195999993477,,,,,,,,,,,,,,,,,,,,0,49,49,32,,,,,,,,,2167.1004243999996,,,,,,,,,,,,,,2167.0846003999995,2167.1004243999996,2169.316969399999,2169.5686757000003,2169.401034499999,2169.5507722,,,,,,,,,,,,,,,,,,,,,,,,,,,,,,,,,,,,,,,,,,,,,,,,,,,,,,,,,,,,,,,,,,,,,,,,,,,,,,,,,,,,,,,,,,,,,,,,,,,,2169.5647104,2169.5686757000003,2169.5686757000003,2169.5686757000003,2172.5687222999986,left,1,0.9333468999993784,0.1678195999993477,,,,,,,,,,,,,,,,,,,,,,,,,,,,,,,,,,,,,,,,FA2804,001,2026-04-28_13h14.14.014,SEED,2024.2.5,61.93135404803123,2026-04-28 13h16.07.102570 +0100,
64,,,,,,,,,,,,2.3,50,50,0,,,,,,Scenes_Dataset/building_entrance_B.jpg,"(600, 398)",Lure,None,None,new,right,None,None,None,None,None,,,,,,,,,,,,right,1,0.9872206000000006,0.18409329999849433,,,,,,,,,,,,,,,,,,,,0,50,50,63,,,,,,,,,2172.5839693,,,,,,,,,,,,,,2172.5693842,2172.5839693,2174.8007951,2175.050605999999,2174.8838507,2175.0344747,,,,,,,,,,,,,,,,,,,,,,,,,,,,,,,,,,,,,,,,,,,,,,,,,,,,,,,,,,,,,,,,,,,,,,,,,,,,,,,,,,,,,,,,,,,,,,,,,,,,2175.0467381,2175.050605999999,2175.050605999999,2175.050605999999,2178.034325299999,right,1,0.9872206000000006,0.18409329999849433,2178.0503766,2178.0503766,2178.0503766,,,,,,,,,,,,,,,,,,,,,,,,,,,,,,,,,,,,,FA2804,001,2026-04-28_13h14.14.014,SEED,2024.2.5,61.93135404803123,2026-04-28 13h16.07.102570 +0100,
13,,,,,,,,,,,,2.6,51,51,0,,,,,,Scenes_Dataset/circus_A.jpg,"(600, 421)",Congruent,Objects_Dataset/unicycle_retouched.png,"(159, 300)",old,left,Objects_Dataset/juggling_balls_retouched.png,"(350, 197)","(300, -200)","(300, 200)",down,,,,,,,,,,,,left,1,0.926504200000636,0.16823699999986275,,,,,,,,,,,,,,,,,,,,0,51,51,12,,,,,,,,,2178.0503766,,,,,,,,,,,,,,2178.0349128,2178.0503766,2180.285158499999,2180.5504592999987,2180.6554521,2180.6349056,,,,,,,,,,,,,,,,,,,,,,,,,,,,,,,,,,,,,,,,,,,,,,,,,,,,,,,,,,,,,,,,,,,,,,,,,,,,,,,,,,,,,,,,,,,,,,,,,,,,2180.6518027,2180.6554521,2180.6554521,2180.6554521,2183.6512488999997,left,1,0.926504200000636,0.16823699999986275,,,,,,,,,,,,,,,,,,,,,,,,,,,,,,,,,,,,,,,,FA2804,001,2026-04-28_13h14.14.014,SEED,2024.2.5,61.93135404803123,2026-04-28 13h16.07.102570 +0100,
79,,,,,,,,,,,,3.05,52,52,0,,,,,,Scenes_Dataset/construction_A.jpg,"(600, 440)",Lure,None,None,new,right,None,None,None,None,None,,,,,,,,,,,,right,1,0.9073750000006839,0.16798500000004424,,,,,,,,,,,,,,,,,,,,0,52,52,78,,,,,,,,,2183.6672987,,,,,,,,,,,,,,2183.6523297999993,2183.6672987,2185.9011790999994,2186.1505519,2186.722586599999,2186.701345899999,,,,,,,,,,,,,,,,,,,,,,,,,,,,,,,,,,,,,,,,,,,,,,,,,,,,,,,,,,,,,,,,,,,,,,,,,,,,,,,,,,,,,,,,,,,,,,,,,,,,2186.7187324999995,2186.722586599999,2186.722586599999,2186.722586599999,2189.7175833,right,1,0.9073750000006839,0.16798500000004424,,,,,,,,,,,,,,,,,,,,,,,,,,,,,,,,,,,,,,,,FA2804,001,2026-04-28_13h14.14.014,SEED,2024.2.5,61.93135404803123,2026-04-28 13h16.07.102570 +0100,
59,,,,,,,,,,,,2.3,53,53,0,,,,,,Scenes_Dataset/golf_course_A.jpg,"(600, 400)",Incongruent,Objects_Dataset/clothesline_retouched_2.png,"(350, 231)",old,left,Objects_Dataset/computer_monitor.png,"(300, 300)","(300, 200)","(300, -200)",up,,,,,,,,,,,,left,1,1.3391433999986475,0.15197030000126688,,,,,,,,,,,,,,,,,,,,0,53,53,58,,,,,,,,,2189.7340977000003,,,,,,,,,,,,,,2189.7182532999996,2189.7340977000003,2191.9507631999986,2192.2027096,2192.0342683,2192.1846097999987,,,,,,,,,,,,,,,,,,,,,,,,,,,,,,,,,,,,,,,,,,,,,,,,,,,,,,,,,,,,,,,,,,,,,,,,,,,,,,,,,,,,,,,,,,,,,,,,,,,,2192.1990253000004,2192.2027096,2192.2027096,2192.2027096,2195.2011353999987,left,1,1.3391433999986475,0.15197030000126688,,,,,,,,,,,,,,,,,,,,,,,,,,,,,,,,,,,,,,,,FA2804,001,2026-04-28_13h14.14.014,SEED,2024.2.5,61.93135404803123,2026-04-28 13h16.07.102570 +0100,
21,,,,,,,,,,,,3,54,54,0,,,,,,Scenes_Dataset/pharmacy_A.jpg,"(600, 461)",Congruent,Objects_Dataset/pills.png,"(216, 250)",old,left,Objects_Dataset/thermometer.png,"(300, 199)","(300, -200)","(300, 200)",down,,,,,,,,,,,,right,0,1.7029278999998496,0.16830950000075973,,,,,,,,,,,,,,,,,,,,0,54,54,20,,,,,,,,,2195.2173793,,,,,,,,,,,,,,2195.2018095000003,2195.2173793,2197.4349709999988,2197.6841871999986,2198.2229427,2198.2012159999995,,,,,,,,,,,,,,,,,,,,,,,,,,,,,,,,,,,,,,,,,,,,,,,,,,,,,,,,,,,,,,,,,,,,,,,,,,,,,,,,,,,,,,,,,,,,,,,,,,,,2198.2187625999995,2198.2229427,2198.2229427,2198.2229427,2201.2182625999994,right,0,1.7029278999998496,0.16830950000075973,,,,,,,,,,,,,,,,,,,,,,,,,,,,,,,,,,,,,,,,FA2804,001,2026-04-28_13h14.14.014,SEED,2024.2.5,61.93135404803123,2026-04-28 13h16.07.102570 +0100,
50,,,,,,,,,,,,3.15,55,55,0,,,,,,Scenes_Dataset/playground_A.jpg,"(600, 337)",Incongruent,Objects_Dataset/water_dispenser.png,"(300, 300)",old,left,Objects_Dataset/wine_cork.png,"(250, 163)","(300, 200)","(300, -200)",up,,,,,,,,,,,,left,1,1.3890680000004068,0.1839655000003404,,,,,,,,,,,,,,,,,,,,0,55,55,49,,,,,,,,,2201.2341547999986,,,,,,,,,,,,,,2201.218977499999,2201.2341547999986,2203.4507921999993,2203.700912799999,2204.384763799999,2204.3678987999992,,,,,,,,,,,,,,,,,,,,,,,,,,,,,,,,,,,,,,,,,,,,,,,,,,,,,,,,,,,,,,,,,,,,,,,,,,,,,,,,,,,,,,,,,,,,,,,,,,,,2204.3813788999996,2204.384763799999,2204.384763799999,2204.384763799999,2207.3681502,left,1,1.3890680000004068,0.1839655000003404,,,,,,,,,,,,,,,,,,,,,,,,,,,,,,,,,,,,,,,,FA2804,001,2026-04-28_13h14.14.014,SEED,2024.2.5,61.93135404803123,2026-04-28 13h16.07.102570 +0100,
77,,,,,,,,,,,,2.95,56,56,0,,,,,,Scenes_Dataset/trash_A.jpg,"(600, 424)",Lure,None,None,new,right,None,None,None,None,None,,,,,,,,,,,,right,1,1.4357795000014448,0.18387019999863696,,,,,,,,,,,,,,,,,,,,0,56,56,76,,,,,,,,,2207.384158499999,,,,,,,,,,,,,,2207.368698099999,2207.384158499999,2209.617591299999,2209.867636499999,2210.3381352999986,2210.3182896,,,,,,,,,,,,,,,,,,,,,,,,,,,,,,,,,,,,,,,,,,,,,,,,,,,,,,,,,,,,,,,,,,,,,,,,,,,,,,,,,,,,,,,,,,,,,,,,,,,,2210.3342334999998,2210.3381352999986,2210.3381352999986,2210.3381352999986,2213.3346781,right,1,1.4357795000014448,0.18387019999863696,,,,,,,,,,,,,,,,,,,,,,,,,,,,,,,,,,,,,,,,FA2804,001,2026-04-28_13h14.14.014,SEED,2024.2.5,61.93135404803123,2026-04-28 13h16.07.102570 +0100,
40,,,,,,,,,,,,2.65,57,57,0,,,,,,Scenes_Dataset/kindergarten_A.jpg,"(600, 338)",Incongruent,Objects_Dataset/payment_terminal.png,"(285, 300)",old,left,Objects_Dataset/message_bottle.png,"(284, 177)","(300, 200)","(300, -200)",up,,,,,,,,,,,,right,0,2.1615930999996635,0.1677756999997655,,,,,,,,,,,,,,,,,,,,0,57,57,39,,,,,,,,,2213.353545099999,,,,,,,,,,,,,,2213.3352629,2213.353545099999,2215.5681074000004,2215.817697999999,2216.0204235,2216.001500299999,,,,,,,,,,,,,,,,,,,,,,,,,,,,,,,,,,,,,,,,,,,,,,,,,,,,,,,,,,,,,,,,,,,,,,,,,,,,,,,,,,,,,,,,,,,,,,,,,,,,2216.0166847,2216.0204235,2216.0204235,2216.0204235,2219.0183461999986,right,0,2.1615930999996635,0.1677756999997655,,,,,,,,,,,,,,,,,,,,,,,,,,,,,,,,,,,,,,,,FA2804,001,2026-04-28_13h14.14.014,SEED,2024.2.5,61.93135404803123,2026-04-28 13h16.07.102570 +0100,
23,,,,,,,,,,,,3.1,58,58,0,,,,,,Scenes_Dataset/desert_A.jpg,"(600, 375)",Congruent,Objects_Dataset/cactus.png,"(300, 248)",old,left,Objects_Dataset/canteen.png,"(150, 250)","(300, -200)","(300, 200)",down,,,,,,,,,,,,right,0,1.5923187999997026,0.1837630000009085,,,,,,,,,,,,,,,,,,,,0,58,58,22,,,,,,,,,2219.0348202999994,,,,,,,,,,,,,,2219.019094899999,2219.0348202999994,2221.2511918,2221.5012283999986,2222.133652999999,2222.118252099999,,,,,,,,,,,,,,,,,,,,,,,,,,,,,,,,,,,,,,,,,,,,,,,,,,,,,,,,,,,,,,,,,,,,,,,,,,,,,,,,,,,,,,,,,,,,,,,,,,,,2222.1301482,2222.133652999999,2222.133652999999,2222.133652999999,2225.1185594,right,0,1.5923187999997026,0.1837630000009085,,,,,,,,,,,,,,,,,,,,,,,,,,,,,,,,,,,,,,,,FA2804,001,2026-04-28_13h14.14.014,SEED,2024.2.5,61.93135404803123,2026-04-28 13h16.07.102570 +0100,
49,,,,,,,,,,,,3.1,59,59,0,,,,,,Scenes_Dataset/restaurant_A.jpg,"(600, 400)",Incongruent,Objects_Dataset/comb.png,"(250, 250)",old,left,Objects_Dataset/football_boots.png,"(300, 300)","(300, 200)","(300, -200)",up,,,,,,,,,,,,left,1,1.6276656999998522,0.15209070000128122,,,,,,,,,,,,,,,,,,,,0,59,59,48,,,,,,,,,2225.134792499999,,,,,,,,,,,,,,2225.119337799999,2225.134792499999,2227.3681137999993,2227.6180593999998,2228.2342989999997,2228.218369099999,,,,,,,,,,,,,,,,,,,,,,,,,,,,,,,,,,,,,,,,,,,,,,,,,,,,,,,,,,,,,,,,,,,,,,,,,,,,,,,,,,,,,,,,,,,,,,,,,,,,2228.2303925999986,2228.2342989999997,2228.2342989999997,2228.2342989999997,2231.2186445999996,left,1,1.6276656999998522,0.15209070000128122,2231.2348114999986,2231.2348114999986,2231.2348114999986,,,,,,,,,,,,,,,,,,,,,,,,,,,,,,,,,,,,,FA2804,001,2026-04-28_13h14.14.014,SEED,2024.2.5,61.93135404803123,2026-04-28 13h16.07.102570 +0100,
83,,,,,,,,,,,,3.25,60,60,0,,,,,,Scenes_Dataset/living_room_A.jpg,"(600, 436)",Lure,None,None,new,right,None,None,None,None,None,,,,,,,,,,,,right,1,1.9591841000001295,0.18377629999849887,,,,,,,,,,,,,,,,,,,,0,60,60,82,,,,,,,,,2231.2348114999986,,,,,,,,,,,,,,2231.2192066999996,2231.2348114999986,2233.468339199999,2233.7180470000003,2234.4868960000003,2234.468675099999,,,,,,,,,,,,,,,,,,,,,,,,,,,,,,,,,,,,,,,,,,,,,,,,,,,,,,,,,,,,,,,,,,,,,,,,,,,,,,,,,,,,,,,,,,,,,,,,,,,,2234.4831589999994,2234.4868960000003,2234.4868960000003,2234.4868960000003,2237.4853292999996,right,1,1.9591841000001295,0.18377629999849887,,,,,,,,,,,,,,,,,,,,,,,,,,,,,,,,,,,,,,,,FA2804,001,2026-04-28_13h14.14.014,SEED,2024.2.5,61.93135404803123,2026-04-28 13h16.07.102570 +0100,
85,,,,,,,,,,,,2.05,61,61,0,,,,,,Scenes_Dataset/forest_A.jpg,"(600, 375)",Lure,None,None,new,right,None,None,None,None,None,,,,,,,,,,,,right,1,1.140317999999752,0.16803790000085428,,,,,,,,,,,,,,,,,,,,0,61,61,84,,,,,,,,,2237.5016278000003,,,,,,,,,,,,,,2237.486230999999,2237.5016278000003,2239.7181934,2239.9695532999995,2239.551495599999,2239.952294999999,,,,,,,,,,,,,,,,,,,,,,,,,,,,,,,,,,,,,,,,,,,,,,,,,,,,,,,,,,,,,,,,,,,,,,,,,,,,,,,,,,,,,,,,,,,,,,,,,,,,2239.9658923999996,2239.9695532999995,2239.9695532999995,2239.9695532999995,2242.9685441,right,1,1.140317999999752,0.16803790000085428,,,,,,,,,,,,,,,,,,,,,,,,,,,,,,,,,,,,,,,,FA2804,001,2026-04-28_13h14.14.014,SEED,2024.2.5,61.93135404803123,2026-04-28 13h16.07.102570 +0100,
3,,,,,,,,,,,,2.1,62,62,0,,,,,,Scenes_Dataset/car_interior_A.jpg,"(600, 389)",Congruent,Objects_Dataset/car_mat.png,"(230, 258)",old,left,Objects_Dataset/car_key.png,"(300, 125)","(300, -200)","(300, 200)",down,,,,,,,,,,,,right,0,1.5208990999999514,0.14417760000105773,,,,,,,,,,,,,,,,,,,,0,62,62,2,,,,,,,,,2242.9849775000002,,,,,,,,,,,,,,2242.9691337000004,2242.9849775000002,2245.2018492999996,2245.452969,2245.0850524999987,2245.435557499999,,,,,,,,,,,,,,,,,,,,,,,,,,,,,,,,,,,,,,,,,,,,,,,,,,,,,,,,,,,,,,,,,,,,,,,,,,,,,,,,,,,,,,,,,,,,,,,,,,,,2245.4494297,2245.452969,2245.452969,2245.452969,2248.4518307,right,0,1.5208990999999514,0.14417760000105773,,,,,,,,,,,,,,,,,,,,,,,,,,,,,,,,,,,,,,,,FA2804,001,2026-04-28_13h14.14.014,SEED,2024.2.5,61.93135404803123,2026-04-28 13h16.07.102570 +0100,
78,,,,,,,,,,,,3,63,63,0,,,,,,Scenes_Dataset/market_A.jpg,"(600, 455)",Lure,None,None,new,right,None,None,None,None,None,,,,,,,,,,,,right,1,0.77451469999869,0.18384550000155286,,,,,,,,,,,,,,,,,,,,0,63,63,77,,,,,,,,,2248.4683139999997,,,,,,,,,,,,,,2248.452392899999,2248.4683139999997,2250.6850190999994,2250.9350665,2251.471470799999,2251.4521970999995,,,,,,,,,,,,,,,,,,,,,,,,,,,,,,,,,,,,,,,,,,,,,,,,,,,,,,,,,,,,,,,,,,,,,,,,,,,,,,,,,,,,,,,,,,,,,,,,,,,,2251.4675819999993,2251.471470799999,2251.471470799999,2251.471470799999,2254.4690575999994,right,1,0.77451469999869,0.18384550000155286,,,,,,,,,,,,,,,,,,,,,,,,,,,,,,,,,,,,,,,,FA2804,001,2026-04-28_13h14.14.014,SEED,2024.2.5,61.93135404803123,2026-04-28 13h16.07.102570 +0100,
22,,,,,,,,,,,,3.05,64,64,0,,,,,,Scenes_Dataset/cavern_A.jpg,"(600, 410)",Congruent,Objects_Dataset/canteen.png,"(150, 250)",old,left,Objects_Dataset/hiking_boots.png,"(300, 300)","(300, -200)","(300, 200)",down,,,,,,,,,,,,left,1,1.3506923999993887,0.17588450000039302,,,,,,,,,,,,,,,,,,,,0,64,64,21,,,,,,,,,2254.4851548999995,,,,,,,,,,,,,,2254.4700574,2254.4851548999995,2256.7016917,2256.951769899999,2257.535255999999,2257.5187675999987,,,,,,,,,,,,,,,,,,,,,,,,,,,,,,,,,,,,,,,,,,,,,,,,,,,,,,,,,,,,,,,,,,,,,,,,,,,,,,,,,,,,,,,,,,,,,,,,,,,,2257.5307976999993,2257.535255999999,2257.535255999999,2257.535255999999,2260.519033299999,left,1,1.3506923999993887,0.17588450000039302,2260.5351343,2260.5351343,2260.5351343,,,,,,,,,,,,,,,,,,,,,,,,,,,,,,,,,,,,,FA2804,001,2026-04-28_13h14.14.014,SEED,2024.2.5,61.93135404803123,2026-04-28 13h16.07.102570 +0100,
17,,,,,,,,,,,,2.8,65,65,0,,,,,,Scenes_Dataset/stage_A.jpg,"(600, 396)",Congruent,Objects_Dataset/saxophone.png,"(250, 250)",old,left,Objects_Dataset/digital_piano_retouched.png,"(350, 350)","(300, -200)","(300, 200)",down,,,,,,,,,,,,left,1,1.2472684000003937,0.1759643999994296,,,,,,,,,,,,,,,,,,,,0,65,65,16,,,,,,,,,2260.5351343,,,,,,,,,,,,,,2260.5197227999997,2260.5351343,2262.7687293,2263.0185038,2263.3346974999986,2263.318836299999,,,,,,,,,,,,,,,,,,,,,,,,,,,,,,,,,,,,,,,,,,,,,,,,,,,,,,,,,,,,,,,,,,,,,,,,,,,,,,,,,,,,,,,,,,,,,,,,,,,,2263.329083999999,2263.3346974999986,2263.3346974999986,2263.3346974999986,2266.3191602999996,left,1,1.2472684000003937,0.1759643999994296,2266.3350973999986,2266.3350973999986,2266.3350973999986,,,,,,,,,,,,,,,,,,,,,,,,,,,,,,,,,,,,,FA2804,001,2026-04-28_13h14.14.014,SEED,2024.2.5,61.93135404803123,2026-04-28 13h16.07.102570 +0100,
25,,,,,,,,,,,,3.2,66,66,0,,,,,,Scenes_Dataset/building_entrance_A.jpg,"(600, 400)",Congruent,Objects_Dataset/envelope_retouched.png,"(250, 211)",old,left,Objects_Dataset/door_mat.png,"(300, 300)","(300, -200)","(300, 200)",down,,,,,,,,,,,,left,1,1.3982620000006136,0.15966019999905257,,,,,,,,,,,,,,,,,,,,0,66,66,24,,,,,,,,,2266.3350973999986,,,,,,,,,,,,,,2266.319794699999,2266.3350973999986,2268.568642099999,2268.8184936,2269.5359477,2269.5195225999996,,,,,,,,,,,,,,,,,,,,,,,,,,,,,,,,,,,,,,,,,,,,,,,,,,,,,,,,,,,,,,,,,,,,,,,,,,,,,,,,,,,,,,,,,,,,,,,,,,,,2269.5304269999997,2269.5359477,2269.5359477,2269.5359477,2272.519752799999,left,1,1.3982620000006136,0.15966019999905257,2272.5352981999986,2272.5352981999986,2272.5352981999986,,,,,,,,,,,,,,,,,,,,,,,,,,,,,,,,,,,,,FA2804,001,2026-04-28_13h14.14.014,SEED,2024.2.5,61.93135404803123,2026-04-28 13h16.07.102570 +0100,
9,,,,,,,,,,,,2.4,67,67,0,,,,,,Scenes_Dataset/childrens_room_A.jpg,"(600, 524)",Congruent,Objects_Dataset/abacus.png,"(185, 200)",old,left,Objects_Dataset/doll.png,"(191, 300)","(300, -200)","(300, 200)",down,,,,,,,,,,,,right,0,1.1651512999997067,0.16773549999925308,,,,,,,,,,,,,,,,,,,,0,67,67,8,,,,,,,,,2272.5352981999986,,,,,,,,,,,,,,2272.5203929,2272.5352981999986,2274.769094199999,2275.0249212,2274.9353398000003,2275.0023168999996,,,,,,,,,,,,,,,,,,,,,,,,,,,,,,,,,,,,,,,,,,,,,,,,,,,,,,,,,,,,,,,,,,,,,,,,,,,,,,,,,,,,,,,,,,,,,,,,,,,,2275.017738499999,2275.0249212,2275.0249212,2275.0249212,2278.002837599999,right,0,1.1651512999997067,0.16773549999925308,,,,,,,,,,,,,,,,,,,,,,,,,,,,,,,,,,,,,,,,FA2804,001,2026-04-28_13h14.14.014,SEED,2024.2.5,61.93135404803123,2026-04-28 13h16.07.102570 +0100,
35,,,,,,,,,,,,2.4,68,68,0,,,,,,Scenes_Dataset/dentist_A.jpg,"(600, 400)",Incongruent,Objects_Dataset/basketball.png,"(282, 300)",old,left,Objects_Dataset/chandelier_retouched.png,"(250, 300)","(300, 200)","(300, -200)",up,,,,,,,,,,,,right,0,2.663907099999051,0.1755511999999726,,,,,,,,,,,,,,,,,,,,0,68,68,34,,,,,,,,,2278.018733499999,,,,,,,,,,,,,,2278.0034175,2278.018733499999,2280.2521872999987,2280.5024231999996,2280.4187796999995,2280.4858076,,,,,,,,,,,,,,,,,,,,,,,,,,,,,,,,,,,,,,,,,,,,,,,,,,,,,,,,,,,,,,,,,,,,,,,,,,,,,,,,,,,,,,,,,,,,,,,,,,,,2280.4978957000003,2280.5024231999996,2280.5024231999996,2280.5024231999996,2283.4861170000004,right,0,2.663907099999051,0.1755511999999726,,,,,,,,,,,,,,,,,,,,,,,,,,,,,,,,,,,,,,,,FA2804,001,2026-04-28_13h14.14.014,SEED,2024.2.5,61.93135404803123,2026-04-28 13h16.07.102570 +0100,
5,,,,,,,,,,,,2.2,69,69,0,,,,,,Scenes_Dataset/movie_theater_A.jpg,"(600, 364)",Congruent,Objects_Dataset/3d_glasses_retouched.png,"(300, 300)",old,left,Objects_Dataset/movie_reels.png,"(350, 268)","(300, -200)","(300, 200)",down,,,,,,,,,,,,left,1,1.0348871000005602,0.1756900999989739,,,,,,,,,,,,,,,,,,,,0,69,69,4,,,,,,,,,2283.502096799999,,,,,,,,,,,,,,2283.486852599999,2283.502096799999,2285.7354529000004,2285.987344899999,2285.702223299999,2285.9693260000004,,,,,,,,,,,,,,,,,,,,,,,,,,,,,,,,,,,,,,,,,,,,,,,,,,,,,,,,,,,,,,,,,,,,,,,,,,,,,,,,,,,,,,,,,,,,,,,,,,,,2285.9802567999996,2285.987344899999,2285.987344899999,2285.987344899999,2288.9859753,left,1,1.0348871000005602,0.1756900999989739,,,,,,,,,,,,,,,,,,,,,,,,,,,,,,,,,,,,,,,,FA2804,001,2026-04-28_13h14.14.014,SEED,2024.2.5,61.93135404803123,2026-04-28 13h16.07.102570 +0100,
6,,,,,,,,,,,,2.25,70,70,0,,,,,,Scenes_Dataset/stationary_store_A.jpg,"(600, 370)",Congruent,Objects_Dataset/stapler.png,"(250, 178)",old,left,Objects_Dataset/envelope_retouched.png,"(250, 211)","(300, -200)","(300, 200)",down,,,,,,,,,,,,left,1,1.6099664000012126,0.18390120000003662,,,,,,,,,,,,,,,,,,,,0,70,70,5,,,,,,,,,2289.0023222,,,,,,,,,,,,,,2288.9867048999986,2289.0023222,2291.218870499999,2291.4680463999994,2291.252444599999,2291.45313,,,,,,,,,,,,,,,,,,,,,,,,,,,,,,,,,,,,,,,,,,,,,,,,,,,,,,,,,,,,,,,,,,,,,,,,,,,,,,,,,,,,,,,,,,,,,,,,,,,,2291.464489,2291.4680463999994,2291.4680463999994,2291.4680463999994,2294.4528051999987,left,1,1.6099664000012126,0.18390120000003662,2294.469541999999,2294.469541999999,2294.469541999999,,,,,,,,,,,,,,,,,,,,,,,,,,,,,,,,,,,,,FA2804,001,2026-04-28_13h14.14.014,SEED,2024.2.5,61.93135404803123,2026-04-28 13h16.07.102570 +0100,
41,,,,,,,,,,,,2.7,71,71,0,,,,,,Scenes_Dataset/attic_A.jpg,"(600, 400)",Incongruent,Objects_Dataset/ticket_machine.png,"(200, 300)",old,left,Objects_Dataset/cake_holder.png,"(300, 209)","(300, 200)","(300, -200)",up,,,,,,,,,,,,left,1,1.3304618000001938,0.19169309999961115,,,,,,,,,,,,,,,,,,,,0,71,71,40,,,,,,,,,2294.469541999999,,,,,,,,,,,,,,2294.453602899999,2294.469541999999,2296.7030808,2296.952306699999,2297.171749699999,2297.1534415999995,,,,,,,,,,,,,,,,,,,,,,,,,,,,,,,,,,,,,,,,,,,,,,,,,,,,,,,,,,,,,,,,,,,,,,,,,,,,,,,,,,,,,,,,,,,,,,,,,,,,2297.167860399999,2297.171749699999,2297.171749699999,2297.171749699999,2300.169598999999,left,1,1.3304618000001938,0.19169309999961115,,,,,,,,,,,,,,,,,,,,,,,,,,,,,,,,,,,,,,,,FA2804,001,2026-04-28_13h14.14.014,SEED,2024.2.5,61.93135404803123,2026-04-28 13h16.07.102570 +0100,
37,,,,,,,,,,,,2.5,72,72,0,,,,,,Scenes_Dataset/vault_A.jpg,"(600, 398)",Incongruent,Objects_Dataset/fan.png,"(350, 350)",old,left,Objects_Dataset/cactus.png,"(300, 248)","(300, 200)","(300, -200)",up,,,,,,,,,,,,left,1,0.8723420000005717,0.20001699999920675,,,,,,,,,,,,,,,,,,,,0,72,72,36,,,,,,,,,2300.1860307999996,,,,,,,,,,,,,,2300.1704687,2300.1860307999996,2302.4028468999986,2302.6524434000003,2302.685565399999,2302.6699554999996,,,,,,,,,,,,,,,,,,,,,,,,,,,,,,,,,,,,,,,,,,,,,,,,,,,,,,,,,,,,,,,,,,,,,,,,,,,,,,,,,,,,,,,,,,,,,,,,,,,,2302.677269399999,2302.685565399999,2302.685565399999,2302.685565399999,2305.669582299999,left,1,0.8723420000005717,0.20001699999920675,2305.6862917,2305.6862917,2305.6862917,,,,,,,,,,,,,,,,,,,,,,,,,,,,,,,,,,,,,FA2804,001,2026-04-28_13h14.14.014,SEED,2024.2.5,61.93135404803123,2026-04-28 13h16.07.102570 +0100,
43,,,,,,,,,,,,2.8,73,73,0,,,,,,Scenes_Dataset/home_office_A.jpg,"(600, 399)",Incongruent,Objects_Dataset/bicycle_bell.png,"(250, 210)",old,left,Objects_Dataset/unicycle_retouched.png,"(159, 300)","(300, 200)","(300, -200)",up,,,,,,,,,,,,right,0,2.4299114999994345,0.22361350000028324,,,,,,,,,,,,,,,,,,,,0,73,73,42,,,,,,,,,2305.6862917,,,,,,,,,,,,,,2305.670285299999,2305.6862917,2307.9194135,2308.1692920999994,2308.488482999999,2308.4696606999987,,,,,,,,,,,,,,,,,,,,,,,,,,,,,,,,,,,,,,,,,,,,,,,,,,,,,,,,,,,,,,,,,,,,,,,,,,,,,,,,,,,,,,,,,,,,,,,,,,,,2308.4848373999994,2308.488482999999,2308.488482999999,2308.488482999999,2311.4862471999986,right,0,2.4299114999994345,0.22361350000028324,,,,,,,,,,,,,,,,,,,,,,,,,,,,,,,,,,,,,,,,FA2804,001,2026-04-28_13h14.14.014,SEED,2024.2.5,61.93135404803123,2026-04-28 13h16.07.102570 +0100,
86,,,,,,,,,,,,2.1,74,74,0,,,,,,Scenes_Dataset/shopping_center_A.jpg,"(600, 405)",Lure,None,None,new,right,None,None,None,None,None,,,,,,,,,,,,right,1,0.9772458999996161,0.23207069999989471,,,,,,,,,,,,,,,,,,,,0,74,74,85,,,,,,,,,2311.5027601,,,,,,,,,,,,,,2311.4869913,2311.5027601,2313.7194812,2313.9726178,2313.602614399999,2313.953349399999,,,,,,,,,,,,,,,,,,,,,,,,,,,,,,,,,,,,,,,,,,,,,,,,,,,,,,,,,,,,,,,,,,,,,,,,,,,,,,,,,,,,,,,,,,,,,,,,,,,,2313.9688231,2313.9726178,2313.9726178,2313.9726178,2316.969744599999,right,1,0.9772458999996161,0.23207069999989471,,,,,,,,,,,,,,,,,,,,,,,,,,,,,,,,,,,,,,,,FA2804,001,2026-04-28_13h14.14.014,SEED,2024.2.5,61.93135404803123,2026-04-28 13h16.07.102570 +0100,
1,,,,,,,,,,,,2,75,75,0,,,,,,Scenes_Dataset/office_work_A.jpg,"(600, 470)",Congruent,Objects_Dataset/staple_puller_retouched.png,"(400, 400)",old,left,Objects_Dataset/clock.png,"(250, 248)","(300, -200)","(300, 200)",down,,,,,,,,,,,,left,1,1.8621925999996165,0.18473730000005162,,,,,,,,,,,,,,,,,,,,0,75,75,0,,,,,,,,,2316.9860210999996,,,,,,,,,,,,,,2316.9705221999993,2316.9860210999996,2319.2031965999995,2319.4556689,2318.987422099999,2319.4366718,,,,,,,,,,,,,,,,,,,,,,,,,,,,,,,,,,,,,,,,,,,,,,,,,,,,,,,,,,,,,,,,,,,,,,,,,,,,,,,,,,,,,,,,,,,,,,,,,,,,2319.4509027999993,2319.4556689,2319.4556689,2319.4556689,2322.4531675,left,1,1.8621925999996165,0.18473730000005162,,,,,,,,,,,,,,,,,,,,,,,,,,,,,,,,,,,,,,,,FA2804,001,2026-04-28_13h14.14.014,SEED,2024.2.5,61.93135404803123,2026-04-28 13h16.07.102570 +0100,
55,,,,,,,,,,,,2.1,76,76,0,,,,,,Scenes_Dataset/lake_A.jpg,"(600, 442)",Incongruent,Objects_Dataset/thermometer.png,"(300, 199)",old,left,Objects_Dataset/ticket_machine.png,"(200, 300)","(300, 200)","(300, -200)",up,,,,,,,,,,,,left,1,1.9600188999993406,0.21584530000109226,,,,,,,,,,,,,,,,,,,,0,76,76,54,,,,,,,,,2322.469457699999,,,,,,,,,,,,,,2322.4537287000003,2322.469457699999,2324.6860777,2324.9420075999988,2324.5699208999995,2324.920225599999,,,,,,,,,,,,,,,,,,,,,,,,,,,,,,,,,,,,,,,,,,,,,,,,,,,,,,,,,,,,,,,,,,,,,,,,,,,,,,,,,,,,,,,,,,,,,,,,,,,,2324.9380297999996,2324.9420075999988,2324.9420075999988,2324.9420075999988,2327.9365619,left,1,1.9600188999993406,0.21584530000109226,,,,,,,,,,,,,,,,,,,,,,,,,,,,,,,,,,,,,,,,FA2804,001,2026-04-28_13h14.14.014,SEED,2024.2.5,61.93135404803123,2026-04-28 13h16.07.102570 +0100,
20,,,,,,,,,,,,2.95,77,77,0,,,,,,Scenes_Dataset/basketball_field_A.jpg,"(600, 399)",Congruent,Objects_Dataset/whistle.png,"(200, 151)",old,left,Objects_Dataset/basketball.png,"(282, 300)","(300, -200)","(300, 200)",down,,,,,,,,,,,,left,1,1.1100842000014381,0.16792629999872588,,,,,,,,,,,,,,,,,,,,0,77,77,19,,,,,,,,,2327.9528414999986,,,,,,,,,,,,,,2327.9374995,2327.9528414999986,2330.169590899999,2330.4195815000003,2330.903761899999,2330.8872785999993,,,,,,,,,,,,,,,,,,,,,,,,,,,,,,,,,,,,,,,,,,,,,,,,,,,,,,,,,,,,,,,,,,,,,,,,,,,,,,,,,,,,,,,,,,,,,,,,,,,,2330.9001592999994,2330.903761899999,2330.903761899999,2330.903761899999,2333.8870652999994,left,1,1.1100842000014381,0.16792629999872588,2333.9033647999986,2333.9033647999986,2333.9033647999986,,,,,,,,,,,,,,,,,,,,,,,,,,,,,,,,,,,,,FA2804,001,2026-04-28_13h14.14.014,SEED,2024.2.5,61.93135404803123,2026-04-28 13h16.07.102570 +0100,
32,,,,,,,,,,,,2.25,78,78,0,,,,,,Scenes_Dataset/elevator_A.jpg,"(600, 450)",Incongruent,Objects_Dataset/cake_tongs_retouched.png,"(300, 75)",old,left,Objects_Dataset/3d_glasses_retouched.png,"(300, 300)","(300, 200)","(300, -200)",up,,,,,,,,,,,,left,1,1.856247199999416,0.1440418000001955,,,,,,,,,,,,,,,,,,,,0,78,78,31,,,,,,,,,2333.9033647999986,,,,,,,,,,,,,,2333.8877384999996,2333.9033647999986,2336.1529262999993,2336.405584599999,2336.1529262999993,2336.388008599999,,,,,,,,,,,,,,,,,,,,,,,,,,,,,,,,,,,,,,,,,,,,,,,,,,,,,,,,,,,,,,,,,,,,,,,,,,,,,,,,,,,,,,,,,,,,,,,,,,,,2336.401422699999,2336.405584599999,2336.405584599999,2336.405584599999,2339.4036166999995,left,1,1.856247199999416,0.1440418000001955,,,,,,,,,,,,,,,,,,,,,,,,,,,,,,,,,,,,,,,,FA2804,001,2026-04-28_13h14.14.014,SEED,2024.2.5,61.93135404803123,2026-04-28 13h16.07.102570 +0100,
38,,,,,,,,,,,,2.55,79,79,0,,,,,,Scenes_Dataset/garden_A.jpg,"(600, 446)",Incongruent,Objects_Dataset/airplane_belt.png,"(300, 249)",old,left,Objects_Dataset/saline_retouched.png,"(300, 225)","(300, 200)","(300, -200)",up,,,,,,,,,,,,right,0,2.1302679000000353,0.1998081000001548,,,,,,,,,,,,,,,,,,,,0,79,79,37,,,,,,,,,2339.4198736,,,,,,,,,,,,,,2339.4042260999995,2339.4198736,2341.6531582999996,2341.9032721000003,2341.9719812000003,2341.9536931000002,,,,,,,,,,,,,,,,,,,,,,,,,,,,,,,,,,,,,,,,,,,,,,,,,,,,,,,,,,,,,,,,,,,,,,,,,,,,,,,,,,,,,,,,,,,,,,,,,,,,2341.967843299999,2341.9719812000003,2341.9719812000003,2341.9719812000003,2344.9559044999987,right,0,2.1302679000000353,0.1998081000001548,,,,,,,,,,,,,,,,,,,,,,,,,,,,,,,,,,,,,,,,FA2804,001,2026-04-28_13h14.14.014,SEED,2024.2.5,61.93135404803123,2026-04-28 13h16.07.102570 +0100,
76,,,,,,,,,,,,2.9,80,80,0,,,,,,Scenes_Dataset/laboratory_A.jpg,"(600, 400)",Lure,None,None,new,right,None,None,None,None,None,,,,,,,,,,,,right,1,1.0786143999994238,0.20786080000107177,,,,,,,,,,,,,,,,,,,,0,80,80,75,,,,,,,,,2344.9693948999993,,,,,,,,,,,,,,2344.9560416999993,2344.9693948999993,2347.204954699999,2347.469980599999,2347.8714356,2347.8541140999987,,,,,,,,,,,,,,,,,,,,,,,,,,,,,,,,,,,,,,,,,,,,,,,,,,,,,,,,,,,,,,,,,,,,,,,,,,,,,,,,,,,,,,,,,,,,,,,,,,,,2347.8678253,2347.8714356,2347.8714356,2347.8714356,2350.870560399999,right,1,1.0786143999994238,0.20786080000107177,,,,,,,,,,,,,,,,,,,,,,,,,,,,,,,,,,,,,,,,FA2804,001,2026-04-28_13h14.14.014,SEED,2024.2.5,61.93135404803123,2026-04-28 13h16.07.102570 +0100,
90,,,,,,,,,,,,2.3,81,81,0,,,,,,Scenes_Dataset/laundry_A.jpg,"(600, 408)",Lure,None,None,new,right,None,None,None,None,None,,,,,,,,,,,,right,1,1.373371000001498,0.21580579999863403,,,,,,,,,,,,,,,,,,,,0,81,81,89,,,,,,,,,2350.8867852000003,,,,,,,,,,,,,,2350.871163599999,2350.8867852000003,2353.103288099999,2353.352622999999,2353.1865645,2353.3368845999994,,,,,,,,,,,,,,,,,,,,,,,,,,,,,,,,,,,,,,,,,,,,,,,,,,,,,,,,,,,,,,,,,,,,,,,,,,,,,,,,,,,,,,,,,,,,,,,,,,,,2353.348281499999,2353.352622999999,2353.352622999999,2353.352622999999,2356.337308799999,right,1,1.373371000001498,0.21580579999863403,2356.3533049999987,2356.3533049999987,2356.3533049999987,,,,,,,,,,,,,,,,,,,,,,,,,,,,,,,,,,,,,FA2804,001,2026-04-28_13h14.14.014,SEED,2024.2.5,61.93135404803123,2026-04-28 13h16.07.102570 +0100,
61,,,,,,,,,,,,2.15,82,82,0,,,,,,Scenes_Dataset/office_work_B.jpg,"(600, 402)",Lure,None,None,new,right,None,None,None,None,None,,,,,,,,,,,,right,1,1.33691220000037,0.1995280000010098,,,,,,,,,,,,,,,,,,,,0,82,82,60,,,,,,,,,2356.3533049999987,,,,,,,,,,,,,,2356.3378890999993,2356.3533049999987,2358.5869392999994,2358.8373715,2358.5033494,2358.8212387000003,,,,,,,,,,,,,,,,,,,,,,,,,,,,,,,,,,,,,,,,,,,,,,,,,,,,,,,,,,,,,,,,,,,,,,,,,,,,,,,,,,,,,,,,,,,,,,,,,,,,2358.8336108999993,2358.8373715,2358.8373715,2358.8373715,2361.8209582,right,1,1.33691220000037,0.1995280000010098,2361.8376295,2361.8376295,2361.8376295,,,,,,,,,,,,,,,,,,,,,,,,,,,,,,,,,,,,,FA2804,001,2026-04-28_13h14.14.014,SEED,2024.2.5,61.93135404803123,2026-04-28 13h16.07.102570 +0100,
81,,,,,,,,,,,,3.15,83,83,0,,,,,,Scenes_Dataset/games_room_A.jpg,"(600, 371)",Lure,None,None,new,right,None,None,None,None,None,,,,,,,,,,,,right,1,1.3767547000006743,0.20003670000005513,,,,,,,,,,,,,,,,,,,,0,83,83,80,,,,,,,,,2361.8376295,,,,,,,,,,,,,,2361.8217174,2361.8376295,2364.0702684999997,2364.3202232999993,2364.989214899999,2364.970779199999,,,,,,,,,,,,,,,,,,,,,,,,,,,,,,,,,,,,,,,,,,,,,,,,,,,,,,,,,,,,,,,,,,,,,,,,,,,,,,,,,,,,,,,,,,,,,,,,,,,,2364.9857629,2364.989214899999,2364.989214899999,2364.989214899999,2367.9712335000004,right,1,1.3767547000006743,0.20003670000005513,,,,,,,,,,,,,,,,,,,,,,,,,,,,,,,,,,,,,,,,FA2804,001,2026-04-28_13h14.14.014,SEED,2024.2.5,61.93135404803123,2026-04-28 13h16.07.102570 +0100,
69,,,,,,,,,,,,2.55,84,84,0,,,,,,Scenes_Dataset/museum_B.jpg,"(600, 400)",Lure,None,None,new,right,None,None,None,None,None,,,,,,,,,,,,right,1,1.0755860000008397,0.1759630999986257,,,,,,,,,,,,,,,,,,,,0,84,84,68,,,,,,,,,2367.9869464999992,,,,,,,,,,,,,,2367.9720024,2367.9869464999992,2370.220281599999,2370.4704299999994,2370.5383999999995,2370.5212061,,,,,,,,,,,,,,,,,,,,,,,,,,,,,,,,,,,,,,,,,,,,,,,,,,,,,,,,,,,,,,,,,,,,,,,,,,,,,,,,,,,,,,,,,,,,,,,,,,,,2370.5347630999986,2370.5383999999995,2370.5383999999995,2370.5383999999995,2373.5374850999997,right,1,1.0755860000008397,0.1759630999986257,,,,,,,,,,,,,,,,,,,,,,,,,,,,,,,,,,,,,,,,FA2804,001,2026-04-28_13h14.14.014,SEED,2024.2.5,61.93135404803123,2026-04-28 13h16.07.102570 +0100,
42,,,,,,,,,,,,2.75,85,85,0,,,,,,Scenes_Dataset/hut_A.jpg,"(600, 384)",Incongruent,Objects_Dataset/sled_retouched.png,"(450, 286)",old,left,Objects_Dataset/stapler.png,"(250, 178)","(300, 200)","(300, -200)",up,,,,,,,,,,,,left,1,1.5101104000004852,0.16799360000004526,,,,,,,,,,,,,,,,,,,,0,85,85,41,,,,,,,,,2373.5555963999996,,,,,,,,,,,,,,2373.5380620999986,2373.5555963999996,2375.7703846999993,2376.020635699999,2376.319723999999,2376.3040196,,,,,,,,,,,,,,,,,,,,,,,,,,,,,,,,,,,,,,,,,,,,,,,,,,,,,,,,,,,,,,,,,,,,,,,,,,,,,,,,,,,,,,,,,,,,,,,,,,,,2376.3143225999993,2376.319723999999,2376.319723999999,2376.319723999999,2379.3041888999996,left,1,1.5101104000004852,0.16799360000004526,2379.3203495,2379.3203495,2379.3203495,,,,,,,,,,,,,,,,,,,,,,,,,,,,,,,,,,,,,FA2804,001,2026-04-28_13h14.14.014,SEED,2024.2.5,61.93135404803123,2026-04-28 13h16.07.102570 +0100,
60,,,,,,,,,,,,2.35,86,86,0,,,,,,Scenes_Dataset/field_A.jpg,"(600, 403)",Incongruent,Objects_Dataset/computer_monitor.png,"(300, 300)",old,left,Objects_Dataset/plasticine.png,"(250, 167)","(300, 200)","(300, -200)",up,,,,,,,,,,,,right,0,1.1119715000004362,0.19994539999970584,,,,,,,,,,,,,,,,,,,,0,86,86,59,,,,,,,,,2379.3203495,,,,,,,,,,,,,,2379.3048315999986,2379.3203495,2381.5555182999997,2381.8219133000002,2381.6722596,2381.8044771999994,,,,,,,,,,,,,,,,,,,,,,,,,,,,,,,,,,,,,,,,,,,,,,,,,,,,,,,,,,,,,,,,,,,,,,,,,,,,,,,,,,,,,,,,,,,,,,,,,,,,2381.818247199999,2381.8219133000002,2381.8219133000002,2381.8219133000002,2384.8209933999988,right,0,1.1119715000004362,0.19994539999970584,,,,,,,,,,,,,,,,,,,,,,,,,,,,,,,,,,,,,,,,FA2804,001,2026-04-28_13h14.14.014,SEED,2024.2.5,61.93135404803123,2026-04-28 13h16.07.102570 +0100,
48,,,,,,,,,,,,3.05,87,87,0,,,,,,Scenes_Dataset/ballet_room_A.jpg,"(600, 398)",Incongruent,Objects_Dataset/hiking_boots.png,"(300, 300)",old,left,Objects_Dataset/bicycle_bell.png,"(250, 210)","(300, 200)","(300, -200)",up,,,,,,,,,,,,right,0,1.4857268999985536,0.20801589999973658,,,,,,,,,,,,,,,,,,,,0,87,87,47,,,,,,,,,2384.8372665999996,,,,,,,,,,,,,,2384.8217047999988,2384.8372665999996,2387.0539895,2387.3039879999997,2387.8880981,2387.8733058999987,,,,,,,,,,,,,,,,,,,,,,,,,,,,,,,,,,,,,,,,,,,,,,,,,,,,,,,,,,,,,,,,,,,,,,,,,,,,,,,,,,,,,,,,,,,,,,,,,,,,2387.884539999999,2387.8880981,2387.8880981,2387.8880981,2390.8714191,right,0,1.4857268999985536,0.20801589999973658,2390.8894827999993,2390.8894827999993,2390.8894827999993,,,,,,,,,,,,,,,,,,,,,,,,,,,,,,,,,,,,,FA2804,001,2026-04-28_13h14.14.014,SEED,2024.2.5,61.93135404803123,2026-04-28 13h16.07.102570 +0100,
31,,,,,,,,,,,,2.2,88,88,0,,,,,,Scenes_Dataset/balcony.jpg,"(600, 450)",Incongruent,Objects_Dataset/car_key.png,"(300, 125)",old,left,Objects_Dataset/staple_puller_retouched.png,"(400, 400)","(300, 200)","(300, -200)",up,,,,,,,,,,,,left,1,1.7511362999994162,0.17594090000056894,,,,,,,,,,,,,,,,,,,,0,88,88,30,,,,,,,,,2390.8894827999993,,,,,,,,,,,,,,2390.8724261999996,2390.8894827999993,2393.137218099999,2393.3908690999997,2393.1041147999986,2393.371173899999,,,,,,,,,,,,,,,,,,,,,,,,,,,,,,,,,,,,,,,,,,,,,,,,,,,,,,,,,,,,,,,,,,,,,,,,,,,,,,,,,,,,,,,,,,,,,,,,,,,,2393.3862876000003,2393.3908690999997,2393.3908690999997,2393.3908690999997,2396.3878042999986,left,1,1.7511362999994162,0.17594090000056894,,,,,,,,,,,,,,,,,,,,,,,,,,,,,,,,,,,,,,,,FA2804,001,2026-04-28_13h14.14.014,SEED,2024.2.5,61.93135404803123,2026-04-28 13h16.07.102570 +0100,
29,,,,,,,,,,,,2.1,89,89,0,,,,,,Scenes_Dataset/pool_B.jpg,"(600, 450)",Congruent,Objects_Dataset/slippers.png,"(280, 300)",old,left,Objects_Dataset/bikini.png,"(350, 350)","(300, -200)","(300, 200)",down,,,,,,,,,,,,left,1,1.6715851000008115,0.16787999999905878,,,,,,,,,,,,,,,,,,,,0,89,89,28,,,,,,,,,2396.4039691999988,,,,,,,,,,,,,,2396.3884774999988,2396.4039691999988,2398.6205384999994,2398.8702027,2398.5065531,2398.854716,,,,,,,,,,,,,,,,,,,,,,,,,,,,,,,,,,,,,,,,,,,,,,,,,,,,,,,,,,,,,,,,,,,,,,,,,,,,,,,,,,,,,,,,,,,,,,,,,,,,2398.8621624999996,2398.8702027,2398.8702027,2398.8702027,2401.854672899999,left,1,1.6715851000008115,0.16787999999905878,2401.8706211999997,2401.8706211999997,2401.8706211999997,,,,,,,,,,,,,,,,,,,,,,,,,,,,,,,,,,,,,FA2804,001,2026-04-28_13h14.14.014,SEED,2024.2.5,61.93135404803123,2026-04-28 13h16.07.102570 +0100,
,,,,,,,,,,,,,,,,,,,,,,,,,,,,,,,,,,,,,,,,,,,,,,,,,,,,,,,,,,,,,,,,,,,,,,,,,,,,,,,,,,,,,,,,,,,,,,,,,,,,,,,,,,,,,,,,,,,,,,,,,,,,,,,,,,,,,,,,,,,,,,,,,,,,,,,,,,,,,,,,,,,,,,,,,,,,,,,,,,,,,,,,,,,,,,,,,,,,,,,,,,,,,,,,,,2401.8551279999992,2401.8706211999997,2401.8706211999997,2407.7045335000003,space,5.831571000000622,None,,,,,,,,,,,,,,,,,,,,,,,,,,,,,,FA2804,001,2026-04-28_13h14.14.014,SEED,2024.2.5,61.93135404803123,2026-04-28 13h16.07.102570 +0100,
,,,,,,,,,,,,,,,,,,,,,,,,,,,,,,,,,,,,,,,,,,,,,,,,,,,,,,,,,,,,,,,,,,,,,,,,,,,,,,,,,,,,,,,,,,,,,,,,,,,,,,,,,,,,,,,,,,,,,,,,,,,,,,,,,,,,,,,,,,,,,,,,,,,,,,,,,,,,,,,,,,,,,,,,,,,,,,,,,,,,,,,,,,,,,,,,,,,,,,,,,,,,,,,,,,,,,,,,,2407.7048106,2407.7210435999987,2407.7210435999987,2471.9562608999986,space,64.2289211999996,None,,,,,,,,,,,,,,,,,,,,,,,FA2804,001,2026-04-28_13h14.14.014,SEED,2024.2.5,61.93135404803123,2026-04-28 13h16.07.102570 +0100,
Ex1,Scenes_Dataset/sky_A.jpg,"(600, 398)",Objects_Dataset/hang_glider.png,"(450, 275)","(300, -200)",congruent,Objects_Dataset/drone.png,"(300, 144)","(300, 200)",Scenes_Dataset/temple_A.jpg,"(600, 358)",2,0,0,0,,,,,,,,,,,,,,,,,,,,,,,,,,,,,,,,,down,1.7940588999990723,0.15166920000046957,,,,,,,,,,,,,,,,,,,,,0,0,0,0,,,,,2471.9712409000003,,,,,,,,,,,,,,2471.9666698,2471.9712409000003,2474.2217763999997,2474.4840578000003,2473.9717763999997,2474.4556820999987,,,,,,,,,,,,,,,,,,,,,,,,,,,,,,,,,,,,,,,,,,,,,,,,,,,,,,,,,,,,,,,,,,,,,,,,,,,,,,,,,,,,,,,,,,,,,,,,,,,,,,,,,,,,,,,,,,,,,,,,,,,,,,2474.481296,2474.4840578000003,2474.4840578000003,2474.4840578000003,2474.4840578000003,2477.472191699999,down,1.7940588999990723,0.15166920000046957,,,,,,,,,,,,,,FA2804,001,2026-04-28_13h14.14.014,SEED,2024.2.5,61.93135404803123,2026-04-28 13h16.07.102570 +0100,
Ex3,Scenes_Dataset/cellars_A.jpg,"(600, 399)",Objects_Dataset/barrier.png,"(300, 300)","(300, -200)",incongruent,Objects_Dataset/hang_glider.png,"(450, 275)","(300, 200)",None,None,3,1,1,0,,,,,,,,,,,,,,,,,,,,,,,,,,,,,,,,,down,2.087640300000203,0.16775149999921268,,,,,,,,,,,,,,,,,,,,,0,1,1,2,,,,,2477.488518799999,,,,,,,,,,,,,,2477.4727767999993,2477.488518799999,2479.705186699999,2479.9570944999996,2480.4943968999996,2480.4722791000004,,,,,,,,,,,,,,,,,,,,,,,,,,,,,,,,,,,,,,,,,,,,,,,,,,,,,,,,,,,,,,,,,,,,,,,,,,,,,,,,,,,,,,,,,,,,,,,,,,,,,,,,,,,,,,,,,,,,,,,,,,,,,,2480.4910413999987,2480.4943968999996,2480.4943968999996,2480.4943968999996,2480.4943968999996,2483.488863999999,down,2.087640300000203,0.16775149999921268,,,,,,,,,,,,,,FA2804,001,2026-04-28_13h14.14.014,SEED,2024.2.5,61.93135404803123,2026-04-28 13h16.07.102570 +0100,
Ex2,Scenes_Dataset/painting_workshop_A.jpg,"(600, 450)",Objects_Dataset/fish_hook.png,"(130, 200)","(300, 200)",incongruent,Objects_Dataset/barrier.png,"(300, 300)","(300, -200)",Scenes_Dataset/athletics_track_A,"(600, 450)",2.5,2,2,0,,,,,,,,,,,,,,,,,,,,,,,,,,,,,,,,,up,1.8326430000015534,0.14396249999845168,,,,,,,,,,,,,,,,,,,,,0,2,2,1,,,,,2483.5052577999995,,,,,,,,,,,,,,2483.489380199999,2483.5052577999995,2485.7220213,2485.9745261999997,2486.0132176999996,2485.9893419,,,,,,,,,,,,,,,,,,,,,,,,,,,,,,,,,,,,,,,,,,,,,,,,,,,,,,,,,,,,,,,,,,,,,,,,,,,,,,,,,,,,,,,,,,,,,,,,,,,,,,,,,,,,,,,,,,,,,,,,,,,,,,2486.0099247999988,2486.0132176999996,2486.0132176999996,2486.0132176999996,2486.0132176999996,2489.005601499999,up,1.8326430000015534,0.14396249999845168,,,,,,,,,,,,,,FA2804,001,2026-04-28_13h14.14.014,SEED,2024.2.5,61.93135404803123,2026-04-28 13h16.07.102570 +0100,
Ex4,Scenes_Dataset/river_B.jpg,"(600, 450)",Objects_Dataset/drone.png,"(300, 144)","(300, 200)",congruent,Objects_Dataset/fish_hook.png,"(130, 200)","(300, -200)",None,None,2.5,3,3,0,,,,,,,,,,,,,,,,,,,,,,,,,,,,,,,,,up,2.269392099999095,0.13593179999952554,,,,,,,,,,,,,,,,,,,,,0,3,3,3,,,,,2489.022040099999,,,,,,,,,,,,,,2489.006271799999,2489.022040099999,2491.2386757000004,2491.4887203,2491.5284856,2491.5059475,,,,,,,,,,,,,,,,,,,,,,,,,,,,,,,,,,,,,,,,,,,,,,,,,,,,,,,,,,,,,,,,,,,,,,,,,,,,,,,,,,,,,,,,,,,,,,,,,,,,,,,,,,,,,,,,,,,,,,,,,,,,,,2491.525686699999,2491.5284856,2491.5284856,2491.5284856,2491.5284856,2494.5244700000003,up,2.269392099999095,0.13593179999952554,,,,,,,,,,,,,,FA2804,001,2026-04-28_13h14.14.014,SEED,2024.2.5,61.93135404803123,2026-04-28 13h16.07.102570 +0100,
,,,,,,,,,,,,,,,,,,,,,,,,,,,,,,,,,,,,,,,,,,,,,,,,,,,,,,,,,,,,,,,,,,,,,,,,,,,,,,,,,,,,,,,,,,,,,,,,,,,,,,,,,,,,,,,,,,,,,,,,,,,,,,,,,,,,,,,,,,,,,,,,,,,,,,,,,,,,,,,,,,,,,,,,,,,,,,,,,,,,,,,,,,,,,,,2494.5247621,2494.5387425999998,2494.5387425999998,2496.8390407999996,space,2.2910728999995627,None,,,,,,,,,,,,,,,,,,,,,,,,,,,,,,,,,,,,,,,,,,,,,,,,,FA2804,001,2026-04-28_13h14.14.014,SEED,2024.2.5,61.93135404803123,2026-04-28 13h16.07.102570 +0100,
56,,,,,,,,,,,,2.15,0,0,0,,,,,,Scenes_Dataset/fountain_A.jpg,"(600, 443)",Incongruent,Objects_Dataset/plasticine.png,"(250, 167)",old,left,Objects_Dataset/hands_dryer.png,"(350, 267)","(300, 200)","(300, -200)",up,,,,,,,,,,,,,,,,,,,up,1,1.7394910999992135,0.1443745000015042,,,,,,,,,,,,,,,,,,,,,0,0,0,55,2496.906794499999,,,,,,,,,,,,,,2496.9000412999994,2496.906794499999,2499.0887482999988,2499.3544285999997,2499.072124999999,2499.3227054,,,,,,,,,,,,,,,,,,,,,,,,,,,,,,,,,,,,,,,,,,,,,,,,,,,,,,,,,,,,,,,,,,,,,,,,,,,,,,,,,,,,,,,,,,,,,,,,,,,,,,,,,,,,,,,,,,,,,,,,,,,,,,,,,,,,,,,2499.3465646999994,2499.3544285999997,2499.3544285999997,2499.3544285999997,2499.3544285999997,2502.339279399999,up,1,1.7394910999992135,0.1443745000015042,,,,FA2804,001,2026-04-28_13h14.14.014,SEED,2024.2.5,61.93135404803123,2026-04-28 13h16.07.102570 +0100,
26,,,,,,,,,,,,3.25,1,1,0,,,,,,Scenes_Dataset/hospital_room_B.jpg,"(600, 400)",Congruent,Objects_Dataset/saline_retouched.png,"(300, 225)",old,left,Objects_Dataset/pills.png,"(216, 250)","(300, -200)","(300, 200)",down,,,,,,,,,,,,,,,,,,,down,1,1.2451703000006091,0.1600254999993922,,,,,,,,,,,,,,,,,,,,,0,1,1,25,2502.3556396999993,,,,,,,,,,,,,,2502.340646499999,2502.3556396999993,2504.5721522999993,2504.822229399999,2505.616793699999,2505.589940099999,,,,,,,,,,,,,,,,,,,,,,,,,,,,,,,,,,,,,,,,,,,,,,,,,,,,,,,,,,,,,,,,,,,,,,,,,,,,,,,,,,,,,,,,,,,,,,,,,,,,,,,,,,,,,,,,,,,,,,,,,,,,,,,,,,,,,,,2505.6143223,2505.616793699999,2505.616793699999,2505.616793699999,2505.616793699999,2508.6059499000003,down,1,1.2451703000006091,0.1600254999993922,,,,FA2804,001,2026-04-28_13h14.14.014,SEED,2024.2.5,61.93135404803123,2026-04-28 13h16.07.102570 +0100,
7,,,,,,,,,,,,2.3,2,2,0,,,,,,Scenes_Dataset/snow_B.jpg,"(600, 450)",Congruent,Objects_Dataset/wool_cap.png,"(250, 250)",old,left,Objects_Dataset/eskimo_coat.png,"(300, 300)","(300, -200)","(300, 200)",down,,,,,,,,,,,,,,,,,,,down,1,0.8964612999989185,0.16018369999983406,,,,,,,,,,,,,,,,,,,,,0,2,2,6,2508.6222832000003,,,,,,,,,,,,,,2508.6068311,2508.6222832000003,2510.8558783999997,2511.1173595,2510.9223879,2511.089560299999,,,,,,,,,,,,,,,,,,,,,,,,,,,,,,,,,,,,,,,,,,,,,,,,,,,,,,,,,,,,,,,,,,,,,,,,,,,,,,,,,,,,,,,,,,,,,,,,,,,,,,,,,,,,,,,,,,,,,,,,,,,,,,,,,,,,,,,2511.114018299999,2511.1173595,2511.1173595,2511.1173595,2511.1173595,2514.106067499999,down,1,0.8964612999989185,0.16018369999983406,,,,FA2804,001,2026-04-28_13h14.14.014,SEED,2024.2.5,61.93135404803123,2026-04-28 13h16.07.102570 +0100,
60,,,,,,,,,,,,2.35,3,3,0,,,,,,Scenes_Dataset/field_A.jpg,"(600, 403)",Incongruent,Objects_Dataset/computer_monitor.png,"(300, 300)",old,left,Objects_Dataset/plasticine.png,"(250, 167)","(300, 200)","(300, -200)",up,,,,,,,,,,,,,,,,,,,up,1,1.7913310000003548,0.1356735999997909,,,,,,,,,,,,,,,,,,,,,0,3,3,59,2514.1231098999997,,,,,,,,,,,,,,2514.1069119999993,2514.1231098999997,2516.3389405,2516.5988437999986,2516.4722748000004,2516.5728043,,,,,,,,,,,,,,,,,,,,,,,,,,,,,,,,,,,,,,,,,,,,,,,,,,,,,,,,,,,,,,,,,,,,,,,,,,,,,,,,,,,,,,,,,,,,,,,,,,,,,,,,,,,,,,,,,,,,,,,,,,,,,,,,,,,,,,,2516.5953016000003,2516.5988437999986,2516.5988437999986,2516.5988437999986,2516.5988437999986,2519.5897208999995,up,1,1.7913310000003548,0.1356735999997909,,,,FA2804,001,2026-04-28_13h14.14.014,SEED,2024.2.5,61.93135404803123,2026-04-28 13h16.07.102570 +0100,
29,,,,,,,,,,,,2.1,4,4,0,,,,,,Scenes_Dataset/pool_B.jpg,"(600, 450)",Congruent,Objects_Dataset/slippers.png,"(280, 300)",old,left,Objects_Dataset/bikini.png,"(350, 350)","(300, -200)","(300, 200)",down,,,,,,,,,,,,,,,,,,,down,1,0.9304369000001316,0.1758719999997993,,,,,,,,,,,,,,,,,,,,,0,4,4,28,2519.6057610999997,,,,,,,,,,,,,,2519.5907921999988,2519.6057610999997,2521.822446,2522.0836266999995,2521.7057193,2522.0564178999994,,,,,,,,,,,,,,,,,,,,,,,,,,,,,,,,,,,,,,,,,,,,,,,,,,,,,,,,,,,,,,,,,,,,,,,,,,,,,,,,,,,,,,,,,,,,,,,,,,,,,,,,,,,,,,,,,,,,,,,,,,,,,,,,,,,,,,,2522.0810106999998,2522.0836266999995,2522.0836266999995,2522.0836266999995,2522.0836266999995,2525.057095,down,1,0.9304369000001316,0.1758719999997993,,,,FA2804,001,2026-04-28_13h14.14.014,SEED,2024.2.5,61.93135404803123,2026-04-28 13h16.07.102570 +0100,
38,,,,,,,,,,,,2.55,5,5,0,,,,,,Scenes_Dataset/garden_A.jpg,"(600, 446)",Incongruent,Objects_Dataset/airplane_belt.png,"(300, 249)",old,left,Objects_Dataset/saline_retouched.png,"(300, 225)","(300, 200)","(300, -200)",up,,,,,,,,,,,,,,,,,,,up,1,1.0991813999989972,0.14344570000139356,,,,,,,,,,,,,,,,,,,,,0,5,5,37,2525.0725831,,,,,,,,,,,,,,2525.0577042999994,2525.0725831,2527.3060160999994,2527.5560568,2527.635214,2527.606469299999,,,,,,,,,,,,,,,,,,,,,,,,,,,,,,,,,,,,,,,,,,,,,,,,,,,,,,,,,,,,,,,,,,,,,,,,,,,,,,,,,,,,,,,,,,,,,,,,,,,,,,,,,,,,,,,,,,,,,,,,,,,,,,,,,,,,,,,2527.631908199999,2527.635214,2527.635214,2527.635214,2527.635214,2530.6232672999995,up,1,1.0991813999989972,0.14344570000139356,,,,FA2804,001,2026-04-28_13h14.14.014,SEED,2024.2.5,61.93135404803123,2026-04-28 13h16.07.102570 +0100,
22,,,,,,,,,,,,3.05,6,6,0,,,,,,Scenes_Dataset/cavern_A.jpg,"(600, 410)",Congruent,Objects_Dataset/canteen.png,"(150, 250)",old,left,Objects_Dataset/hiking_boots.png,"(300, 300)","(300, -200)","(300, 200)",down,,,,,,,,,,,,,,,,,,,down,1,1.7462809000007837,0.16787569999905827,,,,,,,,,,,,,,,,,,,,,0,6,6,21,2530.6392882,,,,,,,,,,,,,,2530.624230399999,2530.6392882,2532.857790799999,2533.1226828,2533.6996689999996,2533.6734352999993,,,,,,,,,,,,,,,,,,,,,,,,,,,,,,,,,,,,,,,,,,,,,,,,,,,,,,,,,,,,,,,,,,,,,,,,,,,,,,,,,,,,,,,,,,,,,,,,,,,,,,,,,,,,,,,,,,,,,,,,,,,,,,,,,,,,,,,2533.6940856,2533.6996689999996,2533.6996689999996,2533.6996689999996,2533.6996689999996,2536.6897037,down,1,1.7462809000007837,0.16787569999905827,,,,FA2804,001,2026-04-28_13h14.14.014,SEED,2024.2.5,61.93135404803123,2026-04-28 13h16.07.102570 +0100,
46,,,,,,,,,,,,2.95,7,7,0,,,,,,Scenes_Dataset/skate_park_A.jpg,"(600, 450)",Incongruent,Objects_Dataset/paddle.png,"(300, 299)",old,left,Objects_Dataset/fan.png,"(350, 350)","(300, 200)","(300, -200)",up,,,,,,,,,,,,,,,,,,,up,1,1.7120986000008998,0.16007119999994757,,,,,,,,,,,,,,,,,,,,,0,7,7,45,2536.7060180999997,,,,,,,,,,,,,,2536.6904768999993,2536.7060180999997,2538.9227852999993,2539.1736973999996,2539.6697215000004,2539.6397515999997,,,,,,,,,,,,,,,,,,,,,,,,,,,,,,,,,,,,,,,,,,,,,,,,,,,,,,,,,,,,,,,,,,,,,,,,,,,,,,,,,,,,,,,,,,,,,,,,,,,,,,,,,,,,,,,,,,,,,,,,,,,,,,,,,,,,,,,2539.666602199999,2539.6697215000004,2539.6697215000004,2539.6697215000004,2539.6697215000004,2542.6402531999993,up,1,1.7120986000008998,0.16007119999994757,,,,FA2804,001,2026-04-28_13h14.14.014,SEED,2024.2.5,61.93135404803123,2026-04-28 13h16.07.102570 +0100,
2,,,,,,,,,,,,2.05,8,8,0,,,,,,Scenes_Dataset/waiting_room_A.jpg,"(600, 450)",Congruent,Objects_Dataset/clock.png,"(250, 248)",old,left,Objects_Dataset/water_dispenser.png,"(300, 300)","(300, -200)","(300, 200)",down,,,,,,,,,,,,,,,,,,,down,1,1.931976300000315,0.16791200000079698,,,,,,,,,,,,,,,,,,,,,0,8,8,1,2542.656425699999,,,,,,,,,,,,,,2542.6409028,2542.656425699999,2544.8896989999994,2545.1460002000003,2544.706170199999,2545.124125099999,,,,,,,,,,,,,,,,,,,,,,,,,,,,,,,,,,,,,,,,,,,,,,,,,,,,,,,,,,,,,,,,,,,,,,,,,,,,,,,,,,,,,,,,,,,,,,,,,,,,,,,,,,,,,,,,,,,,,,,,,,,,,,,,,,,,,,,2545.142775299999,2545.1460002000003,2545.1460002000003,2545.1460002000003,2545.1460002000003,2548.1402301,down,1,1.931976300000315,0.16791200000079698,,,,FA2804,001,2026-04-28_13h14.14.014,SEED,2024.2.5,61.93135404803123,2026-04-28 13h16.07.102570 +0100,
14,,,,,,,,,,,,2.65,9,9,0,,,,,,Scenes_Dataset/palace_interior_A.jpg,"(600, 447)",Congruent,Objects_Dataset/chandelier_retouched.png,"(250, 300)",old,left,Objects_Dataset/crown.png,"(300, 249)","(300, -200)","(300, 200)",down,,,,,,,,,,,,,,,,,,,down,1,1.7699465999994572,0.17559580000124697,,,,,,,,,,,,,,,,,,,,,0,9,9,13,2548.156048499999,,,,,,,,,,,,,,2548.141667599999,2548.156048499999,2550.391790399999,2550.6561839999995,2550.8202755,2550.7906213999995,,,,,,,,,,,,,,,,,,,,,,,,,,,,,,,,,,,,,,,,,,,,,,,,,,,,,,,,,,,,,,,,,,,,,,,,,,,,,,,,,,,,,,,,,,,,,,,,,,,,,,,,,,,,,,,,,,,,,,,,,,,,,,,,,,,,,,,2550.8173188,2550.8202755,2550.8202755,2550.8202755,2550.8202755,2553.806885099999,down,1,1.7699465999994572,0.17559580000124697,,,,FA2804,001,2026-04-28_13h14.14.014,SEED,2024.2.5,61.93135404803123,2026-04-28 13h16.07.102570 +0100,
51,,,,,,,,,,,,3.2,10,10,0,,,,,,Scenes_Dataset/clinic_A.jpg,"(600, 400)",Incongruent,Objects_Dataset/juggling_balls_retouched.png,"(350, 197)",old,left,Objects_Dataset/sled_retouched.png,"(450, 286)","(300, 200)","(300, -200)",up,,,,,,,,,,,,,,,,,,,up,1,1.7873840000011114,0.14347589999852062,,,,,,,,,,,,,,,,,,,,,0,10,10,50,2553.822934,,,,,,,,,,,,,,2553.8079318,2553.822934,2556.0398367,2556.2899359000003,2557.0349589999987,2557.0095592,,,,,,,,,,,,,,,,,,,,,,,,,,,,,,,,,,,,,,,,,,,,,,,,,,,,,,,,,,,,,,,,,,,,,,,,,,,,,,,,,,,,,,,,,,,,,,,,,,,,,,,,,,,,,,,,,,,,,,,,,,,,,,,,,,,,,,,2557.0319099999997,2557.0349589999987,2557.0349589999987,2557.0349589999987,2557.0349589999987,2560.023321999999,up,1,1.7873840000011114,0.14347589999852062,,,,FA2804,001,2026-04-28_13h14.14.014,SEED,2024.2.5,61.93135404803123,2026-04-28 13h16.07.102570 +0100,
42,,,,,,,,,,,,2.75,11,11,0,,,,,,Scenes_Dataset/hut_A.jpg,"(600, 384)",Incongruent,Objects_Dataset/sled_retouched.png,"(450, 286)",old,left,Objects_Dataset/stapler.png,"(250, 178)","(300, 200)","(300, -200)",up,,,,,,,,,,,,,,,,,,,up,1,1.4361941000006482,0.15207890000056068,,,,,,,,,,,,,,,,,,,,,0,11,11,41,2560.0397938999995,,,,,,,,,,,,,,2560.0240679,2560.0397938999995,2562.2730912999996,2562.523293,2562.801668799999,2562.7736172999994,,,,,,,,,,,,,,,,,,,,,,,,,,,,,,,,,,,,,,,,,,,,,,,,,,,,,,,,,,,,,,,,,,,,,,,,,,,,,,,,,,,,,,,,,,,,,,,,,,,,,,,,,,,,,,,,,,,,,,,,,,,,,,,,,,,,,,,2562.7971086999987,2562.801668799999,2562.801668799999,2562.801668799999,2562.801668799999,2565.7903769999994,up,1,1.4361941000006482,0.15207890000056068,,,,FA2804,001,2026-04-28_13h14.14.014,SEED,2024.2.5,61.93135404803123,2026-04-28 13h16.07.102570 +0100,
19,,,,,,,,,,,,2.9,12,12,0,,,,,,Scenes_Dataset/island_A.jpg,"(600, 420)",Congruent,Objects_Dataset/message_bottle.png,"(284, 177)",old,left,Objects_Dataset/kayak.png,"(450, 338)","(300, -200)","(300, 200)",down,,,,,,,,,,,,,,,,,,,down,1,1.597963999998683,0.183932800000548,,,,,,,,,,,,,,,,,,,,,0,12,12,18,2565.8064200999997,,,,,,,,,,,,,,2565.7911485999994,2565.8064200999997,2568.0256732999987,2568.2899971999996,2568.719898199999,2568.6905425999994,,,,,,,,,,,,,,,,,,,,,,,,,,,,,,,,,,,,,,,,,,,,,,,,,,,,,,,,,,,,,,,,,,,,,,,,,,,,,,,,,,,,,,,,,,,,,,,,,,,,,,,,,,,,,,,,,,,,,,,,,,,,,,,,,,,,,,,2568.7164238999994,2568.719898199999,2568.719898199999,2568.719898199999,2568.719898199999,2571.7070937999997,down,1,1.597963999998683,0.183932800000548,,,,FA2804,001,2026-04-28_13h14.14.014,SEED,2024.2.5,61.93135404803123,2026-04-28 13h16.07.102570 +0100,
53,,,,,,,,,,,,2,13,13,0,,,,,,Scenes_Dataset/operating_room_A.jpg,"(600, 416)",Incongruent,Objects_Dataset/rope.png,"(300, 248)",old,left,Objects_Dataset/scooter_retouched.png,"(311, 350)","(300, 200)","(300, -200)",up,,,,,,,,,,,,,,,,,,,up,1,1.5561320999986492,0.15950850000081118,,,,,,,,,,,,,,,,,,,,,0,13,13,52,2571.7238416,,,,,,,,,,,,,,2571.707690199999,2571.7238416,2573.9399502999986,2574.2021322,2573.723296099999,2574.174023899999,,,,,,,,,,,,,,,,,,,,,,,,,,,,,,,,,,,,,,,,,,,,,,,,,,,,,,,,,,,,,,,,,,,,,,,,,,,,,,,,,,,,,,,,,,,,,,,,,,,,,,,,,,,,,,,,,,,,,,,,,,,,,,,,,,,,,,,2574.1988361999993,2574.2021322,2574.2021322,2574.2021322,2574.2021322,2577.1909767999987,up,1,1.5561320999986492,0.15950850000081118,,,,FA2804,001,2026-04-28_13h14.14.014,SEED,2024.2.5,61.93135404803123,2026-04-28 13h16.07.102570 +0100,
12,,,,,,,,,,,,2.55,14,14,0,,,,,,Scenes_Dataset/castle_A.jpg,"(600, 450)",Congruent,Objects_Dataset/sword_retouched.png,"(300, 300)",old,left,Objects_Dataset/shield.png,"(199, 300)","(300, -200)","(300, 200)",down,,,,,,,,,,,,,,,,,,,down,1,1.0277349000007234,0.1762017000000924,,,,,,,,,,,,,,,,,,,,,0,14,14,11,2577.2070176999987,,,,,,,,,,,,,,2577.191817699999,2577.2070176999987,2579.4233344999993,2579.6733829999994,2579.7701103,2579.7413173999994,,,,,,,,,,,,,,,,,,,,,,,,,,,,,,,,,,,,,,,,,,,,,,,,,,,,,,,,,,,,,,,,,,,,,,,,,,,,,,,,,,,,,,,,,,,,,,,,,,,,,,,,,,,,,,,,,,,,,,,,,,,,,,,,,,,,,,,2579.7667146000003,2579.7701103,2579.7701103,2579.7701103,2579.7701103,2582.7569189999995,down,1,1.0277349000007234,0.1762017000000924,,,,FA2804,001,2026-04-28_13h14.14.014,SEED,2024.2.5,61.93135404803123,2026-04-28 13h16.07.102570 +0100,
35,,,,,,,,,,,,2.4,15,15,0,,,,,,Scenes_Dataset/dentist_A.jpg,"(600, 400)",Incongruent,Objects_Dataset/basketball.png,"(282, 300)",old,left,Objects_Dataset/chandelier_retouched.png,"(250, 300)","(300, 200)","(300, -200)",up,,,,,,,,,,,,,,,,,,,up,1,1.6228057000007539,0.160310400000526,,,,,,,,,,,,,,,,,,,,,0,15,15,34,2582.7733885,,,,,,,,,,,,,,2582.7576389999995,2582.7733885,2584.990169999999,2585.2471073999986,2585.1734497999987,2585.224010099999,,,,,,,,,,,,,,,,,,,,,,,,,,,,,,,,,,,,,,,,,,,,,,,,,,,,,,,,,,,,,,,,,,,,,,,,,,,,,,,,,,,,,,,,,,,,,,,,,,,,,,,,,,,,,,,,,,,,,,,,,,,,,,,,,,,,,,,2585.2440738999994,2585.2471073999986,2585.2471073999986,2585.2471073999986,2585.2471073999986,2588.2406226000003,up,1,1.6228057000007539,0.160310400000526,,,,FA2804,001,2026-04-28_13h14.14.014,SEED,2024.2.5,61.93135404803123,2026-04-28 13h16.07.102570 +0100,
54,,,,,,,,,,,,2.05,16,16,0,,,,,,Scenes_Dataset/campsite_A.jpg,"(600, 402)",Incongruent,Objects_Dataset/door_mat.png,"(300, 300)",old,left,Objects_Dataset/remote_control.png,"(300, 293)","(300, 200)","(300, -200)",up,,,,,,,,,,,,,,,,,,,up,1,1.6738076000001456,0.15951200000017707,,,,,,,,,,,,,,,,,,,,,0,16,16,53,2588.256819099999,,,,,,,,,,,,,,2588.2412246999993,2588.256819099999,2590.4736206999987,2590.7324485999998,2590.3069245999995,2590.7075461999993,,,,,,,,,,,,,,,,,,,,,,,,,,,,,,,,,,,,,,,,,,,,,,,,,,,,,,,,,,,,,,,,,,,,,,,,,,,,,,,,,,,,,,,,,,,,,,,,,,,,,,,,,,,,,,,,,,,,,,,,,,,,,,,,,,,,,,,2590.7296485999996,2590.7324485999998,2590.7324485999998,2590.7324485999998,2590.7324485999998,2593.707805099999,up,1,1.6738076000001456,0.15951200000017707,,,,FA2804,001,2026-04-28_13h14.14.014,SEED,2024.2.5,61.93135404803123,2026-04-28 13h16.07.102570 +0100,
9,,,,,,,,,,,,2.4,17,17,0,,,,,,Scenes_Dataset/childrens_room_A.jpg,"(600, 524)",Congruent,Objects_Dataset/abacus.png,"(185, 200)",old,left,Objects_Dataset/doll.png,"(191, 300)","(300, -200)","(300, 200)",down,,,,,,,,,,,,,,,,,,,down,1,1.338867800001026,0.16802730000017618,,,,,,,,,,,,,,,,,,,,,0,17,17,8,2593.7237535000004,,,,,,,,,,,,,,2593.7084183999996,2593.7237535000004,2595.9570367999986,2596.2190617999986,2596.123624,2596.1910940999987,,,,,,,,,,,,,,,,,,,,,,,,,,,,,,,,,,,,,,,,,,,,,,,,,,,,,,,,,,,,,,,,,,,,,,,,,,,,,,,,,,,,,,,,,,,,,,,,,,,,,,,,,,,,,,,,,,,,,,,,,,,,,,,,,,,,,,,2596.2145180999996,2596.2190617999986,2596.2190617999986,2596.2190617999986,2596.2190617999986,2599.2073757999988,down,1,1.338867800001026,0.16802730000017618,,,,FA2804,001,2026-04-28_13h14.14.014,SEED,2024.2.5,61.93135404803123,2026-04-28 13h16.07.102570 +0100,
41,,,,,,,,,,,,2.7,18,18,0,,,,,,Scenes_Dataset/attic_A.jpg,"(600, 400)",Incongruent,Objects_Dataset/ticket_machine.png,"(200, 300)",old,left,Objects_Dataset/cake_holder.png,"(300, 209)","(300, 200)","(300, -200)",up,,,,,,,,,,,,,,,,,,,up,1,2.124275399999533,0.1678222000009555,,,,,,,,,,,,,,,,,,,,,0,18,18,40,2599.2238825999993,,,,,,,,,,,,,,2599.208206899999,2599.2238825999993,2601.4406739999995,2601.6929966999996,2601.9296902999995,2601.908045,,,,,,,,,,,,,,,,,,,,,,,,,,,,,,,,,,,,,,,,,,,,,,,,,,,,,,,,,,,,,,,,,,,,,,,,,,,,,,,,,,,,,,,,,,,,,,,,,,,,,,,,,,,,,,,,,,,,,,,,,,,,,,,,,,,,,,,2601.9267440000003,2601.9296902999995,2601.9296902999995,2601.9296902999995,2601.9296902999995,2604.924067,up,1,2.124275399999533,0.1678222000009555,,,,FA2804,001,2026-04-28_13h14.14.014,SEED,2024.2.5,61.93135404803123,2026-04-28 13h16.07.102570 +0100,
50,,,,,,,,,,,,3.15,19,19,0,,,,,,Scenes_Dataset/playground_A.jpg,"(600, 337)",Incongruent,Objects_Dataset/water_dispenser.png,"(300, 300)",old,left,Objects_Dataset/wine_cork.png,"(250, 163)","(300, 200)","(300, -200)",up,,,,,,,,,,,,,,,,,,,down,0,1.7260876999989705,0.1839720000007219,,,,,,,,,,,,,,,,,,,,,0,19,19,49,2604.940200699999,,,,,,,,,,,,,,2604.9247497999986,2604.940200699999,2607.157204199999,2607.4073050999996,2608.1039578,2608.0745073,,,,,,,,,,,,,,,,,,,,,,,,,,,,,,,,,,,,,,,,,,,,,,,,,,,,,,,,,,,,,,,,,,,,,,,,,,,,,,,,,,,,,,,,,,,,,,,,,,,,,,,,,,,,,,,,,,,,,,,,,,,,,,,,,,,,,,,2608.0990707,2608.1039578,2608.1039578,2608.1039578,2608.1039578,2611.0915096999997,down,0,1.7260876999989705,0.1839720000007219,,,,FA2804,001,2026-04-28_13h14.14.014,SEED,2024.2.5,61.93135404803123,2026-04-28 13h16.07.102570 +0100,
57,,,,,,,,,,,,2.2,20,20,0,,,,,,Scenes_Dataset/road_A.jpg,"(600, 450)",Incongruent,Objects_Dataset/wine_cork.png,"(250, 163)",old,left,Objects_Dataset/locker.png,"(264, 400)","(300, 200)","(300, -200)",up,,,,,,,,,,,,,,,,,,,up,1,1.7120047000007617,0.16791039999952773,,,,,,,,,,,,,,,,,,,,,0,20,20,56,2611.108185199999,,,,,,,,,,,,,,2611.092296499999,2611.108185199999,2613.3240588999997,2613.581836899999,2613.308860199999,2613.558098899999,,,,,,,,,,,,,,,,,,,,,,,,,,,,,,,,,,,,,,,,,,,,,,,,,,,,,,,,,,,,,,,,,,,,,,,,,,,,,,,,,,,,,,,,,,,,,,,,,,,,,,,,,,,,,,,,,,,,,,,,,,,,,,,,,,,,,,,2613.578370699999,2613.581836899999,2613.581836899999,2613.581836899999,2613.581836899999,2616.5748647,up,1,1.7120047000007617,0.16791039999952773,,,,FA2804,001,2026-04-28_13h14.14.014,SEED,2024.2.5,61.93135404803123,2026-04-28 13h16.07.102570 +0100,
44,,,,,,,,,,,,2.85,21,21,0,,,,,,Scenes_Dataset/boat_interior_A.jpg,"(600, 400)",Incongruent,Objects_Dataset/scooter_retouched.png,"(311, 350)",old,left,Objects_Dataset/car_mat.png,"(230, 258)","(300, 200)","(300, -200)",up,,,,,,,,,,,,,,,,,,,up,1,2.193101299999398,0.16769290000047476,,,,,,,,,,,,,,,,,,,,,0,21,21,43,2616.5908022999993,,,,,,,,,,,,,,2616.5757018999993,2616.5908022999993,2618.8075886999995,2619.057340399999,2619.4529925999996,2619.4273139999987,,,,,,,,,,,,,,,,,,,,,,,,,,,,,,,,,,,,,,,,,,,,,,,,,,,,,,,,,,,,,,,,,,,,,,,,,,,,,,,,,,,,,,,,,,,,,,,,,,,,,,,,,,,,,,,,,,,,,,,,,,,,,,,,,,,,,,,2619.4497183999993,2619.4529925999996,2619.4529925999996,2619.4529925999996,2619.4529925999996,2622.4409180000002,up,1,2.193101299999398,0.16769290000047476,,,,FA2804,001,2026-04-28_13h14.14.014,SEED,2024.2.5,61.93135404803123,2026-04-28 13h16.07.102570 +0100,
43,,,,,,,,,,,,2.8,22,22,0,,,,,,Scenes_Dataset/home_office_A.jpg,"(600, 399)",Incongruent,Objects_Dataset/bicycle_bell.png,"(250, 210)",old,left,Objects_Dataset/unicycle_retouched.png,"(159, 300)","(300, 200)","(300, -200)",up,,,,,,,,,,,,,,,,,,,down,0,1.4999011999989307,0.18393160000050557,,,,,,,,,,,,,,,,,,,,,0,22,22,42,2622.4572209999988,,,,,,,,,,,,,,2622.4415234999997,2622.4572209999988,2624.6908261999997,2624.940820599999,2625.2659771,2625.2413192000004,,,,,,,,,,,,,,,,,,,,,,,,,,,,,,,,,,,,,,,,,,,,,,,,,,,,,,,,,,,,,,,,,,,,,,,,,,,,,,,,,,,,,,,,,,,,,,,,,,,,,,,,,,,,,,,,,,,,,,,,,,,,,,,,,,,,,,,2625.263529099999,2625.2659771,2625.2659771,2625.2659771,2625.2659771,2628.2418388999995,down,0,1.4999011999989307,0.18393160000050557,,,,FA2804,001,2026-04-28_13h14.14.014,SEED,2024.2.5,61.93135404803123,2026-04-28 13h16.07.102570 +0100,
47,,,,,,,,,,,,3,23,23,0,,,,,,Scenes_Dataset/entrance_hall_B.jpg,"(600, 421)",Incongruent,Objects_Dataset/movie_reels.png,"(350, 268)",old,left,Objects_Dataset/payment_terminal.png,"(285, 300)","(300, 200)","(300, -200)",up,,,,,,,,,,,,,,,,,,,up,1,1.9617010000001756,0.1680008999992424,,,,,,,,,,,,,,,,,,,,,0,23,23,46,2628.257453099999,,,,,,,,,,,,,,2628.2425662999995,2628.257453099999,2630.490966899999,2630.7408462999992,2631.268148899999,2631.2414977999997,,,,,,,,,,,,,,,,,,,,,,,,,,,,,,,,,,,,,,,,,,,,,,,,,,,,,,,,,,,,,,,,,,,,,,,,,,,,,,,,,,,,,,,,,,,,,,,,,,,,,,,,,,,,,,,,,,,,,,,,,,,,,,,,,,,,,,,2631.2652688,2631.268148899999,2631.268148899999,2631.268148899999,2631.268148899999,2634.2580387,up,1,1.9617010000001756,0.1680008999992424,,,,FA2804,001,2026-04-28_13h14.14.014,SEED,2024.2.5,61.93135404803123,2026-04-28 13h16.07.102570 +0100,
23,,,,,,,,,,,,3.1,24,24,0,,,,,,Scenes_Dataset/desert_A.jpg,"(600, 375)",Congruent,Objects_Dataset/cactus.png,"(300, 248)",old,left,Objects_Dataset/canteen.png,"(150, 250)","(300, -200)","(300, 200)",down,,,,,,,,,,,,,,,,,,,down,1,1.1103492999991431,0.1599997000012081,,,,,,,,,,,,,,,,,,,,,0,24,24,22,2634.274230699999,,,,,,,,,,,,,,2634.2590241999987,2634.274230699999,2636.490795599999,2636.7409362,2637.3835603999996,2637.358343099999,,,,,,,,,,,,,,,,,,,,,,,,,,,,,,,,,,,,,,,,,,,,,,,,,,,,,,,,,,,,,,,,,,,,,,,,,,,,,,,,,,,,,,,,,,,,,,,,,,,,,,,,,,,,,,,,,,,,,,,,,,,,,,,,,,,,,,,2637.3807712999987,2637.3835603999996,2637.3835603999996,2637.3835603999996,2637.3835603999996,2640.374955899999,down,1,1.1103492999991431,0.1599997000012081,,,,FA2804,001,2026-04-28_13h14.14.014,SEED,2024.2.5,61.93135404803123,2026-04-28 13h16.07.102570 +0100,
36,,,,,,,,,,,,2.45,25,25,0,,,,,,Scenes_Dataset/stable_A.jpg,"(600, 450)",Incongruent,Objects_Dataset/remote_control.png,"(300, 293)",old,left,Objects_Dataset/sword_retouched.png,"(300, 300)","(300, 200)","(300, -200)",up,,,,,,,,,,,,,,,,,,,up,1,1.7550578999998834,0.15990189999865834,,,,,,,,,,,,,,,,,,,,,0,25,25,35,2640.390873299999,,,,,,,,,,,,,,2640.3757551,2640.390873299999,2642.6077133,2642.866890199999,2642.841531799999,2642.8421349,,,,,,,,,,,,,,,,,,,,,,,,,,,,,,,,,,,,,,,,,,,,,,,,,,,,,,,,,,,,,,,,,,,,,,,,,,,,,,,,,,,,,,,,,,,,,,,,,,,,,,,,,,,,,,,,,,,,,,,,,,,,,,,,,,,,,,,2642.8637765999993,2642.866890199999,2642.866890199999,2642.866890199999,2642.866890199999,2645.8582157,up,1,1.7550578999998834,0.15990189999865834,,,,FA2804,001,2026-04-28_13h14.14.014,SEED,2024.2.5,61.93135404803123,2026-04-28 13h16.07.102570 +0100,
3,,,,,,,,,,,,2.1,26,26,0,,,,,,Scenes_Dataset/car_interior_A.jpg,"(600, 389)",Congruent,Objects_Dataset/car_mat.png,"(230, 258)",old,left,Objects_Dataset/car_key.png,"(300, 125)","(300, -200)","(300, 200)",down,,,,,,,,,,,,,,,,,,,down,1,1.4939598000000842,0.15197429999898304,,,,,,,,,,,,,,,,,,,,,0,26,26,2,2645.8770291,,,,,,,,,,,,,,2645.8591158,2645.8770291,2648.0911161000004,2648.3519655,2647.9913171999997,2648.325057799999,,,,,,,,,,,,,,,,,,,,,,,,,,,,,,,,,,,,,,,,,,,,,,,,,,,,,,,,,,,,,,,,,,,,,,,,,,,,,,,,,,,,,,,,,,,,,,,,,,,,,,,,,,,,,,,,,,,,,,,,,,,,,,,,,,,,,,,2648.3491189999986,2648.3519655,2648.3519655,2648.3519655,2648.3519655,2651.3415164,down,1,1.4939598000000842,0.15197429999898304,,,,FA2804,001,2026-04-28_13h14.14.014,SEED,2024.2.5,61.93135404803123,2026-04-28 13h16.07.102570 +0100,
55,,,,,,,,,,,,2.1,27,27,0,,,,,,Scenes_Dataset/lake_A.jpg,"(600, 442)",Incongruent,Objects_Dataset/thermometer.png,"(300, 199)",old,left,Objects_Dataset/ticket_machine.png,"(200, 300)","(300, 200)","(300, -200)",up,,,,,,,,,,,,,,,,,,,up,1,1.6060708000004524,0.1439699999991717,,,,,,,,,,,,,,,,,,,,,0,27,27,54,2651.3577405999986,,,,,,,,,,,,,,2651.342527499999,2651.3577405999986,2653.574542999999,2653.8318555999995,2653.4578003999995,2653.808243199999,,,,,,,,,,,,,,,,,,,,,,,,,,,,,,,,,,,,,,,,,,,,,,,,,,,,,,,,,,,,,,,,,,,,,,,,,,,,,,,,,,,,,,,,,,,,,,,,,,,,,,,,,,,,,,,,,,,,,,,,,,,,,,,,,,,,,,,2653.8289308999992,2653.8318555999995,2653.8318555999995,2653.8318555999995,2653.8318555999995,2656.8086671,up,1,1.6060708000004524,0.1439699999991717,,,,FA2804,001,2026-04-28_13h14.14.014,SEED,2024.2.5,61.93135404803123,2026-04-28 13h16.07.102570 +0100,
11,,,,,,,,,,,,2.5,28,28,0,,,,,,Scenes_Dataset/airplane_interior_A.jpg,"(600, 480)",Congruent,Objects_Dataset/oxygen_mask_retouched.png,"(300, 300)",old,left,Objects_Dataset/airplane_belt.png,"(300, 249)","(300, -200)","(300, 200)",down,,,,,,,,,,,,,,,,,,,down,1,1.0944350000008853,0.17582210000000487,,,,,,,,,,,,,,,,,,,,,0,28,28,10,2656.8248165999994,,,,,,,,,,,,,,2656.8094856999996,2656.8248165999994,2659.0581985999997,2659.307944099999,2659.335650699999,2659.3086449,,,,,,,,,,,,,,,,,,,,,,,,,,,,,,,,,,,,,,,,,,,,,,,,,,,,,,,,,,,,,,,,,,,,,,,,,,,,,,,,,,,,,,,,,,,,,,,,,,,,,,,,,,,,,,,,,,,,,,,,,,,,,,,,,,,,,,,2659.3328077999995,2659.335650699999,2659.335650699999,2659.335650699999,2659.335650699999,2662.3248845,down,1,1.0944350000008853,0.17582210000000487,,,,FA2804,001,2026-04-28_13h14.14.014,SEED,2024.2.5,61.93135404803123,2026-04-28 13h16.07.102570 +0100,
58,,,,,,,,,,,,2.25,29,29,0,,,,,,Scenes_Dataset/museum_A.jpg,"(600, 337)",Incongruent,Objects_Dataset/bikini.png,"(350, 350)",old,left,Objects_Dataset/clothesline_retouched_2.png,"(350, 231)","(300, 200)","(300, -200)",up,,,,,,,,,,,,,,,,,,,up,1,1.6335815000002185,0.19190750000052503,,,,,,,,,,,,,,,,,,,,,0,29,29,57,2662.3413826999986,,,,,,,,,,,,,,2662.3256072999993,2662.3413826999986,2664.557926399999,2664.8204117999994,2664.591438399999,2664.7925175,,,,,,,,,,,,,,,,,,,,,,,,,,,,,,,,,,,,,,,,,,,,,,,,,,,,,,,,,,,,,,,,,,,,,,,,,,,,,,,,,,,,,,,,,,,,,,,,,,,,,,,,,,,,,,,,,,,,,,,,,,,,,,,,,,,,,,,2664.8173389999993,2664.8204117999994,2664.8204117999994,2664.8204117999994,2664.8204117999994,2667.8095042999994,up,1,1.6335815000002185,0.19190750000052503,,,,FA2804,001,2026-04-28_13h14.14.014,SEED,2024.2.5,61.93135404803123,2026-04-28 13h16.07.102570 +0100,
59,,,,,,,,,,,,2.3,30,30,0,,,,,,Scenes_Dataset/golf_course_A.jpg,"(600, 400)",Incongruent,Objects_Dataset/clothesline_retouched_2.png,"(350, 231)",old,left,Objects_Dataset/computer_monitor.png,"(300, 300)","(300, 200)","(300, -200)",up,,,,,,,,,,,,,,,,,,,up,1,2.2888843000000634,0.19951940000100876,,,,,,,,,,,,,,,,,,,,,0,30,30,58,2667.8246495000003,,,,,,,,,,,,,,2667.810129899999,2667.8246495000003,2670.041437599999,2670.3015839,2670.1250958,2670.275565099999,,,,,,,,,,,,,,,,,,,,,,,,,,,,,,,,,,,,,,,,,,,,,,,,,,,,,,,,,,,,,,,,,,,,,,,,,,,,,,,,,,,,,,,,,,,,,,,,,,,,,,,,,,,,,,,,,,,,,,,,,,,,,,,,,,,,,,,2670.2983668999987,2670.3015839,2670.3015839,2670.3015839,2670.3015839,2673.2922284999986,up,1,2.2888843000000634,0.19951940000100876,,,,FA2804,001,2026-04-28_13h14.14.014,SEED,2024.2.5,61.93135404803123,2026-04-28 13h16.07.102570 +0100,
45,,,,,,,,,,,,2.9,31,31,0,,,,,,Scenes_Dataset/factory_B.jpg,"(600, 415)",Incongruent,Objects_Dataset/shield.png,"(199, 300)",old,left,Objects_Dataset/trumpet_retouched.png,"(300, 122)","(300, 200)","(300, -200)",up,,,,,,,,,,,,,,,,,,,up,1,1.8085576000012225,0.20794539999951667,,,,,,,,,,,,,,,,,,,,,0,31,31,44,2673.3082378,,,,,,,,,,,,,,2673.293632699999,2673.3082378,2675.525310199999,2675.7747937999993,2676.2212959999997,2676.192584299999,,,,,,,,,,,,,,,,,,,,,,,,,,,,,,,,,,,,,,,,,,,,,,,,,,,,,,,,,,,,,,,,,,,,,,,,,,,,,,,,,,,,,,,,,,,,,,,,,,,,,,,,,,,,,,,,,,,,,,,,,,,,,,,,,,,,,,,2676.2182895999995,2676.2212959999997,2676.2212959999997,2676.2212959999997,2676.2212959999997,2679.2085683999994,up,1,1.8085576000012225,0.20794539999951667,,,,FA2804,001,2026-04-28_13h14.14.014,SEED,2024.2.5,61.93135404803123,2026-04-28 13h16.07.102570 +0100,
40,,,,,,,,,,,,2.65,32,32,0,,,,,,Scenes_Dataset/kindergarten_A.jpg,"(600, 338)",Incongruent,Objects_Dataset/payment_terminal.png,"(285, 300)",old,left,Objects_Dataset/message_bottle.png,"(284, 177)","(300, 200)","(300, -200)",up,,,,,,,,,,,,,,,,,,,up,1,1.5686337999995885,0.1838659999993979,,,,,,,,,,,,,,,,,,,,,0,32,32,39,2679.224775999999,,,,,,,,,,,,,,2679.2094209999996,2679.224775999999,2681.4418064,2681.691869,2681.8774089,2681.8593394,,,,,,,,,,,,,,,,,,,,,,,,,,,,,,,,,,,,,,,,,,,,,,,,,,,,,,,,,,,,,,,,,,,,,,,,,,,,,,,,,,,,,,,,,,,,,,,,,,,,,,,,,,,,,,,,,,,,,,,,,,,,,,,,,,,,,,,2681.8746759999995,2681.8774089,2681.8774089,2681.8774089,2681.8774089,2684.8751479000002,up,1,1.5686337999995885,0.1838659999993979,,,,FA2804,001,2026-04-28_13h14.14.014,SEED,2024.2.5,61.93135404803123,2026-04-28 13h16.07.102570 +0100,
52,,,,,,,,,,,,3.25,33,33,0,,,,,,Scenes_Dataset/parking_lot_A.jpg,"(600, 397)",Incongruent,Objects_Dataset/digital_piano_retouched.png,"(350, 350)",old,left,Objects_Dataset/toothbrush.png,"(300, 215)","(300, 200)","(300, -200)",up,,,,,,,,,,,,,,,,,,,up,1,1.6304564999991271,0.16795079999974405,,,,,,,,,,,,,,,,,,,,,0,33,33,51,2684.8915878999996,,,,,,,,,,,,,,2684.8757737999986,2684.8915878999996,2687.1083714999986,2687.3582902999988,2688.1514467999987,2688.125716499999,,,,,,,,,,,,,,,,,,,,,,,,,,,,,,,,,,,,,,,,,,,,,,,,,,,,,,,,,,,,,,,,,,,,,,,,,,,,,,,,,,,,,,,,,,,,,,,,,,,,,,,,,,,,,,,,,,,,,,,,,,,,,,,,,,,,,,,2688.1485679999987,2688.1514467999987,2688.1514467999987,2688.1514467999987,2688.1514467999987,2691.1422387000002,up,1,1.6304564999991271,0.16795079999974405,,,,FA2804,001,2026-04-28_13h14.14.014,SEED,2024.2.5,61.93135404803123,2026-04-28 13h16.07.102570 +0100,
8,,,,,,,,,,,,2.35,34,34,0,,,,,,Scenes_Dataset/igloo_A.jpg,"(600, 450)",Congruent,Objects_Dataset/eskimo_coat.png,"(300, 300)",old,left,Objects_Dataset/wool_cap.png,"(250, 250)","(300, -200)","(300, 200)",down,,,,,,,,,,,,,,,,,,,down,1,0.9790195000005042,0.15175769999950717,,,,,,,,,,,,,,,,,,,,,0,34,34,7,2691.1592710999994,,,,,,,,,,,,,,2691.1428698,2691.1592710999994,2693.3753414000003,2693.6349410000003,2693.5086837,2693.6089250999994,,,,,,,,,,,,,,,,,,,,,,,,,,,,,,,,,,,,,,,,,,,,,,,,,,,,,,,,,,,,,,,,,,,,,,,,,,,,,,,,,,,,,,,,,,,,,,,,,,,,,,,,,,,,,,,,,,,,,,,,,,,,,,,,,,,,,,,2693.6318484000003,2693.6349410000003,2693.6349410000003,2693.6349410000003,2693.6349410000003,2696.6254673000003,down,1,0.9790195000005042,0.15175769999950717,,,,FA2804,001,2026-04-28_13h14.14.014,SEED,2024.2.5,61.93135404803123,2026-04-28 13h16.07.102570 +0100,
10,,,,,,,,,,,,2.45,35,35,0,,,,,,Scenes_Dataset/toy_store_B.jpg,"(600, 415)",Congruent,Objects_Dataset/doll.png,"(191, 300)",old,left,Objects_Dataset/abacus.png,"(185, 200)","(300, -200)","(300, 200)",down,,,,,,,,,,,,,,,,,,,down,1,1.4321911000006367,0.18401169999924605,,,,,,,,,,,,,,,,,,,,,0,35,35,9,2696.641747599999,,,,,,,,,,,,,,2696.626105199999,2696.641747599999,2698.858560499999,2699.1176130999993,2699.091683999999,2699.0922057999996,,,,,,,,,,,,,,,,,,,,,,,,,,,,,,,,,,,,,,,,,,,,,,,,,,,,,,,,,,,,,,,,,,,,,,,,,,,,,,,,,,,,,,,,,,,,,,,,,,,,,,,,,,,,,,,,,,,,,,,,,,,,,,,,,,,,,,,2699.1144336999987,2699.1176130999993,2699.1176130999993,2699.1176130999993,2699.1176130999993,2702.109228899999,down,1,1.4321911000006367,0.18401169999924605,,,,FA2804,001,2026-04-28_13h14.14.014,SEED,2024.2.5,61.93135404803123,2026-04-28 13h16.07.102570 +0100,
27,,,,,,,,,,,,2,36,36,0,,,,,,Scenes_Dataset/toilet_A.jpg,"(600, 450)",Congruent,Objects_Dataset/toothbrush.png,"(300, 215)",old,left,Objects_Dataset/hairdryer_retouched.png,"(250, 241)","(300, -200)","(300, 200)",down,,,,,,,,,,,,,,,,,,,down,1,1.256031200000507,0.15192340000066906,,,,,,,,,,,,,,,,,,,,,0,36,36,26,2702.1251961999988,,,,,,,,,,,,,,2702.1098514999994,2702.1251961999988,2704.3419068000003,2704.597883799999,2704.125299899999,2704.5765298999995,,,,,,,,,,,,,,,,,,,,,,,,,,,,,,,,,,,,,,,,,,,,,,,,,,,,,,,,,,,,,,,,,,,,,,,,,,,,,,,,,,,,,,,,,,,,,,,,,,,,,,,,,,,,,,,,,,,,,,,,,,,,,,,,,,,,,,,2704.5949315999987,2704.597883799999,2704.597883799999,2704.597883799999,2704.597883799999,2707.5948690999994,down,1,1.256031200000507,0.15192340000066906,,,,FA2804,001,2026-04-28_13h14.14.014,SEED,2024.2.5,61.93135404803123,2026-04-28 13h16.07.102570 +0100,
49,,,,,,,,,,,,3.1,37,37,0,,,,,,Scenes_Dataset/restaurant_A.jpg,"(600, 400)",Incongruent,Objects_Dataset/comb.png,"(250, 250)",old,left,Objects_Dataset/football_boots.png,"(300, 300)","(300, 200)","(300, -200)",up,,,,,,,,,,,,,,,,,,,up,1,1.8090496999993775,0.1679192999999941,,,,,,,,,,,,,,,,,,,,,0,37,37,48,2707.6087489,,,,,,,,,,,,,,2707.5956609999994,2707.6087489,2709.842136699999,2710.093860699999,2710.717052799999,2710.6940944,,,,,,,,,,,,,,,,,,,,,,,,,,,,,,,,,,,,,,,,,,,,,,,,,,,,,,,,,,,,,,,,,,,,,,,,,,,,,,,,,,,,,,,,,,,,,,,,,,,,,,,,,,,,,,,,,,,,,,,,,,,,,,,,,,,,,,,2710.7142716,2710.717052799999,2710.717052799999,2710.717052799999,2710.717052799999,2713.7093762999993,up,1,1.8090496999993775,0.1679192999999941,,,,FA2804,001,2026-04-28_13h14.14.014,SEED,2024.2.5,61.93135404803123,2026-04-28 13h16.07.102570 +0100,
39,,,,,,,,,,,,2.6,38,38,0,,,,,,Scenes_Dataset/garage_A.jpg,"(600, 397)",Incongruent,Objects_Dataset/crown.png,"(300, 249)",old,left,Objects_Dataset/oxygen_mask_retouched.png,"(300, 300)","(300, 200)","(300, -200)",up,,,,,,,,,,,,,,,,,,,up,1,1.5713900999999169,0.15175339999950666,,,,,,,,,,,,,,,,,,,,,0,38,38,38,2713.7253593999994,,,,,,,,,,,,,,2713.7100336999993,2713.7253593999994,2715.9590150999993,2716.2096973999996,2716.3386518999996,2716.3102882999992,,,,,,,,,,,,,,,,,,,,,,,,,,,,,,,,,,,,,,,,,,,,,,,,,,,,,,,,,,,,,,,,,,,,,,,,,,,,,,,,,,,,,,,,,,,,,,,,,,,,,,,,,,,,,,,,,,,,,,,,,,,,,,,,,,,,,,,2716.3356003999997,2716.3386518999996,2716.3386518999996,2716.3386518999996,2716.3386518999996,2719.3260013,up,1,1.5713900999999169,0.15175339999950666,,,,FA2804,001,2026-04-28_13h14.14.014,SEED,2024.2.5,61.93135404803123,2026-04-28 13h16.07.102570 +0100,
28,,,,,,,,,,,,2.05,39,39,0,,,,,,Scenes_Dataset/public_toilet_A.jpg,"(600, 375)",Congruent,Objects_Dataset/hands_dryer.png,"(350, 267)",old,left,Objects_Dataset/paper_towel_dispenser.png,"(300, 400)","(300, -200)","(300, 200)",down,,,,,,,,,,,,,,,,,,,down,1,1.6475621000008687,0.16795359999923676,,,,,,,,,,,,,,,,,,,,,0,39,39,27,2719.342191599999,,,,,,,,,,,,,,2719.3267510999995,2719.342191599999,2721.5756470999986,2721.8382767000003,2721.3922987999995,2721.809621799999,,,,,,,,,,,,,,,,,,,,,,,,,,,,,,,,,,,,,,,,,,,,,,,,,,,,,,,,,,,,,,,,,,,,,,,,,,,,,,,,,,,,,,,,,,,,,,,,,,,,,,,,,,,,,,,,,,,,,,,,,,,,,,,,,,,,,,,2721.8351907999986,2721.8382767000003,2721.8382767000003,2721.8382767000003,2721.8382767000003,2724.825974399999,down,1,1.6475621000008687,0.16795359999923676,,,,FA2804,001,2026-04-28_13h14.14.014,SEED,2024.2.5,61.93135404803123,2026-04-28 13h16.07.102570 +0100,
48,,,,,,,,,,,,3.05,40,40,0,,,,,,Scenes_Dataset/ballet_room_A.jpg,"(600, 398)",Incongruent,Objects_Dataset/hiking_boots.png,"(300, 300)",old,left,Objects_Dataset/bicycle_bell.png,"(250, 210)","(300, 200)","(300, -200)",up,,,,,,,,,,,,,,,,,,,up,1,1.4971753000008903,0.16777949999959674,,,,,,,,,,,,,,,,,,,,,0,40,40,47,2724.8420883,,,,,,,,,,,,,,2724.826600299999,2724.8420883,2727.0591582999987,2727.3090890999993,2727.9008247,2727.8763953,,,,,,,,,,,,,,,,,,,,,,,,,,,,,,,,,,,,,,,,,,,,,,,,,,,,,,,,,,,,,,,,,,,,,,,,,,,,,,,,,,,,,,,,,,,,,,,,,,,,,,,,,,,,,,,,,,,,,,,,,,,,,,,,,,,,,,,2727.8979597,2727.9008247,2727.9008247,2727.9008247,2727.9008247,2730.8928075000003,up,1,1.4971753000008903,0.16777949999959674,,,,FA2804,001,2026-04-28_13h14.14.014,SEED,2024.2.5,61.93135404803123,2026-04-28 13h16.07.102570 +0100,
1,,,,,,,,,,,,2,41,41,0,,,,,,Scenes_Dataset/office_work_A.jpg,"(600, 470)",Congruent,Objects_Dataset/staple_puller_retouched.png,"(400, 400)",old,left,Objects_Dataset/clock.png,"(250, 248)","(300, -200)","(300, 200)",down,,,,,,,,,,,,,,,,,,,down,1,1.370384699999704,0.1836647999989509,,,,,,,,,,,,,,,,,,,,,0,41,41,0,2730.9091787999987,,,,,,,,,,,,,,2730.8937085999987,2730.9091787999987,2733.1257159999986,2733.3877857999996,2732.9090223999992,2733.359756,,,,,,,,,,,,,,,,,,,,,,,,,,,,,,,,,,,,,,,,,,,,,,,,,,,,,,,,,,,,,,,,,,,,,,,,,,,,,,,,,,,,,,,,,,,,,,,,,,,,,,,,,,,,,,,,,,,,,,,,,,,,,,,,,,,,,,,2733.3824979,2733.3877857999996,2733.3877857999996,2733.3877857999996,2733.3877857999996,2736.3758202999998,down,1,1.370384699999704,0.1836647999989509,,,,FA2804,001,2026-04-28_13h14.14.014,SEED,2024.2.5,61.93135404803123,2026-04-28 13h16.07.102570 +0100,
21,,,,,,,,,,,,3,42,42,0,,,,,,Scenes_Dataset/pharmacy_A.jpg,"(600, 461)",Congruent,Objects_Dataset/pills.png,"(216, 250)",old,left,Objects_Dataset/thermometer.png,"(300, 199)","(300, -200)","(300, 200)",down,,,,,,,,,,,,,,,,,,,down,1,2.082230599999093,0.1839694000009331,,,,,,,,,,,,,,,,,,,,,0,42,42,20,2736.3921868999987,,,,,,,,,,,,,,2736.376413099999,2736.3921868999987,2738.6090731000004,2738.859031099999,2739.4036177999988,2739.3760401,,,,,,,,,,,,,,,,,,,,,,,,,,,,,,,,,,,,,,,,,,,,,,,,,,,,,,,,,,,,,,,,,,,,,,,,,,,,,,,,,,,,,,,,,,,,,,,,,,,,,,,,,,,,,,,,,,,,,,,,,,,,,,,,,,,,,,,2739.4008142000002,2739.4036177999988,2739.4036177999988,2739.4036177999988,2739.4036177999988,2742.392653499999,down,1,2.082230599999093,0.1839694000009331,,,,FA2804,001,2026-04-28_13h14.14.014,SEED,2024.2.5,61.93135404803123,2026-04-28 13h16.07.102570 +0100,
4,,,,,,,,,,,,2.15,43,43,0,,,,,,Scenes_Dataset/pastry_shop_A.jpg,"(600, 400)",Congruent,Objects_Dataset/cake_holder.png,"(300, 209)",old,left,Objects_Dataset/cake_tongs_retouched.png,"(300, 75)","(300, -200)","(300, 200)",down,,,,,,,,,,,,,,,,,,,down,1,1.3979848999988462,0.2159535999999207,,,,,,,,,,,,,,,,,,,,,0,43,43,3,2742.4089282999994,,,,,,,,,,,,,,2742.393276999999,2742.4089282999994,2744.6256575999996,2744.887874099999,2744.5619355,2744.8600494,,,,,,,,,,,,,,,,,,,,,,,,,,,,,,,,,,,,,,,,,,,,,,,,,,,,,,,,,,,,,,,,,,,,,,,,,,,,,,,,,,,,,,,,,,,,,,,,,,,,,,,,,,,,,,,,,,,,,,,,,,,,,,,,,,,,,,,2744.8852209999986,2744.887874099999,2744.887874099999,2744.887874099999,2744.887874099999,2747.8608222000003,down,1,1.3979848999988462,0.2159535999999207,,,,FA2804,001,2026-04-28_13h14.14.014,SEED,2024.2.5,61.93135404803123,2026-04-28 13h16.07.102570 +0100,
32,,,,,,,,,,,,2.25,44,44,0,,,,,,Scenes_Dataset/elevator_A.jpg,"(600, 450)",Incongruent,Objects_Dataset/cake_tongs_retouched.png,"(300, 75)",old,left,Objects_Dataset/3d_glasses_retouched.png,"(300, 300)","(300, 200)","(300, -200)",up,,,,,,,,,,,,,,,,,,,up,1,1.8171309999997902,0.1519442999997409,,,,,,,,,,,,,,,,,,,,,0,44,44,31,2747.875944899999,,,,,,,,,,,,,,2747.8615506999995,2747.875944899999,2750.1091896,2750.3647117,2750.125805399999,2750.343253199999,,,,,,,,,,,,,,,,,,,,,,,,,,,,,,,,,,,,,,,,,,,,,,,,,,,,,,,,,,,,,,,,,,,,,,,,,,,,,,,,,,,,,,,,,,,,,,,,,,,,,,,,,,,,,,,,,,,,,,,,,,,,,,,,,,,,,,,2750.3619148,2750.3647117,2750.3647117,2750.3647117,2750.3647117,2753.3594169999997,up,1,1.8171309999997902,0.1519442999997409,,,,FA2804,001,2026-04-28_13h14.14.014,SEED,2024.2.5,61.93135404803123,2026-04-28 13h16.07.102570 +0100,
17,,,,,,,,,,,,2.8,45,45,0,,,,,,Scenes_Dataset/stage_A.jpg,"(600, 396)",Congruent,Objects_Dataset/saxophone.png,"(250, 250)",old,left,Objects_Dataset/digital_piano_retouched.png,"(350, 350)","(300, -200)","(300, 200)",down,,,,,,,,,,,,,,,,,,,down,1,0.8319327999997768,0.18370920000052138,,,,,,,,,,,,,,,,,,,,,0,45,45,16,2753.3781332,,,,,,,,,,,,,,2753.360040899999,2753.3781332,2755.5945333,2755.8591555000003,2756.2061512,2756.1778342,,,,,,,,,,,,,,,,,,,,,,,,,,,,,,,,,,,,,,,,,,,,,,,,,,,,,,,,,,,,,,,,,,,,,,,,,,,,,,,,,,,,,,,,,,,,,,,,,,,,,,,,,,,,,,,,,,,,,,,,,,,,,,,,,,,,,,,2756.2026575,2756.2061512,2756.2061512,2756.2061512,2756.2061512,2759.193372599999,down,1,0.8319327999997768,0.18370920000052138,,,,FA2804,001,2026-04-28_13h14.14.014,SEED,2024.2.5,61.93135404803123,2026-04-28 13h16.07.102570 +0100,
13,,,,,,,,,,,,2.6,46,46,0,,,,,,Scenes_Dataset/circus_A.jpg,"(600, 421)",Congruent,Objects_Dataset/unicycle_retouched.png,"(159, 300)",old,left,Objects_Dataset/juggling_balls_retouched.png,"(350, 197)","(300, -200)","(300, 200)",down,,,,,,,,,,,,,,,,,,,down,1,1.5896300000003976,0.1679796999997052,,,,,,,,,,,,,,,,,,,,,0,46,46,12,2759.2092667999987,,,,,,,,,,,,,,2759.194104799999,2759.2092667999987,2761.442729999999,2761.6932937,2761.8242781999998,2761.793798499999,,,,,,,,,,,,,,,,,,,,,,,,,,,,,,,,,,,,,,,,,,,,,,,,,,,,,,,,,,,,,,,,,,,,,,,,,,,,,,,,,,,,,,,,,,,,,,,,,,,,,,,,,,,,,,,,,,,,,,,,,,,,,,,,,,,,,,,2761.8213227999986,2761.8242781999998,2761.8242781999998,2761.8242781999998,2761.8242781999998,2764.8097039999993,down,1,1.5896300000003976,0.1679796999997052,,,,FA2804,001,2026-04-28_13h14.14.014,SEED,2024.2.5,61.93135404803123,2026-04-28 13h16.07.102570 +0100,
20,,,,,,,,,,,,2.95,47,47,0,,,,,,Scenes_Dataset/basketball_field_A.jpg,"(600, 399)",Congruent,Objects_Dataset/whistle.png,"(200, 151)",old,left,Objects_Dataset/basketball.png,"(282, 300)","(300, -200)","(300, 200)",down,,,,,,,,,,,,,,,,,,,up,0,2.1428687999996328,0.14372459999867715,,,,,,,,,,,,,,,,,,,,,0,47,47,19,2764.8260811,,,,,,,,,,,,,,2764.810342999999,2764.8260811,2767.059454099999,2767.3095453999995,2767.7833210999997,2767.760048099999,,,,,,,,,,,,,,,,,,,,,,,,,,,,,,,,,,,,,,,,,,,,,,,,,,,,,,,,,,,,,,,,,,,,,,,,,,,,,,,,,,,,,,,,,,,,,,,,,,,,,,,,,,,,,,,,,,,,,,,,,,,,,,,,,,,,,,,2767.780462499999,2767.7833210999997,2767.7833210999997,2767.7833210999997,2767.7833210999997,2770.7768077,up,0,2.1428687999996328,0.14372459999867715,,,,FA2804,001,2026-04-28_13h14.14.014,SEED,2024.2.5,61.93135404803123,2026-04-28 13h16.07.102570 +0100,
34,,,,,,,,,,,,2.35,48,48,0,,,,,,Scenes_Dataset/flower_shop_A.jpg,"(600, 450)",Incongruent,Objects_Dataset/trumpet_retouched.png,"(300, 122)",old,left,Objects_Dataset/sailor_hat.png,"(300, 250)","(300, 200)","(300, -200)",up,,,,,,,,,,,,,,,,,,,down,0,2.106762000001254,0.16821899999922607,,,,,,,,,,,,,,,,,,,,,0,48,48,33,2770.7930648,,,,,,,,,,,,,,2770.7774219000003,2770.7930648,2773.0095401,2773.2671543999986,2773.1429276,2773.2432585999995,,,,,,,,,,,,,,,,,,,,,,,,,,,,,,,,,,,,,,,,,,,,,,,,,,,,,,,,,,,,,,,,,,,,,,,,,,,,,,,,,,,,,,,,,,,,,,,,,,,,,,,,,,,,,,,,,,,,,,,,,,,,,,,,,,,,,,,2773.2643075999986,2773.2671543999986,2773.2671543999986,2773.2671543999986,2773.2671543999986,2776.259733499999,down,0,2.106762000001254,0.16821899999922607,,,,FA2804,001,2026-04-28_13h14.14.014,SEED,2024.2.5,61.93135404803123,2026-04-28 13h16.07.102570 +0100,
15,,,,,,,,,,,,2.7,49,49,0,,,,,,Scenes_Dataset/river_A.jpg,"(600, 450)",Congruent,Objects_Dataset/kayak.png,"(450, 338)",old,left,Objects_Dataset/paddle.png,"(300, 299)","(300, -200)","(300, 200)",down,,,,,,,,,,,,,,,,,,,down,1,2.866170000001148,None,,,,,,,,,,,,,,,,,,,,,0,49,49,14,2776.2761407999988,,,,,,,,,,,,,,2776.260464499999,2776.2761407999988,2778.492893299999,2778.7431249,2778.9877507,2778.9601810000004,,,,,,,,,,,,,,,,,,,,,,,,,,,,,,,,,,,,,,,,,,,,,,,,,,,,,,,,,,,,,,,,,,,,,,,,,,,,,,,,,,,,,,,,,,,,,,,,,,,,,,,,,,,,,,,,,,,,,,,,,,,,,,,,,,,,,,,2778.983656799999,2778.9877507,2778.9877507,2778.9877507,2778.9877507,2781.9764928999994,down,1,2.866170000001148,None,,,,FA2804,001,2026-04-28_13h14.14.014,SEED,2024.2.5,61.93135404803123,2026-04-28 13h16.07.102570 +0100,
5,,,,,,,,,,,,2.2,50,50,0,,,,,,Scenes_Dataset/movie_theater_A.jpg,"(600, 364)",Congruent,Objects_Dataset/3d_glasses_retouched.png,"(300, 300)",old,left,Objects_Dataset/movie_reels.png,"(350, 268)","(300, -200)","(300, 200)",down,,,,,,,,,,,,,,,,,,,down,1,1.1414335000008577,0.16794130000016594,,,,,,,,,,,,,,,,,,,,,0,50,50,4,2781.992899699999,,,,,,,,,,,,,,2781.9771462999997,2781.992899699999,2784.2099019999987,2784.4647351000003,2784.1930974999996,2784.4434298999986,,,,,,,,,,,,,,,,,,,,,,,,,,,,,,,,,,,,,,,,,,,,,,,,,,,,,,,,,,,,,,,,,,,,,,,,,,,,,,,,,,,,,,,,,,,,,,,,,,,,,,,,,,,,,,,,,,,,,,,,,,,,,,,,,,,,,,,2784.462024299999,2784.4647351000003,2784.4647351000003,2784.4647351000003,2784.4647351000003,2787.444769399999,down,1,1.1414335000008577,0.16794130000016594,,,,FA2804,001,2026-04-28_13h14.14.014,SEED,2024.2.5,61.93135404803123,2026-04-28 13h16.07.102570 +0100,
16,,,,,,,,,,,,2.75,51,51,0,,,,,,Scenes_Dataset/hair_salon_A.jpg,"(600, 386)",Congruent,Objects_Dataset/hairdryer_retouched.png,"(250, 241)",old,left,Objects_Dataset/comb.png,"(250, 250)","(300, -200)","(300, 200)",down,,,,,,,,,,,,,,,,,,,down,1,1.8592841000008775,0.1755699999994249,,,,,,,,,,,,,,,,,,,,,0,51,51,15,2787.459651899999,,,,,,,,,,,,,,2787.4453804999994,2787.459651899999,2789.6933095999993,2789.9453288999994,2790.2189232,2790.194061,,,,,,,,,,,,,,,,,,,,,,,,,,,,,,,,,,,,,,,,,,,,,,,,,,,,,,,,,,,,,,,,,,,,,,,,,,,,,,,,,,,,,,,,,,,,,,,,,,,,,,,,,,,,,,,,,,,,,,,,,,,,,,,,,,,,,,,2790.2161567000003,2790.2189232,2790.2189232,2790.2189232,2790.2189232,2793.2100997999987,down,1,1.8592841000008775,0.1755699999994249,,,,FA2804,001,2026-04-28_13h14.14.014,SEED,2024.2.5,61.93135404803123,2026-04-28 13h16.07.102570 +0100,
25,,,,,,,,,,,,3.2,52,52,0,,,,,,Scenes_Dataset/building_entrance_A.jpg,"(600, 400)",Congruent,Objects_Dataset/envelope_retouched.png,"(250, 211)",old,left,Objects_Dataset/door_mat.png,"(300, 300)","(300, -200)","(300, 200)",down,,,,,,,,,,,,,,,,,,,down,1,1.3893499999994674,0.16796380000050704,,,,,,,,,,,,,,,,,,,,,0,52,52,24,2793.2265518999993,,,,,,,,,,,,,,2793.2106991,2793.2265518999993,2795.4433587999993,2795.693165499999,2796.4324856999992,2796.410254799999,,,,,,,,,,,,,,,,,,,,,,,,,,,,,,,,,,,,,,,,,,,,,,,,,,,,,,,,,,,,,,,,,,,,,,,,,,,,,,,,,,,,,,,,,,,,,,,,,,,,,,,,,,,,,,,,,,,,,,,,,,,,,,,,,,,,,,,2796.4294911999987,2796.4324856999992,2796.4324856999992,2796.4324856999992,2796.4324856999992,2799.4272648999995,down,1,1.3893499999994674,0.16796380000050704,,,,FA2804,001,2026-04-28_13h14.14.014,SEED,2024.2.5,61.93135404803123,2026-04-28 13h16.07.102570 +0100,
33,,,,,,,,,,,,2.3,53,53,0,,,,,,Scenes_Dataset/ice_rink_A.jpg,"(600, 450)",Incongruent,Objects_Dataset/paper_towel_dispenser.png,"(300, 400)",old,left,Objects_Dataset/saxophone.png,"(250, 250)","(300, 200)","(300, -200)",up,,,,,,,,,,,,,,,,,,,up,1,1.5241588999997475,0.20003130000077363,,,,,,,,,,,,,,,,,,,,,0,53,53,32,2799.4432705,,,,,,,,,,,,,,2799.427886199999,2799.4432705,2801.6606868,2801.9217546,2801.7432754,2801.893904999999,,,,,,,,,,,,,,,,,,,,,,,,,,,,,,,,,,,,,,,,,,,,,,,,,,,,,,,,,,,,,,,,,,,,,,,,,,,,,,,,,,,,,,,,,,,,,,,,,,,,,,,,,,,,,,,,,,,,,,,,,,,,,,,,,,,,,,,2801.9185899000004,2801.9217546,2801.9217546,2801.9217546,2801.9217546,2804.910352499999,up,1,1.5241588999997475,0.20003130000077363,,,,FA2804,001,2026-04-28_13h14.14.014,SEED,2024.2.5,61.93135404803123,2026-04-28 13h16.07.102570 +0100,
18,,,,,,,,,,,,2.85,54,54,0,,,,,,Scenes_Dataset/soccer_stadium_B.jpg,"(600, 400)",Congruent,Objects_Dataset/football_boots.png,"(300, 300)",old,left,Objects_Dataset/whistle.png,"(200, 151)","(300, -200)","(300, 200)",down,,,,,,,,,,,,,,,,,,,down,1,1.2879537000007986,0.19162019999930635,,,,,,,,,,,,,,,,,,,,,0,54,54,17,2804.9266795000003,,,,,,,,,,,,,,2804.9111957999994,2804.9266795000003,2807.1434456999996,2807.3937253999993,2807.781988499999,2807.7605938999986,,,,,,,,,,,,,,,,,,,,,,,,,,,,,,,,,,,,,,,,,,,,,,,,,,,,,,,,,,,,,,,,,,,,,,,,,,,,,,,,,,,,,,,,,,,,,,,,,,,,,,,,,,,,,,,,,,,,,,,,,,,,,,,,,,,,,,,2807.7793268999994,2807.781988499999,2807.781988499999,2807.781988499999,2807.781988499999,2810.7773018999997,down,1,1.2879537000007986,0.19162019999930635,,,,FA2804,001,2026-04-28_13h14.14.014,SEED,2024.2.5,61.93135404803123,2026-04-28 13h16.07.102570 +0100,
31,,,,,,,,,,,,2.2,55,55,0,,,,,,Scenes_Dataset/balcony.jpg,"(600, 450)",Incongruent,Objects_Dataset/car_key.png,"(300, 125)",old,left,Objects_Dataset/staple_puller_retouched.png,"(400, 400)","(300, 200)","(300, -200)",up,,,,,,,,,,,,,,,,,,,down,0,2.6552619000012783,0.20774049999999988,,,,,,,,,,,,,,,,,,,,,0,55,55,30,2810.7934331999986,,,,,,,,,,,,,,2810.7778934,2810.7934331999986,2813.0101674,2813.270792899999,2812.993674899999,2813.2442847,,,,,,,,,,,,,,,,,,,,,,,,,,,,,,,,,,,,,,,,,,,,,,,,,,,,,,,,,,,,,,,,,,,,,,,,,,,,,,,,,,,,,,,,,,,,,,,,,,,,,,,,,,,,,,,,,,,,,,,,,,,,,,,,,,,,,,,2813.2679166,2813.270792899999,2813.270792899999,2813.270792899999,2813.270792899999,2816.2608366999993,down,0,2.6552619000012783,0.20774049999999988,,,,FA2804,001,2026-04-28_13h14.14.014,SEED,2024.2.5,61.93135404803123,2026-04-28 13h16.07.102570 +0100,
6,,,,,,,,,,,,2.25,56,56,0,,,,,,Scenes_Dataset/stationary_store_A.jpg,"(600, 370)",Congruent,Objects_Dataset/stapler.png,"(250, 178)",old,left,Objects_Dataset/envelope_retouched.png,"(250, 211)","(300, -200)","(300, 200)",down,,,,,,,,,,,,,,,,,,,down,1,2.085373099998833,0.22445750000042608,,,,,,,,,,,,,,,,,,,,,0,56,56,5,2816.276843399999,,,,,,,,,,,,,,2816.261471399999,2816.276843399999,2818.494882699999,2818.7684871,2818.5268923000003,2818.7445907,,,,,,,,,,,,,,,,,,,,,,,,,,,,,,,,,,,,,,,,,,,,,,,,,,,,,,,,,,,,,,,,,,,,,,,,,,,,,,,,,,,,,,,,,,,,,,,,,,,,,,,,,,,,,,,,,,,,,,,,,,,,,,,,,,,,,,,2818.765752199999,2818.7684871,2818.7684871,2818.7684871,2818.7684871,2821.760701699999,down,1,2.085373099998833,0.22445750000042608,,,,FA2804,001,2026-04-28_13h14.14.014,SEED,2024.2.5,61.93135404803123,2026-04-28 13h16.07.102570 +0100,
24,,,,,,,,,,,,3.15,57,57,0,,,,,,Scenes_Dataset/marina_A.jpg,"(600, 450)",Congruent,Objects_Dataset/sailor_hat.png,"(300, 250)",old,left,Objects_Dataset/rope.png,"(300, 248)","(300, -200)","(300, 200)",down,,,,,,,,,,,,,,,,,,,down,1,1.4770560999986628,0.19980480000049283,,,,,,,,,,,,,,,,,,,,,0,57,57,23,2821.7771360999996,,,,,,,,,,,,,,2821.7614006000003,2821.7771360999996,2823.9940295999986,2824.2437530999996,2824.9368945999995,2824.9127267000003,,,,,,,,,,,,,,,,,,,,,,,,,,,,,,,,,,,,,,,,,,,,,,,,,,,,,,,,,,,,,,,,,,,,,,,,,,,,,,,,,,,,,,,,,,,,,,,,,,,,,,,,,,,,,,,,,,,,,,,,,,,,,,,,,,,,,,,2824.9333472,2824.9368945999995,2824.9368945999995,2824.9368945999995,2824.9368945999995,2827.9274833,down,1,1.4770560999986628,0.19980480000049283,,,,FA2804,001,2026-04-28_13h14.14.014,SEED,2024.2.5,61.93135404803123,2026-04-28 13h16.07.102570 +0100,
37,,,,,,,,,,,,2.5,58,58,0,,,,,,Scenes_Dataset/vault_A.jpg,"(600, 398)",Incongruent,Objects_Dataset/fan.png,"(350, 350)",old,left,Objects_Dataset/cactus.png,"(300, 248)","(300, 200)","(300, -200)",up,,,,,,,,,,,,,,,,,,,up,1,1.6021775999997772,0.15986709999924642,,,,,,,,,,,,,,,,,,,,,0,58,58,36,2827.943836799999,,,,,,,,,,,,,,2827.9280973999994,2827.943836799999,2830.1772149999997,2830.4272741999994,2830.4517689999993,2830.4277843,,,,,,,,,,,,,,,,,,,,,,,,,,,,,,,,,,,,,,,,,,,,,,,,,,,,,,,,,,,,,,,,,,,,,,,,,,,,,,,,,,,,,,,,,,,,,,,,,,,,,,,,,,,,,,,,,,,,,,,,,,,,,,,,,,,,,,,2830.4494127,2830.4517689999993,2830.4517689999993,2830.4517689999993,2830.4517689999993,2833.429892099999,up,1,1.6021775999997772,0.15986709999924642,,,,FA2804,001,2026-04-28_13h14.14.014,SEED,2024.2.5,61.93135404803123,2026-04-28 13h16.07.102570 +0100,
30,,,,,,,,,,,,2.15,59,59,0,,,,,,Scenes_Dataset/locker_room_B.jpg,"(600, 399)",Congruent,Objects_Dataset/locker.png,"(264, 400)",old,left,Objects_Dataset/slippers.png,"(280, 300)","(300, -200)","(300, 200)",down,,,,,,,,,,,,,,,,,,,down,1,1.4273070999988704,0.18360980000034033,,,,,,,,,,,,,,,,,,,,,0,59,59,29,2833.444345099999,,,,,,,,,,,,,,2833.4305256999996,2833.444345099999,2835.6773981999995,2835.9388562999993,2835.5943162000003,2835.911401199999,,,,,,,,,,,,,,,,,,,,,,,,,,,,,,,,,,,,,,,,,,,,,,,,,,,,,,,,,,,,,,,,,,,,,,,,,,,,,,,,,,,,,,,,,,,,,,,,,,,,,,,,,,,,,,,,,,,,,,,,,,,,,,,,,,,,,,,2835.9358092,2835.9388562999993,2835.9388562999993,2835.9388562999993,2835.9388562999993,2838.929750199999,down,1,1.4273070999988704,0.18360980000034033,,,,FA2804,001,2026-04-28_13h14.14.014,SEED,2024.2.5,61.93135404803123,2026-04-28 13h16.07.102570 +0100,
,,,,,,,,,,,,,,,,,,,,,,,,,,,,,,,,,,,,,,,,,,,,,,,,,,,,,,,,,,,,,,,,,,,,,,,,,,,,,,,,,,,,,,,,,,,,,,,,,,,,,,,,,,,,,,,,,,,,,,,,,,,,,,,,,,,,,,,,,,,,,,,,,,,,,,,,,,,,,,,,,,,,,,,,,,,,,,,,,,,,,,,,,,,,,,,,,,,,,,,,,,,,,,,,,,,,,,,,,,,,,,,,,,,,,,,,,,,,,,,,,,,2838.9300901999995,2838.944282799999,2848.927833599999,FA2804,001,2026-04-28_13h14.14.014,SEED,2024.2.5,61.93135404803123,2026-04-28 13h16.07.102570 +0100,
