113.6524 	INFO 	Loaded monitor calibration from ['2026_02_05 15:50']
113.7101 	WARNING 	User requested fullscreen with size [1440  900], but screen is actually [1920, 1080]. Using actual size
113.8410 	EXP 	Created window1 = Window(allowGUI=False, allowStencil=False, autoLog=True, backendConf=UNKNOWN, backgroundFit=<method-wrapper '__getattribute__' of attributeSetter object at 0x00000269DBCFA140>, backgroundImage=<method-wrapper '__getattribute__' of attributeSetter object at 0x00000269DBCFA1A0>, bitsMode=UNKNOWN, blendMode='avg', bpc=(8, 8, 8), color=array([0, 0, 0]), colorSpace='rgb', depthBits=8, fullscr=True, gamma=None, gammaErrorPolicy='raise', infoMsg=UNKNOWN, lms=UNKNOWN, monitor=<psychopy.monitors.calibTools.Monitor object at 0x00000269DAEB3CD0>, multiSample=False, name='window1', numSamples=2, pos=[0.0, 0.0], screen=0, size=array([1920, 1080]), stencilBits=0, stereo=False, title='PsychoPy', units='height', useFBO=True, useRetina=False, viewOri=0.0, viewPos=None, viewScale=None, waitBlanking=True, winType='pyglet')
113.8411 	EXP 	window1: backgroundImage = ''
113.8411 	EXP 	window1: backgroundFit = 'none'
113.8696 	EXP 	window1: Attempting to measure frame rate of screen (0) ...
113.8696 	EXP 	window1: recordFrameIntervals = False
114.0278 	EXP 	window1: recordFrameIntervals = True
114.1294 	WARNING 	t of last frame was 21.43ms (=1/46)
114.2298 	WARNING 	t of last frame was 21.86ms (=1/45)
114.3914 	EXP 	Screen (0) actual frame rate measured at 61.93Hz
114.3914 	EXP 	window1: recordFrameIntervals = False
114.5848 	INFO 	keyboard.Keyboard is using ptb backend.
114.5849 	INFO 	keyboard.Keyboard is using ptb backend.
114.5849 	INFO 	keyboard.Keyboard is using ptb backend.
114.5850 	INFO 	keyboard.Keyboard is using ptb backend.
114.5850 	INFO 	keyboard.Keyboard is using ptb backend.
114.5850 	INFO 	keyboard.Keyboard is using ptb backend.
114.5850 	INFO 	keyboard.Keyboard is using ptb backend.
114.5851 	INFO 	keyboard.Keyboard is using ptb backend.
114.5851 	INFO 	keyboard.Keyboard is using ptb backend.
114.5851 	INFO 	keyboard.Keyboard is using ptb backend.
114.5851 	INFO 	keyboard.Keyboard is using ptb backend.
114.5852 	INFO 	keyboard.Keyboard is using ptb backend.
114.5852 	INFO 	keyboard.Keyboard is using ptb backend.
114.5852 	INFO 	keyboard.Keyboard is using ptb backend.
114.5852 	INFO 	keyboard.Keyboard is using ptb backend.
114.5853 	INFO 	keyboard.Keyboard is using ptb backend.
114.5853 	INFO 	keyboard.Keyboard is using ptb backend.
114.5853 	INFO 	keyboard.Keyboard is using ptb backend.
114.5854 	INFO 	keyboard.Keyboard is using ptb backend.
114.5854 	EXP 	SEED: status = STARTED
114.6330 	EXP 	Created text_hi = TextStim(__class__=<class 'psychopy.visual.text.TextStim'>, alignHoriz=method-wrapper(...), alignText='center', alignVert=method-wrapper(...), anchorHoriz='center', anchorVert='center', antialias=True, autoDraw=False, autoLog=True, bold=False, color=array([1., 1., 1.]), colorSpace='rgb', contrast=1.0, depth=0.0, draggable=False, flipHoriz=False, flipVert=False, font='Arial', fontFiles=[], height=0.05, italic=False, languageStyle='LTR', name='text_hi', opacity=1, ori=0.0, pos=array([0., 0.]), rgb=UNKNOWN, text=str(...), units='height', win=Window(...), wrapWidth=1)
114.6464 	EXP 	Created text_Explain_PAL = TextStim(__class__=<class 'psychopy.visual.text.TextStim'>, alignHoriz=method-wrapper(...), alignText='center', alignVert=method-wrapper(...), anchorHoriz='center', anchorVert='center', antialias=True, autoDraw=False, autoLog=True, bold=False, color=array([1., 1., 1.]), colorSpace='rgb', contrast=1.0, depth=0.0, draggable=False, flipHoriz=False, flipVert=False, font='Arial', fontFiles=[], height=0.05, italic=False, languageStyle='LTR', name='text_Explain_PAL', opacity=1, ori=0.0, pos=array([0., 0.]), rgb=UNKNOWN, text=str(...), units='height', win=Window(...), wrapWidth=1.5)
114.6567 	EXP 	Created text_explain_rate = TextStim(__class__=<class 'psychopy.visual.text.TextStim'>, alignHoriz=method-wrapper(...), alignText='center', alignVert=method-wrapper(...), anchorHoriz='center', anchorVert='center', antialias=True, autoDraw=False, autoLog=True, bold=False, color=array([1., 1., 1.]), colorSpace='rgb', contrast=1.0, depth=0.0, draggable=False, flipHoriz=False, flipVert=False, font='Arial', fontFiles=[], height=0.05, italic=False, languageStyle='LTR', name='text_explain_rate', opacity=1, ori=0.0, pos=array([0., 0.]), rgb=UNKNOWN, text=str(...), units='height', win=Window(...), wrapWidth=1.5)
114.6583 	EXP 	Created cross_25 = ShapeStim(__class__=<class 'psychopy.visual.shape.ShapeStim'>, anchor=('center', 'center'), autoDraw=False, autoLog=True, closeShape=True, color=method-wrapper(...), colorSpace='rgb', contrast=None, depth=0.0, draggable=False, fillColor=array([1, 1, 1]), fillColorSpace='rgb', fillRGB=array([1, 1, 1]), interpolate=True, lineColor=array([1., 1., 1.]), lineColorSpace='rgb', lineRGB=array([1, 1, 1]), lineWidth=1.0, name='cross_25', opacity=1, ori=0.0, pos=array([0., 0.]), size=array([0.1, 0.1]), units='height', vertices=ndarray(...), win=Window(...), windingRule=None)
114.6591 	EXP 	Created image_blank = ImageStim(__class__=<class 'psychopy.visual.image.ImageStim'>, anchor=('center', 'center'), autoLog=True, color=array([1., 1., 1.]), colorSpace='rgb', contrast=1.0, depth=-1.0, draggable=False, flipHoriz=False, flipVert=False, image=None, interpolate=True, mask=None, maskParams=None, name='image_blank', opacity=1, ori=0.0, pos=array([0., 0.]), size=array([0.5, 0.5]), texRes=128.0, units='height', win=Window(...))
114.6627 	EXP 	Created image_ex_scene = ImageStim(__class__=<class 'psychopy.visual.image.ImageStim'>, anchor=('center', 'center'), autoLog=True, color=array([1., 1., 1.]), colorSpace='rgb', contrast=1.0, depth=0.0, draggable=False, flipHoriz=False, flipVert=False, image='default.png', interpolate=True, mask=None, maskParams=None, name='image_ex_scene', opacity=1, ori=0.0, pos=array([-250.,    0.]), size=array([1., 1.]), texRes=128.0, units='pix', win=Window(...))
114.6662 	EXP 	Created image_ex_object = ImageStim(__class__=<class 'psychopy.visual.image.ImageStim'>, anchor=('center', 'center'), autoLog=True, color=array([1., 1., 1.]), colorSpace='rgb', contrast=1.0, depth=-1.0, draggable=False, flipHoriz=False, flipVert=False, image='default.png', interpolate=True, mask=None, maskParams=None, name='image_ex_object', opacity=1, ori=0.0, pos=array([300.,   0.]), size=array([256., 256.]), texRes=128.0, units='pix', win=Window(...))
114.7297 	EXP 	Created slider_example = Slider(__class__=<class 'psychopy.visual.slider.Slider'>, autoDraw=False, autoLog=True, borderColor=None, color=None, colorSpace='rgb', depth=-2, fillColor=None, flip=False, font='Arial', granularity=1.0, labelColor=None, labelHeight=0.05, labelWrapWidth=None, labels=list(...), lineColor=None, markerColor=None, name='slider_example', opacity=None, ori=0.0, pos=array([ 0. , -0.3]), readOnly=False, self=UNKNOWN, size=array([0.83, 0.04]), startValue=None, style='rating', styleTweaks=[], ticks=array([1, 2, 3]), units='height', win=Window(...))
114.7341 	EXP 	Created text_example = TextStim(__class__=<class 'psychopy.visual.text.TextStim'>, alignHoriz=method-wrapper(...), alignText='center', alignVert=method-wrapper(...), anchorHoriz='center', anchorVert='center', antialias=True, autoDraw=False, autoLog=True, bold=False, color=array([1., 1., 1.]), colorSpace='rgb', contrast=1.0, depth=-3.0, draggable=False, flipHoriz=False, flipVert=False, font='Arial', fontFiles=[], height=0.06, italic=False, languageStyle='LTR', name='text_example', opacity=1, ori=0.0, pos=array([0.  , 0.25]), rgb=UNKNOWN, text='Relacionados?\n', units='height', win=Window(...), wrapWidth=1)
114.7359 	EXP 	Created text_end_ex = TextStim(__class__=<class 'psychopy.visual.text.TextStim'>, alignHoriz=method-wrapper(...), alignText='center', alignVert=method-wrapper(...), anchorHoriz='center', anchorVert='center', antialias=True, autoDraw=False, autoLog=True, bold=False, color=array([1., 1., 1.]), colorSpace='rgb', contrast=1.0, depth=0.0, draggable=False, flipHoriz=False, flipVert=False, font='Arial', fontFiles=[], height=0.05, italic=False, languageStyle='LTR', name='text_end_ex', opacity=1, ori=0.0, pos=array([0., 0.]), rgb=UNKNOWN, text='Exemplo concluído.\n\n', units='height', win=Window(...), wrapWidth=1)
114.7415 	EXP 	Created text_start_PAL = TextStim(__class__=<class 'psychopy.visual.text.TextStim'>, alignHoriz=method-wrapper(...), alignText='center', alignVert=method-wrapper(...), anchorHoriz='center', anchorVert='center', antialias=True, autoDraw=False, autoLog=True, bold=False, color=array([1., 1., 1.]), colorSpace='rgb', contrast=1.0, depth=-1.0, draggable=False, flipHoriz=False, flipVert=False, font='Arial', fontFiles=[], height=0.05, italic=False, languageStyle='LTR', name='text_start_PAL', opacity=1, ori=0.0, pos=array([0., 0.]), rgb=UNKNOWN, text=str(...), units='height', win=Window(...), wrapWidth=1.5)
114.7424 	EXP 	Created cross_25 = ShapeStim(__class__=<class 'psychopy.visual.shape.ShapeStim'>, anchor=('center', 'center'), autoDraw=False, autoLog=True, closeShape=True, color=method-wrapper(...), colorSpace='rgb', contrast=None, depth=0.0, draggable=False, fillColor=array([1, 1, 1]), fillColorSpace='rgb', fillRGB=array([1, 1, 1]), interpolate=True, lineColor=array([1., 1., 1.]), lineColorSpace='rgb', lineRGB=array([1, 1, 1]), lineWidth=1.0, name='cross_25', opacity=1, ori=0.0, pos=array([0., 0.]), size=array([0.1, 0.1]), units='height', vertices=ndarray(...), win=Window(...), windingRule=None)
114.7432 	EXP 	Created image_blank = ImageStim(__class__=<class 'psychopy.visual.image.ImageStim'>, anchor=('center', 'center'), autoLog=True, color=array([1., 1., 1.]), colorSpace='rgb', contrast=1.0, depth=-1.0, draggable=False, flipHoriz=False, flipVert=False, image=None, interpolate=True, mask=None, maskParams=None, name='image_blank', opacity=1, ori=0.0, pos=array([0., 0.]), size=array([0.5, 0.5]), texRes=128.0, units='height', win=Window(...))
114.7479 	EXP 	Created image_scene_encode = ImageStim(__class__=<class 'psychopy.visual.image.ImageStim'>, anchor=('center', 'center'), autoLog=True, color=array([1., 1., 1.]), colorSpace='rgb', contrast=1.0, depth=0.0, draggable=False, flipHoriz=False, flipVert=False, image='default.png', interpolate=True, mask=None, maskParams=None, name='image_scene_encode', opacity=1, ori=0.0, pos=array([-250.,    0.]), size=array([1., 1.]), texRes=128.0, units='pix', win=Window(...))
114.7512 	EXP 	Created image_object_encode = ImageStim(__class__=<class 'psychopy.visual.image.ImageStim'>, anchor=('center', 'center'), autoLog=True, color=array([1., 1., 1.]), colorSpace='rgb', contrast=1.0, depth=-1.0, draggable=False, flipHoriz=False, flipVert=False, image='default.png', interpolate=True, mask=None, maskParams=None, name='image_object_encode', opacity=1, ori=0.0, pos=array([300.,   0.]), size=array([256., 256.]), texRes=128.0, units='pix', win=Window(...))
114.7527 	EXP 	Created text_rating = TextStim(__class__=<class 'psychopy.visual.text.TextStim'>, alignHoriz=method-wrapper(...), alignText='center', alignVert=method-wrapper(...), anchorHoriz='center', anchorVert='center', antialias=True, autoDraw=False, autoLog=True, bold=False, color=array([1., 1., 1.]), colorSpace='rgb', contrast=1.0, depth=-3.0, draggable=False, flipHoriz=False, flipVert=False, font='Arial', fontFiles=[], height=0.06, italic=False, languageStyle='LTR', name='text_rating', opacity=1, ori=0.0, pos=array([0.  , 0.35]), rgb=UNKNOWN, text='Relacionados?', units='height', win=Window(...), wrapWidth=1)
114.7784 	EXP 	Created slider_cong = Slider(__class__=<class 'psychopy.visual.slider.Slider'>, autoDraw=False, autoLog=True, borderColor=None, color=None, colorSpace='rgb', depth=-4, fillColor=None, flip=False, font='Arial', granularity=1.0, labelColor=None, labelHeight=0.05, labelWrapWidth=None, labels=list(...), lineColor=None, markerColor=None, name='slider_cong', opacity=None, ori=0.0, pos=array([ 0. , -0.3]), readOnly=False, self=UNKNOWN, size=array([0.83 , 0.035]), startValue=None, style='rating', styleTweaks=[], ticks=array([1, 2, 3]), units='height', win=Window(...))
114.7833 	EXP 	Created text_pausa1 = TextStim(__class__=<class 'psychopy.visual.text.TextStim'>, alignHoriz=method-wrapper(...), alignText='center', alignVert=method-wrapper(...), anchorHoriz='center', anchorVert='center', antialias=True, autoDraw=False, autoLog=True, bold=False, color=array([1., 1., 1.]), colorSpace='rgb', contrast=1.0, depth=0.0, draggable=False, flipHoriz=False, flipVert=False, font='Arial', fontFiles=[], height=0.05, italic=False, languageStyle='LTR', name='text_pausa1', opacity=1, ori=0.0, pos=array([0., 0.]), rgb=UNKNOWN, text=str(...), units='height', win=Window(...), wrapWidth=1)
114.7852 	EXP 	Created text_endGo = TextStim(__class__=<class 'psychopy.visual.text.TextStim'>, alignHoriz=method-wrapper(...), alignText='center', alignVert=method-wrapper(...), anchorHoriz='center', anchorVert='center', antialias=True, autoDraw=False, autoLog=True, bold=False, color=array([1., 1., 1.]), colorSpace='rgb', contrast=1.0, depth=0.0, draggable=False, flipHoriz=False, flipVert=False, font='Arial', fontFiles=[], height=0.05, italic=False, languageStyle='LTR', name='text_endGo', opacity=1, ori=0.0, pos=array([0., 0.]), rgb=UNKNOWN, text='Tarefa concluída.', units='height', win=Window(...), wrapWidth=1)
114.7873 	EXP 	Created text_call = TextStim(__class__=<class 'psychopy.visual.text.TextStim'>, alignHoriz=method-wrapper(...), alignText='center', alignVert=method-wrapper(...), anchorHoriz='center', anchorVert='center', antialias=True, autoDraw=False, autoLog=True, bold=False, color=array([1., 1., 1.]), colorSpace='rgb', contrast=1.0, depth=-1.0, draggable=False, flipHoriz=False, flipVert=False, font='Arial', fontFiles=[], height=0.05, italic=False, languageStyle='LTR', name='text_call', opacity=1, ori=0.0, pos=array([0., 0.]), rgb=UNKNOWN, text=str(...), units='height', win=Window(...), wrapWidth=1)
114.7901 	EXP 	Created text_retomar = TextStim(__class__=<class 'psychopy.visual.text.TextStim'>, alignHoriz=method-wrapper(...), alignText='center', alignVert=method-wrapper(...), anchorHoriz='center', anchorVert='center', antialias=True, autoDraw=False, autoLog=True, bold=False, color=array([1., 1., 1.]), colorSpace='rgb', contrast=1.0, depth=0.0, draggable=False, flipHoriz=False, flipVert=False, font='Arial', fontFiles=[], height=0.05, italic=False, languageStyle='LTR', name='text_retomar', opacity=1, ori=0.0, pos=array([0., 0.]), rgb=UNKNOWN, text=str(...), units='height', win=Window(...), wrapWidth=1)
114.7942 	EXP 	Created text_explain_recall = TextStim(__class__=<class 'psychopy.visual.text.TextStim'>, alignHoriz=method-wrapper(...), alignText='center', alignVert=method-wrapper(...), anchorHoriz='center', anchorVert='center', antialias=True, autoDraw=False, autoLog=True, bold=False, color=array([1., 1., 1.]), colorSpace='rgb', contrast=1.0, depth=0.0, draggable=False, flipHoriz=False, flipVert=False, font='Arial', fontFiles=[], height=0.05, italic=False, languageStyle='LTR', name='text_explain_recall', opacity=1, ori=0.0, pos=array([0., 0.]), rgb=UNKNOWN, text=str(...), units='height', win=Window(...), wrapWidth=1)
114.8072 	EXP 	Created text_explain_old_new = TextStim(__class__=<class 'psychopy.visual.text.TextStim'>, alignHoriz=method-wrapper(...), alignText='center', alignVert=method-wrapper(...), anchorHoriz='center', anchorVert='center', antialias=True, autoDraw=False, autoLog=True, bold=False, color=array([1., 1., 1.]), colorSpace='rgb', contrast=1.0, depth=0.0, draggable=False, flipHoriz=False, flipVert=False, font='Arial', fontFiles=[], height=0.05, italic=False, languageStyle='LTR', name='text_explain_old_new', opacity=1, ori=0.0, pos=array([0., 0.]), rgb=UNKNOWN, text=str(...), units='height', win=Window(...), wrapWidth=1.3)
114.8082 	EXP 	Created cross_25 = ShapeStim(__class__=<class 'psychopy.visual.shape.ShapeStim'>, anchor=('center', 'center'), autoDraw=False, autoLog=True, closeShape=True, color=method-wrapper(...), colorSpace='rgb', contrast=None, depth=0.0, draggable=False, fillColor=array([1, 1, 1]), fillColorSpace='rgb', fillRGB=array([1, 1, 1]), interpolate=True, lineColor=array([1., 1., 1.]), lineColorSpace='rgb', lineRGB=array([1, 1, 1]), lineWidth=1.0, name='cross_25', opacity=1, ori=0.0, pos=array([0., 0.]), size=array([0.1, 0.1]), units='height', vertices=ndarray(...), win=Window(...), windingRule=None)
114.8089 	EXP 	Created image_blank = ImageStim(__class__=<class 'psychopy.visual.image.ImageStim'>, anchor=('center', 'center'), autoLog=True, color=array([1., 1., 1.]), colorSpace='rgb', contrast=1.0, depth=-1.0, draggable=False, flipHoriz=False, flipVert=False, image=None, interpolate=True, mask=None, maskParams=None, name='image_blank', opacity=1, ori=0.0, pos=array([0., 0.]), size=array([0.5, 0.5]), texRes=128.0, units='height', win=Window(...))
114.8124 	EXP 	Created image_exemplo_old_new = ImageStim(__class__=<class 'psychopy.visual.image.ImageStim'>, anchor=('center', 'center'), autoLog=True, color=array([1., 1., 1.]), colorSpace='rgb', contrast=1.0, depth=0.0, draggable=False, flipHoriz=True, flipVert=False, image='default.png', interpolate=True, mask=None, maskParams=None, name='image_exemplo_old_new', opacity=1, ori=0.0, pos=array([ 0.  , -0.12]), size=array([1., 1.]), texRes=128.0, units='pix', win=Window(...))
114.8155 	EXP 	Created text_ex_old = TextStim(__class__=<class 'psychopy.visual.text.TextStim'>, alignHoriz=method-wrapper(...), alignText='center', alignVert=method-wrapper(...), anchorHoriz='center', anchorVert='center', antialias=True, autoDraw=False, autoLog=True, bold=False, color=array([1., 1., 1.]), colorSpace='rgb', contrast=1.0, depth=-2.0, draggable=False, flipHoriz=False, flipVert=False, font='Arial', fontFiles=[], height=0.05, italic=False, languageStyle='LTR', name='text_ex_old', opacity=1, ori=0.0, pos=array([0. , 0.3]), rgb=UNKNOWN, text=str(...), units='height', win=Window(...), wrapWidth=1)
114.8192 	EXP 	Created text_start_recall = TextStim(__class__=<class 'psychopy.visual.text.TextStim'>, alignHoriz=method-wrapper(...), alignText='center', alignVert=method-wrapper(...), anchorHoriz='center', anchorVert='center', antialias=True, autoDraw=False, autoLog=True, bold=False, color=array([1., 1., 1.]), colorSpace='rgb', contrast=1.0, depth=0.0, draggable=False, flipHoriz=False, flipVert=False, font='Arial', fontFiles=[], height=0.05, italic=False, languageStyle='LTR', name='text_start_recall', opacity=1, ori=0.0, pos=array([0., 0.]), rgb=UNKNOWN, text=str(...), units='height', win=Window(...), wrapWidth=1)
114.8201 	EXP 	Created cross_25 = ShapeStim(__class__=<class 'psychopy.visual.shape.ShapeStim'>, anchor=('center', 'center'), autoDraw=False, autoLog=True, closeShape=True, color=method-wrapper(...), colorSpace='rgb', contrast=None, depth=0.0, draggable=False, fillColor=array([1, 1, 1]), fillColorSpace='rgb', fillRGB=array([1, 1, 1]), interpolate=True, lineColor=array([1., 1., 1.]), lineColorSpace='rgb', lineRGB=array([1, 1, 1]), lineWidth=1.0, name='cross_25', opacity=1, ori=0.0, pos=array([0., 0.]), size=array([0.1, 0.1]), units='height', vertices=ndarray(...), win=Window(...), windingRule=None)
114.8210 	EXP 	Created image_blank = ImageStim(__class__=<class 'psychopy.visual.image.ImageStim'>, anchor=('center', 'center'), autoLog=True, color=array([1., 1., 1.]), colorSpace='rgb', contrast=1.0, depth=-1.0, draggable=False, flipHoriz=False, flipVert=False, image=None, interpolate=True, mask=None, maskParams=None, name='image_blank', opacity=1, ori=0.0, pos=array([0., 0.]), size=array([0.5, 0.5]), texRes=128.0, units='height', win=Window(...))
114.8251 	EXP 	Created image_old_new = ImageStim(__class__=<class 'psychopy.visual.image.ImageStim'>, anchor=('center', 'center'), autoLog=True, color=array([1., 1., 1.]), colorSpace='rgb', contrast=1.0, depth=0.0, draggable=False, flipHoriz=False, flipVert=False, image='default.png', interpolate=True, mask=None, maskParams=None, name='image_old_new', opacity=1, ori=0.0, pos=array([ 0.  , -0.12]), size=array([1., 1.]), texRes=128.0, units='pix', win=Window(...))
114.8280 	EXP 	Created text_item = TextStim(__class__=<class 'psychopy.visual.text.TextStim'>, alignHoriz=method-wrapper(...), alignText='center', alignVert=method-wrapper(...), anchorHoriz='center', anchorVert='center', antialias=True, autoDraw=False, autoLog=True, bold=False, color=array([1., 1., 1.]), colorSpace='rgb', contrast=1.0, depth=-2.0, draggable=False, flipHoriz=False, flipVert=False, font='Arial', fontFiles=[], height=0.05, italic=False, languageStyle='LTR', name='text_item', opacity=1, ori=0.0, pos=array([0.  , 0.35]), rgb=UNKNOWN, text=str(...), units='height', win=Window(...), wrapWidth=1)
114.8327 	EXP 	Created text_end_item = TextStim(__class__=<class 'psychopy.visual.text.TextStim'>, alignHoriz=method-wrapper(...), alignText='center', alignVert=method-wrapper(...), anchorHoriz='center', anchorVert='center', antialias=True, autoDraw=False, autoLog=True, bold=False, color=array([1., 1., 1.]), colorSpace='rgb', contrast=1.0, depth=0.0, draggable=False, flipHoriz=False, flipVert=False, font='Arial', fontFiles=[], height=0.05, italic=False, languageStyle='LTR', name='text_end_item', opacity=1, ori=0.0, pos=array([0., 0.]), rgb=UNKNOWN, text=str(...), units='height', win=Window(...), wrapWidth=1)
114.8439 	EXP 	Created text_explain_2afc = TextStim(__class__=<class 'psychopy.visual.text.TextStim'>, alignHoriz=method-wrapper(...), alignText='center', alignVert=method-wrapper(...), anchorHoriz='center', anchorVert='center', antialias=True, autoDraw=False, autoLog=True, bold=False, color=array([1., 1., 1.]), colorSpace='rgb', contrast=1.0, depth=0.0, draggable=False, flipHoriz=False, flipVert=False, font='Arial', fontFiles=[], height=0.05, italic=False, languageStyle='LTR', name='text_explain_2afc', opacity=1, ori=0.0, pos=array([0., 0.]), rgb=UNKNOWN, text=str(...), units='height', win=Window(...), wrapWidth=1.3)
114.8449 	EXP 	Created cross_25 = ShapeStim(__class__=<class 'psychopy.visual.shape.ShapeStim'>, anchor=('center', 'center'), autoDraw=False, autoLog=True, closeShape=True, color=method-wrapper(...), colorSpace='rgb', contrast=None, depth=0.0, draggable=False, fillColor=array([1, 1, 1]), fillColorSpace='rgb', fillRGB=array([1, 1, 1]), interpolate=True, lineColor=array([1., 1., 1.]), lineColorSpace='rgb', lineRGB=array([1, 1, 1]), lineWidth=1.0, name='cross_25', opacity=1, ori=0.0, pos=array([0., 0.]), size=array([0.1, 0.1]), units='height', vertices=ndarray(...), win=Window(...), windingRule=None)
114.8457 	EXP 	Created image_blank = ImageStim(__class__=<class 'psychopy.visual.image.ImageStim'>, anchor=('center', 'center'), autoLog=True, color=array([1., 1., 1.]), colorSpace='rgb', contrast=1.0, depth=-1.0, draggable=False, flipHoriz=False, flipVert=False, image=None, interpolate=True, mask=None, maskParams=None, name='image_blank', opacity=1, ori=0.0, pos=array([0., 0.]), size=array([0.5, 0.5]), texRes=128.0, units='height', win=Window(...))
114.8491 	EXP 	Created image_ex_2AFC = ImageStim(__class__=<class 'psychopy.visual.image.ImageStim'>, anchor=('center', 'center'), autoLog=True, color=array([1., 1., 1.]), colorSpace='rgb', contrast=1.0, depth=0.0, draggable=False, flipHoriz=False, flipVert=False, image='default.png', interpolate=True, mask=None, maskParams=None, name='image_ex_2AFC', opacity=1, ori=0.0, pos=array([-250.,    0.]), size=array([1., 1.]), texRes=128.0, units='pix', win=Window(...))
114.8526 	EXP 	Created image_ex_target = ImageStim(__class__=<class 'psychopy.visual.image.ImageStim'>, anchor=('center', 'center'), autoLog=True, color=array([1., 1., 1.]), colorSpace='rgb', contrast=1.0, depth=-1.0, draggable=False, flipHoriz=False, flipVert=False, image='default.png', interpolate=True, mask=None, maskParams=None, name='image_ex_target', opacity=1, ori=0.0, pos=array([0., 0.]), size=array([1., 1.]), texRes=128.0, units='pix', win=Window(...))
114.8559 	EXP 	Created image_ex_lure = ImageStim(__class__=<class 'psychopy.visual.image.ImageStim'>, anchor=('center', 'center'), autoLog=True, color=array([1., 1., 1.]), colorSpace='rgb', contrast=1.0, depth=-2.0, draggable=False, flipHoriz=False, flipVert=False, image='default.png', interpolate=True, mask=None, maskParams=None, name='image_ex_lure', opacity=1, ori=0.0, pos=array([0., 0.]), size=array([1., 1.]), texRes=128.0, units='pix', win=Window(...))
114.8595 	EXP 	Created text_start_recall = TextStim(__class__=<class 'psychopy.visual.text.TextStim'>, alignHoriz=method-wrapper(...), alignText='center', alignVert=method-wrapper(...), anchorHoriz='center', anchorVert='center', antialias=True, autoDraw=False, autoLog=True, bold=False, color=array([1., 1., 1.]), colorSpace='rgb', contrast=1.0, depth=0.0, draggable=False, flipHoriz=False, flipVert=False, font='Arial', fontFiles=[], height=0.05, italic=False, languageStyle='LTR', name='text_start_recall', opacity=1, ori=0.0, pos=array([0., 0.]), rgb=UNKNOWN, text=str(...), units='height', win=Window(...), wrapWidth=1)
114.8605 	EXP 	Created cross_25 = ShapeStim(__class__=<class 'psychopy.visual.shape.ShapeStim'>, anchor=('center', 'center'), autoDraw=False, autoLog=True, closeShape=True, color=method-wrapper(...), colorSpace='rgb', contrast=None, depth=0.0, draggable=False, fillColor=array([1, 1, 1]), fillColorSpace='rgb', fillRGB=array([1, 1, 1]), interpolate=True, lineColor=array([1., 1., 1.]), lineColorSpace='rgb', lineRGB=array([1, 1, 1]), lineWidth=1.0, name='cross_25', opacity=1, ori=0.0, pos=array([0., 0.]), size=array([0.1, 0.1]), units='height', vertices=ndarray(...), win=Window(...), windingRule=None)
114.8613 	EXP 	Created image_blank = ImageStim(__class__=<class 'psychopy.visual.image.ImageStim'>, anchor=('center', 'center'), autoLog=True, color=array([1., 1., 1.]), colorSpace='rgb', contrast=1.0, depth=-1.0, draggable=False, flipHoriz=False, flipVert=False, image=None, interpolate=True, mask=None, maskParams=None, name='image_blank', opacity=1, ori=0.0, pos=array([0., 0.]), size=array([0.5, 0.5]), texRes=128.0, units='height', win=Window(...))
114.8646 	EXP 	Created image_scene_2AFC = ImageStim(__class__=<class 'psychopy.visual.image.ImageStim'>, anchor=('center', 'center'), autoLog=True, color=array([1., 1., 1.]), colorSpace='rgb', contrast=1.0, depth=0.0, draggable=False, flipHoriz=False, flipVert=False, image='default.png', interpolate=True, mask=None, maskParams=None, name='image_scene_2AFC', opacity=1, ori=0.0, pos=array([-250.,    0.]), size=array([1., 1.]), texRes=128.0, units='pix', win=Window(...))
114.8688 	EXP 	Created image_target = ImageStim(__class__=<class 'psychopy.visual.image.ImageStim'>, anchor=('center', 'center'), autoLog=True, color=array([1., 1., 1.]), colorSpace='rgb', contrast=1.0, depth=-2.0, draggable=False, flipHoriz=False, flipVert=False, image='default.png', interpolate=True, mask=None, maskParams=None, name='image_target', opacity=1, ori=0.0, pos=array([0., 0.]), size=array([256., 256.]), texRes=128.0, units='pix', win=Window(...))
114.8720 	EXP 	Created image_lure = ImageStim(__class__=<class 'psychopy.visual.image.ImageStim'>, anchor=('center', 'center'), autoLog=True, color=array([1., 1., 1.]), colorSpace='rgb', contrast=1.0, depth=-3.0, draggable=False, flipHoriz=False, flipVert=False, image='default.png', interpolate=True, mask=None, maskParams=None, name='image_lure', opacity=1, ori=0.0, pos=array([0., 0.]), size=array([256., 256.]), texRes=128.0, units='pix', win=Window(...))
114.8744 	EXP 	Created text_end = TextStim(__class__=<class 'psychopy.visual.text.TextStim'>, alignHoriz=method-wrapper(...), alignText='center', alignVert=method-wrapper(...), anchorHoriz='center', anchorVert='center', antialias=True, autoDraw=False, autoLog=True, bold=False, color=array([1., 1., 1.]), colorSpace='rgb', contrast=1.0, depth=0.0, draggable=False, flipHoriz=False, flipVert=False, font='Arial', fontFiles=[], height=0.05, italic=False, languageStyle='LTR', name='text_end', opacity=1, ori=0.0, pos=array([0., 0.]), rgb=UNKNOWN, text=str(...), units='height', win=Window(...), wrapWidth=1)
0.0347 	EXP 	slider_example: autoLog = True
0.0347 	EXP 	slider_example: styleTweaks = []
0.0347 	EXP 	slider_example: styleTweaks = []
0.0347 	EXP 	slider_example: styleTweaks = []
0.0347 	EXP 	slider_example: styleTweaks = []
0.0347 	EXP 	slider_example: contrast = 1.0
0.0347 	EXP 	slider_example: markerPos = None
0.0347 	EXP 	slider_example: autoLog = True
0.0347 	EXP 	slider_cong: autoLog = True
0.0347 	EXP 	slider_cong: styleTweaks = []
0.0347 	EXP 	slider_cong: styleTweaks = []
0.0347 	EXP 	slider_cong: styleTweaks = []
0.0347 	EXP 	slider_cong: styleTweaks = []
0.0347 	EXP 	slider_cong: contrast = 1.0
0.0347 	EXP 	slider_cong: markerPos = None
0.0347 	EXP 	slider_cong: autoLog = True
0.0375 	INFO 	Keyboard events cleared
0.0375 	EXP 	text_hi: autoDraw = True
18.4895 	DATA 	Keypress: space
18.5035 	EXP 	text_hi: autoDraw = False
18.5035 	EXP 	text_Explain_PAL: autoDraw = True
20.5038 	INFO 	Keyboard events cleared
76.0056 	DATA 	Keypress: space
76.0182 	EXP 	text_Explain_PAL: autoDraw = False
76.0182 	EXP 	text_explain_rate: autoDraw = True
78.0068 	INFO 	Keyboard events cleared
97.1440 	EXP 	Imported Exemplo_encode.xlsx as conditions, 4 conditions, 13 params
97.1442 	EXP 	New trial (rep=0, index=0): <Trial 0 (0 in rep 0) data={'Index': 'Ex2', 'ex_scene_encode': 'Scenes_Dataset/painting_workshop_A.jpg', 'ex_scene_size': (600, 450), 'ex_object_encode': 'Objects_Dataset/fish_hook.png', 'ex_object_size': (130, 200), 'ex_target_pos': (300, 200), 'ex_condition_encode': 'incongruent', 'ex_lure': 'Objects_Dataset/barrier.png', 'ex_lure_size': (300, 300), 'ex_lure_pos': (300, -200), 'ex_new': 'Scenes_Dataset/athletics_track_A', 'ex_new_scene_size': (600, 450), 'jitter_ITI': 2.5, 'thisN': 0, 'thisTrialN': 0, 'thisRepN': 0}>
97.1445 	DATA 	Keypress: space
97.1544 	EXP 	text_explain_rate: autoDraw = False
97.1544 	EXP 	image_blank: autoDraw = True
99.4041 	EXP 	cross_25: autoDraw = True
99.6548 	EXP 	cross_25: autoDraw = False
99.6548 	EXP 	image_blank: autoDraw = False
99.6548 	EXP 	cross_25: autoDraw = False
99.6548 	EXP 	image_blank: autoDraw = False
99.6548 	EXP 	image_ex_scene: image = 'Scenes_Dataset/painting_workshop_A.jpg'
99.6548 	EXP 	image_ex_object: image = 'Objects_Dataset/fish_hook.png'
99.6548 	EXP 	slider_example: markerPos = None
99.6548 	EXP 	slider_example: markerPos = None
99.6548 	EXP 	image_ex_scene: autoDraw = True
99.6548 	EXP 	image_ex_object: autoDraw = True
102.1552 	INFO 	Keyboard events cleared
102.1552 	EXP 	slider_example: autoDraw = True
102.1552 	EXP 	text_example: autoDraw = True
102.9690 	DATA 	Keypress: num_1
104.6528 	EXP 	slider_example: autoDraw = False
104.6528 	EXP 	text_example: autoDraw = False
104.6544 	EXP 	New trial (rep=0, index=1): <Trial 1 (1 in rep 0) data={'Index': 'Ex4', 'ex_scene_encode': 'Scenes_Dataset/river_B.jpg', 'ex_scene_size': (600, 450), 'ex_object_encode': 'Objects_Dataset/drone.png', 'ex_object_size': (300, 144), 'ex_target_pos': (300, 200), 'ex_condition_encode': 'congruent', 'ex_lure': 'Objects_Dataset/fish_hook.png', 'ex_lure_size': (130, 200), 'ex_lure_pos': (300, -200), 'ex_new': None, 'ex_new_scene_size': None, 'jitter_ITI': 2.5, 'thisN': 1, 'thisTrialN': 1, 'thisRepN': 0}>
104.6688 	EXP 	image_ex_scene: autoDraw = False
104.6688 	EXP 	image_ex_object: autoDraw = False
104.6688 	EXP 	slider_example: autoDraw = False
104.6688 	EXP 	text_example: autoDraw = False
104.6688 	EXP 	image_blank: autoDraw = True
106.9022 	EXP 	cross_25: autoDraw = True
107.1523 	EXP 	cross_25: autoDraw = False
107.1733 	EXP 	image_blank: autoDraw = False
107.1733 	EXP 	cross_25: autoDraw = False
107.1733 	EXP 	image_blank: autoDraw = False
107.1733 	EXP 	image_ex_scene: image = 'Scenes_Dataset/river_B.jpg'
107.1733 	EXP 	image_ex_object: image = 'Objects_Dataset/drone.png'
107.1733 	EXP 	slider_example: markerPos = None
107.1733 	EXP 	slider_example: markerPos = None
107.1733 	EXP 	image_ex_scene: autoDraw = True
107.1733 	EXP 	image_ex_object: autoDraw = True
109.3541 	DATA 	Keypress: num_2
109.6519 	INFO 	Keyboard events cleared
109.6518 	EXP 	slider_example: autoDraw = True
109.6518 	EXP 	text_example: autoDraw = True
110.6864 	DATA 	Keypress: num_2
112.1524 	EXP 	slider_example: autoDraw = False
112.1524 	EXP 	text_example: autoDraw = False
112.1711 	EXP 	New trial (rep=0, index=2): <Trial 2 (2 in rep 0) data={'Index': 'Ex1', 'ex_scene_encode': 'Scenes_Dataset/sky_A.jpg', 'ex_scene_size': (600, 398), 'ex_object_encode': 'Objects_Dataset/hang_glider.png', 'ex_object_size': (450, 275), 'ex_target_pos': (300, -200), 'ex_condition_encode': 'congruent', 'ex_lure': 'Objects_Dataset/drone.png', 'ex_lure_size': (300, 144), 'ex_lure_pos': (300, 200), 'ex_new': 'Scenes_Dataset/temple_A.jpg', 'ex_new_scene_size': (600, 358), 'jitter_ITI': 2, 'thisN': 2, 'thisTrialN': 2, 'thisRepN': 0}>
112.1858 	EXP 	image_ex_scene: autoDraw = False
112.1858 	EXP 	image_ex_object: autoDraw = False
112.1858 	EXP 	slider_example: autoDraw = False
112.1858 	EXP 	text_example: autoDraw = False
112.1858 	EXP 	image_blank: autoDraw = True
114.1856 	EXP 	image_blank: autoDraw = False
114.4023 	EXP 	cross_25: autoDraw = True
114.6607 	EXP 	cross_25: autoDraw = False
114.6607 	EXP 	cross_25: autoDraw = False
114.6607 	EXP 	image_blank: autoDraw = False
114.6607 	EXP 	image_ex_scene: image = 'Scenes_Dataset/sky_A.jpg'
114.6607 	EXP 	image_ex_object: image = 'Objects_Dataset/hang_glider.png'
114.6607 	EXP 	slider_example: markerPos = None
114.6607 	EXP 	slider_example: markerPos = None
114.6607 	EXP 	image_ex_scene: autoDraw = True
114.6607 	EXP 	image_ex_object: autoDraw = True
116.3204 	DATA 	Keypress: num_3
117.1354 	INFO 	Keyboard events cleared
117.1354 	EXP 	slider_example: autoDraw = True
117.1354 	EXP 	text_example: autoDraw = True
117.8570 	DATA 	Keypress: num_3
119.6357 	EXP 	slider_example: autoDraw = False
119.6357 	EXP 	text_example: autoDraw = False
119.6540 	EXP 	New trial (rep=0, index=3): <Trial 3 (3 in rep 0) data={'Index': 'Ex3', 'ex_scene_encode': 'Scenes_Dataset/cellars_A.jpg', 'ex_scene_size': (600, 399), 'ex_object_encode': 'Objects_Dataset/barrier.png', 'ex_object_size': (300, 300), 'ex_target_pos': (300, -200), 'ex_condition_encode': 'incongruent', 'ex_lure': 'Objects_Dataset/hang_glider.png', 'ex_lure_size': (450, 275), 'ex_lure_pos': (300, 200), 'ex_new': None, 'ex_new_scene_size': None, 'jitter_ITI': 3, 'thisN': 3, 'thisTrialN': 3, 'thisRepN': 0}>
119.6695 	EXP 	image_ex_scene: autoDraw = False
119.6695 	EXP 	image_ex_object: autoDraw = False
119.6695 	EXP 	slider_example: autoDraw = False
119.6695 	EXP 	text_example: autoDraw = False
119.6695 	EXP 	image_blank: autoDraw = True
121.8884 	EXP 	cross_25: autoDraw = True
122.1525 	EXP 	cross_25: autoDraw = False
122.6707 	EXP 	image_blank: autoDraw = False
122.6707 	EXP 	cross_25: autoDraw = False
122.6707 	EXP 	image_blank: autoDraw = False
122.6707 	EXP 	image_ex_scene: image = 'Scenes_Dataset/cellars_A.jpg'
122.6707 	EXP 	image_ex_object: image = 'Objects_Dataset/barrier.png'
122.6707 	EXP 	slider_example: markerPos = None
122.6707 	EXP 	slider_example: markerPos = None
122.6707 	EXP 	image_ex_scene: autoDraw = True
122.6707 	EXP 	image_ex_object: autoDraw = True
125.1523 	INFO 	Keyboard events cleared
125.1522 	EXP 	slider_example: autoDraw = True
125.1522 	EXP 	text_example: autoDraw = True
125.4361 	DATA 	Keypress: num_1
127.6526 	EXP 	slider_example: autoDraw = False
127.6526 	EXP 	text_example: autoDraw = False
127.6693 	EXP 	image_ex_scene: autoDraw = False
127.6693 	EXP 	image_ex_object: autoDraw = False
127.6693 	EXP 	slider_example: autoDraw = False
127.6693 	EXP 	text_example: autoDraw = False
127.6693 	EXP 	text_end_ex: autoDraw = True
129.1527 	INFO 	Keyboard events cleared
129.1525 	EXP 	text_start_PAL: autoDraw = True
129.1692 	EXP 	text_end_ex: autoDraw = False
133.2621 	EXP 	Imported Encode_Pairs.xlsx as conditions, 60 conditions, 14 params
133.2625 	EXP 	New trial (rep=0, index=0): <Trial 0 (0 in rep 0) data={'Index': 7, 'Scene': 'Scenes_Dataset/snow_B.jpg', 'Scene_Size': (600, 450), 'Condition_Encode': 'Congruent', 'Object_Encode': 'Objects_Dataset/wool_cap.png', 'Object_Size': (250, 250), 'Condition_Old': 'old', 'Correct_Key_Old': 'left', 'Obj_Lure': 'Objects_Dataset/eskimo_coat.png', 'Lure_size': (300, 300), 'Target_pos': (300, -200), 'Lure_pos': (300, 200), 'Correct_key_AFC': 'down', 'jitter_ITI': 2.3, 'thisN': 0, 'thisTrialN': 0, 'thisRepN': 0}>
133.2627 	DATA 	Keypress: space
133.2643 	EXP 	text_end_ex: autoDraw = False
133.2643 	EXP 	text_start_PAL: autoDraw = False
133.2643 	EXP 	image_blank: autoDraw = True
135.4861 	EXP 	cross_25: autoDraw = True
135.5694 	EXP 	image_blank: autoDraw = False
135.7439 	EXP 	cross_25: autoDraw = False
135.7439 	EXP 	cross_25: autoDraw = False
135.7439 	EXP 	image_blank: autoDraw = False
135.7439 	EXP 	image_scene_encode: image = 'Scenes_Dataset/snow_B.jpg'
135.7439 	EXP 	image_object_encode: image = 'Objects_Dataset/wool_cap.png'
135.7439 	EXP 	slider_cong: markerPos = None
135.7439 	EXP 	slider_cong: markerPos = None
135.7439 	EXP 	image_scene_encode: autoDraw = True
135.7439 	EXP 	image_object_encode: autoDraw = True
138.2191 	INFO 	Keyboard events cleared
138.2191 	EXP 	text_rating: autoDraw = True
138.2191 	EXP 	slider_cong: autoDraw = True
138.4566 	DATA 	Keypress: num_3
140.7202 	EXP 	text_rating: autoDraw = False
140.7202 	EXP 	slider_cong: autoDraw = False
140.7213 	EXP 	New trial (rep=0, index=1): <Trial 1 (1 in rep 0) data={'Index': 10, 'Scene': 'Scenes_Dataset/toy_store_B.jpg', 'Scene_Size': (600, 415), 'Condition_Encode': 'Congruent', 'Object_Encode': 'Objects_Dataset/doll.png', 'Object_Size': (191, 300), 'Condition_Old': 'old', 'Correct_Key_Old': 'left', 'Obj_Lure': 'Objects_Dataset/abacus.png', 'Lure_size': (185, 200), 'Target_pos': (300, -200), 'Lure_pos': (300, 200), 'Correct_key_AFC': 'down', 'jitter_ITI': 2.45, 'thisN': 1, 'thisTrialN': 1, 'thisRepN': 0}>
140.7361 	EXP 	image_scene_encode: autoDraw = False
140.7361 	EXP 	image_object_encode: autoDraw = False
140.7361 	EXP 	text_rating: autoDraw = False
140.7361 	EXP 	slider_cong: autoDraw = False
140.7361 	EXP 	image_blank: autoDraw = True
142.9695 	EXP 	cross_25: autoDraw = True
143.1861 	EXP 	image_blank: autoDraw = False
143.2266 	EXP 	cross_25: autoDraw = False
143.2266 	EXP 	cross_25: autoDraw = False
143.2266 	EXP 	image_blank: autoDraw = False
143.2266 	EXP 	image_scene_encode: image = 'Scenes_Dataset/toy_store_B.jpg'
143.2266 	EXP 	image_object_encode: image = 'Objects_Dataset/doll.png'
143.2266 	EXP 	slider_cong: markerPos = None
143.2266 	EXP 	slider_cong: markerPos = None
143.2266 	EXP 	image_scene_encode: autoDraw = True
143.2266 	EXP 	image_object_encode: autoDraw = True
145.7027 	INFO 	Keyboard events cleared
145.7026 	EXP 	text_rating: autoDraw = True
145.7026 	EXP 	slider_cong: autoDraw = True
146.1037 	DATA 	Keypress: num_3
148.2030 	EXP 	text_rating: autoDraw = False
148.2030 	EXP 	slider_cong: autoDraw = False
148.2218 	EXP 	New trial (rep=0, index=2): <Trial 2 (2 in rep 0) data={'Index': 54, 'Scene': 'Scenes_Dataset/campsite_A.jpg', 'Scene_Size': (600, 402), 'Condition_Encode': 'Incongruent', 'Object_Encode': 'Objects_Dataset/door_mat.png', 'Object_Size': (300, 300), 'Condition_Old': 'old', 'Correct_Key_Old': 'left', 'Obj_Lure': 'Objects_Dataset/remote_control.png', 'Lure_size': (300, 293), 'Target_pos': (300, 200), 'Lure_pos': (300, -200), 'Correct_key_AFC': 'up', 'jitter_ITI': 2.05, 'thisN': 2, 'thisTrialN': 2, 'thisRepN': 0}>
148.2370 	EXP 	image_scene_encode: autoDraw = False
148.2370 	EXP 	image_object_encode: autoDraw = False
148.2370 	EXP 	text_rating: autoDraw = False
148.2370 	EXP 	slider_cong: autoDraw = False
148.2370 	EXP 	image_blank: autoDraw = True
150.2863 	EXP 	image_blank: autoDraw = False
150.4532 	EXP 	cross_25: autoDraw = True
150.7069 	EXP 	cross_25: autoDraw = False
150.7069 	EXP 	cross_25: autoDraw = False
150.7069 	EXP 	image_blank: autoDraw = False
150.7069 	EXP 	image_scene_encode: image = 'Scenes_Dataset/campsite_A.jpg'
150.7069 	EXP 	image_object_encode: image = 'Objects_Dataset/door_mat.png'
150.7069 	EXP 	slider_cong: markerPos = None
150.7069 	EXP 	slider_cong: markerPos = None
150.7069 	EXP 	image_scene_encode: autoDraw = True
150.7069 	EXP 	image_object_encode: autoDraw = True
152.9374 	DATA 	Keypress: num_2
153.1860 	INFO 	Keyboard events cleared
153.1859 	EXP 	text_rating: autoDraw = True
153.1859 	EXP 	slider_cong: autoDraw = True
153.6700 	DATA 	Keypress: num_2
155.7029 	EXP 	text_rating: autoDraw = False
155.7029 	EXP 	slider_cong: autoDraw = False
155.7043 	EXP 	New trial (rep=0, index=3): <Trial 3 (3 in rep 0) data={'Index': 44, 'Scene': 'Scenes_Dataset/boat_interior_A.jpg', 'Scene_Size': (600, 400), 'Condition_Encode': 'Incongruent', 'Object_Encode': 'Objects_Dataset/scooter_retouched.png', 'Object_Size': (311, 350), 'Condition_Old': 'old', 'Correct_Key_Old': 'left', 'Obj_Lure': 'Objects_Dataset/car_mat.png', 'Lure_size': (230, 258), 'Target_pos': (300, 200), 'Lure_pos': (300, -200), 'Correct_key_AFC': 'up', 'jitter_ITI': 2.85, 'thisN': 3, 'thisTrialN': 3, 'thisRepN': 0}>
155.7196 	EXP 	image_scene_encode: autoDraw = False
155.7196 	EXP 	image_object_encode: autoDraw = False
155.7196 	EXP 	text_rating: autoDraw = False
155.7196 	EXP 	slider_cong: autoDraw = False
155.7196 	EXP 	image_blank: autoDraw = True
157.9363 	EXP 	cross_25: autoDraw = True
158.1863 	EXP 	cross_25: autoDraw = False
158.5770 	EXP 	image_blank: autoDraw = False
158.5770 	EXP 	cross_25: autoDraw = False
158.5770 	EXP 	image_blank: autoDraw = False
158.5770 	EXP 	image_scene_encode: image = 'Scenes_Dataset/boat_interior_A.jpg'
158.5770 	EXP 	image_object_encode: image = 'Objects_Dataset/scooter_retouched.png'
158.5770 	EXP 	slider_cong: markerPos = None
158.5770 	EXP 	slider_cong: markerPos = None
158.5770 	EXP 	image_scene_encode: autoDraw = True
158.5770 	EXP 	image_object_encode: autoDraw = True
161.0546 	INFO 	Keyboard events cleared
161.0546 	EXP 	text_rating: autoDraw = True
161.0546 	EXP 	slider_cong: autoDraw = True
161.6869 	DATA 	Keypress: num_1
163.5697 	EXP 	text_rating: autoDraw = False
163.5697 	EXP 	slider_cong: autoDraw = False
163.5712 	EXP 	New trial (rep=0, index=4): <Trial 4 (4 in rep 0) data={'Index': 39, 'Scene': 'Scenes_Dataset/garage_A.jpg', 'Scene_Size': (600, 397), 'Condition_Encode': 'Incongruent', 'Object_Encode': 'Objects_Dataset/crown.png', 'Object_Size': (300, 249), 'Condition_Old': 'old', 'Correct_Key_Old': 'left', 'Obj_Lure': 'Objects_Dataset/oxygen_mask_retouched.png', 'Lure_size': (300, 300), 'Target_pos': (300, 200), 'Lure_pos': (300, -200), 'Correct_key_AFC': 'up', 'jitter_ITI': 2.6, 'thisN': 4, 'thisTrialN': 4, 'thisRepN': 0}>
163.5864 	EXP 	image_scene_encode: autoDraw = False
163.5864 	EXP 	image_object_encode: autoDraw = False
163.5864 	EXP 	text_rating: autoDraw = False
163.5864 	EXP 	slider_cong: autoDraw = False
163.5864 	EXP 	image_blank: autoDraw = True
165.8030 	EXP 	cross_25: autoDraw = True
166.0531 	EXP 	cross_25: autoDraw = False
166.1977 	EXP 	image_blank: autoDraw = False
166.1977 	EXP 	cross_25: autoDraw = False
166.1977 	EXP 	image_blank: autoDraw = False
166.1977 	EXP 	image_scene_encode: image = 'Scenes_Dataset/garage_A.jpg'
166.1977 	EXP 	image_object_encode: image = 'Objects_Dataset/crown.png'
166.1977 	EXP 	slider_cong: markerPos = None
166.1977 	EXP 	slider_cong: markerPos = None
166.1977 	EXP 	image_scene_encode: autoDraw = True
166.1977 	EXP 	image_object_encode: autoDraw = True
168.6864 	INFO 	Keyboard events cleared
168.6863 	EXP 	text_rating: autoDraw = True
168.6863 	EXP 	slider_cong: autoDraw = True
169.3370 	DATA 	Keypress: num_1
171.1866 	EXP 	text_rating: autoDraw = False
171.1866 	EXP 	slider_cong: autoDraw = False
171.1877 	EXP 	New trial (rep=0, index=5): <Trial 5 (5 in rep 0) data={'Index': 26, 'Scene': 'Scenes_Dataset/hospital_room_B.jpg', 'Scene_Size': (600, 400), 'Condition_Encode': 'Congruent', 'Object_Encode': 'Objects_Dataset/saline_retouched.png', 'Object_Size': (300, 225), 'Condition_Old': 'old', 'Correct_Key_Old': 'left', 'Obj_Lure': 'Objects_Dataset/pills.png', 'Lure_size': (216, 250), 'Target_pos': (300, -200), 'Lure_pos': (300, 200), 'Correct_key_AFC': 'down', 'jitter_ITI': 3.25, 'thisN': 5, 'thisTrialN': 5, 'thisRepN': 0}>
171.2032 	EXP 	image_scene_encode: autoDraw = False
171.2032 	EXP 	image_object_encode: autoDraw = False
171.2032 	EXP 	text_rating: autoDraw = False
171.2032 	EXP 	slider_cong: autoDraw = False
171.2032 	EXP 	image_blank: autoDraw = True
173.4367 	EXP 	cross_25: autoDraw = True
173.6868 	EXP 	cross_25: autoDraw = False
174.4620 	EXP 	image_blank: autoDraw = False
174.4620 	EXP 	cross_25: autoDraw = False
174.4620 	EXP 	image_blank: autoDraw = False
174.4620 	EXP 	image_scene_encode: image = 'Scenes_Dataset/hospital_room_B.jpg'
174.4620 	EXP 	image_object_encode: image = 'Objects_Dataset/saline_retouched.png'
174.4620 	EXP 	slider_cong: markerPos = None
174.4620 	EXP 	slider_cong: markerPos = None
174.4620 	EXP 	image_scene_encode: autoDraw = True
174.4620 	EXP 	image_object_encode: autoDraw = True
176.9365 	INFO 	Keyboard events cleared
176.9364 	EXP 	text_rating: autoDraw = True
176.9364 	EXP 	slider_cong: autoDraw = True
177.5703 	DATA 	Keypress: num_3
179.4533 	EXP 	text_rating: autoDraw = False
179.4533 	EXP 	slider_cong: autoDraw = False
179.4551 	EXP 	New trial (rep=0, index=6): <Trial 6 (6 in rep 0) data={'Index': 53, 'Scene': 'Scenes_Dataset/operating_room_A.jpg', 'Scene_Size': (600, 416), 'Condition_Encode': 'Incongruent', 'Object_Encode': 'Objects_Dataset/rope.png', 'Object_Size': (300, 248), 'Condition_Old': 'old', 'Correct_Key_Old': 'left', 'Obj_Lure': 'Objects_Dataset/scooter_retouched.png', 'Lure_size': (311, 350), 'Target_pos': (300, 200), 'Lure_pos': (300, -200), 'Correct_key_AFC': 'up', 'jitter_ITI': 2, 'thisN': 6, 'thisTrialN': 6, 'thisRepN': 0}>
179.4700 	EXP 	image_scene_encode: autoDraw = False
179.4700 	EXP 	image_object_encode: autoDraw = False
179.4700 	EXP 	text_rating: autoDraw = False
179.4700 	EXP 	slider_cong: autoDraw = False
179.4700 	EXP 	image_blank: autoDraw = True
181.4703 	EXP 	image_blank: autoDraw = False
181.6872 	EXP 	cross_25: autoDraw = True
181.9427 	EXP 	cross_25: autoDraw = False
181.9427 	EXP 	cross_25: autoDraw = False
181.9427 	EXP 	image_blank: autoDraw = False
181.9427 	EXP 	image_scene_encode: image = 'Scenes_Dataset/operating_room_A.jpg'
181.9427 	EXP 	image_object_encode: image = 'Objects_Dataset/rope.png'
181.9427 	EXP 	slider_cong: markerPos = None
181.9427 	EXP 	slider_cong: markerPos = None
181.9427 	EXP 	image_scene_encode: autoDraw = True
181.9427 	EXP 	image_object_encode: autoDraw = True
184.4200 	INFO 	Keyboard events cleared
184.4199 	EXP 	text_rating: autoDraw = True
184.4199 	EXP 	slider_cong: autoDraw = True
185.1914 	DATA 	Keypress: num_1
186.9204 	EXP 	text_rating: autoDraw = False
186.9204 	EXP 	slider_cong: autoDraw = False
186.9218 	EXP 	New trial (rep=0, index=7): <Trial 7 (7 in rep 0) data={'Index': 47, 'Scene': 'Scenes_Dataset/entrance_hall_B.jpg', 'Scene_Size': (600, 421), 'Condition_Encode': 'Incongruent', 'Object_Encode': 'Objects_Dataset/movie_reels.png', 'Object_Size': (350, 268), 'Condition_Old': 'old', 'Correct_Key_Old': 'left', 'Obj_Lure': 'Objects_Dataset/payment_terminal.png', 'Lure_size': (285, 300), 'Target_pos': (300, 200), 'Lure_pos': (300, -200), 'Correct_key_AFC': 'up', 'jitter_ITI': 3, 'thisN': 7, 'thisTrialN': 7, 'thisRepN': 0}>
186.9371 	EXP 	image_scene_encode: autoDraw = False
186.9371 	EXP 	image_object_encode: autoDraw = False
186.9371 	EXP 	text_rating: autoDraw = False
186.9371 	EXP 	slider_cong: autoDraw = False
186.9371 	EXP 	image_blank: autoDraw = True
189.1704 	EXP 	cross_25: autoDraw = True
189.4206 	EXP 	cross_25: autoDraw = False
189.9441 	EXP 	image_blank: autoDraw = False
189.9441 	EXP 	cross_25: autoDraw = False
189.9441 	EXP 	image_blank: autoDraw = False
189.9441 	EXP 	image_scene_encode: image = 'Scenes_Dataset/entrance_hall_B.jpg'
189.9441 	EXP 	image_object_encode: image = 'Objects_Dataset/movie_reels.png'
189.9441 	EXP 	slider_cong: markerPos = None
189.9441 	EXP 	slider_cong: markerPos = None
189.9441 	EXP 	image_scene_encode: autoDraw = True
189.9441 	EXP 	image_object_encode: autoDraw = True
192.4201 	INFO 	Keyboard events cleared
192.4200 	EXP 	text_rating: autoDraw = True
192.4200 	EXP 	slider_cong: autoDraw = True
193.1048 	DATA 	Keypress: num_2
194.9204 	EXP 	text_rating: autoDraw = False
194.9204 	EXP 	slider_cong: autoDraw = False
194.9391 	EXP 	New trial (rep=0, index=8): <Trial 8 (8 in rep 0) data={'Index': 25, 'Scene': 'Scenes_Dataset/building_entrance_A.jpg', 'Scene_Size': (600, 400), 'Condition_Encode': 'Congruent', 'Object_Encode': 'Objects_Dataset/envelope_retouched.png', 'Object_Size': (250, 211), 'Condition_Old': 'old', 'Correct_Key_Old': 'left', 'Obj_Lure': 'Objects_Dataset/door_mat.png', 'Lure_size': (300, 300), 'Target_pos': (300, -200), 'Lure_pos': (300, 200), 'Correct_key_AFC': 'down', 'jitter_ITI': 3.2, 'thisN': 8, 'thisTrialN': 8, 'thisRepN': 0}>
194.9537 	EXP 	image_scene_encode: autoDraw = False
194.9537 	EXP 	image_object_encode: autoDraw = False
194.9537 	EXP 	text_rating: autoDraw = False
194.9537 	EXP 	slider_cong: autoDraw = False
194.9537 	EXP 	image_blank: autoDraw = True
197.1705 	EXP 	cross_25: autoDraw = True
197.4204 	EXP 	cross_25: autoDraw = False
198.1600 	EXP 	image_blank: autoDraw = False
198.1600 	EXP 	cross_25: autoDraw = False
198.1600 	EXP 	image_blank: autoDraw = False
198.1600 	EXP 	image_scene_encode: image = 'Scenes_Dataset/building_entrance_A.jpg'
198.1600 	EXP 	image_object_encode: image = 'Objects_Dataset/envelope_retouched.png'
198.1600 	EXP 	slider_cong: markerPos = None
198.1600 	EXP 	slider_cong: markerPos = None
198.1600 	EXP 	image_scene_encode: autoDraw = True
198.1600 	EXP 	image_object_encode: autoDraw = True
200.6369 	INFO 	Keyboard events cleared
200.6368 	EXP 	text_rating: autoDraw = True
200.6368 	EXP 	slider_cong: autoDraw = True
201.1210 	DATA 	Keypress: num_3
203.1372 	EXP 	text_rating: autoDraw = False
203.1372 	EXP 	slider_cong: autoDraw = False
203.1557 	EXP 	New trial (rep=0, index=9): <Trial 9 (9 in rep 0) data={'Index': 21, 'Scene': 'Scenes_Dataset/pharmacy_A.jpg', 'Scene_Size': (600, 461), 'Condition_Encode': 'Congruent', 'Object_Encode': 'Objects_Dataset/pills.png', 'Object_Size': (216, 250), 'Condition_Old': 'old', 'Correct_Key_Old': 'left', 'Obj_Lure': 'Objects_Dataset/thermometer.png', 'Lure_size': (300, 199), 'Target_pos': (300, -200), 'Lure_pos': (300, 200), 'Correct_key_AFC': 'down', 'jitter_ITI': 3, 'thisN': 9, 'thisTrialN': 9, 'thisRepN': 0}>
203.1705 	EXP 	image_scene_encode: autoDraw = False
203.1705 	EXP 	image_object_encode: autoDraw = False
203.1705 	EXP 	text_rating: autoDraw = False
203.1705 	EXP 	slider_cong: autoDraw = False
203.1705 	EXP 	image_blank: autoDraw = True
205.3873 	EXP 	cross_25: autoDraw = True
205.6384 	EXP 	cross_25: autoDraw = False
206.1807 	EXP 	image_blank: autoDraw = False
206.1807 	EXP 	cross_25: autoDraw = False
206.1807 	EXP 	image_blank: autoDraw = False
206.1807 	EXP 	image_scene_encode: image = 'Scenes_Dataset/pharmacy_A.jpg'
206.1807 	EXP 	image_object_encode: image = 'Objects_Dataset/pills.png'
206.1807 	EXP 	slider_cong: markerPos = None
206.1807 	EXP 	slider_cong: markerPos = None
206.1807 	EXP 	image_scene_encode: autoDraw = True
206.1807 	EXP 	image_object_encode: autoDraw = True
208.6536 	INFO 	Keyboard events cleared
208.6535 	EXP 	text_rating: autoDraw = True
208.6535 	EXP 	slider_cong: autoDraw = True
209.3921 	DATA 	Keypress: num_3
211.1561 	EXP 	text_rating: autoDraw = False
211.1561 	EXP 	slider_cong: autoDraw = False
211.1575 	EXP 	New trial (rep=0, index=10): <Trial 10 (10 in rep 0) data={'Index': 6, 'Scene': 'Scenes_Dataset/stationary_store_A.jpg', 'Scene_Size': (600, 370), 'Condition_Encode': 'Congruent', 'Object_Encode': 'Objects_Dataset/stapler.png', 'Object_Size': (250, 178), 'Condition_Old': 'old', 'Correct_Key_Old': 'left', 'Obj_Lure': 'Objects_Dataset/envelope_retouched.png', 'Lure_size': (250, 211), 'Target_pos': (300, -200), 'Lure_pos': (300, 200), 'Correct_key_AFC': 'down', 'jitter_ITI': 2.25, 'thisN': 10, 'thisTrialN': 10, 'thisRepN': 0}>
211.1707 	EXP 	image_scene_encode: autoDraw = False
211.1707 	EXP 	image_object_encode: autoDraw = False
211.1707 	EXP 	text_rating: autoDraw = False
211.1707 	EXP 	slider_cong: autoDraw = False
211.1707 	EXP 	image_blank: autoDraw = True
213.4039 	EXP 	cross_25: autoDraw = True
213.4207 	EXP 	image_blank: autoDraw = False
213.6620 	EXP 	cross_25: autoDraw = False
213.6620 	EXP 	cross_25: autoDraw = False
213.6620 	EXP 	image_blank: autoDraw = False
213.6620 	EXP 	image_scene_encode: image = 'Scenes_Dataset/stationary_store_A.jpg'
213.6620 	EXP 	image_object_encode: image = 'Objects_Dataset/stapler.png'
213.6620 	EXP 	slider_cong: markerPos = None
213.6620 	EXP 	slider_cong: markerPos = None
213.6620 	EXP 	image_scene_encode: autoDraw = True
213.6620 	EXP 	image_object_encode: autoDraw = True
216.1371 	INFO 	Keyboard events cleared
216.1371 	EXP 	text_rating: autoDraw = True
216.1371 	EXP 	slider_cong: autoDraw = True
216.8720 	DATA 	Keypress: num_3
218.6372 	EXP 	text_rating: autoDraw = False
218.6372 	EXP 	slider_cong: autoDraw = False
218.6557 	EXP 	New trial (rep=0, index=11): <Trial 11 (11 in rep 0) data={'Index': 37, 'Scene': 'Scenes_Dataset/vault_A.jpg', 'Scene_Size': (600, 398), 'Condition_Encode': 'Incongruent', 'Object_Encode': 'Objects_Dataset/fan.png', 'Object_Size': (350, 350), 'Condition_Old': 'old', 'Correct_Key_Old': 'left', 'Obj_Lure': 'Objects_Dataset/cactus.png', 'Lure_size': (300, 248), 'Target_pos': (300, 200), 'Lure_pos': (300, -200), 'Correct_key_AFC': 'up', 'jitter_ITI': 2.5, 'thisN': 11, 'thisTrialN': 11, 'thisRepN': 0}>
218.6708 	EXP 	image_scene_encode: autoDraw = False
218.6708 	EXP 	image_object_encode: autoDraw = False
218.6708 	EXP 	text_rating: autoDraw = False
218.6708 	EXP 	slider_cong: autoDraw = False
218.6708 	EXP 	image_blank: autoDraw = True
220.8874 	EXP 	cross_25: autoDraw = True
221.1374 	EXP 	cross_25: autoDraw = False
221.1744 	EXP 	image_blank: autoDraw = False
221.1744 	EXP 	cross_25: autoDraw = False
221.1744 	EXP 	image_blank: autoDraw = False
221.1744 	EXP 	image_scene_encode: image = 'Scenes_Dataset/vault_A.jpg'
221.1744 	EXP 	image_object_encode: image = 'Objects_Dataset/fan.png'
221.1744 	EXP 	slider_cong: markerPos = None
221.1744 	EXP 	slider_cong: markerPos = None
221.1744 	EXP 	image_scene_encode: autoDraw = True
221.1744 	EXP 	image_object_encode: autoDraw = True
223.6539 	INFO 	Keyboard events cleared
223.6538 	EXP 	text_rating: autoDraw = True
223.6538 	EXP 	slider_cong: autoDraw = True
224.4212 	DATA 	Keypress: num_2
224.4877 	DATA 	Keypress: num_5
225.5212 	DATA 	Keypress: num_2
226.1542 	EXP 	text_rating: autoDraw = False
226.1542 	EXP 	slider_cong: autoDraw = False
226.1733 	EXP 	New trial (rep=0, index=12): <Trial 12 (12 in rep 0) data={'Index': 34, 'Scene': 'Scenes_Dataset/flower_shop_A.jpg', 'Scene_Size': (600, 450), 'Condition_Encode': 'Incongruent', 'Object_Encode': 'Objects_Dataset/trumpet_retouched.png', 'Object_Size': (300, 122), 'Condition_Old': 'old', 'Correct_Key_Old': 'left', 'Obj_Lure': 'Objects_Dataset/sailor_hat.png', 'Lure_size': (300, 250), 'Target_pos': (300, 200), 'Lure_pos': (300, -200), 'Correct_key_AFC': 'up', 'jitter_ITI': 2.35, 'thisN': 12, 'thisTrialN': 12, 'thisRepN': 0}>
226.1878 	EXP 	image_scene_encode: autoDraw = False
226.1878 	EXP 	image_object_encode: autoDraw = False
226.1878 	EXP 	text_rating: autoDraw = False
226.1878 	EXP 	slider_cong: autoDraw = False
226.1878 	EXP 	image_blank: autoDraw = True
228.4074 	EXP 	cross_25: autoDraw = True
228.5377 	EXP 	image_blank: autoDraw = False
228.6770 	EXP 	cross_25: autoDraw = False
228.6770 	EXP 	cross_25: autoDraw = False
228.6770 	EXP 	image_blank: autoDraw = False
228.6770 	EXP 	image_scene_encode: image = 'Scenes_Dataset/flower_shop_A.jpg'
228.6770 	EXP 	image_object_encode: image = 'Objects_Dataset/trumpet_retouched.png'
228.6770 	EXP 	slider_cong: markerPos = None
228.6770 	EXP 	slider_cong: markerPos = None
228.6770 	EXP 	image_scene_encode: autoDraw = True
228.6770 	EXP 	image_object_encode: autoDraw = True
231.1539 	INFO 	Keyboard events cleared
231.1539 	EXP 	text_rating: autoDraw = True
231.1539 	EXP 	slider_cong: autoDraw = True
231.9589 	DATA 	Keypress: num_1
233.6542 	EXP 	text_rating: autoDraw = False
233.6542 	EXP 	slider_cong: autoDraw = False
233.6723 	EXP 	New trial (rep=0, index=13): <Trial 13 (13 in rep 0) data={'Index': 45, 'Scene': 'Scenes_Dataset/factory_B.jpg', 'Scene_Size': (600, 415), 'Condition_Encode': 'Incongruent', 'Object_Encode': 'Objects_Dataset/shield.png', 'Object_Size': (199, 300), 'Condition_Old': 'old', 'Correct_Key_Old': 'left', 'Obj_Lure': 'Objects_Dataset/trumpet_retouched.png', 'Lure_size': (300, 122), 'Target_pos': (300, 200), 'Lure_pos': (300, -200), 'Correct_key_AFC': 'up', 'jitter_ITI': 2.9, 'thisN': 13, 'thisTrialN': 13, 'thisRepN': 0}>
233.6881 	EXP 	image_scene_encode: autoDraw = False
233.6881 	EXP 	image_object_encode: autoDraw = False
233.6881 	EXP 	text_rating: autoDraw = False
233.6881 	EXP 	slider_cong: autoDraw = False
233.6881 	EXP 	image_blank: autoDraw = True
235.9043 	EXP 	cross_25: autoDraw = True
236.1543 	EXP 	cross_25: autoDraw = False
236.5992 	EXP 	image_blank: autoDraw = False
236.5992 	EXP 	cross_25: autoDraw = False
236.5992 	EXP 	image_blank: autoDraw = False
236.5992 	EXP 	image_scene_encode: image = 'Scenes_Dataset/factory_B.jpg'
236.5992 	EXP 	image_object_encode: image = 'Objects_Dataset/shield.png'
236.5992 	EXP 	slider_cong: markerPos = None
236.5992 	EXP 	slider_cong: markerPos = None
236.5992 	EXP 	image_scene_encode: autoDraw = True
236.5992 	EXP 	image_object_encode: autoDraw = True
239.0710 	INFO 	Keyboard events cleared
239.0709 	EXP 	text_rating: autoDraw = True
239.0709 	EXP 	slider_cong: autoDraw = True
239.7046 	DATA 	Keypress: num_1
241.5709 	EXP 	text_rating: autoDraw = False
241.5709 	EXP 	slider_cong: autoDraw = False
241.5895 	EXP 	New trial (rep=0, index=14): <Trial 14 (14 in rep 0) data={'Index': 43, 'Scene': 'Scenes_Dataset/home_office_A.jpg', 'Scene_Size': (600, 399), 'Condition_Encode': 'Incongruent', 'Object_Encode': 'Objects_Dataset/bicycle_bell.png', 'Object_Size': (250, 210), 'Condition_Old': 'old', 'Correct_Key_Old': 'left', 'Obj_Lure': 'Objects_Dataset/unicycle_retouched.png', 'Lure_size': (159, 300), 'Target_pos': (300, 200), 'Lure_pos': (300, -200), 'Correct_key_AFC': 'up', 'jitter_ITI': 2.8, 'thisN': 14, 'thisTrialN': 14, 'thisRepN': 0}>
241.6043 	EXP 	image_scene_encode: autoDraw = False
241.6043 	EXP 	image_object_encode: autoDraw = False
241.6043 	EXP 	text_rating: autoDraw = False
241.6043 	EXP 	slider_cong: autoDraw = False
241.6043 	EXP 	image_blank: autoDraw = True
243.8211 	EXP 	cross_25: autoDraw = True
244.0711 	EXP 	cross_25: autoDraw = False
244.4100 	EXP 	image_blank: autoDraw = False
244.4100 	EXP 	cross_25: autoDraw = False
244.4100 	EXP 	image_blank: autoDraw = False
244.4100 	EXP 	image_scene_encode: image = 'Scenes_Dataset/home_office_A.jpg'
244.4100 	EXP 	image_object_encode: image = 'Objects_Dataset/bicycle_bell.png'
244.4100 	EXP 	slider_cong: markerPos = None
244.4100 	EXP 	slider_cong: markerPos = None
244.4100 	EXP 	image_scene_encode: autoDraw = True
244.4100 	EXP 	image_object_encode: autoDraw = True
246.8876 	INFO 	Keyboard events cleared
246.8875 	EXP 	text_rating: autoDraw = True
246.8875 	EXP 	slider_cong: autoDraw = True
247.9588 	DATA 	Keypress: num_2
249.3879 	EXP 	text_rating: autoDraw = False
249.3879 	EXP 	slider_cong: autoDraw = False
249.4061 	EXP 	New trial (rep=0, index=15): <Trial 15 (15 in rep 0) data={'Index': 36, 'Scene': 'Scenes_Dataset/stable_A.jpg', 'Scene_Size': (600, 450), 'Condition_Encode': 'Incongruent', 'Object_Encode': 'Objects_Dataset/remote_control.png', 'Object_Size': (300, 293), 'Condition_Old': 'old', 'Correct_Key_Old': 'left', 'Obj_Lure': 'Objects_Dataset/sword_retouched.png', 'Lure_size': (300, 300), 'Target_pos': (300, 200), 'Lure_pos': (300, -200), 'Correct_key_AFC': 'up', 'jitter_ITI': 2.45, 'thisN': 15, 'thisTrialN': 15, 'thisRepN': 0}>
249.4212 	EXP 	image_scene_encode: autoDraw = False
249.4212 	EXP 	image_object_encode: autoDraw = False
249.4212 	EXP 	text_rating: autoDraw = False
249.4212 	EXP 	slider_cong: autoDraw = False
249.4212 	EXP 	image_blank: autoDraw = True
251.6381 	EXP 	cross_25: autoDraw = True
251.8714 	EXP 	image_blank: autoDraw = False
251.8941 	EXP 	cross_25: autoDraw = False
251.8941 	EXP 	cross_25: autoDraw = False
251.8941 	EXP 	image_blank: autoDraw = False
251.8941 	EXP 	image_scene_encode: image = 'Scenes_Dataset/stable_A.jpg'
251.8941 	EXP 	image_object_encode: image = 'Objects_Dataset/remote_control.png'
251.8941 	EXP 	slider_cong: markerPos = None
251.8941 	EXP 	slider_cong: markerPos = None
251.8941 	EXP 	image_scene_encode: autoDraw = True
251.8941 	EXP 	image_object_encode: autoDraw = True
254.3709 	INFO 	Keyboard events cleared
254.3708 	EXP 	text_rating: autoDraw = True
254.3708 	EXP 	slider_cong: autoDraw = True
255.1547 	DATA 	Keypress: num_1
256.8879 	EXP 	text_rating: autoDraw = False
256.8879 	EXP 	slider_cong: autoDraw = False
256.8896 	EXP 	New trial (rep=0, index=16): <Trial 16 (16 in rep 0) data={'Index': 23, 'Scene': 'Scenes_Dataset/desert_A.jpg', 'Scene_Size': (600, 375), 'Condition_Encode': 'Congruent', 'Object_Encode': 'Objects_Dataset/cactus.png', 'Object_Size': (300, 248), 'Condition_Old': 'old', 'Correct_Key_Old': 'left', 'Obj_Lure': 'Objects_Dataset/canteen.png', 'Lure_size': (150, 250), 'Target_pos': (300, -200), 'Lure_pos': (300, 200), 'Correct_key_AFC': 'down', 'jitter_ITI': 3.1, 'thisN': 16, 'thisTrialN': 16, 'thisRepN': 0}>
256.9045 	EXP 	image_scene_encode: autoDraw = False
256.9045 	EXP 	image_object_encode: autoDraw = False
256.9045 	EXP 	text_rating: autoDraw = False
256.9045 	EXP 	slider_cong: autoDraw = False
256.9045 	EXP 	image_blank: autoDraw = True
259.1214 	EXP 	cross_25: autoDraw = True
259.3711 	EXP 	cross_25: autoDraw = False
260.0083 	EXP 	image_blank: autoDraw = False
260.0083 	EXP 	cross_25: autoDraw = False
260.0083 	EXP 	image_blank: autoDraw = False
260.0083 	EXP 	image_scene_encode: image = 'Scenes_Dataset/desert_A.jpg'
260.0083 	EXP 	image_object_encode: image = 'Objects_Dataset/cactus.png'
260.0083 	EXP 	slider_cong: markerPos = None
260.0083 	EXP 	slider_cong: markerPos = None
260.0083 	EXP 	image_scene_encode: autoDraw = True
260.0083 	EXP 	image_object_encode: autoDraw = True
262.4878 	INFO 	Keyboard events cleared
262.4877 	EXP 	text_rating: autoDraw = True
262.4877 	EXP 	slider_cong: autoDraw = True
263.1384 	DATA 	Keypress: num_3
264.9880 	EXP 	text_rating: autoDraw = False
264.9880 	EXP 	slider_cong: autoDraw = False
265.0063 	EXP 	New trial (rep=0, index=17): <Trial 17 (17 in rep 0) data={'Index': 35, 'Scene': 'Scenes_Dataset/dentist_A.jpg', 'Scene_Size': (600, 400), 'Condition_Encode': 'Incongruent', 'Object_Encode': 'Objects_Dataset/basketball.png', 'Object_Size': (282, 300), 'Condition_Old': 'old', 'Correct_Key_Old': 'left', 'Obj_Lure': 'Objects_Dataset/chandelier_retouched.png', 'Lure_size': (250, 300), 'Target_pos': (300, 200), 'Lure_pos': (300, -200), 'Correct_key_AFC': 'up', 'jitter_ITI': 2.4, 'thisN': 17, 'thisTrialN': 17, 'thisRepN': 0}>
265.0214 	EXP 	image_scene_encode: autoDraw = False
265.0214 	EXP 	image_object_encode: autoDraw = False
265.0214 	EXP 	text_rating: autoDraw = False
265.0214 	EXP 	slider_cong: autoDraw = False
265.0214 	EXP 	image_blank: autoDraw = True
267.2380 	EXP 	cross_25: autoDraw = True
267.4214 	EXP 	image_blank: autoDraw = False
267.4938 	EXP 	cross_25: autoDraw = False
267.4938 	EXP 	cross_25: autoDraw = False
267.4938 	EXP 	image_blank: autoDraw = False
267.4938 	EXP 	image_scene_encode: image = 'Scenes_Dataset/dentist_A.jpg'
267.4938 	EXP 	image_object_encode: image = 'Objects_Dataset/basketball.png'
267.4938 	EXP 	slider_cong: markerPos = None
267.4938 	EXP 	slider_cong: markerPos = None
267.4938 	EXP 	image_scene_encode: autoDraw = True
267.4938 	EXP 	image_object_encode: autoDraw = True
269.9714 	INFO 	Keyboard events cleared
269.9713 	EXP 	text_rating: autoDraw = True
269.9713 	EXP 	slider_cong: autoDraw = True
271.0725 	DATA 	Keypress: num_1
272.4742 	EXP 	text_rating: autoDraw = False
272.4742 	EXP 	slider_cong: autoDraw = False
272.4751 	EXP 	New trial (rep=0, index=18): <Trial 18 (18 in rep 0) data={'Index': 28, 'Scene': 'Scenes_Dataset/public_toilet_A.jpg', 'Scene_Size': (600, 375), 'Condition_Encode': 'Congruent', 'Object_Encode': 'Objects_Dataset/hands_dryer.png', 'Object_Size': (350, 267), 'Condition_Old': 'old', 'Correct_Key_Old': 'left', 'Obj_Lure': 'Objects_Dataset/paper_towel_dispenser.png', 'Lure_size': (300, 400), 'Target_pos': (300, -200), 'Lure_pos': (300, 200), 'Correct_key_AFC': 'down', 'jitter_ITI': 2.05, 'thisN': 18, 'thisTrialN': 18, 'thisRepN': 0}>
272.4882 	EXP 	image_scene_encode: autoDraw = False
272.4882 	EXP 	image_object_encode: autoDraw = False
272.4882 	EXP 	text_rating: autoDraw = False
272.4882 	EXP 	slider_cong: autoDraw = False
272.4882 	EXP 	image_blank: autoDraw = True
274.5383 	EXP 	image_blank: autoDraw = False
274.7215 	EXP 	cross_25: autoDraw = True
274.9765 	EXP 	cross_25: autoDraw = False
274.9765 	EXP 	cross_25: autoDraw = False
274.9765 	EXP 	image_blank: autoDraw = False
274.9765 	EXP 	image_scene_encode: image = 'Scenes_Dataset/public_toilet_A.jpg'
274.9765 	EXP 	image_object_encode: image = 'Objects_Dataset/hands_dryer.png'
274.9765 	EXP 	slider_cong: markerPos = None
274.9765 	EXP 	slider_cong: markerPos = None
274.9765 	EXP 	image_scene_encode: autoDraw = True
274.9765 	EXP 	image_object_encode: autoDraw = True
277.4545 	INFO 	Keyboard events cleared
277.4545 	EXP 	text_rating: autoDraw = True
277.4545 	EXP 	slider_cong: autoDraw = True
278.0560 	DATA 	Keypress: num_3
279.9549 	EXP 	text_rating: autoDraw = False
279.9549 	EXP 	slider_cong: autoDraw = False
279.9739 	EXP 	New trial (rep=0, index=19): <Trial 19 (19 in rep 0) data={'Index': 60, 'Scene': 'Scenes_Dataset/field_A.jpg', 'Scene_Size': (600, 403), 'Condition_Encode': 'Incongruent', 'Object_Encode': 'Objects_Dataset/computer_monitor.png', 'Object_Size': (300, 300), 'Condition_Old': 'old', 'Correct_Key_Old': 'left', 'Obj_Lure': 'Objects_Dataset/plasticine.png', 'Lure_size': (250, 167), 'Target_pos': (300, 200), 'Lure_pos': (300, -200), 'Correct_key_AFC': 'up', 'jitter_ITI': 2.35, 'thisN': 19, 'thisTrialN': 19, 'thisRepN': 0}>
279.9883 	EXP 	image_scene_encode: autoDraw = False
279.9883 	EXP 	image_object_encode: autoDraw = False
279.9883 	EXP 	text_rating: autoDraw = False
279.9883 	EXP 	slider_cong: autoDraw = False
279.9883 	EXP 	image_blank: autoDraw = True
282.2050 	EXP 	cross_25: autoDraw = True
282.3386 	EXP 	image_blank: autoDraw = False
282.4618 	EXP 	cross_25: autoDraw = False
282.4618 	EXP 	cross_25: autoDraw = False
282.4618 	EXP 	image_blank: autoDraw = False
282.4618 	EXP 	image_scene_encode: image = 'Scenes_Dataset/field_A.jpg'
282.4618 	EXP 	image_object_encode: image = 'Objects_Dataset/computer_monitor.png'
282.4618 	EXP 	slider_cong: markerPos = None
282.4618 	EXP 	slider_cong: markerPos = None
282.4618 	EXP 	image_scene_encode: autoDraw = True
282.4618 	EXP 	image_object_encode: autoDraw = True
284.9547 	INFO 	Keyboard events cleared
284.9546 	EXP 	text_rating: autoDraw = True
284.9546 	EXP 	slider_cong: autoDraw = True
285.9130 	DATA 	Keypress: num_1
287.4422 	EXP 	New trial (rep=0, index=20): <Trial 20 (20 in rep 0) data={'Index': 46, 'Scene': 'Scenes_Dataset/skate_park_A.jpg', 'Scene_Size': (600, 450), 'Condition_Encode': 'Incongruent', 'Object_Encode': 'Objects_Dataset/paddle.png', 'Object_Size': (300, 299), 'Condition_Old': 'old', 'Correct_Key_Old': 'left', 'Obj_Lure': 'Objects_Dataset/fan.png', 'Lure_size': (350, 350), 'Target_pos': (300, 200), 'Lure_pos': (300, -200), 'Correct_key_AFC': 'up', 'jitter_ITI': 2.95, 'thisN': 20, 'thisTrialN': 20, 'thisRepN': 0}>
287.4549 	EXP 	image_scene_encode: autoDraw = False
287.4549 	EXP 	image_object_encode: autoDraw = False
287.4549 	EXP 	text_rating: autoDraw = False
287.4549 	EXP 	slider_cong: autoDraw = False
287.4549 	EXP 	image_blank: autoDraw = True
289.6888 	EXP 	cross_25: autoDraw = True
289.9385 	EXP 	cross_25: autoDraw = False
290.4141 	EXP 	image_blank: autoDraw = False
290.4141 	EXP 	cross_25: autoDraw = False
290.4141 	EXP 	image_blank: autoDraw = False
290.4141 	EXP 	image_scene_encode: image = 'Scenes_Dataset/skate_park_A.jpg'
290.4141 	EXP 	image_object_encode: image = 'Objects_Dataset/paddle.png'
290.4141 	EXP 	slider_cong: markerPos = None
290.4141 	EXP 	slider_cong: markerPos = None
290.4141 	EXP 	image_scene_encode: autoDraw = True
290.4141 	EXP 	image_object_encode: autoDraw = True
292.8881 	INFO 	Keyboard events cleared
292.8881 	EXP 	text_rating: autoDraw = True
292.8881 	EXP 	slider_cong: autoDraw = True
293.5585 	DATA 	Keypress: num_2
295.3888 	EXP 	text_rating: autoDraw = False
295.3888 	EXP 	slider_cong: autoDraw = False
295.4074 	EXP 	New trial (rep=0, index=21): <Trial 21 (21 in rep 0) data={'Index': 2, 'Scene': 'Scenes_Dataset/waiting_room_A.jpg', 'Scene_Size': (600, 450), 'Condition_Encode': 'Congruent', 'Object_Encode': 'Objects_Dataset/clock.png', 'Object_Size': (250, 248), 'Condition_Old': 'old', 'Correct_Key_Old': 'left', 'Obj_Lure': 'Objects_Dataset/water_dispenser.png', 'Lure_size': (300, 300), 'Target_pos': (300, -200), 'Lure_pos': (300, 200), 'Correct_key_AFC': 'down', 'jitter_ITI': 2.05, 'thisN': 21, 'thisTrialN': 21, 'thisRepN': 0}>
295.4218 	EXP 	image_scene_encode: autoDraw = False
295.4218 	EXP 	image_object_encode: autoDraw = False
295.4218 	EXP 	text_rating: autoDraw = False
295.4218 	EXP 	slider_cong: autoDraw = False
295.4218 	EXP 	image_blank: autoDraw = True
297.4719 	EXP 	image_blank: autoDraw = False
297.6387 	EXP 	cross_25: autoDraw = True
297.8895 	EXP 	cross_25: autoDraw = False
297.8895 	EXP 	cross_25: autoDraw = False
297.8895 	EXP 	image_blank: autoDraw = False
297.8895 	EXP 	image_scene_encode: image = 'Scenes_Dataset/waiting_room_A.jpg'
297.8895 	EXP 	image_object_encode: image = 'Objects_Dataset/clock.png'
297.8895 	EXP 	slider_cong: markerPos = None
297.8895 	EXP 	slider_cong: markerPos = None
297.8895 	EXP 	image_scene_encode: autoDraw = True
297.8895 	EXP 	image_object_encode: autoDraw = True
300.3718 	INFO 	Keyboard events cleared
300.3718 	EXP 	text_rating: autoDraw = True
300.3718 	EXP 	slider_cong: autoDraw = True
300.8889 	DATA 	Keypress: num_3
302.8720 	EXP 	text_rating: autoDraw = False
302.8720 	EXP 	slider_cong: autoDraw = False
302.8735 	EXP 	New trial (rep=0, index=22): <Trial 22 (22 in rep 0) data={'Index': 42, 'Scene': 'Scenes_Dataset/hut_A.jpg', 'Scene_Size': (600, 384), 'Condition_Encode': 'Incongruent', 'Object_Encode': 'Objects_Dataset/sled_retouched.png', 'Object_Size': (450, 286), 'Condition_Old': 'old', 'Correct_Key_Old': 'left', 'Obj_Lure': 'Objects_Dataset/stapler.png', 'Lure_size': (250, 178), 'Target_pos': (300, 200), 'Lure_pos': (300, -200), 'Correct_key_AFC': 'up', 'jitter_ITI': 2.75, 'thisN': 22, 'thisTrialN': 22, 'thisRepN': 0}>
302.8889 	EXP 	image_scene_encode: autoDraw = False
302.8889 	EXP 	image_object_encode: autoDraw = False
302.8889 	EXP 	image_scene_encode: autoDraw = False
302.8889 	EXP 	image_object_encode: autoDraw = False
302.8889 	EXP 	text_rating: autoDraw = False
302.8889 	EXP 	slider_cong: autoDraw = False
302.8889 	EXP 	image_blank: autoDraw = True
305.1222 	EXP 	cross_25: autoDraw = True
305.3722 	EXP 	cross_25: autoDraw = False
305.6457 	EXP 	image_blank: autoDraw = False
305.6457 	EXP 	cross_25: autoDraw = False
305.6457 	EXP 	image_blank: autoDraw = False
305.6457 	EXP 	image_scene_encode: image = 'Scenes_Dataset/hut_A.jpg'
305.6457 	EXP 	image_object_encode: image = 'Objects_Dataset/sled_retouched.png'
305.6457 	EXP 	slider_cong: markerPos = None
305.6457 	EXP 	slider_cong: markerPos = None
305.6457 	EXP 	image_scene_encode: autoDraw = True
305.6457 	EXP 	image_object_encode: autoDraw = True
308.1218 	INFO 	Keyboard events cleared
308.1218 	EXP 	text_rating: autoDraw = True
308.1218 	EXP 	slider_cong: autoDraw = True
308.9061 	DATA 	Keypress: num_2
310.6239 	EXP 	text_rating: autoDraw = False
310.6239 	EXP 	slider_cong: autoDraw = False
310.6252 	EXP 	New trial (rep=0, index=23): <Trial 23 (23 in rep 0) data={'Index': 22, 'Scene': 'Scenes_Dataset/cavern_A.jpg', 'Scene_Size': (600, 410), 'Condition_Encode': 'Congruent', 'Object_Encode': 'Objects_Dataset/canteen.png', 'Object_Size': (150, 250), 'Condition_Old': 'old', 'Correct_Key_Old': 'left', 'Obj_Lure': 'Objects_Dataset/hiking_boots.png', 'Lure_size': (300, 300), 'Target_pos': (300, -200), 'Lure_pos': (300, 200), 'Correct_key_AFC': 'down', 'jitter_ITI': 3.05, 'thisN': 23, 'thisTrialN': 23, 'thisRepN': 0}>
310.6430 	EXP 	image_scene_encode: autoDraw = False
310.6430 	EXP 	image_object_encode: autoDraw = False
310.6430 	EXP 	text_rating: autoDraw = False
310.6430 	EXP 	slider_cong: autoDraw = False
310.6430 	EXP 	image_blank: autoDraw = True
312.8723 	EXP 	cross_25: autoDraw = True
313.1224 	EXP 	cross_25: autoDraw = False
313.7105 	EXP 	image_blank: autoDraw = False
313.7105 	EXP 	cross_25: autoDraw = False
313.7105 	EXP 	image_blank: autoDraw = False
313.7105 	EXP 	image_scene_encode: image = 'Scenes_Dataset/cavern_A.jpg'
313.7105 	EXP 	image_object_encode: image = 'Objects_Dataset/canteen.png'
313.7105 	EXP 	slider_cong: markerPos = None
313.7105 	EXP 	slider_cong: markerPos = None
313.7105 	EXP 	image_scene_encode: autoDraw = True
313.7105 	EXP 	image_object_encode: autoDraw = True
316.1887 	INFO 	Keyboard events cleared
316.1886 	EXP 	text_rating: autoDraw = True
316.1886 	EXP 	slider_cong: autoDraw = True
316.9230 	DATA 	Keypress: num_3
318.6891 	EXP 	text_rating: autoDraw = False
318.6891 	EXP 	slider_cong: autoDraw = False
318.7075 	EXP 	New trial (rep=0, index=24): <Trial 24 (24 in rep 0) data={'Index': 18, 'Scene': 'Scenes_Dataset/soccer_stadium_B.jpg', 'Scene_Size': (600, 400), 'Condition_Encode': 'Congruent', 'Object_Encode': 'Objects_Dataset/football_boots.png', 'Object_Size': (300, 300), 'Condition_Old': 'old', 'Correct_Key_Old': 'left', 'Obj_Lure': 'Objects_Dataset/whistle.png', 'Lure_size': (200, 151), 'Target_pos': (300, -200), 'Lure_pos': (300, 200), 'Correct_key_AFC': 'down', 'jitter_ITI': 2.85, 'thisN': 24, 'thisTrialN': 24, 'thisRepN': 0}>
318.7223 	EXP 	image_scene_encode: autoDraw = False
318.7223 	EXP 	image_object_encode: autoDraw = False
318.7223 	EXP 	text_rating: autoDraw = False
318.7223 	EXP 	slider_cong: autoDraw = False
318.7223 	EXP 	image_blank: autoDraw = True
320.9390 	EXP 	cross_25: autoDraw = True
321.1890 	EXP 	cross_25: autoDraw = False
321.5733 	EXP 	image_blank: autoDraw = False
321.5733 	EXP 	cross_25: autoDraw = False
321.5733 	EXP 	image_blank: autoDraw = False
321.5733 	EXP 	image_scene_encode: image = 'Scenes_Dataset/soccer_stadium_B.jpg'
321.5733 	EXP 	image_object_encode: image = 'Objects_Dataset/football_boots.png'
321.5733 	EXP 	slider_cong: markerPos = None
321.5733 	EXP 	slider_cong: markerPos = None
321.5733 	EXP 	image_scene_encode: autoDraw = True
321.5733 	EXP 	image_object_encode: autoDraw = True
324.0554 	INFO 	Keyboard events cleared
324.0553 	EXP 	text_rating: autoDraw = True
324.0553 	EXP 	slider_cong: autoDraw = True
324.4235 	DATA 	Keypress: num_3
326.5557 	EXP 	text_rating: autoDraw = False
326.5557 	EXP 	slider_cong: autoDraw = False
326.5575 	EXP 	New trial (rep=0, index=25): <Trial 25 (25 in rep 0) data={'Index': 32, 'Scene': 'Scenes_Dataset/elevator_A.jpg', 'Scene_Size': (600, 450), 'Condition_Encode': 'Incongruent', 'Object_Encode': 'Objects_Dataset/cake_tongs_retouched.png', 'Object_Size': (300, 75), 'Condition_Old': 'old', 'Correct_Key_Old': 'left', 'Obj_Lure': 'Objects_Dataset/3d_glasses_retouched.png', 'Lure_size': (300, 300), 'Target_pos': (300, 200), 'Lure_pos': (300, -200), 'Correct_key_AFC': 'up', 'jitter_ITI': 2.25, 'thisN': 25, 'thisTrialN': 25, 'thisRepN': 0}>
326.5726 	EXP 	image_scene_encode: autoDraw = False
326.5726 	EXP 	image_object_encode: autoDraw = False
326.5726 	EXP 	image_scene_encode: autoDraw = False
326.5726 	EXP 	image_object_encode: autoDraw = False
326.5726 	EXP 	text_rating: autoDraw = False
326.5726 	EXP 	slider_cong: autoDraw = False
326.5726 	EXP 	image_blank: autoDraw = True
328.8057 	EXP 	cross_25: autoDraw = True
328.8224 	EXP 	image_blank: autoDraw = False
329.0615 	EXP 	cross_25: autoDraw = False
329.0615 	EXP 	cross_25: autoDraw = False
329.0615 	EXP 	image_blank: autoDraw = False
329.0615 	EXP 	image_scene_encode: image = 'Scenes_Dataset/elevator_A.jpg'
329.0615 	EXP 	image_object_encode: image = 'Objects_Dataset/cake_tongs_retouched.png'
329.0615 	EXP 	slider_cong: markerPos = None
329.0615 	EXP 	slider_cong: markerPos = None
329.0615 	EXP 	image_scene_encode: autoDraw = True
329.0615 	EXP 	image_object_encode: autoDraw = True
331.5388 	INFO 	Keyboard events cleared
331.5388 	EXP 	text_rating: autoDraw = True
331.5388 	EXP 	slider_cong: autoDraw = True
332.3776 	DATA 	Keypress: num_2
334.0390 	EXP 	text_rating: autoDraw = False
334.0390 	EXP 	slider_cong: autoDraw = False
334.0576 	EXP 	New trial (rep=0, index=26): <Trial 26 (26 in rep 0) data={'Index': 13, 'Scene': 'Scenes_Dataset/circus_A.jpg', 'Scene_Size': (600, 421), 'Condition_Encode': 'Congruent', 'Object_Encode': 'Objects_Dataset/unicycle_retouched.png', 'Object_Size': (159, 300), 'Condition_Old': 'old', 'Correct_Key_Old': 'left', 'Obj_Lure': 'Objects_Dataset/juggling_balls_retouched.png', 'Lure_size': (350, 197), 'Target_pos': (300, -200), 'Lure_pos': (300, 200), 'Correct_key_AFC': 'down', 'jitter_ITI': 2.6, 'thisN': 26, 'thisTrialN': 26, 'thisRepN': 0}>
334.0724 	EXP 	image_scene_encode: autoDraw = False
334.0724 	EXP 	image_object_encode: autoDraw = False
334.0724 	EXP 	text_rating: autoDraw = False
334.0724 	EXP 	slider_cong: autoDraw = False
334.0724 	EXP 	image_blank: autoDraw = True
336.2892 	EXP 	cross_25: autoDraw = True
336.5390 	EXP 	cross_25: autoDraw = False
336.6807 	EXP 	image_blank: autoDraw = False
336.6807 	EXP 	cross_25: autoDraw = False
336.6807 	EXP 	image_blank: autoDraw = False
336.6807 	EXP 	image_scene_encode: image = 'Scenes_Dataset/circus_A.jpg'
336.6807 	EXP 	image_object_encode: image = 'Objects_Dataset/unicycle_retouched.png'
336.6807 	EXP 	slider_cong: markerPos = None
336.6807 	EXP 	slider_cong: markerPos = None
336.6807 	EXP 	image_scene_encode: autoDraw = True
336.6807 	EXP 	image_object_encode: autoDraw = True
339.1556 	INFO 	Keyboard events cleared
339.1555 	EXP 	text_rating: autoDraw = True
339.1555 	EXP 	slider_cong: autoDraw = True
339.5766 	DATA 	Keypress: num_3
341.6556 	EXP 	text_rating: autoDraw = False
341.6556 	EXP 	slider_cong: autoDraw = False
341.6745 	EXP 	New trial (rep=0, index=27): <Trial 27 (27 in rep 0) data={'Index': 48, 'Scene': 'Scenes_Dataset/ballet_room_A.jpg', 'Scene_Size': (600, 398), 'Condition_Encode': 'Incongruent', 'Object_Encode': 'Objects_Dataset/hiking_boots.png', 'Object_Size': (300, 300), 'Condition_Old': 'old', 'Correct_Key_Old': 'left', 'Obj_Lure': 'Objects_Dataset/bicycle_bell.png', 'Lure_size': (250, 210), 'Target_pos': (300, 200), 'Lure_pos': (300, -200), 'Correct_key_AFC': 'up', 'jitter_ITI': 3.05, 'thisN': 27, 'thisTrialN': 27, 'thisRepN': 0}>
341.6892 	EXP 	image_scene_encode: autoDraw = False
341.6892 	EXP 	image_object_encode: autoDraw = False
341.6892 	EXP 	text_rating: autoDraw = False
341.6892 	EXP 	slider_cong: autoDraw = False
341.6892 	EXP 	image_blank: autoDraw = True
343.9084 	EXP 	cross_25: autoDraw = True
344.1726 	EXP 	cross_25: autoDraw = False
344.7446 	EXP 	image_blank: autoDraw = False
344.7446 	EXP 	cross_25: autoDraw = False
344.7446 	EXP 	image_blank: autoDraw = False
344.7446 	EXP 	image_scene_encode: image = 'Scenes_Dataset/ballet_room_A.jpg'
344.7446 	EXP 	image_object_encode: image = 'Objects_Dataset/hiking_boots.png'
344.7446 	EXP 	slider_cong: markerPos = None
344.7446 	EXP 	slider_cong: markerPos = None
344.7446 	EXP 	image_scene_encode: autoDraw = True
344.7446 	EXP 	image_object_encode: autoDraw = True
347.2222 	INFO 	Keyboard events cleared
347.2222 	EXP 	text_rating: autoDraw = True
347.2222 	EXP 	slider_cong: autoDraw = True
348.5109 	DATA 	Keypress: num_2
349.7225 	EXP 	text_rating: autoDraw = False
349.7225 	EXP 	slider_cong: autoDraw = False
349.7412 	EXP 	New trial (rep=0, index=28): <Trial 28 (28 in rep 0) data={'Index': 1, 'Scene': 'Scenes_Dataset/office_work_A.jpg', 'Scene_Size': (600, 470), 'Condition_Encode': 'Congruent', 'Object_Encode': 'Objects_Dataset/staple_puller_retouched.png', 'Object_Size': (400, 400), 'Condition_Old': 'old', 'Correct_Key_Old': 'left', 'Obj_Lure': 'Objects_Dataset/clock.png', 'Lure_size': (250, 248), 'Target_pos': (300, -200), 'Lure_pos': (300, 200), 'Correct_key_AFC': 'down', 'jitter_ITI': 2, 'thisN': 28, 'thisTrialN': 28, 'thisRepN': 0}>
349.7560 	EXP 	image_scene_encode: autoDraw = False
349.7560 	EXP 	image_object_encode: autoDraw = False
349.7560 	EXP 	text_rating: autoDraw = False
349.7560 	EXP 	slider_cong: autoDraw = False
349.7560 	EXP 	image_blank: autoDraw = True
351.7561 	EXP 	image_blank: autoDraw = False
351.9727 	EXP 	cross_25: autoDraw = True
352.2308 	EXP 	cross_25: autoDraw = False
352.2308 	EXP 	cross_25: autoDraw = False
352.2308 	EXP 	image_blank: autoDraw = False
352.2308 	EXP 	image_scene_encode: image = 'Scenes_Dataset/office_work_A.jpg'
352.2308 	EXP 	image_object_encode: image = 'Objects_Dataset/staple_puller_retouched.png'
352.2308 	EXP 	slider_cong: markerPos = None
352.2308 	EXP 	slider_cong: markerPos = None
352.2308 	EXP 	image_scene_encode: autoDraw = True
352.2308 	EXP 	image_object_encode: autoDraw = True
354.7057 	INFO 	Keyboard events cleared
354.7057 	EXP 	text_rating: autoDraw = True
354.7057 	EXP 	slider_cong: autoDraw = True
355.1400 	DATA 	Keypress: num_3
357.2059 	EXP 	text_rating: autoDraw = False
357.2059 	EXP 	slider_cong: autoDraw = False
357.2243 	EXP 	New trial (rep=0, index=29): <Trial 29 (29 in rep 0) data={'Index': 40, 'Scene': 'Scenes_Dataset/kindergarten_A.jpg', 'Scene_Size': (600, 338), 'Condition_Encode': 'Incongruent', 'Object_Encode': 'Objects_Dataset/payment_terminal.png', 'Object_Size': (285, 300), 'Condition_Old': 'old', 'Correct_Key_Old': 'left', 'Obj_Lure': 'Objects_Dataset/message_bottle.png', 'Lure_size': (284, 177), 'Target_pos': (300, 200), 'Lure_pos': (300, -200), 'Correct_key_AFC': 'up', 'jitter_ITI': 2.65, 'thisN': 29, 'thisTrialN': 29, 'thisRepN': 0}>
357.2398 	EXP 	image_scene_encode: autoDraw = False
357.2398 	EXP 	image_object_encode: autoDraw = False
357.2398 	EXP 	text_rating: autoDraw = False
357.2398 	EXP 	slider_cong: autoDraw = False
357.2398 	EXP 	image_blank: autoDraw = True
359.4561 	EXP 	cross_25: autoDraw = True
359.7062 	EXP 	cross_25: autoDraw = False
359.8916 	EXP 	image_blank: autoDraw = False
359.8916 	EXP 	cross_25: autoDraw = False
359.8916 	EXP 	image_blank: autoDraw = False
359.8916 	EXP 	image_scene_encode: image = 'Scenes_Dataset/kindergarten_A.jpg'
359.8916 	EXP 	image_object_encode: image = 'Objects_Dataset/payment_terminal.png'
359.8916 	EXP 	slider_cong: markerPos = None
359.8916 	EXP 	slider_cong: markerPos = None
359.8916 	EXP 	image_scene_encode: autoDraw = True
359.8916 	EXP 	image_object_encode: autoDraw = True
362.3725 	INFO 	Keyboard events cleared
362.3724 	EXP 	text_rating: autoDraw = True
362.3724 	EXP 	slider_cong: autoDraw = True
363.3066 	DATA 	Keypress: num_1
364.8729 	EXP 	text_rating: autoDraw = False
364.8729 	EXP 	slider_cong: autoDraw = False
364.8931 	EXP 	New trial (rep=0, index=30): <Trial 30 (30 in rep 0) data={'Index': 19, 'Scene': 'Scenes_Dataset/island_A.jpg', 'Scene_Size': (600, 420), 'Condition_Encode': 'Congruent', 'Object_Encode': 'Objects_Dataset/message_bottle.png', 'Object_Size': (284, 177), 'Condition_Old': 'old', 'Correct_Key_Old': 'left', 'Obj_Lure': 'Objects_Dataset/kayak.png', 'Lure_size': (450, 338), 'Target_pos': (300, -200), 'Lure_pos': (300, 200), 'Correct_key_AFC': 'down', 'jitter_ITI': 2.9, 'thisN': 30, 'thisTrialN': 30, 'thisRepN': 0}>
364.9062 	EXP 	image_scene_encode: autoDraw = False
364.9062 	EXP 	image_object_encode: autoDraw = False
364.9062 	EXP 	text_rating: autoDraw = False
364.9062 	EXP 	slider_cong: autoDraw = False
364.9062 	EXP 	image_blank: autoDraw = True
367.1229 	EXP 	cross_25: autoDraw = True
367.3730 	EXP 	cross_25: autoDraw = False
367.8132 	EXP 	image_blank: autoDraw = False
367.8132 	EXP 	cross_25: autoDraw = False
367.8132 	EXP 	image_blank: autoDraw = False
367.8132 	EXP 	image_scene_encode: image = 'Scenes_Dataset/island_A.jpg'
367.8132 	EXP 	image_object_encode: image = 'Objects_Dataset/message_bottle.png'
367.8132 	EXP 	slider_cong: markerPos = None
367.8132 	EXP 	slider_cong: markerPos = None
367.8132 	EXP 	image_scene_encode: autoDraw = True
367.8132 	EXP 	image_object_encode: autoDraw = True
370.2894 	INFO 	Keyboard events cleared
370.2894 	EXP 	text_rating: autoDraw = True
370.2894 	EXP 	slider_cong: autoDraw = True
371.1906 	DATA 	Keypress: num_3
372.7897 	EXP 	text_rating: autoDraw = False
372.7897 	EXP 	slider_cong: autoDraw = False
372.8082 	EXP 	New trial (rep=0, index=31): <Trial 31 (31 in rep 0) data={'Index': 14, 'Scene': 'Scenes_Dataset/palace_interior_A.jpg', 'Scene_Size': (600, 447), 'Condition_Encode': 'Congruent', 'Object_Encode': 'Objects_Dataset/chandelier_retouched.png', 'Object_Size': (250, 300), 'Condition_Old': 'old', 'Correct_Key_Old': 'left', 'Obj_Lure': 'Objects_Dataset/crown.png', 'Lure_size': (300, 249), 'Target_pos': (300, -200), 'Lure_pos': (300, 200), 'Correct_key_AFC': 'down', 'jitter_ITI': 2.65, 'thisN': 31, 'thisTrialN': 31, 'thisRepN': 0}>
372.8230 	EXP 	image_scene_encode: autoDraw = False
372.8230 	EXP 	image_object_encode: autoDraw = False
372.8230 	EXP 	text_rating: autoDraw = False
372.8230 	EXP 	slider_cong: autoDraw = False
372.8230 	EXP 	image_blank: autoDraw = True
375.0400 	EXP 	cross_25: autoDraw = True
375.2897 	EXP 	cross_25: autoDraw = False
375.4791 	EXP 	image_blank: autoDraw = False
375.4791 	EXP 	cross_25: autoDraw = False
375.4791 	EXP 	image_blank: autoDraw = False
375.4791 	EXP 	image_scene_encode: image = 'Scenes_Dataset/palace_interior_A.jpg'
375.4791 	EXP 	image_object_encode: image = 'Objects_Dataset/chandelier_retouched.png'
375.4791 	EXP 	slider_cong: markerPos = None
375.4791 	EXP 	slider_cong: markerPos = None
375.4791 	EXP 	image_scene_encode: autoDraw = True
375.4791 	EXP 	image_object_encode: autoDraw = True
377.9561 	INFO 	Keyboard events cleared
377.9560 	EXP 	text_rating: autoDraw = True
377.9560 	EXP 	slider_cong: autoDraw = True
378.3402 	DATA 	Keypress: num_3
380.4565 	EXP 	text_rating: autoDraw = False
380.4565 	EXP 	slider_cong: autoDraw = False
380.4579 	EXP 	New trial (rep=0, index=32): <Trial 32 (32 in rep 0) data={'Index': 27, 'Scene': 'Scenes_Dataset/toilet_A.jpg', 'Scene_Size': (600, 450), 'Condition_Encode': 'Congruent', 'Object_Encode': 'Objects_Dataset/toothbrush.png', 'Object_Size': (300, 215), 'Condition_Old': 'old', 'Correct_Key_Old': 'left', 'Obj_Lure': 'Objects_Dataset/hairdryer_retouched.png', 'Lure_size': (250, 241), 'Target_pos': (300, -200), 'Lure_pos': (300, 200), 'Correct_key_AFC': 'down', 'jitter_ITI': 2, 'thisN': 32, 'thisTrialN': 32, 'thisRepN': 0}>
380.4754 	EXP 	image_scene_encode: autoDraw = False
380.4754 	EXP 	image_object_encode: autoDraw = False
380.4754 	EXP 	text_rating: autoDraw = False
380.4754 	EXP 	slider_cong: autoDraw = False
380.4754 	EXP 	image_blank: autoDraw = True
382.4898 	EXP 	image_blank: autoDraw = False
382.7068 	EXP 	cross_25: autoDraw = True
382.9601 	EXP 	cross_25: autoDraw = False
382.9601 	EXP 	cross_25: autoDraw = False
382.9601 	EXP 	image_blank: autoDraw = False
382.9601 	EXP 	image_scene_encode: image = 'Scenes_Dataset/toilet_A.jpg'
382.9601 	EXP 	image_object_encode: image = 'Objects_Dataset/toothbrush.png'
382.9601 	EXP 	slider_cong: markerPos = None
382.9601 	EXP 	slider_cong: markerPos = None
382.9601 	EXP 	image_scene_encode: autoDraw = True
382.9601 	EXP 	image_object_encode: autoDraw = True
385.4396 	INFO 	Keyboard events cleared
385.4395 	EXP 	text_rating: autoDraw = True
385.4395 	EXP 	slider_cong: autoDraw = True
386.0573 	DATA 	Keypress: num_3
387.9398 	EXP 	text_rating: autoDraw = False
387.9398 	EXP 	slider_cong: autoDraw = False
387.9585 	EXP 	New trial (rep=0, index=33): <Trial 33 (33 in rep 0) data={'Index': 57, 'Scene': 'Scenes_Dataset/road_A.jpg', 'Scene_Size': (600, 450), 'Condition_Encode': 'Incongruent', 'Object_Encode': 'Objects_Dataset/wine_cork.png', 'Object_Size': (250, 163), 'Condition_Old': 'old', 'Correct_Key_Old': 'left', 'Obj_Lure': 'Objects_Dataset/locker.png', 'Lure_size': (264, 400), 'Target_pos': (300, 200), 'Lure_pos': (300, -200), 'Correct_key_AFC': 'up', 'jitter_ITI': 2.2, 'thisN': 33, 'thisTrialN': 33, 'thisRepN': 0}>
387.9732 	EXP 	image_scene_encode: autoDraw = False
387.9732 	EXP 	image_object_encode: autoDraw = False
387.9732 	EXP 	text_rating: autoDraw = False
387.9732 	EXP 	slider_cong: autoDraw = False
387.9732 	EXP 	image_blank: autoDraw = True
390.1733 	EXP 	image_blank: autoDraw = False
390.1916 	EXP 	cross_25: autoDraw = True
390.4558 	EXP 	cross_25: autoDraw = False
390.4558 	EXP 	cross_25: autoDraw = False
390.4558 	EXP 	image_blank: autoDraw = False
390.4558 	EXP 	image_scene_encode: image = 'Scenes_Dataset/road_A.jpg'
390.4558 	EXP 	image_object_encode: image = 'Objects_Dataset/wine_cork.png'
390.4558 	EXP 	slider_cong: markerPos = None
390.4558 	EXP 	slider_cong: markerPos = None
390.4558 	EXP 	image_scene_encode: autoDraw = True
390.4558 	EXP 	image_object_encode: autoDraw = True
392.9397 	INFO 	Keyboard events cleared
392.9396 	EXP 	text_rating: autoDraw = True
392.9396 	EXP 	slider_cong: autoDraw = True
393.5070 	DATA 	Keypress: num_3
395.4398 	EXP 	text_rating: autoDraw = False
395.4398 	EXP 	slider_cong: autoDraw = False
395.4411 	EXP 	New trial (rep=0, index=34): <Trial 34 (34 in rep 0) data={'Index': 59, 'Scene': 'Scenes_Dataset/golf_course_A.jpg', 'Scene_Size': (600, 400), 'Condition_Encode': 'Incongruent', 'Object_Encode': 'Objects_Dataset/clothesline_retouched_2.png', 'Object_Size': (350, 231), 'Condition_Old': 'old', 'Correct_Key_Old': 'left', 'Obj_Lure': 'Objects_Dataset/computer_monitor.png', 'Lure_size': (300, 300), 'Target_pos': (300, 200), 'Lure_pos': (300, -200), 'Correct_key_AFC': 'up', 'jitter_ITI': 2.3, 'thisN': 34, 'thisTrialN': 34, 'thisRepN': 0}>
395.4567 	EXP 	image_scene_encode: autoDraw = False
395.4567 	EXP 	image_object_encode: autoDraw = False
395.4567 	EXP 	image_scene_encode: autoDraw = False
395.4567 	EXP 	image_object_encode: autoDraw = False
395.4567 	EXP 	text_rating: autoDraw = False
395.4567 	EXP 	slider_cong: autoDraw = False
395.4567 	EXP 	image_blank: autoDraw = True
397.6900 	EXP 	cross_25: autoDraw = True
397.7567 	EXP 	image_blank: autoDraw = False
397.9449 	EXP 	cross_25: autoDraw = False
397.9449 	EXP 	cross_25: autoDraw = False
397.9449 	EXP 	image_blank: autoDraw = False
397.9449 	EXP 	image_scene_encode: image = 'Scenes_Dataset/golf_course_A.jpg'
397.9449 	EXP 	image_object_encode: image = 'Objects_Dataset/clothesline_retouched_2.png'
397.9449 	EXP 	slider_cong: markerPos = None
397.9449 	EXP 	slider_cong: markerPos = None
397.9449 	EXP 	image_scene_encode: autoDraw = True
397.9449 	EXP 	image_object_encode: autoDraw = True
400.4233 	INFO 	Keyboard events cleared
400.4233 	EXP 	text_rating: autoDraw = True
400.4233 	EXP 	slider_cong: autoDraw = True
401.0405 	DATA 	Keypress: num_1
402.9253 	EXP 	text_rating: autoDraw = False
402.9253 	EXP 	slider_cong: autoDraw = False
402.9260 	EXP 	New trial (rep=0, index=35): <Trial 35 (35 in rep 0) data={'Index': 31, 'Scene': 'Scenes_Dataset/balcony.jpg', 'Scene_Size': (600, 450), 'Condition_Encode': 'Incongruent', 'Object_Encode': 'Objects_Dataset/car_key.png', 'Object_Size': (300, 125), 'Condition_Old': 'old', 'Correct_Key_Old': 'left', 'Obj_Lure': 'Objects_Dataset/staple_puller_retouched.png', 'Lure_size': (400, 400), 'Target_pos': (300, 200), 'Lure_pos': (300, -200), 'Correct_key_AFC': 'up', 'jitter_ITI': 2.2, 'thisN': 35, 'thisTrialN': 35, 'thisRepN': 0}>
402.9400 	EXP 	image_scene_encode: autoDraw = False
402.9400 	EXP 	image_object_encode: autoDraw = False
402.9400 	EXP 	text_rating: autoDraw = False
402.9400 	EXP 	slider_cong: autoDraw = False
402.9400 	EXP 	image_blank: autoDraw = True
405.1402 	EXP 	image_blank: autoDraw = False
405.1738 	EXP 	cross_25: autoDraw = True
405.4269 	EXP 	cross_25: autoDraw = False
405.4269 	EXP 	cross_25: autoDraw = False
405.4269 	EXP 	image_blank: autoDraw = False
405.4269 	EXP 	image_scene_encode: image = 'Scenes_Dataset/balcony.jpg'
405.4269 	EXP 	image_object_encode: image = 'Objects_Dataset/car_key.png'
405.4269 	EXP 	slider_cong: markerPos = None
405.4269 	EXP 	slider_cong: markerPos = None
405.4269 	EXP 	image_scene_encode: autoDraw = True
405.4269 	EXP 	image_object_encode: autoDraw = True
407.9066 	INFO 	Keyboard events cleared
407.9065 	EXP 	text_rating: autoDraw = True
407.9065 	EXP 	slider_cong: autoDraw = True
408.5118 	DATA 	Keypress: num_2
410.4067 	EXP 	text_rating: autoDraw = False
410.4067 	EXP 	slider_cong: autoDraw = False
410.4262 	EXP 	New trial (rep=0, index=36): <Trial 36 (36 in rep 0) data={'Index': 41, 'Scene': 'Scenes_Dataset/attic_A.jpg', 'Scene_Size': (600, 400), 'Condition_Encode': 'Incongruent', 'Object_Encode': 'Objects_Dataset/ticket_machine.png', 'Object_Size': (200, 300), 'Condition_Old': 'old', 'Correct_Key_Old': 'left', 'Obj_Lure': 'Objects_Dataset/cake_holder.png', 'Lure_size': (300, 209), 'Target_pos': (300, 200), 'Lure_pos': (300, -200), 'Correct_key_AFC': 'up', 'jitter_ITI': 2.7, 'thisN': 36, 'thisTrialN': 36, 'thisRepN': 0}>
410.4401 	EXP 	image_scene_encode: autoDraw = False
410.4401 	EXP 	image_object_encode: autoDraw = False
410.4401 	EXP 	text_rating: autoDraw = False
410.4401 	EXP 	slider_cong: autoDraw = False
410.4401 	EXP 	image_blank: autoDraw = True
412.6569 	EXP 	cross_25: autoDraw = True
412.9070 	EXP 	cross_25: autoDraw = False
413.1448 	EXP 	image_blank: autoDraw = False
413.1448 	EXP 	cross_25: autoDraw = False
413.1448 	EXP 	image_blank: autoDraw = False
413.1448 	EXP 	image_scene_encode: image = 'Scenes_Dataset/attic_A.jpg'
413.1448 	EXP 	image_object_encode: image = 'Objects_Dataset/ticket_machine.png'
413.1448 	EXP 	slider_cong: markerPos = None
413.1448 	EXP 	slider_cong: markerPos = None
413.1448 	EXP 	image_scene_encode: autoDraw = True
413.1448 	EXP 	image_object_encode: autoDraw = True
415.6235 	INFO 	Keyboard events cleared
415.6235 	EXP 	text_rating: autoDraw = True
415.6235 	EXP 	slider_cong: autoDraw = True
416.0907 	DATA 	Keypress: num_1
418.1402 	EXP 	text_rating: autoDraw = False
418.1402 	EXP 	slider_cong: autoDraw = False
418.1416 	EXP 	New trial (rep=0, index=37): <Trial 37 (37 in rep 0) data={'Index': 15, 'Scene': 'Scenes_Dataset/river_A.jpg', 'Scene_Size': (600, 450), 'Condition_Encode': 'Congruent', 'Object_Encode': 'Objects_Dataset/kayak.png', 'Object_Size': (450, 338), 'Condition_Old': 'old', 'Correct_Key_Old': 'left', 'Obj_Lure': 'Objects_Dataset/paddle.png', 'Lure_size': (300, 299), 'Target_pos': (300, -200), 'Lure_pos': (300, 200), 'Correct_key_AFC': 'down', 'jitter_ITI': 2.7, 'thisN': 37, 'thisTrialN': 37, 'thisRepN': 0}>
418.1575 	EXP 	image_scene_encode: autoDraw = False
418.1575 	EXP 	image_object_encode: autoDraw = False
418.1575 	EXP 	text_rating: autoDraw = False
418.1575 	EXP 	slider_cong: autoDraw = False
418.1575 	EXP 	image_blank: autoDraw = True
420.3736 	EXP 	cross_25: autoDraw = True
420.6238 	EXP 	cross_25: autoDraw = False
420.8691 	EXP 	image_blank: autoDraw = False
420.8691 	EXP 	cross_25: autoDraw = False
420.8691 	EXP 	image_blank: autoDraw = False
420.8691 	EXP 	image_scene_encode: image = 'Scenes_Dataset/river_A.jpg'
420.8691 	EXP 	image_object_encode: image = 'Objects_Dataset/kayak.png'
420.8691 	EXP 	slider_cong: markerPos = None
420.8691 	EXP 	slider_cong: markerPos = None
420.8691 	EXP 	image_scene_encode: autoDraw = True
420.8691 	EXP 	image_object_encode: autoDraw = True
423.3405 	INFO 	Keyboard events cleared
423.3404 	EXP 	text_rating: autoDraw = True
423.3404 	EXP 	slider_cong: autoDraw = True
423.9121 	DATA 	Keypress: num_3
425.8405 	EXP 	text_rating: autoDraw = False
425.8405 	EXP 	slider_cong: autoDraw = False
425.8589 	EXP 	New trial (rep=0, index=38): <Trial 38 (38 in rep 0) data={'Index': 12, 'Scene': 'Scenes_Dataset/castle_A.jpg', 'Scene_Size': (600, 450), 'Condition_Encode': 'Congruent', 'Object_Encode': 'Objects_Dataset/sword_retouched.png', 'Object_Size': (300, 300), 'Condition_Old': 'old', 'Correct_Key_Old': 'left', 'Obj_Lure': 'Objects_Dataset/shield.png', 'Lure_size': (199, 300), 'Target_pos': (300, -200), 'Lure_pos': (300, 200), 'Correct_key_AFC': 'down', 'jitter_ITI': 2.55, 'thisN': 38, 'thisTrialN': 38, 'thisRepN': 0}>
425.8741 	EXP 	image_scene_encode: autoDraw = False
425.8741 	EXP 	image_object_encode: autoDraw = False
425.8741 	EXP 	text_rating: autoDraw = False
425.8741 	EXP 	slider_cong: autoDraw = False
425.8741 	EXP 	image_blank: autoDraw = True
428.0906 	EXP 	cross_25: autoDraw = True
428.3406 	EXP 	cross_25: autoDraw = False
428.4270 	EXP 	image_blank: autoDraw = False
428.4270 	EXP 	cross_25: autoDraw = False
428.4270 	EXP 	image_blank: autoDraw = False
428.4270 	EXP 	image_scene_encode: image = 'Scenes_Dataset/castle_A.jpg'
428.4270 	EXP 	image_object_encode: image = 'Objects_Dataset/sword_retouched.png'
428.4270 	EXP 	slider_cong: markerPos = None
428.4270 	EXP 	slider_cong: markerPos = None
428.4270 	EXP 	image_scene_encode: autoDraw = True
428.4270 	EXP 	image_object_encode: autoDraw = True
430.9071 	INFO 	Keyboard events cleared
430.9070 	EXP 	text_rating: autoDraw = True
430.9070 	EXP 	slider_cong: autoDraw = True
431.5462 	DATA 	Keypress: num_3
433.4074 	EXP 	text_rating: autoDraw = False
433.4074 	EXP 	slider_cong: autoDraw = False
433.4090 	EXP 	New trial (rep=0, index=39): <Trial 39 (39 in rep 0) data={'Index': 29, 'Scene': 'Scenes_Dataset/pool_B.jpg', 'Scene_Size': (600, 450), 'Condition_Encode': 'Congruent', 'Object_Encode': 'Objects_Dataset/slippers.png', 'Object_Size': (280, 300), 'Condition_Old': 'old', 'Correct_Key_Old': 'left', 'Obj_Lure': 'Objects_Dataset/bikini.png', 'Lure_size': (350, 350), 'Target_pos': (300, -200), 'Lure_pos': (300, 200), 'Correct_key_AFC': 'down', 'jitter_ITI': 2.1, 'thisN': 39, 'thisTrialN': 39, 'thisRepN': 0}>
433.4240 	EXP 	image_scene_encode: autoDraw = False
433.4240 	EXP 	image_object_encode: autoDraw = False
433.4240 	EXP 	text_rating: autoDraw = False
433.4240 	EXP 	slider_cong: autoDraw = False
433.4240 	EXP 	image_blank: autoDraw = True
435.5241 	EXP 	image_blank: autoDraw = False
435.6576 	EXP 	cross_25: autoDraw = True
435.9089 	EXP 	cross_25: autoDraw = False
435.9089 	EXP 	cross_25: autoDraw = False
435.9089 	EXP 	image_blank: autoDraw = False
435.9089 	EXP 	image_scene_encode: image = 'Scenes_Dataset/pool_B.jpg'
435.9089 	EXP 	image_object_encode: image = 'Objects_Dataset/slippers.png'
435.9089 	EXP 	slider_cong: markerPos = None
435.9089 	EXP 	slider_cong: markerPos = None
435.9089 	EXP 	image_scene_encode: autoDraw = True
435.9089 	EXP 	image_object_encode: autoDraw = True
438.3904 	INFO 	Keyboard events cleared
438.3904 	EXP 	text_rating: autoDraw = True
438.3904 	EXP 	slider_cong: autoDraw = True
438.8579 	DATA 	Keypress: num_3
440.8934 	EXP 	text_rating: autoDraw = False
440.8934 	EXP 	slider_cong: autoDraw = False
440.8951 	EXP 	New trial (rep=0, index=40): <Trial 40 (40 in rep 0) data={'Index': 11, 'Scene': 'Scenes_Dataset/airplane_interior_A.jpg', 'Scene_Size': (600, 480), 'Condition_Encode': 'Congruent', 'Object_Encode': 'Objects_Dataset/oxygen_mask_retouched.png', 'Object_Size': (300, 300), 'Condition_Old': 'old', 'Correct_Key_Old': 'left', 'Obj_Lure': 'Objects_Dataset/airplane_belt.png', 'Lure_size': (300, 249), 'Target_pos': (300, -200), 'Lure_pos': (300, 200), 'Correct_key_AFC': 'down', 'jitter_ITI': 2.5, 'thisN': 40, 'thisTrialN': 40, 'thisRepN': 0}>
440.9076 	EXP 	image_scene_encode: autoDraw = False
440.9076 	EXP 	image_object_encode: autoDraw = False
440.9076 	EXP 	text_rating: autoDraw = False
440.9076 	EXP 	slider_cong: autoDraw = False
440.9076 	EXP 	image_blank: autoDraw = True
443.1412 	EXP 	cross_25: autoDraw = True
443.3929 	EXP 	cross_25: autoDraw = False
443.4192 	EXP 	image_blank: autoDraw = False
443.4192 	EXP 	cross_25: autoDraw = False
443.4192 	EXP 	image_blank: autoDraw = False
443.4192 	EXP 	image_scene_encode: image = 'Scenes_Dataset/airplane_interior_A.jpg'
443.4192 	EXP 	image_object_encode: image = 'Objects_Dataset/oxygen_mask_retouched.png'
443.4192 	EXP 	slider_cong: markerPos = None
443.4192 	EXP 	slider_cong: markerPos = None
443.4192 	EXP 	image_scene_encode: autoDraw = True
443.4192 	EXP 	image_object_encode: autoDraw = True
445.9074 	INFO 	Keyboard events cleared
445.9073 	EXP 	text_rating: autoDraw = True
445.9073 	EXP 	slider_cong: autoDraw = True
446.5253 	DATA 	Keypress: num_3
448.4075 	EXP 	text_rating: autoDraw = False
448.4075 	EXP 	slider_cong: autoDraw = False
448.4092 	EXP 	New trial (rep=0, index=41): <Trial 41 (41 in rep 0) data={'Index': 55, 'Scene': 'Scenes_Dataset/lake_A.jpg', 'Scene_Size': (600, 442), 'Condition_Encode': 'Incongruent', 'Object_Encode': 'Objects_Dataset/thermometer.png', 'Object_Size': (300, 199), 'Condition_Old': 'old', 'Correct_Key_Old': 'left', 'Obj_Lure': 'Objects_Dataset/ticket_machine.png', 'Lure_size': (200, 300), 'Target_pos': (300, 200), 'Lure_pos': (300, -200), 'Correct_key_AFC': 'up', 'jitter_ITI': 2.1, 'thisN': 41, 'thisTrialN': 41, 'thisRepN': 0}>
448.4242 	EXP 	image_scene_encode: autoDraw = False
448.4242 	EXP 	image_object_encode: autoDraw = False
448.4242 	EXP 	text_rating: autoDraw = False
448.4242 	EXP 	slider_cong: autoDraw = False
448.4242 	EXP 	image_blank: autoDraw = True
450.5244 	EXP 	image_blank: autoDraw = False
450.6577 	EXP 	cross_25: autoDraw = True
450.9112 	EXP 	cross_25: autoDraw = False
450.9112 	EXP 	cross_25: autoDraw = False
450.9112 	EXP 	image_blank: autoDraw = False
450.9112 	EXP 	image_scene_encode: image = 'Scenes_Dataset/lake_A.jpg'
450.9112 	EXP 	image_object_encode: image = 'Objects_Dataset/thermometer.png'
450.9112 	EXP 	slider_cong: markerPos = None
450.9112 	EXP 	slider_cong: markerPos = None
450.9112 	EXP 	image_scene_encode: autoDraw = True
450.9112 	EXP 	image_object_encode: autoDraw = True
453.3906 	INFO 	Keyboard events cleared
453.3905 	EXP 	text_rating: autoDraw = True
453.3905 	EXP 	slider_cong: autoDraw = True
454.8620 	DATA 	Keypress: num_2
455.8909 	EXP 	text_rating: autoDraw = False
455.8909 	EXP 	slider_cong: autoDraw = False
455.9092 	EXP 	New trial (rep=0, index=42): <Trial 42 (42 in rep 0) data={'Index': 49, 'Scene': 'Scenes_Dataset/restaurant_A.jpg', 'Scene_Size': (600, 400), 'Condition_Encode': 'Incongruent', 'Object_Encode': 'Objects_Dataset/comb.png', 'Object_Size': (250, 250), 'Condition_Old': 'old', 'Correct_Key_Old': 'left', 'Obj_Lure': 'Objects_Dataset/football_boots.png', 'Lure_size': (300, 300), 'Target_pos': (300, 200), 'Lure_pos': (300, -200), 'Correct_key_AFC': 'up', 'jitter_ITI': 3.1, 'thisN': 42, 'thisTrialN': 42, 'thisRepN': 0}>
455.9244 	EXP 	image_scene_encode: autoDraw = False
455.9244 	EXP 	image_object_encode: autoDraw = False
455.9244 	EXP 	text_rating: autoDraw = False
455.9244 	EXP 	slider_cong: autoDraw = False
455.9244 	EXP 	image_blank: autoDraw = True
458.1409 	EXP 	cross_25: autoDraw = True
458.3910 	EXP 	cross_25: autoDraw = False
459.0286 	EXP 	image_blank: autoDraw = False
459.0286 	EXP 	cross_25: autoDraw = False
459.0286 	EXP 	image_blank: autoDraw = False
459.0286 	EXP 	image_scene_encode: image = 'Scenes_Dataset/restaurant_A.jpg'
459.0286 	EXP 	image_object_encode: image = 'Objects_Dataset/comb.png'
459.0286 	EXP 	slider_cong: markerPos = None
459.0286 	EXP 	slider_cong: markerPos = None
459.0286 	EXP 	image_scene_encode: autoDraw = True
459.0286 	EXP 	image_object_encode: autoDraw = True
461.5074 	INFO 	Keyboard events cleared
461.5074 	EXP 	text_rating: autoDraw = True
461.5074 	EXP 	slider_cong: autoDraw = True
461.9913 	DATA 	Keypress: num_2
464.0075 	EXP 	text_rating: autoDraw = False
464.0075 	EXP 	slider_cong: autoDraw = False
464.0259 	EXP 	New trial (rep=0, index=43): <Trial 43 (43 in rep 0) data={'Index': 50, 'Scene': 'Scenes_Dataset/playground_A.jpg', 'Scene_Size': (600, 337), 'Condition_Encode': 'Incongruent', 'Object_Encode': 'Objects_Dataset/water_dispenser.png', 'Object_Size': (300, 300), 'Condition_Old': 'old', 'Correct_Key_Old': 'left', 'Obj_Lure': 'Objects_Dataset/wine_cork.png', 'Lure_size': (250, 163), 'Target_pos': (300, 200), 'Lure_pos': (300, -200), 'Correct_key_AFC': 'up', 'jitter_ITI': 3.15, 'thisN': 43, 'thisTrialN': 43, 'thisRepN': 0}>
464.0410 	EXP 	image_scene_encode: autoDraw = False
464.0410 	EXP 	image_object_encode: autoDraw = False
464.0410 	EXP 	text_rating: autoDraw = False
464.0410 	EXP 	slider_cong: autoDraw = False
464.0410 	EXP 	image_blank: autoDraw = True
466.2577 	EXP 	cross_25: autoDraw = True
466.5077 	EXP 	cross_25: autoDraw = False
467.1994 	EXP 	image_blank: autoDraw = False
467.1994 	EXP 	cross_25: autoDraw = False
467.1994 	EXP 	image_blank: autoDraw = False
467.1994 	EXP 	image_scene_encode: image = 'Scenes_Dataset/playground_A.jpg'
467.1994 	EXP 	image_object_encode: image = 'Objects_Dataset/water_dispenser.png'
467.1994 	EXP 	slider_cong: markerPos = None
467.1994 	EXP 	slider_cong: markerPos = None
467.1994 	EXP 	image_scene_encode: autoDraw = True
467.1994 	EXP 	image_object_encode: autoDraw = True
469.6743 	INFO 	Keyboard events cleared
469.6743 	EXP 	text_rating: autoDraw = True
469.6743 	EXP 	slider_cong: autoDraw = True
470.3777 	DATA 	Keypress: num_3
472.1745 	EXP 	text_rating: autoDraw = False
472.1745 	EXP 	slider_cong: autoDraw = False
472.1938 	EXP 	New trial (rep=0, index=44): <Trial 44 (44 in rep 0) data={'Index': 20, 'Scene': 'Scenes_Dataset/basketball_field_A.jpg', 'Scene_Size': (600, 399), 'Condition_Encode': 'Congruent', 'Object_Encode': 'Objects_Dataset/whistle.png', 'Object_Size': (200, 151), 'Condition_Old': 'old', 'Correct_Key_Old': 'left', 'Obj_Lure': 'Objects_Dataset/basketball.png', 'Lure_size': (282, 300), 'Target_pos': (300, -200), 'Lure_pos': (300, 200), 'Correct_key_AFC': 'down', 'jitter_ITI': 2.95, 'thisN': 44, 'thisTrialN': 44, 'thisRepN': 0}>
472.2079 	EXP 	image_scene_encode: autoDraw = False
472.2079 	EXP 	image_object_encode: autoDraw = False
472.2079 	EXP 	text_rating: autoDraw = False
472.2079 	EXP 	slider_cong: autoDraw = False
472.2079 	EXP 	image_blank: autoDraw = True
474.4246 	EXP 	cross_25: autoDraw = True
474.6746 	EXP 	cross_25: autoDraw = False
475.1669 	EXP 	image_blank: autoDraw = False
475.1669 	EXP 	cross_25: autoDraw = False
475.1669 	EXP 	image_blank: autoDraw = False
475.1669 	EXP 	image_scene_encode: image = 'Scenes_Dataset/basketball_field_A.jpg'
475.1669 	EXP 	image_object_encode: image = 'Objects_Dataset/whistle.png'
475.1669 	EXP 	slider_cong: markerPos = None
475.1669 	EXP 	slider_cong: markerPos = None
475.1669 	EXP 	image_scene_encode: autoDraw = True
475.1669 	EXP 	image_object_encode: autoDraw = True
477.6411 	INFO 	Keyboard events cleared
477.6411 	EXP 	text_rating: autoDraw = True
477.6411 	EXP 	slider_cong: autoDraw = True
478.2248 	DATA 	Keypress: num_3
480.1413 	EXP 	text_rating: autoDraw = False
480.1413 	EXP 	slider_cong: autoDraw = False
480.1606 	EXP 	New trial (rep=0, index=45): <Trial 45 (45 in rep 0) data={'Index': 4, 'Scene': 'Scenes_Dataset/pastry_shop_A.jpg', 'Scene_Size': (600, 400), 'Condition_Encode': 'Congruent', 'Object_Encode': 'Objects_Dataset/cake_holder.png', 'Object_Size': (300, 209), 'Condition_Old': 'old', 'Correct_Key_Old': 'left', 'Obj_Lure': 'Objects_Dataset/cake_tongs_retouched.png', 'Lure_size': (300, 75), 'Target_pos': (300, -200), 'Lure_pos': (300, 200), 'Correct_key_AFC': 'down', 'jitter_ITI': 2.15, 'thisN': 45, 'thisTrialN': 45, 'thisRepN': 0}>
480.1746 	EXP 	image_scene_encode: autoDraw = False
480.1746 	EXP 	image_object_encode: autoDraw = False
480.1746 	EXP 	text_rating: autoDraw = False
480.1746 	EXP 	slider_cong: autoDraw = False
480.1746 	EXP 	image_blank: autoDraw = True
482.3247 	EXP 	image_blank: autoDraw = False
482.3918 	EXP 	cross_25: autoDraw = True
482.6455 	EXP 	cross_25: autoDraw = False
482.6455 	EXP 	cross_25: autoDraw = False
482.6455 	EXP 	image_blank: autoDraw = False
482.6455 	EXP 	image_scene_encode: image = 'Scenes_Dataset/pastry_shop_A.jpg'
482.6455 	EXP 	image_object_encode: image = 'Objects_Dataset/cake_holder.png'
482.6455 	EXP 	slider_cong: markerPos = None
482.6455 	EXP 	slider_cong: markerPos = None
482.6455 	EXP 	image_scene_encode: autoDraw = True
482.6455 	EXP 	image_object_encode: autoDraw = True
485.1246 	INFO 	Keyboard events cleared
485.1245 	EXP 	text_rating: autoDraw = True
485.1245 	EXP 	slider_cong: autoDraw = True
485.5923 	DATA 	Keypress: num_3
487.6244 	EXP 	text_rating: autoDraw = False
487.6244 	EXP 	slider_cong: autoDraw = False
487.6430 	EXP 	New trial (rep=0, index=46): <Trial 46 (46 in rep 0) data={'Index': 56, 'Scene': 'Scenes_Dataset/fountain_A.jpg', 'Scene_Size': (600, 443), 'Condition_Encode': 'Incongruent', 'Object_Encode': 'Objects_Dataset/plasticine.png', 'Object_Size': (250, 167), 'Condition_Old': 'old', 'Correct_Key_Old': 'left', 'Obj_Lure': 'Objects_Dataset/hands_dryer.png', 'Lure_size': (350, 267), 'Target_pos': (300, 200), 'Lure_pos': (300, -200), 'Correct_key_AFC': 'up', 'jitter_ITI': 2.15, 'thisN': 46, 'thisTrialN': 46, 'thisRepN': 0}>
487.6581 	EXP 	image_scene_encode: autoDraw = False
487.6581 	EXP 	image_object_encode: autoDraw = False
487.6581 	EXP 	text_rating: autoDraw = False
487.6581 	EXP 	slider_cong: autoDraw = False
487.6581 	EXP 	image_blank: autoDraw = True
489.8087 	EXP 	image_blank: autoDraw = False
489.8760 	EXP 	cross_25: autoDraw = True
490.1482 	EXP 	cross_25: autoDraw = False
490.1482 	EXP 	cross_25: autoDraw = False
490.1482 	EXP 	image_blank: autoDraw = False
490.1482 	EXP 	image_scene_encode: image = 'Scenes_Dataset/fountain_A.jpg'
490.1482 	EXP 	image_object_encode: image = 'Objects_Dataset/plasticine.png'
490.1482 	EXP 	slider_cong: markerPos = None
490.1482 	EXP 	slider_cong: markerPos = None
490.1482 	EXP 	image_scene_encode: autoDraw = True
490.1482 	EXP 	image_object_encode: autoDraw = True
492.6245 	INFO 	Keyboard events cleared
492.6244 	EXP 	text_rating: autoDraw = True
492.6244 	EXP 	slider_cong: autoDraw = True
493.2585 	DATA 	Keypress: num_1
495.1251 	EXP 	text_rating: autoDraw = False
495.1251 	EXP 	slider_cong: autoDraw = False
495.1267 	EXP 	New trial (rep=0, index=47): <Trial 47 (47 in rep 0) data={'Index': 16, 'Scene': 'Scenes_Dataset/hair_salon_A.jpg', 'Scene_Size': (600, 386), 'Condition_Encode': 'Congruent', 'Object_Encode': 'Objects_Dataset/hairdryer_retouched.png', 'Object_Size': (250, 241), 'Condition_Old': 'old', 'Correct_Key_Old': 'left', 'Obj_Lure': 'Objects_Dataset/comb.png', 'Lure_size': (250, 250), 'Target_pos': (300, -200), 'Lure_pos': (300, 200), 'Correct_key_AFC': 'down', 'jitter_ITI': 2.75, 'thisN': 47, 'thisTrialN': 47, 'thisRepN': 0}>
495.1419 	EXP 	image_scene_encode: autoDraw = False
495.1419 	EXP 	image_object_encode: autoDraw = False
495.1419 	EXP 	text_rating: autoDraw = False
495.1419 	EXP 	slider_cong: autoDraw = False
495.1419 	EXP 	image_blank: autoDraw = True
497.3752 	EXP 	cross_25: autoDraw = True
497.6254 	EXP 	cross_25: autoDraw = False
497.8983 	EXP 	image_blank: autoDraw = False
497.8983 	EXP 	cross_25: autoDraw = False
497.8983 	EXP 	image_blank: autoDraw = False
497.8983 	EXP 	image_scene_encode: image = 'Scenes_Dataset/hair_salon_A.jpg'
497.8983 	EXP 	image_object_encode: image = 'Objects_Dataset/hairdryer_retouched.png'
497.8983 	EXP 	slider_cong: markerPos = None
497.8983 	EXP 	slider_cong: markerPos = None
497.8983 	EXP 	image_scene_encode: autoDraw = True
497.8983 	EXP 	image_object_encode: autoDraw = True
500.3747 	INFO 	Keyboard events cleared
500.3746 	EXP 	text_rating: autoDraw = True
500.3746 	EXP 	slider_cong: autoDraw = True
501.1421 	DATA 	Keypress: num_3
502.8751 	EXP 	text_rating: autoDraw = False
502.8751 	EXP 	slider_cong: autoDraw = False
502.8935 	EXP 	New trial (rep=0, index=48): <Trial 48 (48 in rep 0) data={'Index': 17, 'Scene': 'Scenes_Dataset/stage_A.jpg', 'Scene_Size': (600, 396), 'Condition_Encode': 'Congruent', 'Object_Encode': 'Objects_Dataset/saxophone.png', 'Object_Size': (250, 250), 'Condition_Old': 'old', 'Correct_Key_Old': 'left', 'Obj_Lure': 'Objects_Dataset/digital_piano_retouched.png', 'Lure_size': (350, 350), 'Target_pos': (300, -200), 'Lure_pos': (300, 200), 'Correct_key_AFC': 'down', 'jitter_ITI': 2.8, 'thisN': 48, 'thisTrialN': 48, 'thisRepN': 0}>
502.9089 	EXP 	image_scene_encode: autoDraw = False
502.9089 	EXP 	image_object_encode: autoDraw = False
502.9089 	EXP 	text_rating: autoDraw = False
502.9089 	EXP 	slider_cong: autoDraw = False
502.9089 	EXP 	image_blank: autoDraw = True
505.1254 	EXP 	cross_25: autoDraw = True
505.3751 	EXP 	cross_25: autoDraw = False
505.7121 	EXP 	image_blank: autoDraw = False
505.7121 	EXP 	cross_25: autoDraw = False
505.7121 	EXP 	image_blank: autoDraw = False
505.7121 	EXP 	image_scene_encode: image = 'Scenes_Dataset/stage_A.jpg'
505.7121 	EXP 	image_object_encode: image = 'Objects_Dataset/saxophone.png'
505.7121 	EXP 	slider_cong: markerPos = None
505.7121 	EXP 	slider_cong: markerPos = None
505.7121 	EXP 	image_scene_encode: autoDraw = True
505.7121 	EXP 	image_object_encode: autoDraw = True
508.1915 	INFO 	Keyboard events cleared
508.1914 	EXP 	text_rating: autoDraw = True
508.1914 	EXP 	slider_cong: autoDraw = True
508.7756 	DATA 	Keypress: num_3
510.6918 	EXP 	text_rating: autoDraw = False
510.6918 	EXP 	slider_cong: autoDraw = False
510.7103 	EXP 	New trial (rep=0, index=49): <Trial 49 (49 in rep 0) data={'Index': 3, 'Scene': 'Scenes_Dataset/car_interior_A.jpg', 'Scene_Size': (600, 389), 'Condition_Encode': 'Congruent', 'Object_Encode': 'Objects_Dataset/car_mat.png', 'Object_Size': (230, 258), 'Condition_Old': 'old', 'Correct_Key_Old': 'left', 'Obj_Lure': 'Objects_Dataset/car_key.png', 'Lure_size': (300, 125), 'Target_pos': (300, -200), 'Lure_pos': (300, 200), 'Correct_key_AFC': 'down', 'jitter_ITI': 2.1, 'thisN': 49, 'thisTrialN': 49, 'thisRepN': 0}>
510.7254 	EXP 	image_scene_encode: autoDraw = False
510.7254 	EXP 	image_object_encode: autoDraw = False
510.7254 	EXP 	text_rating: autoDraw = False
510.7254 	EXP 	slider_cong: autoDraw = False
510.7254 	EXP 	image_blank: autoDraw = True
512.8254 	EXP 	image_blank: autoDraw = False
512.9417 	EXP 	cross_25: autoDraw = True
513.1999 	EXP 	cross_25: autoDraw = False
513.1999 	EXP 	cross_25: autoDraw = False
513.1999 	EXP 	image_blank: autoDraw = False
513.1999 	EXP 	image_scene_encode: image = 'Scenes_Dataset/car_interior_A.jpg'
513.1999 	EXP 	image_object_encode: image = 'Objects_Dataset/car_mat.png'
513.1999 	EXP 	slider_cong: markerPos = None
513.1999 	EXP 	slider_cong: markerPos = None
513.1999 	EXP 	image_scene_encode: autoDraw = True
513.1999 	EXP 	image_object_encode: autoDraw = True
515.6752 	INFO 	Keyboard events cleared
515.6751 	EXP 	text_rating: autoDraw = True
515.6751 	EXP 	slider_cong: autoDraw = True
516.5422 	DATA 	Keypress: num_3
518.1919 	EXP 	text_rating: autoDraw = False
518.1919 	EXP 	slider_cong: autoDraw = False
518.1933 	EXP 	New trial (rep=0, index=50): <Trial 50 (50 in rep 0) data={'Index': 8, 'Scene': 'Scenes_Dataset/igloo_A.jpg', 'Scene_Size': (600, 450), 'Condition_Encode': 'Congruent', 'Object_Encode': 'Objects_Dataset/eskimo_coat.png', 'Object_Size': (300, 300), 'Condition_Old': 'old', 'Correct_Key_Old': 'left', 'Obj_Lure': 'Objects_Dataset/wool_cap.png', 'Lure_size': (250, 250), 'Target_pos': (300, -200), 'Lure_pos': (300, 200), 'Correct_key_AFC': 'down', 'jitter_ITI': 2.35, 'thisN': 50, 'thisTrialN': 50, 'thisRepN': 0}>
518.2089 	EXP 	image_scene_encode: autoDraw = False
518.2089 	EXP 	image_object_encode: autoDraw = False
518.2089 	EXP 	text_rating: autoDraw = False
518.2089 	EXP 	slider_cong: autoDraw = False
518.2089 	EXP 	image_blank: autoDraw = True
520.4253 	EXP 	cross_25: autoDraw = True
520.5586 	EXP 	image_blank: autoDraw = False
520.6807 	EXP 	cross_25: autoDraw = False
520.6807 	EXP 	cross_25: autoDraw = False
520.6807 	EXP 	image_blank: autoDraw = False
520.6807 	EXP 	image_scene_encode: image = 'Scenes_Dataset/igloo_A.jpg'
520.6807 	EXP 	image_object_encode: image = 'Objects_Dataset/eskimo_coat.png'
520.6807 	EXP 	slider_cong: markerPos = None
520.6807 	EXP 	slider_cong: markerPos = None
520.6807 	EXP 	image_scene_encode: autoDraw = True
520.6807 	EXP 	image_object_encode: autoDraw = True
523.1584 	INFO 	Keyboard events cleared
523.1584 	EXP 	text_rating: autoDraw = True
523.1584 	EXP 	slider_cong: autoDraw = True
523.7753 	DATA 	Keypress: num_3
525.6581 	EXP 	text_rating: autoDraw = False
525.6581 	EXP 	slider_cong: autoDraw = False
525.6768 	EXP 	New trial (rep=0, index=51): <Trial 51 (51 in rep 0) data={'Index': 52, 'Scene': 'Scenes_Dataset/parking_lot_A.jpg', 'Scene_Size': (600, 397), 'Condition_Encode': 'Incongruent', 'Object_Encode': 'Objects_Dataset/digital_piano_retouched.png', 'Object_Size': (350, 350), 'Condition_Old': 'old', 'Correct_Key_Old': 'left', 'Obj_Lure': 'Objects_Dataset/toothbrush.png', 'Lure_size': (300, 215), 'Target_pos': (300, 200), 'Lure_pos': (300, -200), 'Correct_key_AFC': 'up', 'jitter_ITI': 3.25, 'thisN': 51, 'thisTrialN': 51, 'thisRepN': 0}>
525.6915 	EXP 	image_scene_encode: autoDraw = False
525.6915 	EXP 	image_object_encode: autoDraw = False
525.6915 	EXP 	text_rating: autoDraw = False
525.6915 	EXP 	slider_cong: autoDraw = False
525.6915 	EXP 	image_blank: autoDraw = True
527.9082 	EXP 	cross_25: autoDraw = True
528.1583 	EXP 	cross_25: autoDraw = False
528.9476 	EXP 	image_blank: autoDraw = False
528.9476 	EXP 	cross_25: autoDraw = False
528.9476 	EXP 	image_blank: autoDraw = False
528.9476 	EXP 	image_scene_encode: image = 'Scenes_Dataset/parking_lot_A.jpg'
528.9476 	EXP 	image_object_encode: image = 'Objects_Dataset/digital_piano_retouched.png'
528.9476 	EXP 	slider_cong: markerPos = None
528.9476 	EXP 	slider_cong: markerPos = None
528.9476 	EXP 	image_scene_encode: autoDraw = True
528.9476 	EXP 	image_object_encode: autoDraw = True
531.4251 	INFO 	Keyboard events cleared
531.4250 	EXP 	text_rating: autoDraw = True
531.4250 	EXP 	slider_cong: autoDraw = True
531.9256 	DATA 	Keypress: num_1
533.9254 	EXP 	text_rating: autoDraw = False
533.9254 	EXP 	slider_cong: autoDraw = False
533.9438 	EXP 	New trial (rep=0, index=52): <Trial 52 (52 in rep 0) data={'Index': 5, 'Scene': 'Scenes_Dataset/movie_theater_A.jpg', 'Scene_Size': (600, 364), 'Condition_Encode': 'Congruent', 'Object_Encode': 'Objects_Dataset/3d_glasses_retouched.png', 'Object_Size': (300, 300), 'Condition_Old': 'old', 'Correct_Key_Old': 'left', 'Obj_Lure': 'Objects_Dataset/movie_reels.png', 'Lure_size': (350, 268), 'Target_pos': (300, -200), 'Lure_pos': (300, 200), 'Correct_key_AFC': 'down', 'jitter_ITI': 2.2, 'thisN': 52, 'thisTrialN': 52, 'thisRepN': 0}>
533.9602 	EXP 	image_scene_encode: autoDraw = False
533.9602 	EXP 	image_object_encode: autoDraw = False
533.9602 	EXP 	text_rating: autoDraw = False
533.9602 	EXP 	slider_cong: autoDraw = False
533.9602 	EXP 	image_blank: autoDraw = True
536.1755 	EXP 	cross_25: autoDraw = True
536.1755 	EXP 	image_blank: autoDraw = False
536.4298 	EXP 	cross_25: autoDraw = False
536.4298 	EXP 	cross_25: autoDraw = False
536.4298 	EXP 	image_blank: autoDraw = False
536.4298 	EXP 	image_scene_encode: image = 'Scenes_Dataset/movie_theater_A.jpg'
536.4298 	EXP 	image_object_encode: image = 'Objects_Dataset/3d_glasses_retouched.png'
536.4298 	EXP 	slider_cong: markerPos = None
536.4298 	EXP 	slider_cong: markerPos = None
536.4298 	EXP 	image_scene_encode: autoDraw = True
536.4298 	EXP 	image_object_encode: autoDraw = True
538.9087 	INFO 	Keyboard events cleared
538.9087 	EXP 	text_rating: autoDraw = True
538.9087 	EXP 	slider_cong: autoDraw = True
539.5426 	DATA 	Keypress: num_3
541.4088 	EXP 	text_rating: autoDraw = False
541.4088 	EXP 	slider_cong: autoDraw = False
541.4275 	EXP 	New trial (rep=0, index=53): <Trial 53 (53 in rep 0) data={'Index': 9, 'Scene': 'Scenes_Dataset/childrens_room_A.jpg', 'Scene_Size': (600, 524), 'Condition_Encode': 'Congruent', 'Object_Encode': 'Objects_Dataset/abacus.png', 'Object_Size': (185, 200), 'Condition_Old': 'old', 'Correct_Key_Old': 'left', 'Obj_Lure': 'Objects_Dataset/doll.png', 'Lure_size': (191, 300), 'Target_pos': (300, -200), 'Lure_pos': (300, 200), 'Correct_key_AFC': 'down', 'jitter_ITI': 2.4, 'thisN': 53, 'thisTrialN': 53, 'thisRepN': 0}>
541.4423 	EXP 	image_scene_encode: autoDraw = False
541.4423 	EXP 	image_object_encode: autoDraw = False
541.4423 	EXP 	text_rating: autoDraw = False
541.4423 	EXP 	slider_cong: autoDraw = False
541.4423 	EXP 	image_blank: autoDraw = True
543.6593 	EXP 	cross_25: autoDraw = True
543.8426 	EXP 	image_blank: autoDraw = False
543.9177 	EXP 	cross_25: autoDraw = False
543.9177 	EXP 	cross_25: autoDraw = False
543.9177 	EXP 	image_blank: autoDraw = False
543.9177 	EXP 	image_scene_encode: image = 'Scenes_Dataset/childrens_room_A.jpg'
543.9177 	EXP 	image_object_encode: image = 'Objects_Dataset/abacus.png'
543.9177 	EXP 	slider_cong: markerPos = None
543.9177 	EXP 	slider_cong: markerPos = None
543.9177 	EXP 	image_scene_encode: autoDraw = True
543.9177 	EXP 	image_object_encode: autoDraw = True
546.3922 	INFO 	Keyboard events cleared
546.3922 	EXP 	text_rating: autoDraw = True
546.3922 	EXP 	slider_cong: autoDraw = True
546.9994 	DATA 	Keypress: num_3
548.8925 	EXP 	text_rating: autoDraw = False
548.8925 	EXP 	slider_cong: autoDraw = False
548.9114 	EXP 	New trial (rep=0, index=54): <Trial 54 (54 in rep 0) data={'Index': 51, 'Scene': 'Scenes_Dataset/clinic_A.jpg', 'Scene_Size': (600, 400), 'Condition_Encode': 'Incongruent', 'Object_Encode': 'Objects_Dataset/juggling_balls_retouched.png', 'Object_Size': (350, 197), 'Condition_Old': 'old', 'Correct_Key_Old': 'left', 'Obj_Lure': 'Objects_Dataset/sled_retouched.png', 'Lure_size': (450, 286), 'Target_pos': (300, 200), 'Lure_pos': (300, -200), 'Correct_key_AFC': 'up', 'jitter_ITI': 3.2, 'thisN': 54, 'thisTrialN': 54, 'thisRepN': 0}>
548.9259 	EXP 	image_scene_encode: autoDraw = False
548.9259 	EXP 	image_object_encode: autoDraw = False
548.9259 	EXP 	text_rating: autoDraw = False
548.9259 	EXP 	slider_cong: autoDraw = False
548.9259 	EXP 	image_blank: autoDraw = True
551.1425 	EXP 	cross_25: autoDraw = True
551.3925 	EXP 	cross_25: autoDraw = False
552.1322 	EXP 	image_blank: autoDraw = False
552.1322 	EXP 	cross_25: autoDraw = False
552.1322 	EXP 	image_blank: autoDraw = False
552.1322 	EXP 	image_scene_encode: image = 'Scenes_Dataset/clinic_A.jpg'
552.1322 	EXP 	image_object_encode: image = 'Objects_Dataset/juggling_balls_retouched.png'
552.1322 	EXP 	slider_cong: markerPos = None
552.1322 	EXP 	slider_cong: markerPos = None
552.1322 	EXP 	image_scene_encode: autoDraw = True
552.1322 	EXP 	image_object_encode: autoDraw = True
554.6089 	INFO 	Keyboard events cleared
554.6089 	EXP 	text_rating: autoDraw = True
554.6089 	EXP 	slider_cong: autoDraw = True
555.0936 	DATA 	Keypress: num_1
557.1115 	EXP 	text_rating: autoDraw = False
557.1115 	EXP 	slider_cong: autoDraw = False
557.1131 	EXP 	New trial (rep=0, index=55): <Trial 55 (55 in rep 0) data={'Index': 30, 'Scene': 'Scenes_Dataset/locker_room_B.jpg', 'Scene_Size': (600, 399), 'Condition_Encode': 'Congruent', 'Object_Encode': 'Objects_Dataset/locker.png', 'Object_Size': (264, 400), 'Condition_Old': 'old', 'Correct_Key_Old': 'left', 'Obj_Lure': 'Objects_Dataset/slippers.png', 'Lure_size': (280, 300), 'Target_pos': (300, -200), 'Lure_pos': (300, 200), 'Correct_key_AFC': 'down', 'jitter_ITI': 2.15, 'thisN': 55, 'thisTrialN': 55, 'thisRepN': 0}>
557.1259 	EXP 	image_scene_encode: autoDraw = False
557.1259 	EXP 	image_object_encode: autoDraw = False
557.1259 	EXP 	text_rating: autoDraw = False
557.1259 	EXP 	slider_cong: autoDraw = False
557.1259 	EXP 	image_blank: autoDraw = True
559.2759 	EXP 	image_blank: autoDraw = False
559.3594 	EXP 	cross_25: autoDraw = True
559.6178 	EXP 	cross_25: autoDraw = False
559.6178 	EXP 	cross_25: autoDraw = False
559.6178 	EXP 	image_blank: autoDraw = False
559.6178 	EXP 	image_scene_encode: image = 'Scenes_Dataset/locker_room_B.jpg'
559.6178 	EXP 	image_object_encode: image = 'Objects_Dataset/locker.png'
559.6178 	EXP 	slider_cong: markerPos = None
559.6178 	EXP 	slider_cong: markerPos = None
559.6178 	EXP 	image_scene_encode: autoDraw = True
559.6178 	EXP 	image_object_encode: autoDraw = True
562.0924 	INFO 	Keyboard events cleared
562.0924 	EXP 	text_rating: autoDraw = True
562.0924 	EXP 	slider_cong: autoDraw = True
562.7109 	DATA 	Keypress: num_3
564.5927 	EXP 	text_rating: autoDraw = False
564.5927 	EXP 	slider_cong: autoDraw = False
564.6109 	EXP 	New trial (rep=0, index=56): <Trial 56 (56 in rep 0) data={'Index': 58, 'Scene': 'Scenes_Dataset/museum_A.jpg', 'Scene_Size': (600, 337), 'Condition_Encode': 'Incongruent', 'Object_Encode': 'Objects_Dataset/bikini.png', 'Object_Size': (350, 350), 'Condition_Old': 'old', 'Correct_Key_Old': 'left', 'Obj_Lure': 'Objects_Dataset/clothesline_retouched_2.png', 'Lure_size': (350, 231), 'Target_pos': (300, 200), 'Lure_pos': (300, -200), 'Correct_key_AFC': 'up', 'jitter_ITI': 2.25, 'thisN': 56, 'thisTrialN': 56, 'thisRepN': 0}>
564.6273 	EXP 	image_scene_encode: autoDraw = False
564.6273 	EXP 	image_object_encode: autoDraw = False
564.6273 	EXP 	text_rating: autoDraw = False
564.6273 	EXP 	slider_cong: autoDraw = False
564.6273 	EXP 	image_blank: autoDraw = True
566.8427 	EXP 	cross_25: autoDraw = True
566.8929 	EXP 	image_blank: autoDraw = False
567.0996 	EXP 	cross_25: autoDraw = False
567.0996 	EXP 	cross_25: autoDraw = False
567.0996 	EXP 	image_blank: autoDraw = False
567.0996 	EXP 	image_scene_encode: image = 'Scenes_Dataset/museum_A.jpg'
567.0996 	EXP 	image_object_encode: image = 'Objects_Dataset/bikini.png'
567.0996 	EXP 	slider_cong: markerPos = None
567.0996 	EXP 	slider_cong: markerPos = None
567.0996 	EXP 	image_scene_encode: autoDraw = True
567.0996 	EXP 	image_object_encode: autoDraw = True
569.5759 	INFO 	Keyboard events cleared
569.5759 	EXP 	text_rating: autoDraw = True
569.5759 	EXP 	slider_cong: autoDraw = True
570.4934 	DATA 	Keypress: num_2
572.0763 	EXP 	text_rating: autoDraw = False
572.0763 	EXP 	slider_cong: autoDraw = False
572.0946 	EXP 	New trial (rep=0, index=57): <Trial 57 (57 in rep 0) data={'Index': 33, 'Scene': 'Scenes_Dataset/ice_rink_A.jpg', 'Scene_Size': (600, 450), 'Condition_Encode': 'Incongruent', 'Object_Encode': 'Objects_Dataset/paper_towel_dispenser.png', 'Object_Size': (300, 400), 'Condition_Old': 'old', 'Correct_Key_Old': 'left', 'Obj_Lure': 'Objects_Dataset/saxophone.png', 'Lure_size': (250, 250), 'Target_pos': (300, 200), 'Lure_pos': (300, -200), 'Correct_key_AFC': 'up', 'jitter_ITI': 2.3, 'thisN': 57, 'thisTrialN': 57, 'thisRepN': 0}>
572.1095 	EXP 	image_scene_encode: autoDraw = False
572.1095 	EXP 	image_object_encode: autoDraw = False
572.1095 	EXP 	text_rating: autoDraw = False
572.1095 	EXP 	slider_cong: autoDraw = False
572.1095 	EXP 	image_blank: autoDraw = True
574.3262 	EXP 	cross_25: autoDraw = True
574.4095 	EXP 	image_blank: autoDraw = False
574.5826 	EXP 	cross_25: autoDraw = False
574.5826 	EXP 	cross_25: autoDraw = False
574.5826 	EXP 	image_blank: autoDraw = False
574.5826 	EXP 	image_scene_encode: image = 'Scenes_Dataset/ice_rink_A.jpg'
574.5826 	EXP 	image_object_encode: image = 'Objects_Dataset/paper_towel_dispenser.png'
574.5826 	EXP 	slider_cong: markerPos = None
574.5826 	EXP 	slider_cong: markerPos = None
574.5826 	EXP 	image_scene_encode: autoDraw = True
574.5826 	EXP 	image_object_encode: autoDraw = True
577.0594 	INFO 	Keyboard events cleared
577.0592 	EXP 	text_rating: autoDraw = True
577.0592 	EXP 	slider_cong: autoDraw = True
577.8799 	DATA 	Keypress: num_2
579.5596 	EXP 	text_rating: autoDraw = False
579.5596 	EXP 	slider_cong: autoDraw = False
579.5785 	EXP 	New trial (rep=0, index=58): <Trial 58 (58 in rep 0) data={'Index': 38, 'Scene': 'Scenes_Dataset/garden_A.jpg', 'Scene_Size': (600, 446), 'Condition_Encode': 'Incongruent', 'Object_Encode': 'Objects_Dataset/airplane_belt.png', 'Object_Size': (300, 249), 'Condition_Old': 'old', 'Correct_Key_Old': 'left', 'Obj_Lure': 'Objects_Dataset/saline_retouched.png', 'Lure_size': (300, 225), 'Target_pos': (300, 200), 'Lure_pos': (300, -200), 'Correct_key_AFC': 'up', 'jitter_ITI': 2.55, 'thisN': 58, 'thisTrialN': 58, 'thisRepN': 0}>
579.5931 	EXP 	image_scene_encode: autoDraw = False
579.5931 	EXP 	image_object_encode: autoDraw = False
579.5931 	EXP 	text_rating: autoDraw = False
579.5931 	EXP 	slider_cong: autoDraw = False
579.5931 	EXP 	image_blank: autoDraw = True
581.8098 	EXP 	cross_25: autoDraw = True
582.0625 	EXP 	cross_25: autoDraw = False
582.1484 	EXP 	image_blank: autoDraw = False
582.1484 	EXP 	cross_25: autoDraw = False
582.1484 	EXP 	image_blank: autoDraw = False
582.1484 	EXP 	image_scene_encode: image = 'Scenes_Dataset/garden_A.jpg'
582.1484 	EXP 	image_object_encode: image = 'Objects_Dataset/airplane_belt.png'
582.1484 	EXP 	slider_cong: markerPos = None
582.1484 	EXP 	slider_cong: markerPos = None
582.1484 	EXP 	image_scene_encode: autoDraw = True
582.1484 	EXP 	image_object_encode: autoDraw = True
584.6262 	INFO 	Keyboard events cleared
584.6261 	EXP 	text_rating: autoDraw = True
584.6261 	EXP 	slider_cong: autoDraw = True
585.2271 	DATA 	Keypress: num_1
587.1429 	EXP 	text_rating: autoDraw = False
587.1429 	EXP 	slider_cong: autoDraw = False
587.1442 	EXP 	New trial (rep=0, index=59): <Trial 59 (59 in rep 0) data={'Index': 24, 'Scene': 'Scenes_Dataset/marina_A.jpg', 'Scene_Size': (600, 450), 'Condition_Encode': 'Congruent', 'Object_Encode': 'Objects_Dataset/sailor_hat.png', 'Object_Size': (300, 250), 'Condition_Old': 'old', 'Correct_Key_Old': 'left', 'Obj_Lure': 'Objects_Dataset/rope.png', 'Lure_size': (300, 248), 'Target_pos': (300, -200), 'Lure_pos': (300, 200), 'Correct_key_AFC': 'down', 'jitter_ITI': 3.15, 'thisN': 59, 'thisTrialN': 59, 'thisRepN': 0}>
587.1596 	EXP 	image_scene_encode: autoDraw = False
587.1596 	EXP 	image_object_encode: autoDraw = False
587.1596 	EXP 	text_rating: autoDraw = False
587.1596 	EXP 	slider_cong: autoDraw = False
587.1596 	EXP 	image_blank: autoDraw = True
589.3762 	EXP 	cross_25: autoDraw = True
589.6267 	EXP 	cross_25: autoDraw = False
590.3147 	EXP 	image_blank: autoDraw = False
590.3147 	EXP 	cross_25: autoDraw = False
590.3147 	EXP 	image_blank: autoDraw = False
590.3147 	EXP 	image_scene_encode: image = 'Scenes_Dataset/marina_A.jpg'
590.3147 	EXP 	image_object_encode: image = 'Objects_Dataset/sailor_hat.png'
590.3147 	EXP 	slider_cong: markerPos = None
590.3147 	EXP 	slider_cong: markerPos = None
590.3147 	EXP 	image_scene_encode: autoDraw = True
590.3147 	EXP 	image_object_encode: autoDraw = True
592.7928 	INFO 	Keyboard events cleared
592.7927 	EXP 	text_rating: autoDraw = True
592.7927 	EXP 	slider_cong: autoDraw = True
593.3603 	DATA 	Keypress: num_3
595.2930 	EXP 	text_rating: autoDraw = False
595.2930 	EXP 	slider_cong: autoDraw = False
595.3263 	EXP 	image_scene_encode: autoDraw = False
595.3263 	EXP 	image_object_encode: autoDraw = False
595.3263 	EXP 	text_rating: autoDraw = False
595.3263 	EXP 	slider_cong: autoDraw = False
595.3263 	EXP 	text_pausa1: autoDraw = True
605.5081 	EXP 	Created unnamed TextStim = TextStim(__class__=<class 'psychopy.visual.text.TextStim'>, alignHoriz=method-wrapper(...), alignText='center', alignVert=method-wrapper(...), anchorHoriz='center', anchorVert='center', antialias=True, autoDraw=False, autoLog=True, bold=False, color=array([1., 1., 1.]), colorSpace='rgb', contrast=1.0, depth=0, draggable=False, flipHoriz=False, flipVert=False, font='', fontFiles=[], height=0.05, italic=False, languageStyle='LTR', name='unnamed TextStim', opacity=1.0, ori=0.0, pos=array([0., 0.]), rgb=UNKNOWN, text=str(...), units='height', win=Window(...), wrapWidth=1.75)
605.5160 	EXP 	Created unnamed TextStim = TextStim(__class__=<class 'psychopy.visual.text.TextStim'>, alignHoriz=method-wrapper(...), alignText='center', alignVert=method-wrapper(...), anchorHoriz='center', anchorVert='center', antialias=True, autoDraw=False, autoLog=True, bold=False, color=array([1., 1., 1.]), colorSpace='rgb', contrast=1.0, depth=0, draggable=False, flipHoriz=False, flipVert=False, font='', fontFiles=[], height=0.25, italic=False, languageStyle='LTR', name='unnamed TextStim', opacity=1.0, ori=0.0, pos=array([0., 0.]), rgb=UNKNOWN, text='+', units='height', win=Window(...), wrapWidth=1)
605.5166 	EXP 	Created unnamed TextStim = TextStim(__class__=<class 'psychopy.visual.text.TextStim'>, alignHoriz=method-wrapper(...), alignText='center', alignVert=method-wrapper(...), anchorHoriz='center', anchorVert='center', antialias=True, autoDraw=False, autoLog=True, bold=False, color=array([1., 1., 1.]), colorSpace='rgb', contrast=1.0, depth=0, draggable=False, flipHoriz=False, flipVert=False, font='', fontFiles=[], height=0.07, italic=False, languageStyle='LTR', name='unnamed TextStim', opacity=1.0, ori=0.0, pos=array([0., 0.]), rgb=UNKNOWN, text='', units='height', win=Window(...), wrapWidth=1)
605.5214 	EXP 	Created unnamed ImageStim = ImageStim(__class__=<class 'psychopy.visual.image.ImageStim'>, anchor=('center', 'center'), autoLog=True, color=array([1., 1., 1.]), colorSpace='rgb', contrast=1.0, depth=0, draggable=False, flipHoriz=False, flipVert=False, image='go_nogo_stim\\Go_stim_1.png', interpolate=False, mask=None, maskParams=None, name='unnamed ImageStim', opacity=1, ori=0.0, pos=array([0., 0.]), size=array([0.7, 0.7]), texRes=128, units='height', win=Window(...))
605.5263 	EXP 	Created unnamed ImageStim = ImageStim(__class__=<class 'psychopy.visual.image.ImageStim'>, anchor=('center', 'center'), autoLog=True, color=array([1., 1., 1.]), colorSpace='rgb', contrast=1.0, depth=0, draggable=False, flipHoriz=False, flipVert=False, image='go_nogo_stim\\Go_stim_2.png', interpolate=False, mask=None, maskParams=None, name='unnamed ImageStim', opacity=1, ori=0.0, pos=array([0., 0.]), size=array([0.7, 0.7]), texRes=128, units='height', win=Window(...))
605.5315 	EXP 	Created unnamed ImageStim = ImageStim(__class__=<class 'psychopy.visual.image.ImageStim'>, anchor=('center', 'center'), autoLog=True, color=array([1., 1., 1.]), colorSpace='rgb', contrast=1.0, depth=0, draggable=False, flipHoriz=False, flipVert=False, image='go_nogo_stim\\Go_stim_3.png', interpolate=False, mask=None, maskParams=None, name='unnamed ImageStim', opacity=1, ori=0.0, pos=array([0., 0.]), size=array([0.7, 0.7]), texRes=128, units='height', win=Window(...))
605.5360 	EXP 	Created unnamed ImageStim = ImageStim(__class__=<class 'psychopy.visual.image.ImageStim'>, anchor=('center', 'center'), autoLog=True, color=array([1., 1., 1.]), colorSpace='rgb', contrast=1.0, depth=0, draggable=False, flipHoriz=False, flipVert=False, image='go_nogo_stim\\Go_stim_4.png', interpolate=False, mask=None, maskParams=None, name='unnamed ImageStim', opacity=1, ori=0.0, pos=array([0., 0.]), size=array([0.7, 0.7]), texRes=128, units='height', win=Window(...))
605.5405 	EXP 	Created unnamed ImageStim = ImageStim(__class__=<class 'psychopy.visual.image.ImageStim'>, anchor=('center', 'center'), autoLog=True, color=array([1., 1., 1.]), colorSpace='rgb', contrast=1.0, depth=0, draggable=False, flipHoriz=False, flipVert=False, image='go_nogo_stim\\NoGo_stim.png', interpolate=False, mask=None, maskParams=None, name='unnamed ImageStim', opacity=1, ori=0.0, pos=array([0., 0.]), size=array([0.7, 0.7]), texRes=128, units='height', win=Window(...))
605.5411 	DATA 	Keypress: space
605.5454 	EXP 	text_pausa1: autoDraw = False
613.5339 	DATA 	Keypress: space
613.5400 	EXP 	Created unnamed TextStim = TextStim(__class__=<class 'psychopy.visual.text.TextStim'>, alignHoriz=method-wrapper(...), alignText='center', alignVert=method-wrapper(...), anchorHoriz='center', anchorVert='center', antialias=True, autoDraw=False, autoLog=True, bold=False, color=array([1., 1., 1.]), colorSpace='rgb', contrast=1.0, depth=0, draggable=False, flipHoriz=False, flipVert=False, font='', fontFiles=[], height=0.06, italic=False, languageStyle='LTR', name='unnamed TextStim', opacity=1.0, ori=0.0, pos=array([0. , 0.4]), rgb=UNKNOWN, text='INSTRUÇÕES', units='height', win=Window(...), wrapWidth=1)
613.5454 	EXP 	Created unnamed TextStim = TextStim(__class__=<class 'psychopy.visual.text.TextStim'>, alignHoriz=method-wrapper(...), alignText='center', alignVert=method-wrapper(...), anchorHoriz='center', anchorVert='center', antialias=True, autoDraw=False, autoLog=True, bold=False, color=array([1., 1., 1.]), colorSpace='rgb', contrast=1.0, depth=0, draggable=False, flipHoriz=False, flipVert=False, font='', fontFiles=[], height=0.05, italic=False, languageStyle='LTR', name='unnamed TextStim', opacity=1.0, ori=0.0, pos=array([0. , 0.3]), rgb=UNKNOWN, text='PRIMA ESPAÇO quando vir:', units='height', win=Window(...), wrapWidth=1)
613.5506 	EXP 	Created unnamed ImageStim = ImageStim(__class__=<class 'psychopy.visual.image.ImageStim'>, anchor=('center', 'center'), autoLog=True, color=array([1., 1., 1.]), colorSpace='rgb', contrast=1.0, depth=0, draggable=False, flipHoriz=False, flipVert=False, image='go_nogo_stim\\Go_stim_1.png', interpolate=False, mask=None, maskParams=None, name='unnamed ImageStim', opacity=1, ori=0.0, pos=array([-0.4 ,  0.15]), size=array([0.25, 0.25]), texRes=128, units='height', win=Window(...))
613.5553 	EXP 	Created unnamed ImageStim = ImageStim(__class__=<class 'psychopy.visual.image.ImageStim'>, anchor=('center', 'center'), autoLog=True, color=array([1., 1., 1.]), colorSpace='rgb', contrast=1.0, depth=0, draggable=False, flipHoriz=False, flipVert=False, image='go_nogo_stim\\Go_stim_2.png', interpolate=False, mask=None, maskParams=None, name='unnamed ImageStim', opacity=1, ori=0.0, pos=array([-0.13,  0.15]), size=array([0.25, 0.25]), texRes=128, units='height', win=Window(...))
613.5607 	EXP 	Created unnamed ImageStim = ImageStim(__class__=<class 'psychopy.visual.image.ImageStim'>, anchor=('center', 'center'), autoLog=True, color=array([1., 1., 1.]), colorSpace='rgb', contrast=1.0, depth=0, draggable=False, flipHoriz=False, flipVert=False, image='go_nogo_stim\\Go_stim_3.png', interpolate=False, mask=None, maskParams=None, name='unnamed ImageStim', opacity=1, ori=0.0, pos=array([0.13, 0.15]), size=array([0.25, 0.25]), texRes=128, units='height', win=Window(...))
613.5656 	EXP 	Created unnamed ImageStim = ImageStim(__class__=<class 'psychopy.visual.image.ImageStim'>, anchor=('center', 'center'), autoLog=True, color=array([1., 1., 1.]), colorSpace='rgb', contrast=1.0, depth=0, draggable=False, flipHoriz=False, flipVert=False, image='go_nogo_stim\\Go_stim_4.png', interpolate=False, mask=None, maskParams=None, name='unnamed ImageStim', opacity=1, ori=0.0, pos=array([0.4 , 0.15]), size=array([0.25, 0.25]), texRes=128, units='height', win=Window(...))
613.5675 	EXP 	Created unnamed TextStim = TextStim(__class__=<class 'psychopy.visual.text.TextStim'>, alignHoriz=method-wrapper(...), alignText='center', alignVert=method-wrapper(...), anchorHoriz='center', anchorVert='center', antialias=True, autoDraw=False, autoLog=True, bold=False, color=array([1., 1., 1.]), colorSpace='rgb', contrast=1.0, depth=0, draggable=False, flipHoriz=False, flipVert=False, font='', fontFiles=[], height=0.05, italic=False, languageStyle='LTR', name='unnamed TextStim', opacity=1.0, ori=0.0, pos=array([ 0.  , -0.05]), rgb=UNKNOWN, text='NÃO PRIMA quando vir:', units='height', win=Window(...), wrapWidth=1)
613.5725 	EXP 	Created unnamed ImageStim = ImageStim(__class__=<class 'psychopy.visual.image.ImageStim'>, anchor=('center', 'center'), autoLog=True, color=array([1., 1., 1.]), colorSpace='rgb', contrast=1.0, depth=0, draggable=False, flipHoriz=False, flipVert=False, image='go_nogo_stim\\NoGo_stim.png', interpolate=False, mask=None, maskParams=None, name='unnamed ImageStim', opacity=1, ori=0.0, pos=array([ 0. , -0.2]), size=array([0.25, 0.25]), texRes=128, units='height', win=Window(...))
613.5783 	EXP 	Created unnamed TextStim = TextStim(__class__=<class 'psychopy.visual.text.TextStim'>, alignHoriz=method-wrapper(...), alignText='center', alignVert=method-wrapper(...), anchorHoriz='center', anchorVert='center', antialias=True, autoDraw=False, autoLog=True, bold=False, color=array([1., 1., 1.]), colorSpace='rgb', contrast=1.0, depth=0, draggable=False, flipHoriz=False, flipVert=False, font='', fontFiles=[], height=0.045, italic=False, languageStyle='LTR', name='unnamed TextStim', opacity=1.0, ori=0.0, pos=array([ 0. , -0.4]), rgb=UNKNOWN, text=str(...), units='height', win=Window(...), wrapWidth=1)
678.2221 	DATA 	Keypress: space
680.0296 	DATA 	No keypress (maxWait exceeded)
680.0362 	EXP 	unnamed TextStim: height = 0.07
680.0362 	EXP 	unnamed TextStim: height = 0.07
680.0362 	EXP 	unnamed TextStim: height = 0.07
680.0362 	EXP 	unnamed TextStim: text = '✗ Demasiado lento'
680.0362 	EXP 	unnamed TextStim: foreColor = 'red'
682.6938 	DATA 	Keypress: space
682.6991 	EXP 	unnamed TextStim: height = 0.07
682.6991 	EXP 	unnamed TextStim: height = 0.07
682.6991 	EXP 	unnamed TextStim: height = 0.07
682.6991 	EXP 	unnamed TextStim: text = '✗ Erro: Não devia primir'
682.6991 	EXP 	unnamed TextStim: foreColor = 'red'
685.3258 	DATA 	Keypress: space
685.3300 	EXP 	unnamed TextStim: height = 0.07
685.3300 	EXP 	unnamed TextStim: height = 0.07
685.3300 	EXP 	unnamed TextStim: height = 0.07
685.3300 	EXP 	unnamed TextStim: text = '✓ Correto!'
685.3300 	EXP 	unnamed TextStim: foreColor = 'green'
687.8063 	DATA 	Keypress: space
687.8085 	EXP 	unnamed TextStim: text = '✓ Correto!'
687.8085 	EXP 	unnamed TextStim: foreColor = 'green'
690.9210 	DATA 	No keypress (maxWait exceeded)
690.9235 	EXP 	unnamed TextStim: text = '✓ Correto!'
690.9235 	EXP 	unnamed TextStim: foreColor = 'green'
693.5979 	DATA 	Keypress: space
693.6027 	EXP 	unnamed TextStim: text = '✓ Correto!'
693.6027 	EXP 	unnamed TextStim: foreColor = 'green'
694.9236 	EXP 	Created unnamed TextStim = TextStim(__class__=<class 'psychopy.visual.text.TextStim'>, alignHoriz=method-wrapper(...), alignText='center', alignVert=method-wrapper(...), anchorHoriz='center', anchorVert='center', antialias=True, autoDraw=False, autoLog=True, bold=False, color=array([1., 1., 1.]), colorSpace='rgb', contrast=1.0, depth=0, draggable=False, flipHoriz=False, flipVert=False, font='', fontFiles=[], height=0.05, italic=False, languageStyle='LTR', name='unnamed TextStim', opacity=1.0, ori=0.0, pos=array([0., 0.]), rgb=UNKNOWN, text=str(...), units='height', win=Window(...), wrapWidth=1)
701.8139 	DATA 	Keypress: space
702.8538 	DATA 	Keypress: space
704.4458 	DATA 	Keypress: space
705.9741 	DATA 	Keypress: space
707.3501 	DATA 	Keypress: space
708.8619 	DATA 	Keypress: space
710.3098 	DATA 	Keypress: space
711.4699 	DATA 	Keypress: space
713.0139 	DATA 	Keypress: space
714.5819 	DATA 	Keypress: space
716.1579 	DATA 	Keypress: space
717.6060 	DATA 	Keypress: space
718.8621 	DATA 	Keypress: space
720.2139 	DATA 	Keypress: space
721.5739 	DATA 	Keypress: space
722.9100 	DATA 	Keypress: space
724.8650 	DATA 	No keypress (maxWait exceeded)
726.9060 	DATA 	No keypress (maxWait exceeded)
728.5259 	DATA 	Keypress: space
729.8700 	DATA 	Keypress: space
732.0762 	DATA 	No keypress (maxWait exceeded)
733.5420 	DATA 	Keypress: space
735.2058 	DATA 	Keypress: space
736.6548 	DATA 	Keypress: space
738.6373 	DATA 	No keypress (maxWait exceeded)
740.7813 	DATA 	No keypress (maxWait exceeded)
742.2149 	DATA 	Keypress: space
743.5982 	DATA 	Keypress: space
745.5801 	DATA 	No keypress (maxWait exceeded)
747.0781 	DATA 	Keypress: space
748.5578 	DATA 	Keypress: space
750.1259 	DATA 	Keypress: space
751.7099 	DATA 	Keypress: space
753.3418 	DATA 	Keypress: space
754.9260 	DATA 	Keypress: space
757.1416 	DATA 	No keypress (maxWait exceeded)
759.0640 	DATA 	No keypress (maxWait exceeded)
760.9263 	DATA 	Keypress: space
762.5503 	DATA 	Keypress: space
764.2138 	DATA 	Keypress: space
765.7178 	DATA 	Keypress: space
767.2780 	DATA 	Keypress: space
768.7021 	DATA 	Keypress: space
770.3901 	DATA 	Keypress: space
771.9661 	DATA 	Keypress: space
773.5029 	DATA 	Keypress: space
775.5319 	DATA 	No keypress (maxWait exceeded)
777.1663 	DATA 	Keypress: space
778.5742 	DATA 	Keypress: space
780.0540 	DATA 	Keypress: space
781.7180 	DATA 	Keypress: space
783.2701 	DATA 	Keypress: space
784.5657 	DATA 	Keypress: space
786.1818 	DATA 	Keypress: space
787.5580 	DATA 	Keypress: space
789.8499 	DATA 	No keypress (maxWait exceeded)
791.1580 	DATA 	Keypress: space
792.5980 	DATA 	Keypress: space
794.1578 	DATA 	Keypress: space
795.7338 	DATA 	Keypress: space
797.4464 	DATA 	Keypress: space
798.9900 	DATA 	Keypress: space
800.6298 	DATA 	Keypress: space
802.0859 	DATA 	Keypress: space
803.5097 	DATA 	Keypress: space
804.9259 	DATA 	Keypress: space
806.5020 	DATA 	Keypress: space
807.9979 	DATA 	Keypress: space
809.3098 	DATA 	Keypress: space
810.7339 	DATA 	Keypress: space
812.2782 	DATA 	Keypress: space
813.9899 	DATA 	Keypress: space
815.3180 	DATA 	Keypress: space
816.9898 	DATA 	Keypress: space
818.7258 	DATA 	Keypress: space
820.2142 	DATA 	Keypress: space
821.7339 	DATA 	Keypress: space
823.2778 	DATA 	Keypress: space
824.6218 	DATA 	Keypress: space
826.1738 	DATA 	Keypress: space
827.7818 	DATA 	Keypress: space
829.3345 	DATA 	Keypress: space
831.0219 	DATA 	Keypress: space
832.6298 	DATA 	Keypress: space
834.1099 	DATA 	Keypress: space
835.5017 	DATA 	Keypress: space
836.9578 	DATA 	Keypress: space
839.0567 	DATA 	No keypress (maxWait exceeded)
840.4550 	DATA 	Keypress: space
842.5606 	DATA 	No keypress (maxWait exceeded)
844.4337 	DATA 	No keypress (maxWait exceeded)
845.9820 	DATA 	Keypress: space
847.5979 	DATA 	Keypress: space
849.4302 	DATA 	Keypress: space
851.1260 	DATA 	Keypress: space
853.3910 	DATA 	No keypress (maxWait exceeded)
854.6704 	DATA 	Keypress: space
856.0059 	DATA 	Keypress: space
858.3566 	DATA 	No keypress (maxWait exceeded)
859.8140 	DATA 	Keypress: space
861.5663 	DATA 	Keypress: space
862.1627 	EXP 	Created unnamed TextStim = TextStim(__class__=<class 'psychopy.visual.text.TextStim'>, alignHoriz=method-wrapper(...), alignText='center', alignVert=method-wrapper(...), anchorHoriz='center', anchorVert='center', antialias=True, autoDraw=False, autoLog=True, bold=False, color=array([-1., -1., -1.]), colorSpace='rgb', contrast=1.0, depth=0, draggable=False, flipHoriz=False, flipVert=False, font='', fontFiles=[], height=0.04, italic=False, languageStyle='LTR', name='unnamed TextStim', opacity=1.0, ori=0.0, pos=array([0., 0.]), rgb=UNKNOWN, text=str(...), units='height', win=Window(...), wrapWidth=1.8)
868.0859 	DATA 	Keypress: space
868.0929 	EXP 	text_endGo: autoDraw = True
870.0991 	EXP 	text_endGo: autoDraw = False
870.0991 	EXP 	text_call: autoDraw = True
878.0979 	INFO 	Keyboard events cleared
880.1148 	EXP 	text_call: autoDraw = False
1761.3323 	DATA 	Keypress: space
1761.3444 	INFO 	Keyboard events cleared
1761.3442 	EXP 	text_endGo: autoDraw = False
1761.3442 	EXP 	text_call: autoDraw = False
1761.3442 	EXP 	text_retomar: autoDraw = True
1782.0468 	DATA 	Keypress: space
1782.0778 	INFO 	Keyboard events cleared
1782.0777 	EXP 	text_retomar: autoDraw = False
1782.0777 	EXP 	text_explain_recall: autoDraw = True
1803.3829 	DATA 	Keypress: space
1803.4118 	INFO 	Keyboard events cleared
1803.4117 	EXP 	text_explain_recall: autoDraw = False
1803.4117 	EXP 	text_explain_old_new: autoDraw = True
1859.3891 	EXP 	Imported Exemplo_old.xlsx as conditions, 4 conditions, 5 params
1859.3894 	EXP 	New trial (rep=0, index=0): <Trial 0 (0 in rep 0) data={'Index': 2, 'ex_scene_old_new': 'Scenes_Dataset/painting_workshop_A.jpg', 'scene_size': (600, 450), 'condition_encode': 'old', 'jitter_ITI': 3, 'thisN': 0, 'thisTrialN': 0, 'thisRepN': 0}>
1859.3897 	DATA 	Keypress: space
1859.3952 	EXP 	text_explain_old_new: autoDraw = False
1859.3952 	EXP 	image_blank: autoDraw = True
1861.6457 	EXP 	cross_25: autoDraw = True
1861.8957 	EXP 	cross_25: autoDraw = False
1862.4026 	INFO 	Keyboard events cleared
1862.4025 	EXP 	image_blank: autoDraw = False
1862.4025 	EXP 	cross_25: autoDraw = False
1862.4025 	EXP 	image_blank: autoDraw = False
1862.4025 	EXP 	image_exemplo_old_new: image = 'Scenes_Dataset/painting_workshop_A.jpg'
1862.4025 	EXP 	image_exemplo_old_new: autoDraw = True
1862.4025 	EXP 	text_ex_old: autoDraw = True
1863.1821 	DATA 	Keypress: left
1865.3965 	EXP 	New trial (rep=0, index=1): <Trial 1 (1 in rep 0) data={'Index': 1, 'ex_scene_old_new': 'Scenes_Dataset/sky_A.jpg', 'scene_size': (600, 398), 'condition_encode': ' old', 'jitter_ITI': 2, 'thisN': 1, 'thisTrialN': 1, 'thisRepN': 0}>
1865.4124 	EXP 	image_exemplo_old_new: autoDraw = False
1865.4124 	EXP 	text_ex_old: autoDraw = False
1865.4124 	EXP 	image_blank: autoDraw = True
1867.4125 	EXP 	image_blank: autoDraw = False
1867.6292 	EXP 	cross_25: autoDraw = True
1867.8845 	INFO 	Keyboard events cleared
1867.8845 	EXP 	cross_25: autoDraw = False
1867.8845 	EXP 	cross_25: autoDraw = False
1867.8845 	EXP 	image_blank: autoDraw = False
1867.8845 	EXP 	image_exemplo_old_new: image = 'Scenes_Dataset/sky_A.jpg'
1867.8845 	EXP 	image_exemplo_old_new: autoDraw = True
1867.8845 	EXP 	text_ex_old: autoDraw = True
1870.8799 	EXP 	New trial (rep=0, index=2): <Trial 2 (2 in rep 0) data={'Index': 4, 'ex_scene_old_new': 'Scenes_Dataset/athletics_track_A', 'scene_size': (600, 450), 'condition_encode': 'new', 'jitter_ITI': 3.25, 'thisN': 2, 'thisTrialN': 2, 'thisRepN': 0}>
1870.8969 	EXP 	image_exemplo_old_new: autoDraw = False
1870.8969 	EXP 	text_ex_old: autoDraw = False
1870.8969 	EXP 	image_blank: autoDraw = True
1873.1126 	EXP 	cross_25: autoDraw = True
1873.3627 	EXP 	cross_25: autoDraw = False
1874.1304 	WARNING 	Requested image 'Scenes_Dataset/athletics_track_A' not found but similar filename 'Scenes_Dataset/athletics_track_A.jpg' exists. This will be used instead but changing the filename is advised.
1874.1473 	INFO 	Keyboard events cleared
1874.1473 	EXP 	image_blank: autoDraw = False
1874.1473 	EXP 	cross_25: autoDraw = False
1874.1473 	EXP 	image_blank: autoDraw = False
1874.1473 	EXP 	image_exemplo_old_new: image = 'Scenes_Dataset/athletics_track_A'
1874.1473 	EXP 	image_exemplo_old_new: autoDraw = True
1874.1473 	EXP 	text_ex_old: autoDraw = True
1875.8474 	DATA 	Keypress: right
1877.1303 	EXP 	New trial (rep=0, index=3): <Trial 3 (3 in rep 0) data={'Index': 3, 'ex_scene_old_new': 'Scenes_Dataset/temple_A.jpg', 'scene_size': (600, 358), 'condition_encode': 'new', 'jitter_ITI': 2.5, 'thisN': 3, 'thisTrialN': 3, 'thisRepN': 0}>
1877.1460 	EXP 	image_exemplo_old_new: autoDraw = False
1877.1460 	EXP 	text_ex_old: autoDraw = False
1877.1460 	EXP 	image_blank: autoDraw = True
1879.3793 	EXP 	cross_25: autoDraw = True
1879.6294 	EXP 	cross_25: autoDraw = False
1879.6509 	INFO 	Keyboard events cleared
1879.6509 	EXP 	image_blank: autoDraw = False
1879.6509 	EXP 	cross_25: autoDraw = False
1879.6509 	EXP 	image_blank: autoDraw = False
1879.6509 	EXP 	image_exemplo_old_new: image = 'Scenes_Dataset/temple_A.jpg'
1879.6509 	EXP 	image_exemplo_old_new: autoDraw = True
1879.6509 	EXP 	text_ex_old: autoDraw = True
1880.8647 	DATA 	Keypress: right
1882.6629 	INFO 	Keyboard events cleared
1882.6627 	EXP 	image_exemplo_old_new: autoDraw = False
1882.6627 	EXP 	text_ex_old: autoDraw = False
1882.6627 	EXP 	text_start_recall: autoDraw = True
1888.9548 	EXP 	Imported Encode_Pairs.xlsx as conditions, 90 conditions, 14 params
1888.9554 	EXP 	New trial (rep=0, index=0): <Trial 0 (0 in rep 0) data={'Index': 47, 'Scene': 'Scenes_Dataset/entrance_hall_B.jpg', 'Scene_Size': (600, 421), 'Condition_Encode': 'Incongruent', 'Object_Encode': 'Objects_Dataset/movie_reels.png', 'Object_Size': (350, 268), 'Condition_Old': 'old', 'Correct_Key_Old': 'left', 'Obj_Lure': 'Objects_Dataset/payment_terminal.png', 'Lure_size': (285, 300), 'Target_pos': (300, 200), 'Lure_pos': (300, -200), 'Correct_key_AFC': 'up', 'jitter_ITI': 3, 'thisN': 0, 'thisTrialN': 0, 'thisRepN': 0}>
1888.9557 	DATA 	Keypress: space
1888.9601 	EXP 	text_start_recall: autoDraw = False
1888.9601 	EXP 	image_blank: autoDraw = True
1891.1962 	EXP 	cross_25: autoDraw = True
1891.4462 	EXP 	cross_25: autoDraw = False
1891.9651 	INFO 	Keyboard events cleared
1891.9650 	EXP 	image_blank: autoDraw = False
1891.9650 	EXP 	cross_25: autoDraw = False
1891.9650 	EXP 	image_blank: autoDraw = False
1891.9650 	EXP 	image_old_new: image = 'Scenes_Dataset/entrance_hall_B.jpg'
1891.9650 	EXP 	image_old_new: autoDraw = True
1891.9650 	EXP 	text_item: autoDraw = True
1892.8154 	DATA 	Keypress: left
1894.9486 	EXP 	New trial (rep=0, index=1): <Trial 1 (1 in rep 0) data={'Index': 57, 'Scene': 'Scenes_Dataset/road_A.jpg', 'Scene_Size': (600, 450), 'Condition_Encode': 'Incongruent', 'Object_Encode': 'Objects_Dataset/wine_cork.png', 'Object_Size': (250, 163), 'Condition_Old': 'old', 'Correct_Key_Old': 'left', 'Obj_Lure': 'Objects_Dataset/locker.png', 'Lure_size': (264, 400), 'Target_pos': (300, 200), 'Lure_pos': (300, -200), 'Correct_key_AFC': 'up', 'jitter_ITI': 2.2, 'thisN': 1, 'thisTrialN': 1, 'thisRepN': 0}>
1894.9630 	EXP 	image_old_new: autoDraw = False
1894.9630 	EXP 	text_item: autoDraw = False
1894.9630 	EXP 	image_blank: autoDraw = True
1897.1629 	EXP 	image_blank: autoDraw = False
1897.1962 	EXP 	cross_25: autoDraw = True
1897.4497 	INFO 	Keyboard events cleared
1897.4497 	EXP 	cross_25: autoDraw = False
1897.4497 	EXP 	cross_25: autoDraw = False
1897.4497 	EXP 	image_blank: autoDraw = False
1897.4497 	EXP 	image_old_new: image = 'Scenes_Dataset/road_A.jpg'
1897.4497 	EXP 	image_old_new: autoDraw = True
1897.4497 	EXP 	text_item: autoDraw = True
1898.8988 	DATA 	Keypress: left
1900.4475 	EXP 	New trial (rep=0, index=2): <Trial 2 (2 in rep 0) data={'Index': 11, 'Scene': 'Scenes_Dataset/airplane_interior_A.jpg', 'Scene_Size': (600, 480), 'Condition_Encode': 'Congruent', 'Object_Encode': 'Objects_Dataset/oxygen_mask_retouched.png', 'Object_Size': (300, 300), 'Condition_Old': 'old', 'Correct_Key_Old': 'left', 'Obj_Lure': 'Objects_Dataset/airplane_belt.png', 'Lure_size': (300, 249), 'Target_pos': (300, -200), 'Lure_pos': (300, 200), 'Correct_key_AFC': 'down', 'jitter_ITI': 2.5, 'thisN': 2, 'thisTrialN': 2, 'thisRepN': 0}>
1900.4629 	EXP 	image_old_new: autoDraw = False
1900.4629 	EXP 	text_item: autoDraw = False
1900.4629 	EXP 	image_blank: autoDraw = True
1902.6796 	EXP 	cross_25: autoDraw = True
1902.9296 	EXP 	cross_25: autoDraw = False
1902.9648 	INFO 	Keyboard events cleared
1902.9648 	EXP 	image_blank: autoDraw = False
1902.9648 	EXP 	cross_25: autoDraw = False
1902.9648 	EXP 	image_blank: autoDraw = False
1902.9648 	EXP 	image_old_new: image = 'Scenes_Dataset/airplane_interior_A.jpg'
1902.9648 	EXP 	image_old_new: autoDraw = True
1902.9648 	EXP 	text_item: autoDraw = True
1904.8317 	DATA 	Keypress: left
1905.9651 	EXP 	New trial (rep=0, index=3): <Trial 3 (3 in rep 0) data={'Index': 89, 'Scene': 'Scenes_Dataset/beach_A.jpg', 'Scene_Size': (600, 450), 'Condition_Encode': 'Lure', 'Object_Encode': None, 'Object_Size': None, 'Condition_Old': 'new', 'Correct_Key_Old': 'right', 'Obj_Lure': None, 'Lure_size': None, 'Target_pos': None, 'Lure_pos': None, 'Correct_key_AFC': None, 'jitter_ITI': 2.25, 'thisN': 3, 'thisTrialN': 3, 'thisRepN': 0}>
1905.9799 	EXP 	image_old_new: autoDraw = False
1905.9799 	EXP 	text_item: autoDraw = False
1905.9799 	EXP 	image_blank: autoDraw = True
1908.1964 	EXP 	cross_25: autoDraw = True
1908.2296 	EXP 	image_blank: autoDraw = False
1908.4474 	INFO 	Keyboard events cleared
1908.4474 	EXP 	cross_25: autoDraw = False
1908.4474 	EXP 	cross_25: autoDraw = False
1908.4474 	EXP 	image_blank: autoDraw = False
1908.4474 	EXP 	image_old_new: image = 'Scenes_Dataset/beach_A.jpg'
1908.4474 	EXP 	image_old_new: autoDraw = True
1908.4474 	EXP 	text_item: autoDraw = True
1909.3318 	DATA 	Keypress: right
1911.4474 	EXP 	New trial (rep=0, index=4): <Trial 4 (4 in rep 0) data={'Index': 2, 'Scene': 'Scenes_Dataset/waiting_room_A.jpg', 'Scene_Size': (600, 450), 'Condition_Encode': 'Congruent', 'Object_Encode': 'Objects_Dataset/clock.png', 'Object_Size': (250, 248), 'Condition_Old': 'old', 'Correct_Key_Old': 'left', 'Obj_Lure': 'Objects_Dataset/water_dispenser.png', 'Lure_size': (300, 300), 'Target_pos': (300, -200), 'Lure_pos': (300, 200), 'Correct_key_AFC': 'down', 'jitter_ITI': 2.05, 'thisN': 4, 'thisTrialN': 4, 'thisRepN': 0}>
1911.4632 	EXP 	image_old_new: autoDraw = False
1911.4632 	EXP 	text_item: autoDraw = False
1911.4632 	EXP 	image_blank: autoDraw = True
1913.5133 	EXP 	image_blank: autoDraw = False
1913.6817 	EXP 	cross_25: autoDraw = True
1913.9462 	INFO 	Keyboard events cleared
1913.9462 	EXP 	cross_25: autoDraw = False
1913.9462 	EXP 	cross_25: autoDraw = False
1913.9462 	EXP 	image_blank: autoDraw = False
1913.9462 	EXP 	image_old_new: image = 'Scenes_Dataset/waiting_room_A.jpg'
1913.9462 	EXP 	image_old_new: autoDraw = True
1913.9462 	EXP 	text_item: autoDraw = True
1915.0152 	DATA 	Keypress: left
1916.9312 	EXP 	New trial (rep=0, index=5): <Trial 5 (5 in rep 0) data={'Index': 71, 'Scene': 'Scenes_Dataset/field_B.jpg', 'Scene_Size': (600, 381), 'Condition_Encode': 'Lure', 'Object_Encode': None, 'Object_Size': None, 'Condition_Old': 'new', 'Correct_Key_Old': 'right', 'Obj_Lure': None, 'Lure_size': None, 'Target_pos': None, 'Lure_pos': None, 'Correct_key_AFC': None, 'jitter_ITI': 2.65, 'thisN': 5, 'thisTrialN': 5, 'thisRepN': 0}>
1916.9466 	EXP 	image_old_new: autoDraw = False
1916.9466 	EXP 	text_item: autoDraw = False
1916.9466 	EXP 	image_old_new: autoDraw = False
1916.9466 	EXP 	text_item: autoDraw = False
1916.9466 	EXP 	image_blank: autoDraw = True
1919.1799 	EXP 	cross_25: autoDraw = True
1919.4299 	EXP 	cross_25: autoDraw = False
1919.6000 	INFO 	Keyboard events cleared
1919.6000 	EXP 	image_blank: autoDraw = False
1919.6000 	EXP 	cross_25: autoDraw = False
1919.6000 	EXP 	image_blank: autoDraw = False
1919.6000 	EXP 	image_old_new: image = 'Scenes_Dataset/field_B.jpg'
1919.6000 	EXP 	image_old_new: autoDraw = True
1919.6000 	EXP 	text_item: autoDraw = True
1920.7489 	DATA 	Keypress: right
1922.5976 	EXP 	New trial (rep=0, index=6): <Trial 6 (6 in rep 0) data={'Index': 68, 'Scene': 'Scenes_Dataset/hut_B.jpg', 'Scene_Size': (600, 400), 'Condition_Encode': 'Lure', 'Object_Encode': None, 'Object_Size': None, 'Condition_Old': 'new', 'Correct_Key_Old': 'right', 'Obj_Lure': None, 'Lure_size': None, 'Target_pos': None, 'Lure_pos': None, 'Correct_key_AFC': None, 'jitter_ITI': 2.5, 'thisN': 6, 'thisTrialN': 6, 'thisRepN': 0}>
1922.6133 	EXP 	image_old_new: autoDraw = False
1922.6133 	EXP 	text_item: autoDraw = False
1922.6133 	EXP 	image_blank: autoDraw = True
1924.8302 	EXP 	cross_25: autoDraw = True
1925.0800 	EXP 	cross_25: autoDraw = False
1925.1148 	INFO 	Keyboard events cleared
1925.1148 	EXP 	image_blank: autoDraw = False
1925.1148 	EXP 	cross_25: autoDraw = False
1925.1148 	EXP 	image_blank: autoDraw = False
1925.1148 	EXP 	image_old_new: image = 'Scenes_Dataset/hut_B.jpg'
1925.1148 	EXP 	image_old_new: autoDraw = True
1925.1148 	EXP 	text_item: autoDraw = True
1926.9307 	DATA 	Keypress: left
1928.0978 	EXP 	New trial (rep=0, index=7): <Trial 7 (7 in rep 0) data={'Index': 70, 'Scene': 'Scenes_Dataset/ballet_room_B.jpg', 'Scene_Size': (600, 400), 'Condition_Encode': 'Lure', 'Object_Encode': None, 'Object_Size': None, 'Condition_Old': 'new', 'Correct_Key_Old': 'right', 'Obj_Lure': None, 'Lure_size': None, 'Target_pos': None, 'Lure_pos': None, 'Correct_key_AFC': None, 'jitter_ITI': 2.6, 'thisN': 7, 'thisTrialN': 7, 'thisRepN': 0}>
1928.1136 	EXP 	image_old_new: autoDraw = False
1928.1136 	EXP 	text_item: autoDraw = False
1928.1136 	EXP 	image_blank: autoDraw = True
1930.3469 	EXP 	cross_25: autoDraw = True
1930.5969 	EXP 	cross_25: autoDraw = False
1930.7161 	INFO 	Keyboard events cleared
1930.7160 	EXP 	image_blank: autoDraw = False
1930.7160 	EXP 	cross_25: autoDraw = False
1930.7160 	EXP 	image_blank: autoDraw = False
1930.7160 	EXP 	image_old_new: image = 'Scenes_Dataset/ballet_room_B.jpg'
1930.7160 	EXP 	image_old_new: autoDraw = True
1930.7160 	EXP 	text_item: autoDraw = True
1931.9831 	DATA 	Keypress: right
1933.7142 	EXP 	New trial (rep=0, index=8): <Trial 8 (8 in rep 0) data={'Index': 63, 'Scene': 'Scenes_Dataset/desert_B.jpg', 'Scene_Size': (600, 381), 'Condition_Encode': 'Lure', 'Object_Encode': None, 'Object_Size': None, 'Condition_Old': 'new', 'Correct_Key_Old': 'right', 'Obj_Lure': None, 'Lure_size': None, 'Target_pos': None, 'Lure_pos': None, 'Correct_key_AFC': None, 'jitter_ITI': 2.25, 'thisN': 8, 'thisTrialN': 8, 'thisRepN': 0}>
1933.7302 	EXP 	image_old_new: autoDraw = False
1933.7302 	EXP 	text_item: autoDraw = False
1933.7302 	EXP 	image_blank: autoDraw = True
1935.9468 	EXP 	cross_25: autoDraw = True
1935.9802 	EXP 	image_blank: autoDraw = False
1936.1990 	INFO 	Keyboard events cleared
1936.1989 	EXP 	cross_25: autoDraw = False
1936.1989 	EXP 	cross_25: autoDraw = False
1936.1989 	EXP 	image_blank: autoDraw = False
1936.1989 	EXP 	image_old_new: image = 'Scenes_Dataset/desert_B.jpg'
1936.1989 	EXP 	image_old_new: autoDraw = True
1936.1989 	EXP 	text_item: autoDraw = True
1937.0484 	DATA 	Keypress: right
1939.1976 	EXP 	New trial (rep=0, index=9): <Trial 9 (9 in rep 0) data={'Index': 34, 'Scene': 'Scenes_Dataset/flower_shop_A.jpg', 'Scene_Size': (600, 450), 'Condition_Encode': 'Incongruent', 'Object_Encode': 'Objects_Dataset/trumpet_retouched.png', 'Object_Size': (300, 122), 'Condition_Old': 'old', 'Correct_Key_Old': 'left', 'Obj_Lure': 'Objects_Dataset/sailor_hat.png', 'Lure_size': (300, 250), 'Target_pos': (300, 200), 'Lure_pos': (300, -200), 'Correct_key_AFC': 'up', 'jitter_ITI': 2.35, 'thisN': 9, 'thisTrialN': 9, 'thisRepN': 0}>
1939.2135 	EXP 	image_old_new: autoDraw = False
1939.2135 	EXP 	text_item: autoDraw = False
1939.2135 	EXP 	image_blank: autoDraw = True
1941.4313 	EXP 	cross_25: autoDraw = True
1941.5636 	EXP 	image_blank: autoDraw = False
1941.6835 	INFO 	Keyboard events cleared
1941.6835 	EXP 	cross_25: autoDraw = False
1941.6835 	EXP 	cross_25: autoDraw = False
1941.6835 	EXP 	image_blank: autoDraw = False
1941.6835 	EXP 	image_old_new: image = 'Scenes_Dataset/flower_shop_A.jpg'
1941.6835 	EXP 	image_old_new: autoDraw = True
1941.6835 	EXP 	text_item: autoDraw = True
1942.6328 	DATA 	Keypress: left
1944.6812 	EXP 	New trial (rep=0, index=10): <Trial 10 (10 in rep 0) data={'Index': 56, 'Scene': 'Scenes_Dataset/fountain_A.jpg', 'Scene_Size': (600, 443), 'Condition_Encode': 'Incongruent', 'Object_Encode': 'Objects_Dataset/plasticine.png', 'Object_Size': (250, 167), 'Condition_Old': 'old', 'Correct_Key_Old': 'left', 'Obj_Lure': 'Objects_Dataset/hands_dryer.png', 'Lure_size': (350, 267), 'Target_pos': (300, 200), 'Lure_pos': (300, -200), 'Correct_key_AFC': 'up', 'jitter_ITI': 2.15, 'thisN': 10, 'thisTrialN': 10, 'thisRepN': 0}>
1944.6969 	EXP 	image_old_new: autoDraw = False
1944.6969 	EXP 	text_item: autoDraw = False
1944.6969 	EXP 	image_blank: autoDraw = True
1946.8500 	EXP 	image_blank: autoDraw = False
1946.9136 	EXP 	cross_25: autoDraw = True
1947.1666 	INFO 	Keyboard events cleared
1947.1666 	EXP 	cross_25: autoDraw = False
1947.1666 	EXP 	cross_25: autoDraw = False
1947.1666 	EXP 	image_blank: autoDraw = False
1947.1666 	EXP 	image_old_new: image = 'Scenes_Dataset/fountain_A.jpg'
1947.1666 	EXP 	image_old_new: autoDraw = True
1947.1666 	EXP 	text_item: autoDraw = True
1948.9330 	DATA 	Keypress: left
1950.1650 	EXP 	New trial (rep=0, index=11): <Trial 11 (11 in rep 0) data={'Index': 75, 'Scene': 'Scenes_Dataset/gymnasium_A.jpg', 'Scene_Size': (600, 399), 'Condition_Encode': 'Lure', 'Object_Encode': None, 'Object_Size': None, 'Condition_Old': 'new', 'Correct_Key_Old': 'right', 'Obj_Lure': None, 'Lure_size': None, 'Target_pos': None, 'Lure_pos': None, 'Correct_key_AFC': None, 'jitter_ITI': 2.85, 'thisN': 11, 'thisTrialN': 11, 'thisRepN': 0}>
1950.1809 	EXP 	image_old_new: autoDraw = False
1950.1809 	EXP 	text_item: autoDraw = False
1950.1809 	EXP 	image_blank: autoDraw = True
1952.4140 	EXP 	cross_25: autoDraw = True
1952.6640 	EXP 	cross_25: autoDraw = False
1953.0373 	INFO 	Keyboard events cleared
1953.0373 	EXP 	image_blank: autoDraw = False
1953.0373 	EXP 	cross_25: autoDraw = False
1953.0373 	EXP 	image_blank: autoDraw = False
1953.0373 	EXP 	image_old_new: image = 'Scenes_Dataset/gymnasium_A.jpg'
1953.0373 	EXP 	image_old_new: autoDraw = True
1953.0373 	EXP 	text_item: autoDraw = True
1954.2164 	DATA 	Keypress: right
1956.0318 	EXP 	New trial (rep=0, index=12): <Trial 12 (12 in rep 0) data={'Index': 28, 'Scene': 'Scenes_Dataset/public_toilet_A.jpg', 'Scene_Size': (600, 375), 'Condition_Encode': 'Congruent', 'Object_Encode': 'Objects_Dataset/hands_dryer.png', 'Object_Size': (350, 267), 'Condition_Old': 'old', 'Correct_Key_Old': 'left', 'Obj_Lure': 'Objects_Dataset/paper_towel_dispenser.png', 'Lure_size': (300, 400), 'Target_pos': (300, -200), 'Lure_pos': (300, 200), 'Correct_key_AFC': 'down', 'jitter_ITI': 2.05, 'thisN': 12, 'thisTrialN': 12, 'thisRepN': 0}>
1956.0474 	EXP 	image_old_new: autoDraw = False
1956.0474 	EXP 	text_item: autoDraw = False
1956.0474 	EXP 	image_blank: autoDraw = True
1958.0973 	EXP 	image_blank: autoDraw = False
1958.2652 	EXP 	cross_25: autoDraw = True
1958.5318 	INFO 	Keyboard events cleared
1958.5317 	EXP 	cross_25: autoDraw = False
1958.5317 	EXP 	cross_25: autoDraw = False
1958.5317 	EXP 	image_blank: autoDraw = False
1958.5317 	EXP 	image_old_new: image = 'Scenes_Dataset/public_toilet_A.jpg'
1958.5317 	EXP 	image_old_new: autoDraw = True
1958.5317 	EXP 	text_item: autoDraw = True
1959.8825 	DATA 	Keypress: right
1961.5315 	EXP 	New trial (rep=0, index=13): <Trial 13 (13 in rep 0) data={'Index': 14, 'Scene': 'Scenes_Dataset/palace_interior_A.jpg', 'Scene_Size': (600, 447), 'Condition_Encode': 'Congruent', 'Object_Encode': 'Objects_Dataset/chandelier_retouched.png', 'Object_Size': (250, 300), 'Condition_Old': 'old', 'Correct_Key_Old': 'left', 'Obj_Lure': 'Objects_Dataset/crown.png', 'Lure_size': (300, 249), 'Target_pos': (300, -200), 'Lure_pos': (300, 200), 'Correct_key_AFC': 'down', 'jitter_ITI': 2.65, 'thisN': 13, 'thisTrialN': 13, 'thisRepN': 0}>
1961.5474 	EXP 	image_old_new: autoDraw = False
1961.5474 	EXP 	text_item: autoDraw = False
1961.5474 	EXP 	image_blank: autoDraw = True
1963.7640 	EXP 	cross_25: autoDraw = True
1964.0141 	EXP 	cross_25: autoDraw = False
1964.2004 	INFO 	Keyboard events cleared
1964.2004 	EXP 	image_blank: autoDraw = False
1964.2004 	EXP 	cross_25: autoDraw = False
1964.2004 	EXP 	image_blank: autoDraw = False
1964.2004 	EXP 	image_old_new: image = 'Scenes_Dataset/palace_interior_A.jpg'
1964.2004 	EXP 	image_old_new: autoDraw = True
1964.2004 	EXP 	text_item: autoDraw = True
1965.4499 	DATA 	Keypress: left
1967.1982 	EXP 	New trial (rep=0, index=14): <Trial 14 (14 in rep 0) data={'Index': 74, 'Scene': 'Scenes_Dataset/terrace_A.jpg', 'Scene_Size': (600, 451), 'Condition_Encode': 'Lure', 'Object_Encode': None, 'Object_Size': None, 'Condition_Old': 'new', 'Correct_Key_Old': 'right', 'Obj_Lure': None, 'Lure_size': None, 'Target_pos': None, 'Lure_pos': None, 'Correct_key_AFC': None, 'jitter_ITI': 2.8, 'thisN': 14, 'thisTrialN': 14, 'thisRepN': 0}>
1967.2140 	EXP 	image_old_new: autoDraw = False
1967.2140 	EXP 	text_item: autoDraw = False
1967.2140 	EXP 	image_blank: autoDraw = True
1969.4475 	EXP 	cross_25: autoDraw = True
1969.6977 	EXP 	cross_25: autoDraw = False
1970.0163 	INFO 	Keyboard events cleared
1970.0162 	EXP 	image_blank: autoDraw = False
1970.0162 	EXP 	cross_25: autoDraw = False
1970.0162 	EXP 	image_blank: autoDraw = False
1970.0162 	EXP 	image_old_new: image = 'Scenes_Dataset/terrace_A.jpg'
1970.0162 	EXP 	image_old_new: autoDraw = True
1970.0162 	EXP 	text_item: autoDraw = True
1971.0657 	DATA 	Keypress: right
1973.0006 	EXP 	New trial (rep=0, index=15): <Trial 15 (15 in rep 0) data={'Index': 67, 'Scene': 'Scenes_Dataset/kindergarten_B.jpg', 'Scene_Size': (600, 401), 'Condition_Encode': 'Lure', 'Object_Encode': None, 'Object_Size': None, 'Condition_Old': 'new', 'Correct_Key_Old': 'right', 'Obj_Lure': None, 'Lure_size': None, 'Target_pos': None, 'Lure_pos': None, 'Correct_key_AFC': None, 'jitter_ITI': 2.45, 'thisN': 15, 'thisTrialN': 15, 'thisRepN': 0}>
1973.0141 	EXP 	image_old_new: autoDraw = False
1973.0141 	EXP 	text_item: autoDraw = False
1973.0141 	EXP 	image_blank: autoDraw = True
1975.2475 	EXP 	cross_25: autoDraw = True
1975.4641 	EXP 	image_blank: autoDraw = False
1975.4984 	INFO 	Keyboard events cleared
1975.4984 	EXP 	cross_25: autoDraw = False
1975.4984 	EXP 	cross_25: autoDraw = False
1975.4984 	EXP 	image_blank: autoDraw = False
1975.4984 	EXP 	image_old_new: image = 'Scenes_Dataset/kindergarten_B.jpg'
1975.4984 	EXP 	image_old_new: autoDraw = True
1975.4984 	EXP 	text_item: autoDraw = True
1977.3161 	DATA 	Keypress: right
1978.4820 	EXP 	New trial (rep=0, index=16): <Trial 16 (16 in rep 0) data={'Index': 52, 'Scene': 'Scenes_Dataset/parking_lot_A.jpg', 'Scene_Size': (600, 397), 'Condition_Encode': 'Incongruent', 'Object_Encode': 'Objects_Dataset/digital_piano_retouched.png', 'Object_Size': (350, 350), 'Condition_Old': 'old', 'Correct_Key_Old': 'left', 'Obj_Lure': 'Objects_Dataset/toothbrush.png', 'Lure_size': (300, 215), 'Target_pos': (300, 200), 'Lure_pos': (300, -200), 'Correct_key_AFC': 'up', 'jitter_ITI': 3.25, 'thisN': 16, 'thisTrialN': 16, 'thisRepN': 0}>
1978.4977 	EXP 	image_old_new: autoDraw = False
1978.4977 	EXP 	text_item: autoDraw = False
1978.4977 	EXP 	image_blank: autoDraw = True
1980.7316 	EXP 	cross_25: autoDraw = True
1980.9809 	EXP 	cross_25: autoDraw = False
1981.7496 	INFO 	Keyboard events cleared
1981.7496 	EXP 	image_blank: autoDraw = False
1981.7496 	EXP 	cross_25: autoDraw = False
1981.7496 	EXP 	image_blank: autoDraw = False
1981.7496 	EXP 	image_old_new: image = 'Scenes_Dataset/parking_lot_A.jpg'
1981.7496 	EXP 	image_old_new: autoDraw = True
1981.7496 	EXP 	text_item: autoDraw = True
1982.6994 	DATA 	Keypress: left
1984.7482 	EXP 	New trial (rep=0, index=17): <Trial 17 (17 in rep 0) data={'Index': 19, 'Scene': 'Scenes_Dataset/island_A.jpg', 'Scene_Size': (600, 420), 'Condition_Encode': 'Congruent', 'Object_Encode': 'Objects_Dataset/message_bottle.png', 'Object_Size': (284, 177), 'Condition_Old': 'old', 'Correct_Key_Old': 'left', 'Obj_Lure': 'Objects_Dataset/kayak.png', 'Lure_size': (450, 338), 'Target_pos': (300, -200), 'Lure_pos': (300, 200), 'Correct_key_AFC': 'down', 'jitter_ITI': 2.9, 'thisN': 17, 'thisTrialN': 17, 'thisRepN': 0}>
1984.7644 	EXP 	image_old_new: autoDraw = False
1984.7644 	EXP 	text_item: autoDraw = False
1984.7644 	EXP 	image_blank: autoDraw = True
1986.9810 	EXP 	cross_25: autoDraw = True
1987.2310 	EXP 	cross_25: autoDraw = False
1987.6670 	INFO 	Keyboard events cleared
1987.6670 	EXP 	image_blank: autoDraw = False
1987.6670 	EXP 	cross_25: autoDraw = False
1987.6670 	EXP 	image_blank: autoDraw = False
1987.6670 	EXP 	image_old_new: image = 'Scenes_Dataset/island_A.jpg'
1987.6670 	EXP 	image_old_new: autoDraw = True
1987.6670 	EXP 	text_item: autoDraw = True
1989.8335 	DATA 	Keypress: left
1990.6649 	EXP 	New trial (rep=0, index=18): <Trial 18 (18 in rep 0) data={'Index': 30, 'Scene': 'Scenes_Dataset/locker_room_B.jpg', 'Scene_Size': (600, 399), 'Condition_Encode': 'Congruent', 'Object_Encode': 'Objects_Dataset/locker.png', 'Object_Size': (264, 400), 'Condition_Old': 'old', 'Correct_Key_Old': 'left', 'Obj_Lure': 'Objects_Dataset/slippers.png', 'Lure_size': (280, 300), 'Target_pos': (300, -200), 'Lure_pos': (300, 200), 'Correct_key_AFC': 'down', 'jitter_ITI': 2.15, 'thisN': 18, 'thisTrialN': 18, 'thisRepN': 0}>
1990.6811 	EXP 	image_old_new: autoDraw = False
1990.6811 	EXP 	text_item: autoDraw = False
1990.6811 	EXP 	image_blank: autoDraw = True
1992.8333 	EXP 	image_blank: autoDraw = False
1992.8978 	EXP 	cross_25: autoDraw = True
1993.1486 	INFO 	Keyboard events cleared
1993.1486 	EXP 	cross_25: autoDraw = False
1993.1486 	EXP 	cross_25: autoDraw = False
1993.1486 	EXP 	image_blank: autoDraw = False
1993.1486 	EXP 	image_old_new: image = 'Scenes_Dataset/locker_room_B.jpg'
1993.1486 	EXP 	image_old_new: autoDraw = True
1993.1486 	EXP 	text_item: autoDraw = True
1994.3661 	DATA 	Keypress: left
1996.1328 	EXP 	New trial (rep=0, index=19): <Trial 19 (19 in rep 0) data={'Index': 26, 'Scene': 'Scenes_Dataset/hospital_room_B.jpg', 'Scene_Size': (600, 400), 'Condition_Encode': 'Congruent', 'Object_Encode': 'Objects_Dataset/saline_retouched.png', 'Object_Size': (300, 225), 'Condition_Old': 'old', 'Correct_Key_Old': 'left', 'Obj_Lure': 'Objects_Dataset/pills.png', 'Lure_size': (216, 250), 'Target_pos': (300, -200), 'Lure_pos': (300, 200), 'Correct_key_AFC': 'down', 'jitter_ITI': 3.25, 'thisN': 19, 'thisTrialN': 19, 'thisRepN': 0}>
1996.1482 	EXP 	image_old_new: autoDraw = False
1996.1482 	EXP 	text_item: autoDraw = False
1996.1482 	EXP 	image_old_new: autoDraw = False
1996.1482 	EXP 	text_item: autoDraw = False
1996.1482 	EXP 	image_blank: autoDraw = True
1998.3979 	EXP 	cross_25: autoDraw = True
1998.6507 	EXP 	cross_25: autoDraw = False
1999.3970 	INFO 	Keyboard events cleared
1999.3969 	EXP 	image_blank: autoDraw = False
1999.3969 	EXP 	cross_25: autoDraw = False
1999.3969 	EXP 	image_blank: autoDraw = False
1999.3969 	EXP 	image_old_new: image = 'Scenes_Dataset/hospital_room_B.jpg'
1999.3969 	EXP 	image_old_new: autoDraw = True
1999.3969 	EXP 	text_item: autoDraw = True
2001.6169 	DATA 	Keypress: left
2002.3819 	EXP 	New trial (rep=0, index=20): <Trial 20 (20 in rep 0) data={'Index': 8, 'Scene': 'Scenes_Dataset/igloo_A.jpg', 'Scene_Size': (600, 450), 'Condition_Encode': 'Congruent', 'Object_Encode': 'Objects_Dataset/eskimo_coat.png', 'Object_Size': (300, 300), 'Condition_Old': 'old', 'Correct_Key_Old': 'left', 'Obj_Lure': 'Objects_Dataset/wool_cap.png', 'Lure_size': (250, 250), 'Target_pos': (300, -200), 'Lure_pos': (300, 200), 'Correct_key_AFC': 'down', 'jitter_ITI': 2.35, 'thisN': 20, 'thisTrialN': 20, 'thisRepN': 0}>
2002.3980 	EXP 	image_old_new: autoDraw = False
2002.3980 	EXP 	text_item: autoDraw = False
2002.3980 	EXP 	image_old_new: autoDraw = False
2002.3980 	EXP 	text_item: autoDraw = False
2002.3980 	EXP 	image_blank: autoDraw = True
2004.6316 	EXP 	cross_25: autoDraw = True
2004.7494 	EXP 	image_blank: autoDraw = False
2004.8869 	INFO 	Keyboard events cleared
2004.8869 	EXP 	cross_25: autoDraw = False
2004.8869 	EXP 	cross_25: autoDraw = False
2004.8869 	EXP 	image_blank: autoDraw = False
2004.8869 	EXP 	image_old_new: image = 'Scenes_Dataset/igloo_A.jpg'
2004.8869 	EXP 	image_old_new: autoDraw = True
2004.8869 	EXP 	text_item: autoDraw = True
2005.8001 	DATA 	Keypress: left
2007.8662 	EXP 	New trial (rep=0, index=21): <Trial 21 (21 in rep 0) data={'Index': 44, 'Scene': 'Scenes_Dataset/boat_interior_A.jpg', 'Scene_Size': (600, 400), 'Condition_Encode': 'Incongruent', 'Object_Encode': 'Objects_Dataset/scooter_retouched.png', 'Object_Size': (311, 350), 'Condition_Old': 'old', 'Correct_Key_Old': 'left', 'Obj_Lure': 'Objects_Dataset/car_mat.png', 'Lure_size': (230, 258), 'Target_pos': (300, 200), 'Lure_pos': (300, -200), 'Correct_key_AFC': 'up', 'jitter_ITI': 2.85, 'thisN': 21, 'thisTrialN': 21, 'thisRepN': 0}>
2007.8814 	EXP 	image_old_new: autoDraw = False
2007.8814 	EXP 	text_item: autoDraw = False
2007.8814 	EXP 	image_blank: autoDraw = True
2010.1149 	EXP 	cross_25: autoDraw = True
2010.3648 	EXP 	cross_25: autoDraw = False
2010.7331 	INFO 	Keyboard events cleared
2010.7331 	EXP 	image_blank: autoDraw = False
2010.7331 	EXP 	cross_25: autoDraw = False
2010.7331 	EXP 	image_blank: autoDraw = False
2010.7331 	EXP 	image_old_new: image = 'Scenes_Dataset/boat_interior_A.jpg'
2010.7331 	EXP 	image_old_new: autoDraw = True
2010.7331 	EXP 	text_item: autoDraw = True
2012.9332 	DATA 	Keypress: right
2013.7322 	EXP 	New trial (rep=0, index=22): <Trial 22 (22 in rep 0) data={'Index': 16, 'Scene': 'Scenes_Dataset/hair_salon_A.jpg', 'Scene_Size': (600, 386), 'Condition_Encode': 'Congruent', 'Object_Encode': 'Objects_Dataset/hairdryer_retouched.png', 'Object_Size': (250, 241), 'Condition_Old': 'old', 'Correct_Key_Old': 'left', 'Obj_Lure': 'Objects_Dataset/comb.png', 'Lure_size': (250, 250), 'Target_pos': (300, -200), 'Lure_pos': (300, 200), 'Correct_key_AFC': 'down', 'jitter_ITI': 2.75, 'thisN': 22, 'thisTrialN': 22, 'thisRepN': 0}>
2013.7481 	EXP 	image_old_new: autoDraw = False
2013.7481 	EXP 	text_item: autoDraw = False
2013.7481 	EXP 	image_blank: autoDraw = True
2015.9647 	EXP 	cross_25: autoDraw = True
2016.2149 	EXP 	cross_25: autoDraw = False
2016.5017 	INFO 	Keyboard events cleared
2016.5017 	EXP 	image_blank: autoDraw = False
2016.5017 	EXP 	cross_25: autoDraw = False
2016.5017 	EXP 	image_blank: autoDraw = False
2016.5017 	EXP 	image_old_new: image = 'Scenes_Dataset/hair_salon_A.jpg'
2016.5017 	EXP 	image_old_new: autoDraw = True
2016.5017 	EXP 	text_item: autoDraw = True
2017.9334 	DATA 	Keypress: left
2019.4837 	EXP 	New trial (rep=0, index=23): <Trial 23 (23 in rep 0) data={'Index': 58, 'Scene': 'Scenes_Dataset/museum_A.jpg', 'Scene_Size': (600, 337), 'Condition_Encode': 'Incongruent', 'Object_Encode': 'Objects_Dataset/bikini.png', 'Object_Size': (350, 350), 'Condition_Old': 'old', 'Correct_Key_Old': 'left', 'Obj_Lure': 'Objects_Dataset/clothesline_retouched_2.png', 'Lure_size': (350, 231), 'Target_pos': (300, 200), 'Lure_pos': (300, -200), 'Correct_key_AFC': 'up', 'jitter_ITI': 2.25, 'thisN': 23, 'thisTrialN': 23, 'thisRepN': 0}>
2019.4985 	EXP 	image_old_new: autoDraw = False
2019.4985 	EXP 	text_item: autoDraw = False
2019.4985 	EXP 	image_blank: autoDraw = True
2021.7315 	EXP 	cross_25: autoDraw = True
2021.7481 	EXP 	image_blank: autoDraw = False
2021.9816 	INFO 	Keyboard events cleared
2021.9816 	EXP 	cross_25: autoDraw = False
2021.9816 	EXP 	cross_25: autoDraw = False
2021.9816 	EXP 	image_blank: autoDraw = False
2021.9816 	EXP 	image_old_new: image = 'Scenes_Dataset/museum_A.jpg'
2021.9816 	EXP 	image_old_new: autoDraw = True
2021.9816 	EXP 	text_item: autoDraw = True
2023.0833 	DATA 	Keypress: left
2024.9660 	EXP 	New trial (rep=0, index=24): <Trial 24 (24 in rep 0) data={'Index': 7, 'Scene': 'Scenes_Dataset/snow_B.jpg', 'Scene_Size': (600, 450), 'Condition_Encode': 'Congruent', 'Object_Encode': 'Objects_Dataset/wool_cap.png', 'Object_Size': (250, 250), 'Condition_Old': 'old', 'Correct_Key_Old': 'left', 'Obj_Lure': 'Objects_Dataset/eskimo_coat.png', 'Lure_size': (300, 300), 'Target_pos': (300, -200), 'Lure_pos': (300, 200), 'Correct_key_AFC': 'down', 'jitter_ITI': 2.3, 'thisN': 24, 'thisTrialN': 24, 'thisRepN': 0}>
2024.9815 	EXP 	image_old_new: autoDraw = False
2024.9815 	EXP 	text_item: autoDraw = False
2024.9815 	EXP 	image_old_new: autoDraw = False
2024.9815 	EXP 	text_item: autoDraw = False
2024.9815 	EXP 	image_blank: autoDraw = True
2027.2151 	EXP 	cross_25: autoDraw = True
2027.2816 	EXP 	image_blank: autoDraw = False
2027.4706 	INFO 	Keyboard events cleared
2027.4706 	EXP 	cross_25: autoDraw = False
2027.4706 	EXP 	cross_25: autoDraw = False
2027.4706 	EXP 	image_blank: autoDraw = False
2027.4706 	EXP 	image_old_new: image = 'Scenes_Dataset/snow_B.jpg'
2027.4706 	EXP 	image_old_new: autoDraw = True
2027.4706 	EXP 	text_item: autoDraw = True
2028.7837 	DATA 	Keypress: left
2030.4663 	EXP 	New trial (rep=0, index=25): <Trial 25 (25 in rep 0) data={'Index': 15, 'Scene': 'Scenes_Dataset/river_A.jpg', 'Scene_Size': (600, 450), 'Condition_Encode': 'Congruent', 'Object_Encode': 'Objects_Dataset/kayak.png', 'Object_Size': (450, 338), 'Condition_Old': 'old', 'Correct_Key_Old': 'left', 'Obj_Lure': 'Objects_Dataset/paddle.png', 'Lure_size': (300, 299), 'Target_pos': (300, -200), 'Lure_pos': (300, 200), 'Correct_key_AFC': 'down', 'jitter_ITI': 2.7, 'thisN': 25, 'thisTrialN': 25, 'thisRepN': 0}>
2030.4819 	EXP 	image_old_new: autoDraw = False
2030.4819 	EXP 	text_item: autoDraw = False
2030.4819 	EXP 	image_blank: autoDraw = True
2032.6983 	EXP 	cross_25: autoDraw = True
2032.9484 	EXP 	cross_25: autoDraw = False
2033.1814 	INFO 	Keyboard events cleared
2033.1813 	EXP 	image_blank: autoDraw = False
2033.1813 	EXP 	cross_25: autoDraw = False
2033.1813 	EXP 	image_blank: autoDraw = False
2033.1813 	EXP 	image_old_new: image = 'Scenes_Dataset/river_A.jpg'
2033.1813 	EXP 	image_old_new: autoDraw = True
2033.1813 	EXP 	text_item: autoDraw = True
2035.2170 	DATA 	Keypress: left
2036.1657 	EXP 	New trial (rep=0, index=26): <Trial 26 (26 in rep 0) data={'Index': 72, 'Scene': 'Scenes_Dataset/underwater_A.jpg', 'Scene_Size': (600, 450), 'Condition_Encode': 'Lure', 'Object_Encode': None, 'Object_Size': None, 'Condition_Old': 'new', 'Correct_Key_Old': 'right', 'Obj_Lure': None, 'Lure_size': None, 'Target_pos': None, 'Lure_pos': None, 'Correct_key_AFC': None, 'jitter_ITI': 2.7, 'thisN': 26, 'thisTrialN': 26, 'thisRepN': 0}>
2036.1816 	EXP 	image_old_new: autoDraw = False
2036.1816 	EXP 	text_item: autoDraw = False
2036.1816 	EXP 	image_old_new: autoDraw = False
2036.1816 	EXP 	text_item: autoDraw = False
2036.1816 	EXP 	image_blank: autoDraw = True
2038.4169 	EXP 	cross_25: autoDraw = True
2038.6818 	EXP 	cross_25: autoDraw = False
2038.8814 	INFO 	Keyboard events cleared
2038.8813 	EXP 	image_blank: autoDraw = False
2038.8813 	EXP 	cross_25: autoDraw = False
2038.8813 	EXP 	image_blank: autoDraw = False
2038.8813 	EXP 	image_old_new: image = 'Scenes_Dataset/underwater_A.jpg'
2038.8813 	EXP 	image_old_new: autoDraw = True
2038.8813 	EXP 	text_item: autoDraw = True
2040.0669 	DATA 	Keypress: right
2041.8661 	EXP 	New trial (rep=0, index=27): <Trial 27 (27 in rep 0) data={'Index': 39, 'Scene': 'Scenes_Dataset/garage_A.jpg', 'Scene_Size': (600, 397), 'Condition_Encode': 'Incongruent', 'Object_Encode': 'Objects_Dataset/crown.png', 'Object_Size': (300, 249), 'Condition_Old': 'old', 'Correct_Key_Old': 'left', 'Obj_Lure': 'Objects_Dataset/oxygen_mask_retouched.png', 'Lure_size': (300, 300), 'Target_pos': (300, 200), 'Lure_pos': (300, -200), 'Correct_key_AFC': 'up', 'jitter_ITI': 2.6, 'thisN': 27, 'thisTrialN': 27, 'thisRepN': 0}>
2041.8818 	EXP 	image_old_new: autoDraw = False
2041.8818 	EXP 	text_item: autoDraw = False
2041.8818 	EXP 	image_old_new: autoDraw = False
2041.8818 	EXP 	text_item: autoDraw = False
2041.8818 	EXP 	image_blank: autoDraw = True
2044.1153 	EXP 	cross_25: autoDraw = True
2044.3651 	EXP 	cross_25: autoDraw = False
2044.4844 	INFO 	Keyboard events cleared
2044.4844 	EXP 	image_blank: autoDraw = False
2044.4844 	EXP 	cross_25: autoDraw = False
2044.4844 	EXP 	image_blank: autoDraw = False
2044.4844 	EXP 	image_old_new: image = 'Scenes_Dataset/garage_A.jpg'
2044.4844 	EXP 	image_old_new: autoDraw = True
2044.4844 	EXP 	text_item: autoDraw = True
2046.2352 	DATA 	Keypress: left
2047.4825 	EXP 	New trial (rep=0, index=28): <Trial 28 (28 in rep 0) data={'Index': 12, 'Scene': 'Scenes_Dataset/castle_A.jpg', 'Scene_Size': (600, 450), 'Condition_Encode': 'Congruent', 'Object_Encode': 'Objects_Dataset/sword_retouched.png', 'Object_Size': (300, 300), 'Condition_Old': 'old', 'Correct_Key_Old': 'left', 'Obj_Lure': 'Objects_Dataset/shield.png', 'Lure_size': (199, 300), 'Target_pos': (300, -200), 'Lure_pos': (300, 200), 'Correct_key_AFC': 'down', 'jitter_ITI': 2.55, 'thisN': 28, 'thisTrialN': 28, 'thisRepN': 0}>
2047.4985 	EXP 	image_old_new: autoDraw = False
2047.4985 	EXP 	text_item: autoDraw = False
2047.4985 	EXP 	image_blank: autoDraw = True
2049.7153 	EXP 	cross_25: autoDraw = True
2049.9653 	EXP 	cross_25: autoDraw = False
2050.0508 	INFO 	Keyboard events cleared
2050.0507 	EXP 	image_blank: autoDraw = False
2050.0507 	EXP 	cross_25: autoDraw = False
2050.0507 	EXP 	image_blank: autoDraw = False
2050.0507 	EXP 	image_old_new: image = 'Scenes_Dataset/castle_A.jpg'
2050.0507 	EXP 	image_old_new: autoDraw = True
2050.0507 	EXP 	text_item: autoDraw = True
2050.9014 	DATA 	Keypress: left
2053.0504 	EXP 	New trial (rep=0, index=29): <Trial 29 (29 in rep 0) data={'Index': 51, 'Scene': 'Scenes_Dataset/clinic_A.jpg', 'Scene_Size': (600, 400), 'Condition_Encode': 'Incongruent', 'Object_Encode': 'Objects_Dataset/juggling_balls_retouched.png', 'Object_Size': (350, 197), 'Condition_Old': 'old', 'Correct_Key_Old': 'left', 'Obj_Lure': 'Objects_Dataset/sled_retouched.png', 'Lure_size': (450, 286), 'Target_pos': (300, 200), 'Lure_pos': (300, -200), 'Correct_key_AFC': 'up', 'jitter_ITI': 3.2, 'thisN': 29, 'thisTrialN': 29, 'thisRepN': 0}>
2053.0656 	EXP 	image_old_new: autoDraw = False
2053.0656 	EXP 	text_item: autoDraw = False
2053.0656 	EXP 	image_blank: autoDraw = True
2055.2823 	EXP 	cross_25: autoDraw = True
2055.5321 	EXP 	cross_25: autoDraw = False
2056.2666 	INFO 	Keyboard events cleared
2056.2665 	EXP 	image_blank: autoDraw = False
2056.2665 	EXP 	cross_25: autoDraw = False
2056.2665 	EXP 	image_blank: autoDraw = False
2056.2665 	EXP 	image_old_new: image = 'Scenes_Dataset/clinic_A.jpg'
2056.2665 	EXP 	image_old_new: autoDraw = True
2056.2665 	EXP 	text_item: autoDraw = True
2058.2004 	DATA 	Keypress: left
2059.2661 	EXP 	New trial (rep=0, index=30): <Trial 30 (30 in rep 0) data={'Index': 10, 'Scene': 'Scenes_Dataset/toy_store_B.jpg', 'Scene_Size': (600, 415), 'Condition_Encode': 'Congruent', 'Object_Encode': 'Objects_Dataset/doll.png', 'Object_Size': (191, 300), 'Condition_Old': 'old', 'Correct_Key_Old': 'left', 'Obj_Lure': 'Objects_Dataset/abacus.png', 'Lure_size': (185, 200), 'Target_pos': (300, -200), 'Lure_pos': (300, 200), 'Correct_key_AFC': 'down', 'jitter_ITI': 2.45, 'thisN': 30, 'thisTrialN': 30, 'thisRepN': 0}>
2059.2823 	EXP 	image_old_new: autoDraw = False
2059.2823 	EXP 	text_item: autoDraw = False
2059.2823 	EXP 	image_blank: autoDraw = True
2061.4988 	EXP 	cross_25: autoDraw = True
2061.7320 	EXP 	image_blank: autoDraw = False
2061.7518 	INFO 	Keyboard events cleared
2061.7518 	EXP 	cross_25: autoDraw = False
2061.7518 	EXP 	cross_25: autoDraw = False
2061.7518 	EXP 	image_blank: autoDraw = False
2061.7518 	EXP 	image_old_new: image = 'Scenes_Dataset/toy_store_B.jpg'
2061.7518 	EXP 	image_old_new: autoDraw = True
2061.7518 	EXP 	text_item: autoDraw = True
2062.6678 	DATA 	Keypress: left
2064.7496 	EXP 	New trial (rep=0, index=31): <Trial 31 (31 in rep 0) data={'Index': 53, 'Scene': 'Scenes_Dataset/operating_room_A.jpg', 'Scene_Size': (600, 416), 'Condition_Encode': 'Incongruent', 'Object_Encode': 'Objects_Dataset/rope.png', 'Object_Size': (300, 248), 'Condition_Old': 'old', 'Correct_Key_Old': 'left', 'Obj_Lure': 'Objects_Dataset/scooter_retouched.png', 'Lure_size': (311, 350), 'Target_pos': (300, 200), 'Lure_pos': (300, -200), 'Correct_key_AFC': 'up', 'jitter_ITI': 2, 'thisN': 31, 'thisTrialN': 31, 'thisRepN': 0}>
2064.7654 	EXP 	image_old_new: autoDraw = False
2064.7654 	EXP 	text_item: autoDraw = False
2064.7654 	EXP 	image_blank: autoDraw = True
2066.7654 	EXP 	image_blank: autoDraw = False
2066.9823 	EXP 	cross_25: autoDraw = True
2067.2315 	INFO 	Keyboard events cleared
2067.2315 	EXP 	cross_25: autoDraw = False
2067.2315 	EXP 	cross_25: autoDraw = False
2067.2315 	EXP 	image_blank: autoDraw = False
2067.2315 	EXP 	image_old_new: image = 'Scenes_Dataset/operating_room_A.jpg'
2067.2315 	EXP 	image_old_new: autoDraw = True
2067.2315 	EXP 	text_item: autoDraw = True
2068.3837 	DATA 	Keypress: left
2070.2162 	EXP 	New trial (rep=0, index=32): <Trial 32 (32 in rep 0) data={'Index': 65, 'Scene': 'Scenes_Dataset/toy_store_A.jpg', 'Scene_Size': (600, 399), 'Condition_Encode': 'Lure', 'Object_Encode': None, 'Object_Size': None, 'Condition_Old': 'new', 'Correct_Key_Old': 'right', 'Obj_Lure': None, 'Lure_size': None, 'Target_pos': None, 'Lure_pos': None, 'Correct_key_AFC': None, 'jitter_ITI': 2.35, 'thisN': 32, 'thisTrialN': 32, 'thisRepN': 0}>
2070.2321 	EXP 	image_old_new: autoDraw = False
2070.2321 	EXP 	text_item: autoDraw = False
2070.2321 	EXP 	image_old_new: autoDraw = False
2070.2321 	EXP 	text_item: autoDraw = False
2070.2321 	EXP 	image_blank: autoDraw = True
2072.4656 	EXP 	cross_25: autoDraw = True
2072.5829 	EXP 	image_blank: autoDraw = False
2072.7174 	INFO 	Keyboard events cleared
2072.7173 	EXP 	cross_25: autoDraw = False
2072.7173 	EXP 	cross_25: autoDraw = False
2072.7173 	EXP 	image_blank: autoDraw = False
2072.7173 	EXP 	image_old_new: image = 'Scenes_Dataset/toy_store_A.jpg'
2072.7173 	EXP 	image_old_new: autoDraw = True
2072.7173 	EXP 	text_item: autoDraw = True
2074.7848 	DATA 	Keypress: right
2075.7167 	EXP 	New trial (rep=0, index=33): <Trial 33 (33 in rep 0) data={'Index': 45, 'Scene': 'Scenes_Dataset/factory_B.jpg', 'Scene_Size': (600, 415), 'Condition_Encode': 'Incongruent', 'Object_Encode': 'Objects_Dataset/shield.png', 'Object_Size': (199, 300), 'Condition_Old': 'old', 'Correct_Key_Old': 'left', 'Obj_Lure': 'Objects_Dataset/trumpet_retouched.png', 'Lure_size': (300, 122), 'Target_pos': (300, 200), 'Lure_pos': (300, -200), 'Correct_key_AFC': 'up', 'jitter_ITI': 2.9, 'thisN': 33, 'thisTrialN': 33, 'thisRepN': 0}>
2075.7327 	EXP 	image_old_new: autoDraw = False
2075.7327 	EXP 	text_item: autoDraw = False
2075.7327 	EXP 	image_blank: autoDraw = True
2077.9492 	EXP 	cross_25: autoDraw = True
2078.1991 	EXP 	cross_25: autoDraw = False
2078.6352 	INFO 	Keyboard events cleared
2078.6352 	EXP 	image_blank: autoDraw = False
2078.6352 	EXP 	cross_25: autoDraw = False
2078.6352 	EXP 	image_blank: autoDraw = False
2078.6352 	EXP 	image_old_new: image = 'Scenes_Dataset/factory_B.jpg'
2078.6352 	EXP 	image_old_new: autoDraw = True
2078.6352 	EXP 	text_item: autoDraw = True
2079.7039 	DATA 	Keypress: left
2081.6169 	EXP 	New trial (rep=0, index=34): <Trial 34 (34 in rep 0) data={'Index': 46, 'Scene': 'Scenes_Dataset/skate_park_A.jpg', 'Scene_Size': (600, 450), 'Condition_Encode': 'Incongruent', 'Object_Encode': 'Objects_Dataset/paddle.png', 'Object_Size': (300, 299), 'Condition_Old': 'old', 'Correct_Key_Old': 'left', 'Obj_Lure': 'Objects_Dataset/fan.png', 'Lure_size': (350, 350), 'Target_pos': (300, 200), 'Lure_pos': (300, -200), 'Correct_key_AFC': 'up', 'jitter_ITI': 2.95, 'thisN': 34, 'thisTrialN': 34, 'thisRepN': 0}>
2081.6324 	EXP 	image_old_new: autoDraw = False
2081.6324 	EXP 	text_item: autoDraw = False
2081.6324 	EXP 	image_blank: autoDraw = True
2083.8657 	EXP 	cross_25: autoDraw = True
2084.1159 	EXP 	cross_25: autoDraw = False
2084.5891 	INFO 	Keyboard events cleared
2084.5891 	EXP 	image_blank: autoDraw = False
2084.5891 	EXP 	cross_25: autoDraw = False
2084.5891 	EXP 	image_blank: autoDraw = False
2084.5891 	EXP 	image_old_new: image = 'Scenes_Dataset/skate_park_A.jpg'
2084.5891 	EXP 	image_old_new: autoDraw = True
2084.5891 	EXP 	text_item: autoDraw = True
2086.3180 	DATA 	Keypress: left
2087.5835 	EXP 	New trial (rep=0, index=35): <Trial 35 (35 in rep 0) data={'Index': 18, 'Scene': 'Scenes_Dataset/soccer_stadium_B.jpg', 'Scene_Size': (600, 400), 'Condition_Encode': 'Congruent', 'Object_Encode': 'Objects_Dataset/football_boots.png', 'Object_Size': (300, 300), 'Condition_Old': 'old', 'Correct_Key_Old': 'left', 'Obj_Lure': 'Objects_Dataset/whistle.png', 'Lure_size': (200, 151), 'Target_pos': (300, -200), 'Lure_pos': (300, 200), 'Correct_key_AFC': 'down', 'jitter_ITI': 2.85, 'thisN': 35, 'thisTrialN': 35, 'thisRepN': 0}>
2087.5994 	EXP 	image_old_new: autoDraw = False
2087.5994 	EXP 	text_item: autoDraw = False
2087.5994 	EXP 	image_blank: autoDraw = True
2089.8178 	EXP 	cross_25: autoDraw = True
2090.0827 	EXP 	cross_25: autoDraw = False
2090.4531 	INFO 	Keyboard events cleared
2090.4531 	EXP 	image_blank: autoDraw = False
2090.4531 	EXP 	cross_25: autoDraw = False
2090.4531 	EXP 	image_blank: autoDraw = False
2090.4531 	EXP 	image_old_new: image = 'Scenes_Dataset/soccer_stadium_B.jpg'
2090.4531 	EXP 	image_old_new: autoDraw = True
2090.4531 	EXP 	text_item: autoDraw = True
2091.4680 	DATA 	Keypress: left
2093.4507 	EXP 	New trial (rep=0, index=36): <Trial 36 (36 in rep 0) data={'Index': 80, 'Scene': 'Scenes_Dataset/amusement_park_A.jpg', 'Scene_Size': (600, 400), 'Condition_Encode': 'Lure', 'Object_Encode': None, 'Object_Size': None, 'Condition_Old': 'new', 'Correct_Key_Old': 'right', 'Obj_Lure': None, 'Lure_size': None, 'Target_pos': None, 'Lure_pos': None, 'Correct_key_AFC': None, 'jitter_ITI': 3.1, 'thisN': 36, 'thisTrialN': 36, 'thisRepN': 0}>
2093.4659 	EXP 	image_old_new: autoDraw = False
2093.4659 	EXP 	text_item: autoDraw = False
2093.4659 	EXP 	image_blank: autoDraw = True
2095.6828 	EXP 	cross_25: autoDraw = True
2095.9337 	EXP 	cross_25: autoDraw = False
2096.5658 	INFO 	Keyboard events cleared
2096.5657 	EXP 	image_blank: autoDraw = False
2096.5657 	EXP 	cross_25: autoDraw = False
2096.5657 	EXP 	image_blank: autoDraw = False
2096.5657 	EXP 	image_old_new: image = 'Scenes_Dataset/amusement_park_A.jpg'
2096.5657 	EXP 	image_old_new: autoDraw = True
2096.5657 	EXP 	text_item: autoDraw = True
2097.6850 	DATA 	Keypress: right
2099.5506 	EXP 	New trial (rep=0, index=37): <Trial 37 (37 in rep 0) data={'Index': 27, 'Scene': 'Scenes_Dataset/toilet_A.jpg', 'Scene_Size': (600, 450), 'Condition_Encode': 'Congruent', 'Object_Encode': 'Objects_Dataset/toothbrush.png', 'Object_Size': (300, 215), 'Condition_Old': 'old', 'Correct_Key_Old': 'left', 'Obj_Lure': 'Objects_Dataset/hairdryer_retouched.png', 'Lure_size': (250, 241), 'Target_pos': (300, -200), 'Lure_pos': (300, 200), 'Correct_key_AFC': 'down', 'jitter_ITI': 2, 'thisN': 37, 'thisTrialN': 37, 'thisRepN': 0}>
2099.5662 	EXP 	image_old_new: autoDraw = False
2099.5662 	EXP 	text_item: autoDraw = False
2099.5662 	EXP 	image_old_new: autoDraw = False
2099.5662 	EXP 	text_item: autoDraw = False
2099.5662 	EXP 	image_blank: autoDraw = True
2101.5662 	EXP 	image_blank: autoDraw = False
2101.7994 	EXP 	cross_25: autoDraw = True
2102.0506 	INFO 	Keyboard events cleared
2102.0505 	EXP 	cross_25: autoDraw = False
2102.0505 	EXP 	cross_25: autoDraw = False
2102.0505 	EXP 	image_blank: autoDraw = False
2102.0505 	EXP 	image_old_new: image = 'Scenes_Dataset/toilet_A.jpg'
2102.0505 	EXP 	image_old_new: autoDraw = True
2102.0505 	EXP 	text_item: autoDraw = True
2103.5353 	DATA 	Keypress: left
2105.0342 	EXP 	New trial (rep=0, index=38): <Trial 38 (38 in rep 0) data={'Index': 84, 'Scene': 'Scenes_Dataset/bedroom_A.jpg', 'Scene_Size': (600, 403), 'Condition_Encode': 'Lure', 'Object_Encode': None, 'Object_Size': None, 'Condition_Old': 'new', 'Correct_Key_Old': 'right', 'Obj_Lure': None, 'Lure_size': None, 'Target_pos': None, 'Lure_pos': None, 'Correct_key_AFC': None, 'jitter_ITI': 2, 'thisN': 38, 'thisTrialN': 38, 'thisRepN': 0}>
2105.0509 	EXP 	image_old_new: autoDraw = False
2105.0509 	EXP 	text_item: autoDraw = False
2105.0509 	EXP 	image_blank: autoDraw = True
2107.0667 	EXP 	image_blank: autoDraw = False
2107.2829 	EXP 	cross_25: autoDraw = True
2107.5337 	INFO 	Keyboard events cleared
2107.5337 	EXP 	cross_25: autoDraw = False
2107.5337 	EXP 	cross_25: autoDraw = False
2107.5337 	EXP 	image_blank: autoDraw = False
2107.5337 	EXP 	image_old_new: image = 'Scenes_Dataset/bedroom_A.jpg'
2107.5337 	EXP 	image_old_new: autoDraw = True
2107.5337 	EXP 	text_item: autoDraw = True
2108.6012 	DATA 	Keypress: right
2110.5172 	EXP 	New trial (rep=0, index=39): <Trial 39 (39 in rep 0) data={'Index': 82, 'Scene': 'Scenes_Dataset/classroom_A.jpg', 'Scene_Size': (600, 450), 'Condition_Encode': 'Lure', 'Object_Encode': None, 'Object_Size': None, 'Condition_Old': 'new', 'Correct_Key_Old': 'right', 'Obj_Lure': None, 'Lure_size': None, 'Target_pos': None, 'Lure_pos': None, 'Correct_key_AFC': None, 'jitter_ITI': 3.2, 'thisN': 39, 'thisTrialN': 39, 'thisRepN': 0}>
2110.5330 	EXP 	image_old_new: autoDraw = False
2110.5330 	EXP 	text_item: autoDraw = False
2110.5330 	EXP 	image_old_new: autoDraw = False
2110.5330 	EXP 	text_item: autoDraw = False
2110.5330 	EXP 	image_blank: autoDraw = True
2112.7664 	EXP 	cross_25: autoDraw = True
2113.0163 	EXP 	cross_25: autoDraw = False
2113.7350 	INFO 	Keyboard events cleared
2113.7350 	EXP 	image_blank: autoDraw = False
2113.7350 	EXP 	cross_25: autoDraw = False
2113.7350 	EXP 	image_blank: autoDraw = False
2113.7350 	EXP 	image_old_new: image = 'Scenes_Dataset/classroom_A.jpg'
2113.7350 	EXP 	image_old_new: autoDraw = True
2113.7350 	EXP 	text_item: autoDraw = True
2114.9849 	DATA 	Keypress: right
2116.7340 	EXP 	New trial (rep=0, index=40): <Trial 40 (40 in rep 0) data={'Index': 54, 'Scene': 'Scenes_Dataset/campsite_A.jpg', 'Scene_Size': (600, 402), 'Condition_Encode': 'Incongruent', 'Object_Encode': 'Objects_Dataset/door_mat.png', 'Object_Size': (300, 300), 'Condition_Old': 'old', 'Correct_Key_Old': 'left', 'Obj_Lure': 'Objects_Dataset/remote_control.png', 'Lure_size': (300, 293), 'Target_pos': (300, 200), 'Lure_pos': (300, -200), 'Correct_key_AFC': 'up', 'jitter_ITI': 2.05, 'thisN': 40, 'thisTrialN': 40, 'thisRepN': 0}>
2116.7498 	EXP 	image_old_new: autoDraw = False
2116.7498 	EXP 	text_item: autoDraw = False
2116.7498 	EXP 	image_blank: autoDraw = True
2118.7996 	EXP 	image_blank: autoDraw = False
2118.9672 	EXP 	cross_25: autoDraw = True
2119.2184 	INFO 	Keyboard events cleared
2119.2184 	EXP 	cross_25: autoDraw = False
2119.2184 	EXP 	cross_25: autoDraw = False
2119.2184 	EXP 	image_blank: autoDraw = False
2119.2184 	EXP 	image_old_new: image = 'Scenes_Dataset/campsite_A.jpg'
2119.2184 	EXP 	image_old_new: autoDraw = True
2119.2184 	EXP 	text_item: autoDraw = True
2120.1854 	DATA 	Keypress: left
2122.2171 	EXP 	New trial (rep=0, index=41): <Trial 41 (41 in rep 0) data={'Index': 62, 'Scene': 'Scenes_Dataset/soccer_stadium_A.jpg', 'Scene_Size': (600, 400), 'Condition_Encode': 'Lure', 'Object_Encode': None, 'Object_Size': None, 'Condition_Old': 'new', 'Correct_Key_Old': 'right', 'Obj_Lure': None, 'Lure_size': None, 'Target_pos': None, 'Lure_pos': None, 'Correct_key_AFC': None, 'jitter_ITI': 2.2, 'thisN': 41, 'thisTrialN': 41, 'thisRepN': 0}>
2122.2330 	EXP 	image_old_new: autoDraw = False
2122.2330 	EXP 	text_item: autoDraw = False
2122.2330 	EXP 	image_blank: autoDraw = True
2124.4331 	EXP 	image_blank: autoDraw = False
2124.4497 	EXP 	cross_25: autoDraw = True
2124.7027 	INFO 	Keyboard events cleared
2124.7027 	EXP 	cross_25: autoDraw = False
2124.7027 	EXP 	cross_25: autoDraw = False
2124.7027 	EXP 	image_blank: autoDraw = False
2124.7027 	EXP 	image_old_new: image = 'Scenes_Dataset/soccer_stadium_A.jpg'
2124.7027 	EXP 	image_old_new: autoDraw = True
2124.7027 	EXP 	text_item: autoDraw = True
2125.8358 	DATA 	Keypress: right
2127.7007 	EXP 	New trial (rep=0, index=42): <Trial 42 (42 in rep 0) data={'Index': 87, 'Scene': 'Scenes_Dataset/train_station_A.jpg', 'Scene_Size': (600, 415), 'Condition_Encode': 'Lure', 'Object_Encode': None, 'Object_Size': None, 'Condition_Old': 'new', 'Correct_Key_Old': 'right', 'Obj_Lure': None, 'Lure_size': None, 'Target_pos': None, 'Lure_pos': None, 'Correct_key_AFC': None, 'jitter_ITI': 2.15, 'thisN': 42, 'thisTrialN': 42, 'thisRepN': 0}>
2127.7165 	EXP 	image_old_new: autoDraw = False
2127.7165 	EXP 	text_item: autoDraw = False
2127.7165 	EXP 	image_blank: autoDraw = True
2129.8666 	EXP 	image_blank: autoDraw = False
2129.9499 	EXP 	cross_25: autoDraw = True
2130.2012 	INFO 	Keyboard events cleared
2130.2011 	EXP 	cross_25: autoDraw = False
2130.2011 	EXP 	cross_25: autoDraw = False
2130.2011 	EXP 	image_blank: autoDraw = False
2130.2011 	EXP 	image_old_new: image = 'Scenes_Dataset/train_station_A.jpg'
2130.2011 	EXP 	image_old_new: autoDraw = True
2130.2011 	EXP 	text_item: autoDraw = True
2131.3185 	DATA 	Keypress: right
2133.2026 	EXP 	New trial (rep=0, index=43): <Trial 43 (43 in rep 0) data={'Index': 24, 'Scene': 'Scenes_Dataset/marina_A.jpg', 'Scene_Size': (600, 450), 'Condition_Encode': 'Congruent', 'Object_Encode': 'Objects_Dataset/sailor_hat.png', 'Object_Size': (300, 250), 'Condition_Old': 'old', 'Correct_Key_Old': 'left', 'Obj_Lure': 'Objects_Dataset/rope.png', 'Lure_size': (300, 248), 'Target_pos': (300, -200), 'Lure_pos': (300, 200), 'Correct_key_AFC': 'down', 'jitter_ITI': 3.15, 'thisN': 43, 'thisTrialN': 43, 'thisRepN': 0}>
2133.2165 	EXP 	image_old_new: autoDraw = False
2133.2165 	EXP 	text_item: autoDraw = False
2133.2165 	EXP 	image_blank: autoDraw = True
2135.4332 	EXP 	cross_25: autoDraw = True
2135.6832 	EXP 	cross_25: autoDraw = False
2136.3701 	INFO 	Keyboard events cleared
2136.3701 	EXP 	image_blank: autoDraw = False
2136.3701 	EXP 	cross_25: autoDraw = False
2136.3701 	EXP 	image_blank: autoDraw = False
2136.3701 	EXP 	image_old_new: image = 'Scenes_Dataset/marina_A.jpg'
2136.3701 	EXP 	image_old_new: autoDraw = True
2136.3701 	EXP 	text_item: autoDraw = True
2138.7350 	DATA 	Keypress: left
2139.3675 	EXP 	New trial (rep=0, index=44): <Trial 44 (44 in rep 0) data={'Index': 4, 'Scene': 'Scenes_Dataset/pastry_shop_A.jpg', 'Scene_Size': (600, 400), 'Condition_Encode': 'Congruent', 'Object_Encode': 'Objects_Dataset/cake_holder.png', 'Object_Size': (300, 209), 'Condition_Old': 'old', 'Correct_Key_Old': 'left', 'Obj_Lure': 'Objects_Dataset/cake_tongs_retouched.png', 'Lure_size': (300, 75), 'Target_pos': (300, -200), 'Lure_pos': (300, 200), 'Correct_key_AFC': 'down', 'jitter_ITI': 2.15, 'thisN': 44, 'thisTrialN': 44, 'thisRepN': 0}>
2139.3833 	EXP 	image_old_new: autoDraw = False
2139.3833 	EXP 	text_item: autoDraw = False
2139.3833 	EXP 	image_blank: autoDraw = True
2141.5332 	EXP 	image_blank: autoDraw = False
2141.5999 	EXP 	cross_25: autoDraw = True
2141.8516 	INFO 	Keyboard events cleared
2141.8515 	EXP 	cross_25: autoDraw = False
2141.8515 	EXP 	cross_25: autoDraw = False
2141.8515 	EXP 	image_blank: autoDraw = False
2141.8515 	EXP 	image_old_new: image = 'Scenes_Dataset/pastry_shop_A.jpg'
2141.8515 	EXP 	image_old_new: autoDraw = True
2141.8515 	EXP 	text_item: autoDraw = True
2143.3188 	DATA 	Keypress: right
2144.8509 	EXP 	New trial (rep=0, index=45): <Trial 45 (45 in rep 0) data={'Index': 88, 'Scene': 'Scenes_Dataset/library_A.jpg', 'Scene_Size': (600, 478), 'Condition_Encode': 'Lure', 'Object_Encode': None, 'Object_Size': None, 'Condition_Old': 'new', 'Correct_Key_Old': 'right', 'Obj_Lure': None, 'Lure_size': None, 'Target_pos': None, 'Lure_pos': None, 'Correct_key_AFC': None, 'jitter_ITI': 2.2, 'thisN': 45, 'thisTrialN': 45, 'thisRepN': 0}>
2144.8666 	EXP 	image_old_new: autoDraw = False
2144.8666 	EXP 	text_item: autoDraw = False
2144.8666 	EXP 	image_blank: autoDraw = True
2147.0666 	EXP 	image_blank: autoDraw = False
2147.0833 	EXP 	cross_25: autoDraw = True
2147.3372 	INFO 	Keyboard events cleared
2147.3372 	EXP 	cross_25: autoDraw = False
2147.3372 	EXP 	cross_25: autoDraw = False
2147.3372 	EXP 	image_blank: autoDraw = False
2147.3372 	EXP 	image_old_new: image = 'Scenes_Dataset/library_A.jpg'
2147.3372 	EXP 	image_old_new: autoDraw = True
2147.3372 	EXP 	text_item: autoDraw = True
2148.2188 	DATA 	Keypress: right
2150.3371 	EXP 	New trial (rep=0, index=46): <Trial 46 (46 in rep 0) data={'Index': 66, 'Scene': 'Scenes_Dataset/vault_B.jpg', 'Scene_Size': (600, 400), 'Condition_Encode': 'Lure', 'Object_Encode': None, 'Object_Size': None, 'Condition_Old': 'new', 'Correct_Key_Old': 'right', 'Obj_Lure': None, 'Lure_size': None, 'Target_pos': None, 'Lure_pos': None, 'Correct_key_AFC': None, 'jitter_ITI': 2.4, 'thisN': 46, 'thisTrialN': 46, 'thisRepN': 0}>
2150.3500 	EXP 	image_old_new: autoDraw = False
2150.3500 	EXP 	text_item: autoDraw = False
2150.3500 	EXP 	image_blank: autoDraw = True
2152.5667 	EXP 	cross_25: autoDraw = True
2152.7502 	EXP 	image_blank: autoDraw = False
2152.8177 	INFO 	Keyboard events cleared
2152.8177 	EXP 	cross_25: autoDraw = False
2152.8177 	EXP 	cross_25: autoDraw = False
2152.8177 	EXP 	image_blank: autoDraw = False
2152.8177 	EXP 	image_old_new: image = 'Scenes_Dataset/vault_B.jpg'
2152.8177 	EXP 	image_old_new: autoDraw = True
2152.8177 	EXP 	text_item: autoDraw = True
2153.9691 	DATA 	Keypress: right
2155.8008 	EXP 	New trial (rep=0, index=47): <Trial 47 (47 in rep 0) data={'Index': 36, 'Scene': 'Scenes_Dataset/stable_A.jpg', 'Scene_Size': (600, 450), 'Condition_Encode': 'Incongruent', 'Object_Encode': 'Objects_Dataset/remote_control.png', 'Object_Size': (300, 293), 'Condition_Old': 'old', 'Correct_Key_Old': 'left', 'Obj_Lure': 'Objects_Dataset/sword_retouched.png', 'Lure_size': (300, 300), 'Target_pos': (300, 200), 'Lure_pos': (300, -200), 'Correct_key_AFC': 'up', 'jitter_ITI': 2.45, 'thisN': 47, 'thisTrialN': 47, 'thisRepN': 0}>
2155.8167 	EXP 	image_old_new: autoDraw = False
2155.8167 	EXP 	text_item: autoDraw = False
2155.8167 	EXP 	image_old_new: autoDraw = False
2155.8167 	EXP 	text_item: autoDraw = False
2155.8167 	EXP 	image_blank: autoDraw = True
2158.0530 	EXP 	cross_25: autoDraw = True
2158.2667 	EXP 	image_blank: autoDraw = False
2158.3235 	INFO 	Keyboard events cleared
2158.3235 	EXP 	cross_25: autoDraw = False
2158.3235 	EXP 	cross_25: autoDraw = False
2158.3235 	EXP 	image_blank: autoDraw = False
2158.3235 	EXP 	image_old_new: image = 'Scenes_Dataset/stable_A.jpg'
2158.3235 	EXP 	image_old_new: autoDraw = True
2158.3235 	EXP 	text_item: autoDraw = True
2159.3357 	DATA 	Keypress: left
2161.3174 	EXP 	New trial (rep=0, index=48): <Trial 48 (48 in rep 0) data={'Index': 73, 'Scene': 'Scenes_Dataset/cemetery_A.jpg', 'Scene_Size': (600, 452), 'Condition_Encode': 'Lure', 'Object_Encode': None, 'Object_Size': None, 'Condition_Old': 'new', 'Correct_Key_Old': 'right', 'Obj_Lure': None, 'Lure_size': None, 'Target_pos': None, 'Lure_pos': None, 'Correct_key_AFC': None, 'jitter_ITI': 2.75, 'thisN': 48, 'thisTrialN': 48, 'thisRepN': 0}>
2161.3335 	EXP 	image_old_new: autoDraw = False
2161.3335 	EXP 	text_item: autoDraw = False
2161.3335 	EXP 	image_blank: autoDraw = True
2163.5503 	EXP 	cross_25: autoDraw = True
2163.8004 	EXP 	cross_25: autoDraw = False
2164.0865 	INFO 	Keyboard events cleared
2164.0864 	EXP 	image_blank: autoDraw = False
2164.0864 	EXP 	cross_25: autoDraw = False
2164.0864 	EXP 	image_blank: autoDraw = False
2164.0864 	EXP 	image_old_new: image = 'Scenes_Dataset/cemetery_A.jpg'
2164.0864 	EXP 	image_old_new: autoDraw = True
2164.0864 	EXP 	text_item: autoDraw = True
2165.3687 	DATA 	Keypress: right
2167.0843 	EXP 	New trial (rep=0, index=49): <Trial 49 (49 in rep 0) data={'Index': 33, 'Scene': 'Scenes_Dataset/ice_rink_A.jpg', 'Scene_Size': (600, 450), 'Condition_Encode': 'Incongruent', 'Object_Encode': 'Objects_Dataset/paper_towel_dispenser.png', 'Object_Size': (300, 400), 'Condition_Old': 'old', 'Correct_Key_Old': 'left', 'Obj_Lure': 'Objects_Dataset/saxophone.png', 'Lure_size': (250, 250), 'Target_pos': (300, 200), 'Lure_pos': (300, -200), 'Correct_key_AFC': 'up', 'jitter_ITI': 2.3, 'thisN': 49, 'thisTrialN': 49, 'thisRepN': 0}>
2167.1004 	EXP 	image_old_new: autoDraw = False
2167.1004 	EXP 	text_item: autoDraw = False
2167.1004 	EXP 	image_blank: autoDraw = True
2169.3170 	EXP 	cross_25: autoDraw = True
2169.4010 	EXP 	image_blank: autoDraw = False
2169.5687 	INFO 	Keyboard events cleared
2169.5687 	EXP 	cross_25: autoDraw = False
2169.5687 	EXP 	cross_25: autoDraw = False
2169.5687 	EXP 	image_blank: autoDraw = False
2169.5687 	EXP 	image_old_new: image = 'Scenes_Dataset/ice_rink_A.jpg'
2169.5687 	EXP 	image_old_new: autoDraw = True
2169.5687 	EXP 	text_item: autoDraw = True
2170.5028 	DATA 	Keypress: left
2172.5692 	EXP 	New trial (rep=0, index=50): <Trial 50 (50 in rep 0) data={'Index': 64, 'Scene': 'Scenes_Dataset/building_entrance_B.jpg', 'Scene_Size': (600, 398), 'Condition_Encode': 'Lure', 'Object_Encode': None, 'Object_Size': None, 'Condition_Old': 'new', 'Correct_Key_Old': 'right', 'Obj_Lure': None, 'Lure_size': None, 'Target_pos': None, 'Lure_pos': None, 'Correct_key_AFC': None, 'jitter_ITI': 2.3, 'thisN': 50, 'thisTrialN': 50, 'thisRepN': 0}>
2172.5840 	EXP 	image_old_new: autoDraw = False
2172.5840 	EXP 	text_item: autoDraw = False
2172.5840 	EXP 	image_blank: autoDraw = True
2174.8008 	EXP 	cross_25: autoDraw = True
2174.8839 	EXP 	image_blank: autoDraw = False
2175.0507 	INFO 	Keyboard events cleared
2175.0506 	EXP 	cross_25: autoDraw = False
2175.0506 	EXP 	cross_25: autoDraw = False
2175.0506 	EXP 	image_blank: autoDraw = False
2175.0506 	EXP 	image_old_new: image = 'Scenes_Dataset/building_entrance_B.jpg'
2175.0506 	EXP 	image_old_new: autoDraw = True
2175.0506 	EXP 	text_item: autoDraw = True
2176.0523 	DATA 	Keypress: right
2178.0347 	EXP 	New trial (rep=0, index=51): <Trial 51 (51 in rep 0) data={'Index': 13, 'Scene': 'Scenes_Dataset/circus_A.jpg', 'Scene_Size': (600, 421), 'Condition_Encode': 'Congruent', 'Object_Encode': 'Objects_Dataset/unicycle_retouched.png', 'Object_Size': (159, 300), 'Condition_Old': 'old', 'Correct_Key_Old': 'left', 'Obj_Lure': 'Objects_Dataset/juggling_balls_retouched.png', 'Lure_size': (350, 197), 'Target_pos': (300, -200), 'Lure_pos': (300, 200), 'Correct_key_AFC': 'down', 'jitter_ITI': 2.6, 'thisN': 51, 'thisTrialN': 51, 'thisRepN': 0}>
2178.0504 	EXP 	image_old_new: autoDraw = False
2178.0504 	EXP 	text_item: autoDraw = False
2178.0504 	EXP 	image_old_new: autoDraw = False
2178.0504 	EXP 	text_item: autoDraw = False
2178.0504 	EXP 	image_blank: autoDraw = True
2180.2852 	EXP 	cross_25: autoDraw = True
2180.5505 	EXP 	cross_25: autoDraw = False
2180.6555 	INFO 	Keyboard events cleared
2180.6555 	EXP 	image_blank: autoDraw = False
2180.6555 	EXP 	cross_25: autoDraw = False
2180.6555 	EXP 	image_blank: autoDraw = False
2180.6555 	EXP 	image_old_new: image = 'Scenes_Dataset/circus_A.jpg'
2180.6555 	EXP 	image_old_new: autoDraw = True
2180.6555 	EXP 	text_item: autoDraw = True
2181.5866 	DATA 	Keypress: left
2183.6521 	EXP 	New trial (rep=0, index=52): <Trial 52 (52 in rep 0) data={'Index': 79, 'Scene': 'Scenes_Dataset/construction_A.jpg', 'Scene_Size': (600, 440), 'Condition_Encode': 'Lure', 'Object_Encode': None, 'Object_Size': None, 'Condition_Old': 'new', 'Correct_Key_Old': 'right', 'Obj_Lure': None, 'Lure_size': None, 'Target_pos': None, 'Lure_pos': None, 'Correct_key_AFC': None, 'jitter_ITI': 3.05, 'thisN': 52, 'thisTrialN': 52, 'thisRepN': 0}>
2183.6673 	EXP 	image_old_new: autoDraw = False
2183.6673 	EXP 	text_item: autoDraw = False
2183.6673 	EXP 	image_blank: autoDraw = True
2185.9012 	EXP 	cross_25: autoDraw = True
2186.1506 	EXP 	cross_25: autoDraw = False
2186.7226 	INFO 	Keyboard events cleared
2186.7226 	EXP 	image_blank: autoDraw = False
2186.7226 	EXP 	cross_25: autoDraw = False
2186.7226 	EXP 	image_blank: autoDraw = False
2186.7226 	EXP 	image_old_new: image = 'Scenes_Dataset/construction_A.jpg'
2186.7226 	EXP 	image_old_new: autoDraw = True
2186.7226 	EXP 	text_item: autoDraw = True
2187.6357 	DATA 	Keypress: right
2189.7180 	EXP 	New trial (rep=0, index=53): <Trial 53 (53 in rep 0) data={'Index': 59, 'Scene': 'Scenes_Dataset/golf_course_A.jpg', 'Scene_Size': (600, 400), 'Condition_Encode': 'Incongruent', 'Object_Encode': 'Objects_Dataset/clothesline_retouched_2.png', 'Object_Size': (350, 231), 'Condition_Old': 'old', 'Correct_Key_Old': 'left', 'Obj_Lure': 'Objects_Dataset/computer_monitor.png', 'Lure_size': (300, 300), 'Target_pos': (300, 200), 'Lure_pos': (300, -200), 'Correct_key_AFC': 'up', 'jitter_ITI': 2.3, 'thisN': 53, 'thisTrialN': 53, 'thisRepN': 0}>
2189.7341 	EXP 	image_old_new: autoDraw = False
2189.7341 	EXP 	text_item: autoDraw = False
2189.7341 	EXP 	image_blank: autoDraw = True
2191.9508 	EXP 	cross_25: autoDraw = True
2192.0343 	EXP 	image_blank: autoDraw = False
2192.2027 	INFO 	Keyboard events cleared
2192.2027 	EXP 	cross_25: autoDraw = False
2192.2027 	EXP 	cross_25: autoDraw = False
2192.2027 	EXP 	image_blank: autoDraw = False
2192.2027 	EXP 	image_old_new: image = 'Scenes_Dataset/golf_course_A.jpg'
2192.2027 	EXP 	image_old_new: autoDraw = True
2192.2027 	EXP 	text_item: autoDraw = True
2193.5530 	DATA 	Keypress: left
2195.2016 	EXP 	New trial (rep=0, index=54): <Trial 54 (54 in rep 0) data={'Index': 21, 'Scene': 'Scenes_Dataset/pharmacy_A.jpg', 'Scene_Size': (600, 461), 'Condition_Encode': 'Congruent', 'Object_Encode': 'Objects_Dataset/pills.png', 'Object_Size': (216, 250), 'Condition_Old': 'old', 'Correct_Key_Old': 'left', 'Obj_Lure': 'Objects_Dataset/thermometer.png', 'Lure_size': (300, 199), 'Target_pos': (300, -200), 'Lure_pos': (300, 200), 'Correct_key_AFC': 'down', 'jitter_ITI': 3, 'thisN': 54, 'thisTrialN': 54, 'thisRepN': 0}>
2195.2174 	EXP 	image_old_new: autoDraw = False
2195.2174 	EXP 	text_item: autoDraw = False
2195.2174 	EXP 	image_blank: autoDraw = True
2197.4350 	EXP 	cross_25: autoDraw = True
2197.6842 	EXP 	cross_25: autoDraw = False
2198.2230 	INFO 	Keyboard events cleared
2198.2229 	EXP 	image_blank: autoDraw = False
2198.2229 	EXP 	cross_25: autoDraw = False
2198.2229 	EXP 	image_blank: autoDraw = False
2198.2229 	EXP 	image_old_new: image = 'Scenes_Dataset/pharmacy_A.jpg'
2198.2229 	EXP 	image_old_new: autoDraw = True
2198.2229 	EXP 	text_item: autoDraw = True
2199.9361 	DATA 	Keypress: right
2201.2187 	EXP 	New trial (rep=0, index=55): <Trial 55 (55 in rep 0) data={'Index': 50, 'Scene': 'Scenes_Dataset/playground_A.jpg', 'Scene_Size': (600, 337), 'Condition_Encode': 'Incongruent', 'Object_Encode': 'Objects_Dataset/water_dispenser.png', 'Object_Size': (300, 300), 'Condition_Old': 'old', 'Correct_Key_Old': 'left', 'Obj_Lure': 'Objects_Dataset/wine_cork.png', 'Lure_size': (250, 163), 'Target_pos': (300, 200), 'Lure_pos': (300, -200), 'Correct_key_AFC': 'up', 'jitter_ITI': 3.15, 'thisN': 55, 'thisTrialN': 55, 'thisRepN': 0}>
2201.2342 	EXP 	image_old_new: autoDraw = False
2201.2342 	EXP 	text_item: autoDraw = False
2201.2342 	EXP 	image_blank: autoDraw = True
2203.4508 	EXP 	cross_25: autoDraw = True
2203.7009 	EXP 	cross_25: autoDraw = False
2204.3848 	INFO 	Keyboard events cleared
2204.3848 	EXP 	image_blank: autoDraw = False
2204.3848 	EXP 	cross_25: autoDraw = False
2204.3848 	EXP 	image_blank: autoDraw = False
2204.3848 	EXP 	image_old_new: image = 'Scenes_Dataset/playground_A.jpg'
2204.3848 	EXP 	image_old_new: autoDraw = True
2204.3848 	EXP 	text_item: autoDraw = True
2205.7863 	DATA 	Keypress: left
2207.3685 	EXP 	New trial (rep=0, index=56): <Trial 56 (56 in rep 0) data={'Index': 77, 'Scene': 'Scenes_Dataset/trash_A.jpg', 'Scene_Size': (600, 424), 'Condition_Encode': 'Lure', 'Object_Encode': None, 'Object_Size': None, 'Condition_Old': 'new', 'Correct_Key_Old': 'right', 'Obj_Lure': None, 'Lure_size': None, 'Target_pos': None, 'Lure_pos': None, 'Correct_key_AFC': None, 'jitter_ITI': 2.95, 'thisN': 56, 'thisTrialN': 56, 'thisRepN': 0}>
2207.3842 	EXP 	image_old_new: autoDraw = False
2207.3842 	EXP 	text_item: autoDraw = False
2207.3842 	EXP 	image_blank: autoDraw = True
2209.6176 	EXP 	cross_25: autoDraw = True
2209.8676 	EXP 	cross_25: autoDraw = False
2210.3382 	INFO 	Keyboard events cleared
2210.3381 	EXP 	image_blank: autoDraw = False
2210.3381 	EXP 	cross_25: autoDraw = False
2210.3381 	EXP 	image_blank: autoDraw = False
2210.3381 	EXP 	image_old_new: image = 'Scenes_Dataset/trash_A.jpg'
2210.3381 	EXP 	image_old_new: autoDraw = True
2210.3381 	EXP 	text_item: autoDraw = True
2211.7867 	DATA 	Keypress: right
2213.3350 	EXP 	New trial (rep=0, index=57): <Trial 57 (57 in rep 0) data={'Index': 40, 'Scene': 'Scenes_Dataset/kindergarten_A.jpg', 'Scene_Size': (600, 338), 'Condition_Encode': 'Incongruent', 'Object_Encode': 'Objects_Dataset/payment_terminal.png', 'Object_Size': (285, 300), 'Condition_Old': 'old', 'Correct_Key_Old': 'left', 'Obj_Lure': 'Objects_Dataset/message_bottle.png', 'Lure_size': (284, 177), 'Target_pos': (300, 200), 'Lure_pos': (300, -200), 'Correct_key_AFC': 'up', 'jitter_ITI': 2.65, 'thisN': 57, 'thisTrialN': 57, 'thisRepN': 0}>
2213.3535 	EXP 	image_old_new: autoDraw = False
2213.3535 	EXP 	text_item: autoDraw = False
2213.3535 	EXP 	image_blank: autoDraw = True
2215.5681 	EXP 	cross_25: autoDraw = True
2215.8177 	EXP 	cross_25: autoDraw = False
2216.0205 	INFO 	Keyboard events cleared
2216.0204 	EXP 	image_blank: autoDraw = False
2216.0204 	EXP 	cross_25: autoDraw = False
2216.0204 	EXP 	image_blank: autoDraw = False
2216.0204 	EXP 	image_old_new: image = 'Scenes_Dataset/kindergarten_A.jpg'
2216.0204 	EXP 	image_old_new: autoDraw = True
2216.0204 	EXP 	text_item: autoDraw = True
2218.1873 	DATA 	Keypress: right
2219.0187 	EXP 	New trial (rep=0, index=58): <Trial 58 (58 in rep 0) data={'Index': 23, 'Scene': 'Scenes_Dataset/desert_A.jpg', 'Scene_Size': (600, 375), 'Condition_Encode': 'Congruent', 'Object_Encode': 'Objects_Dataset/cactus.png', 'Object_Size': (300, 248), 'Condition_Old': 'old', 'Correct_Key_Old': 'left', 'Obj_Lure': 'Objects_Dataset/canteen.png', 'Lure_size': (150, 250), 'Target_pos': (300, -200), 'Lure_pos': (300, 200), 'Correct_key_AFC': 'down', 'jitter_ITI': 3.1, 'thisN': 58, 'thisTrialN': 58, 'thisRepN': 0}>
2219.0348 	EXP 	image_old_new: autoDraw = False
2219.0348 	EXP 	text_item: autoDraw = False
2219.0348 	EXP 	image_blank: autoDraw = True
2221.2512 	EXP 	cross_25: autoDraw = True
2221.5012 	EXP 	cross_25: autoDraw = False
2222.1337 	INFO 	Keyboard events cleared
2222.1337 	EXP 	image_blank: autoDraw = False
2222.1337 	EXP 	cross_25: autoDraw = False
2222.1337 	EXP 	image_blank: autoDraw = False
2222.1337 	EXP 	image_old_new: image = 'Scenes_Dataset/desert_A.jpg'
2222.1337 	EXP 	image_old_new: autoDraw = True
2222.1337 	EXP 	text_item: autoDraw = True
2223.7364 	DATA 	Keypress: right
2225.1190 	EXP 	New trial (rep=0, index=59): <Trial 59 (59 in rep 0) data={'Index': 49, 'Scene': 'Scenes_Dataset/restaurant_A.jpg', 'Scene_Size': (600, 400), 'Condition_Encode': 'Incongruent', 'Object_Encode': 'Objects_Dataset/comb.png', 'Object_Size': (250, 250), 'Condition_Old': 'old', 'Correct_Key_Old': 'left', 'Obj_Lure': 'Objects_Dataset/football_boots.png', 'Lure_size': (300, 300), 'Target_pos': (300, 200), 'Lure_pos': (300, -200), 'Correct_key_AFC': 'up', 'jitter_ITI': 3.1, 'thisN': 59, 'thisTrialN': 59, 'thisRepN': 0}>
2225.1348 	EXP 	image_old_new: autoDraw = False
2225.1348 	EXP 	text_item: autoDraw = False
2225.1348 	EXP 	image_blank: autoDraw = True
2227.3681 	EXP 	cross_25: autoDraw = True
2227.6181 	EXP 	cross_25: autoDraw = False
2228.2343 	INFO 	Keyboard events cleared
2228.2343 	EXP 	image_blank: autoDraw = False
2228.2343 	EXP 	cross_25: autoDraw = False
2228.2343 	EXP 	image_blank: autoDraw = False
2228.2343 	EXP 	image_old_new: image = 'Scenes_Dataset/restaurant_A.jpg'
2228.2343 	EXP 	image_old_new: autoDraw = True
2228.2343 	EXP 	text_item: autoDraw = True
2229.8701 	DATA 	Keypress: left
2231.2190 	EXP 	New trial (rep=0, index=60): <Trial 60 (60 in rep 0) data={'Index': 83, 'Scene': 'Scenes_Dataset/living_room_A.jpg', 'Scene_Size': (600, 436), 'Condition_Encode': 'Lure', 'Object_Encode': None, 'Object_Size': None, 'Condition_Old': 'new', 'Correct_Key_Old': 'right', 'Obj_Lure': None, 'Lure_size': None, 'Target_pos': None, 'Lure_pos': None, 'Correct_key_AFC': None, 'jitter_ITI': 3.25, 'thisN': 60, 'thisTrialN': 60, 'thisRepN': 0}>
2231.2348 	EXP 	image_old_new: autoDraw = False
2231.2348 	EXP 	text_item: autoDraw = False
2231.2348 	EXP 	image_old_new: autoDraw = False
2231.2348 	EXP 	text_item: autoDraw = False
2231.2348 	EXP 	image_blank: autoDraw = True
2233.4683 	EXP 	cross_25: autoDraw = True
2233.7180 	EXP 	cross_25: autoDraw = False
2234.4869 	INFO 	Keyboard events cleared
2234.4869 	EXP 	image_blank: autoDraw = False
2234.4869 	EXP 	cross_25: autoDraw = False
2234.4869 	EXP 	image_blank: autoDraw = False
2234.4869 	EXP 	image_old_new: image = 'Scenes_Dataset/living_room_A.jpg'
2234.4869 	EXP 	image_old_new: autoDraw = True
2234.4869 	EXP 	text_item: autoDraw = True
2236.4540 	DATA 	Keypress: right
2237.4859 	EXP 	New trial (rep=0, index=61): <Trial 61 (61 in rep 0) data={'Index': 85, 'Scene': 'Scenes_Dataset/forest_A.jpg', 'Scene_Size': (600, 375), 'Condition_Encode': 'Lure', 'Object_Encode': None, 'Object_Size': None, 'Condition_Old': 'new', 'Correct_Key_Old': 'right', 'Obj_Lure': None, 'Lure_size': None, 'Target_pos': None, 'Lure_pos': None, 'Correct_key_AFC': None, 'jitter_ITI': 2.05, 'thisN': 61, 'thisTrialN': 61, 'thisRepN': 0}>
2237.5016 	EXP 	image_old_new: autoDraw = False
2237.5016 	EXP 	text_item: autoDraw = False
2237.5016 	EXP 	image_blank: autoDraw = True
2239.5515 	EXP 	image_blank: autoDraw = False
2239.7182 	EXP 	cross_25: autoDraw = True
2239.9696 	INFO 	Keyboard events cleared
2239.9696 	EXP 	cross_25: autoDraw = False
2239.9696 	EXP 	cross_25: autoDraw = False
2239.9696 	EXP 	image_blank: autoDraw = False
2239.9696 	EXP 	image_old_new: image = 'Scenes_Dataset/forest_A.jpg'
2239.9696 	EXP 	image_old_new: autoDraw = True
2239.9696 	EXP 	text_item: autoDraw = True
2241.1203 	DATA 	Keypress: right
2242.9689 	EXP 	New trial (rep=0, index=62): <Trial 62 (62 in rep 0) data={'Index': 3, 'Scene': 'Scenes_Dataset/car_interior_A.jpg', 'Scene_Size': (600, 389), 'Condition_Encode': 'Congruent', 'Object_Encode': 'Objects_Dataset/car_mat.png', 'Object_Size': (230, 258), 'Condition_Old': 'old', 'Correct_Key_Old': 'left', 'Obj_Lure': 'Objects_Dataset/car_key.png', 'Lure_size': (300, 125), 'Target_pos': (300, -200), 'Lure_pos': (300, 200), 'Correct_key_AFC': 'down', 'jitter_ITI': 2.1, 'thisN': 62, 'thisTrialN': 62, 'thisRepN': 0}>
2242.9850 	EXP 	image_old_new: autoDraw = False
2242.9850 	EXP 	text_item: autoDraw = False
2242.9850 	EXP 	image_blank: autoDraw = True
2245.0851 	EXP 	image_blank: autoDraw = False
2245.2018 	EXP 	cross_25: autoDraw = True
2245.4530 	INFO 	Keyboard events cleared
2245.4530 	EXP 	cross_25: autoDraw = False
2245.4530 	EXP 	cross_25: autoDraw = False
2245.4530 	EXP 	image_blank: autoDraw = False
2245.4530 	EXP 	image_old_new: image = 'Scenes_Dataset/car_interior_A.jpg'
2245.4530 	EXP 	image_old_new: autoDraw = True
2245.4530 	EXP 	text_item: autoDraw = True
2246.9877 	DATA 	Keypress: right
2248.4522 	EXP 	New trial (rep=0, index=63): <Trial 63 (63 in rep 0) data={'Index': 78, 'Scene': 'Scenes_Dataset/market_A.jpg', 'Scene_Size': (600, 455), 'Condition_Encode': 'Lure', 'Object_Encode': None, 'Object_Size': None, 'Condition_Old': 'new', 'Correct_Key_Old': 'right', 'Obj_Lure': None, 'Lure_size': None, 'Target_pos': None, 'Lure_pos': None, 'Correct_key_AFC': None, 'jitter_ITI': 3, 'thisN': 63, 'thisTrialN': 63, 'thisRepN': 0}>
2248.4683 	EXP 	image_old_new: autoDraw = False
2248.4683 	EXP 	text_item: autoDraw = False
2248.4683 	EXP 	image_blank: autoDraw = True
2250.6850 	EXP 	cross_25: autoDraw = True
2250.9351 	EXP 	cross_25: autoDraw = False
2251.4715 	INFO 	Keyboard events cleared
2251.4715 	EXP 	image_blank: autoDraw = False
2251.4715 	EXP 	cross_25: autoDraw = False
2251.4715 	EXP 	image_blank: autoDraw = False
2251.4715 	EXP 	image_old_new: image = 'Scenes_Dataset/market_A.jpg'
2251.4715 	EXP 	image_old_new: autoDraw = True
2251.4715 	EXP 	text_item: autoDraw = True
2252.2537 	DATA 	Keypress: right
2254.4697 	EXP 	New trial (rep=0, index=64): <Trial 64 (64 in rep 0) data={'Index': 22, 'Scene': 'Scenes_Dataset/cavern_A.jpg', 'Scene_Size': (600, 410), 'Condition_Encode': 'Congruent', 'Object_Encode': 'Objects_Dataset/canteen.png', 'Object_Size': (150, 250), 'Condition_Old': 'old', 'Correct_Key_Old': 'left', 'Obj_Lure': 'Objects_Dataset/hiking_boots.png', 'Lure_size': (300, 300), 'Target_pos': (300, -200), 'Lure_pos': (300, 200), 'Correct_key_AFC': 'down', 'jitter_ITI': 3.05, 'thisN': 64, 'thisTrialN': 64, 'thisRepN': 0}>
2254.4852 	EXP 	image_old_new: autoDraw = False
2254.4852 	EXP 	text_item: autoDraw = False
2254.4852 	EXP 	image_blank: autoDraw = True
2256.7017 	EXP 	cross_25: autoDraw = True
2256.9518 	EXP 	cross_25: autoDraw = False
2257.5353 	INFO 	Keyboard events cleared
2257.5353 	EXP 	image_blank: autoDraw = False
2257.5353 	EXP 	cross_25: autoDraw = False
2257.5353 	EXP 	image_blank: autoDraw = False
2257.5353 	EXP 	image_old_new: image = 'Scenes_Dataset/cavern_A.jpg'
2257.5353 	EXP 	image_old_new: autoDraw = True
2257.5353 	EXP 	text_item: autoDraw = True
2258.8873 	DATA 	Keypress: left
2260.5195 	EXP 	New trial (rep=0, index=65): <Trial 65 (65 in rep 0) data={'Index': 17, 'Scene': 'Scenes_Dataset/stage_A.jpg', 'Scene_Size': (600, 396), 'Condition_Encode': 'Congruent', 'Object_Encode': 'Objects_Dataset/saxophone.png', 'Object_Size': (250, 250), 'Condition_Old': 'old', 'Correct_Key_Old': 'left', 'Obj_Lure': 'Objects_Dataset/digital_piano_retouched.png', 'Lure_size': (350, 350), 'Target_pos': (300, -200), 'Lure_pos': (300, 200), 'Correct_key_AFC': 'down', 'jitter_ITI': 2.8, 'thisN': 65, 'thisTrialN': 65, 'thisRepN': 0}>
2260.5351 	EXP 	image_old_new: autoDraw = False
2260.5351 	EXP 	text_item: autoDraw = False
2260.5351 	EXP 	image_old_new: autoDraw = False
2260.5351 	EXP 	text_item: autoDraw = False
2260.5351 	EXP 	image_blank: autoDraw = True
2262.7687 	EXP 	cross_25: autoDraw = True
2263.0185 	EXP 	cross_25: autoDraw = False
2263.3347 	INFO 	Keyboard events cleared
2263.3347 	EXP 	image_blank: autoDraw = False
2263.3347 	EXP 	cross_25: autoDraw = False
2263.3347 	EXP 	image_blank: autoDraw = False
2263.3347 	EXP 	image_old_new: image = 'Scenes_Dataset/stage_A.jpg'
2263.3347 	EXP 	image_old_new: autoDraw = True
2263.3347 	EXP 	text_item: autoDraw = True
2264.5879 	DATA 	Keypress: left
2266.3196 	EXP 	New trial (rep=0, index=66): <Trial 66 (66 in rep 0) data={'Index': 25, 'Scene': 'Scenes_Dataset/building_entrance_A.jpg', 'Scene_Size': (600, 400), 'Condition_Encode': 'Congruent', 'Object_Encode': 'Objects_Dataset/envelope_retouched.png', 'Object_Size': (250, 211), 'Condition_Old': 'old', 'Correct_Key_Old': 'left', 'Obj_Lure': 'Objects_Dataset/door_mat.png', 'Lure_size': (300, 300), 'Target_pos': (300, -200), 'Lure_pos': (300, 200), 'Correct_key_AFC': 'down', 'jitter_ITI': 3.2, 'thisN': 66, 'thisTrialN': 66, 'thisRepN': 0}>
2266.3351 	EXP 	image_old_new: autoDraw = False
2266.3351 	EXP 	text_item: autoDraw = False
2266.3351 	EXP 	image_old_new: autoDraw = False
2266.3351 	EXP 	text_item: autoDraw = False
2266.3351 	EXP 	image_blank: autoDraw = True
2268.5686 	EXP 	cross_25: autoDraw = True
2268.8185 	EXP 	cross_25: autoDraw = False
2269.5360 	INFO 	Keyboard events cleared
2269.5359 	EXP 	image_blank: autoDraw = False
2269.5359 	EXP 	cross_25: autoDraw = False
2269.5359 	EXP 	image_blank: autoDraw = False
2269.5359 	EXP 	image_old_new: image = 'Scenes_Dataset/building_entrance_A.jpg'
2269.5359 	EXP 	image_old_new: autoDraw = True
2269.5359 	EXP 	text_item: autoDraw = True
2270.9380 	DATA 	Keypress: left
2272.5201 	EXP 	New trial (rep=0, index=67): <Trial 67 (67 in rep 0) data={'Index': 9, 'Scene': 'Scenes_Dataset/childrens_room_A.jpg', 'Scene_Size': (600, 524), 'Condition_Encode': 'Congruent', 'Object_Encode': 'Objects_Dataset/abacus.png', 'Object_Size': (185, 200), 'Condition_Old': 'old', 'Correct_Key_Old': 'left', 'Obj_Lure': 'Objects_Dataset/doll.png', 'Lure_size': (191, 300), 'Target_pos': (300, -200), 'Lure_pos': (300, 200), 'Correct_key_AFC': 'down', 'jitter_ITI': 2.4, 'thisN': 67, 'thisTrialN': 67, 'thisRepN': 0}>
2272.5353 	EXP 	image_old_new: autoDraw = False
2272.5353 	EXP 	text_item: autoDraw = False
2272.5353 	EXP 	image_old_new: autoDraw = False
2272.5353 	EXP 	text_item: autoDraw = False
2272.5353 	EXP 	image_blank: autoDraw = True
2274.7691 	EXP 	cross_25: autoDraw = True
2274.9353 	EXP 	image_blank: autoDraw = False
2275.0250 	INFO 	Keyboard events cleared
2275.0249 	EXP 	cross_25: autoDraw = False
2275.0249 	EXP 	cross_25: autoDraw = False
2275.0249 	EXP 	image_blank: autoDraw = False
2275.0249 	EXP 	image_old_new: image = 'Scenes_Dataset/childrens_room_A.jpg'
2275.0249 	EXP 	image_old_new: autoDraw = True
2275.0249 	EXP 	text_item: autoDraw = True
2276.2041 	DATA 	Keypress: right
2278.0032 	EXP 	New trial (rep=0, index=68): <Trial 68 (68 in rep 0) data={'Index': 35, 'Scene': 'Scenes_Dataset/dentist_A.jpg', 'Scene_Size': (600, 400), 'Condition_Encode': 'Incongruent', 'Object_Encode': 'Objects_Dataset/basketball.png', 'Object_Size': (282, 300), 'Condition_Old': 'old', 'Correct_Key_Old': 'left', 'Obj_Lure': 'Objects_Dataset/chandelier_retouched.png', 'Lure_size': (250, 300), 'Target_pos': (300, 200), 'Lure_pos': (300, -200), 'Correct_key_AFC': 'up', 'jitter_ITI': 2.4, 'thisN': 68, 'thisTrialN': 68, 'thisRepN': 0}>
2278.0187 	EXP 	image_old_new: autoDraw = False
2278.0187 	EXP 	text_item: autoDraw = False
2278.0187 	EXP 	image_blank: autoDraw = True
2280.2522 	EXP 	cross_25: autoDraw = True
2280.4188 	EXP 	image_blank: autoDraw = False
2280.5025 	INFO 	Keyboard events cleared
2280.5024 	EXP 	cross_25: autoDraw = False
2280.5024 	EXP 	cross_25: autoDraw = False
2280.5024 	EXP 	image_blank: autoDraw = False
2280.5024 	EXP 	image_old_new: image = 'Scenes_Dataset/dentist_A.jpg'
2280.5024 	EXP 	image_old_new: autoDraw = True
2280.5024 	EXP 	text_item: autoDraw = True
2283.1704 	DATA 	Keypress: right
2283.4866 	EXP 	New trial (rep=0, index=69): <Trial 69 (69 in rep 0) data={'Index': 5, 'Scene': 'Scenes_Dataset/movie_theater_A.jpg', 'Scene_Size': (600, 364), 'Condition_Encode': 'Congruent', 'Object_Encode': 'Objects_Dataset/3d_glasses_retouched.png', 'Object_Size': (300, 300), 'Condition_Old': 'old', 'Correct_Key_Old': 'left', 'Obj_Lure': 'Objects_Dataset/movie_reels.png', 'Lure_size': (350, 268), 'Target_pos': (300, -200), 'Lure_pos': (300, 200), 'Correct_key_AFC': 'down', 'jitter_ITI': 2.2, 'thisN': 69, 'thisTrialN': 69, 'thisRepN': 0}>
2283.5021 	EXP 	image_old_new: autoDraw = False
2283.5021 	EXP 	text_item: autoDraw = False
2283.5021 	EXP 	image_blank: autoDraw = True
2285.7022 	EXP 	image_blank: autoDraw = False
2285.7355 	EXP 	cross_25: autoDraw = True
2285.9874 	INFO 	Keyboard events cleared
2285.9873 	EXP 	cross_25: autoDraw = False
2285.9873 	EXP 	cross_25: autoDraw = False
2285.9873 	EXP 	image_blank: autoDraw = False
2285.9873 	EXP 	image_old_new: image = 'Scenes_Dataset/movie_theater_A.jpg'
2285.9873 	EXP 	image_old_new: autoDraw = True
2285.9873 	EXP 	text_item: autoDraw = True
2287.0372 	DATA 	Keypress: left
2288.9863 	EXP 	New trial (rep=0, index=70): <Trial 70 (70 in rep 0) data={'Index': 6, 'Scene': 'Scenes_Dataset/stationary_store_A.jpg', 'Scene_Size': (600, 370), 'Condition_Encode': 'Congruent', 'Object_Encode': 'Objects_Dataset/stapler.png', 'Object_Size': (250, 178), 'Condition_Old': 'old', 'Correct_Key_Old': 'left', 'Obj_Lure': 'Objects_Dataset/envelope_retouched.png', 'Lure_size': (250, 211), 'Target_pos': (300, -200), 'Lure_pos': (300, 200), 'Correct_key_AFC': 'down', 'jitter_ITI': 2.25, 'thisN': 70, 'thisTrialN': 70, 'thisRepN': 0}>
2289.0023 	EXP 	image_old_new: autoDraw = False
2289.0023 	EXP 	text_item: autoDraw = False
2289.0023 	EXP 	image_blank: autoDraw = True
2291.2189 	EXP 	cross_25: autoDraw = True
2291.2524 	EXP 	image_blank: autoDraw = False
2291.4681 	INFO 	Keyboard events cleared
2291.4680 	EXP 	cross_25: autoDraw = False
2291.4680 	EXP 	cross_25: autoDraw = False
2291.4680 	EXP 	image_blank: autoDraw = False
2291.4680 	EXP 	image_old_new: image = 'Scenes_Dataset/stationary_store_A.jpg'
2291.4680 	EXP 	image_old_new: autoDraw = True
2291.4680 	EXP 	text_item: autoDraw = True
2293.0878 	DATA 	Keypress: left
2294.4532 	EXP 	New trial (rep=0, index=71): <Trial 71 (71 in rep 0) data={'Index': 41, 'Scene': 'Scenes_Dataset/attic_A.jpg', 'Scene_Size': (600, 400), 'Condition_Encode': 'Incongruent', 'Object_Encode': 'Objects_Dataset/ticket_machine.png', 'Object_Size': (200, 300), 'Condition_Old': 'old', 'Correct_Key_Old': 'left', 'Obj_Lure': 'Objects_Dataset/cake_holder.png', 'Lure_size': (300, 209), 'Target_pos': (300, 200), 'Lure_pos': (300, -200), 'Correct_key_AFC': 'up', 'jitter_ITI': 2.7, 'thisN': 71, 'thisTrialN': 71, 'thisRepN': 0}>
2294.4695 	EXP 	image_old_new: autoDraw = False
2294.4695 	EXP 	text_item: autoDraw = False
2294.4695 	EXP 	image_old_new: autoDraw = False
2294.4695 	EXP 	text_item: autoDraw = False
2294.4695 	EXP 	image_blank: autoDraw = True
2296.7031 	EXP 	cross_25: autoDraw = True
2296.9523 	EXP 	cross_25: autoDraw = False
2297.1718 	INFO 	Keyboard events cleared
2297.1717 	EXP 	image_blank: autoDraw = False
2297.1717 	EXP 	cross_25: autoDraw = False
2297.1717 	EXP 	image_blank: autoDraw = False
2297.1717 	EXP 	image_old_new: image = 'Scenes_Dataset/attic_A.jpg'
2297.1717 	EXP 	image_old_new: autoDraw = True
2297.1717 	EXP 	text_item: autoDraw = True
2298.5053 	DATA 	Keypress: left
2300.1702 	EXP 	New trial (rep=0, index=72): <Trial 72 (72 in rep 0) data={'Index': 37, 'Scene': 'Scenes_Dataset/vault_A.jpg', 'Scene_Size': (600, 398), 'Condition_Encode': 'Incongruent', 'Object_Encode': 'Objects_Dataset/fan.png', 'Object_Size': (350, 350), 'Condition_Old': 'old', 'Correct_Key_Old': 'left', 'Obj_Lure': 'Objects_Dataset/cactus.png', 'Lure_size': (300, 248), 'Target_pos': (300, 200), 'Lure_pos': (300, -200), 'Correct_key_AFC': 'up', 'jitter_ITI': 2.5, 'thisN': 72, 'thisTrialN': 72, 'thisRepN': 0}>
2300.1860 	EXP 	image_old_new: autoDraw = False
2300.1860 	EXP 	text_item: autoDraw = False
2300.1860 	EXP 	image_blank: autoDraw = True
2302.4028 	EXP 	cross_25: autoDraw = True
2302.6524 	EXP 	cross_25: autoDraw = False
2302.6856 	INFO 	Keyboard events cleared
2302.6856 	EXP 	image_blank: autoDraw = False
2302.6856 	EXP 	cross_25: autoDraw = False
2302.6856 	EXP 	image_blank: autoDraw = False
2302.6856 	EXP 	image_old_new: image = 'Scenes_Dataset/vault_A.jpg'
2302.6856 	EXP 	image_old_new: autoDraw = True
2302.6856 	EXP 	text_item: autoDraw = True
2303.5719 	DATA 	Keypress: left
2305.6699 	EXP 	New trial (rep=0, index=73): <Trial 73 (73 in rep 0) data={'Index': 43, 'Scene': 'Scenes_Dataset/home_office_A.jpg', 'Scene_Size': (600, 399), 'Condition_Encode': 'Incongruent', 'Object_Encode': 'Objects_Dataset/bicycle_bell.png', 'Object_Size': (250, 210), 'Condition_Old': 'old', 'Correct_Key_Old': 'left', 'Obj_Lure': 'Objects_Dataset/unicycle_retouched.png', 'Lure_size': (159, 300), 'Target_pos': (300, 200), 'Lure_pos': (300, -200), 'Correct_key_AFC': 'up', 'jitter_ITI': 2.8, 'thisN': 73, 'thisTrialN': 73, 'thisRepN': 0}>
2305.6863 	EXP 	image_old_new: autoDraw = False
2305.6863 	EXP 	text_item: autoDraw = False
2305.6863 	EXP 	image_old_new: autoDraw = False
2305.6863 	EXP 	text_item: autoDraw = False
2305.6863 	EXP 	image_blank: autoDraw = True
2307.9194 	EXP 	cross_25: autoDraw = True
2308.1693 	EXP 	cross_25: autoDraw = False
2308.4885 	INFO 	Keyboard events cleared
2308.4885 	EXP 	image_blank: autoDraw = False
2308.4885 	EXP 	cross_25: autoDraw = False
2308.4885 	EXP 	image_blank: autoDraw = False
2308.4885 	EXP 	image_old_new: image = 'Scenes_Dataset/home_office_A.jpg'
2308.4885 	EXP 	image_old_new: autoDraw = True
2308.4885 	EXP 	text_item: autoDraw = True
2310.9220 	DATA 	Keypress: right
2311.4866 	EXP 	New trial (rep=0, index=74): <Trial 74 (74 in rep 0) data={'Index': 86, 'Scene': 'Scenes_Dataset/shopping_center_A.jpg', 'Scene_Size': (600, 405), 'Condition_Encode': 'Lure', 'Object_Encode': None, 'Object_Size': None, 'Condition_Old': 'new', 'Correct_Key_Old': 'right', 'Obj_Lure': None, 'Lure_size': None, 'Target_pos': None, 'Lure_pos': None, 'Correct_key_AFC': None, 'jitter_ITI': 2.1, 'thisN': 74, 'thisTrialN': 74, 'thisRepN': 0}>
2311.5028 	EXP 	image_old_new: autoDraw = False
2311.5028 	EXP 	text_item: autoDraw = False
2311.5028 	EXP 	image_blank: autoDraw = True
2313.6026 	EXP 	image_blank: autoDraw = False
2313.7195 	EXP 	cross_25: autoDraw = True
2313.9726 	INFO 	Keyboard events cleared
2313.9726 	EXP 	cross_25: autoDraw = False
2313.9726 	EXP 	cross_25: autoDraw = False
2313.9726 	EXP 	image_blank: autoDraw = False
2313.9726 	EXP 	image_old_new: image = 'Scenes_Dataset/shopping_center_A.jpg'
2313.9726 	EXP 	image_old_new: autoDraw = True
2313.9726 	EXP 	text_item: autoDraw = True
2314.9537 	DATA 	Keypress: right
2316.9702 	EXP 	New trial (rep=0, index=75): <Trial 75 (75 in rep 0) data={'Index': 1, 'Scene': 'Scenes_Dataset/office_work_A.jpg', 'Scene_Size': (600, 470), 'Condition_Encode': 'Congruent', 'Object_Encode': 'Objects_Dataset/staple_puller_retouched.png', 'Object_Size': (400, 400), 'Condition_Old': 'old', 'Correct_Key_Old': 'left', 'Obj_Lure': 'Objects_Dataset/clock.png', 'Lure_size': (250, 248), 'Target_pos': (300, -200), 'Lure_pos': (300, 200), 'Correct_key_AFC': 'down', 'jitter_ITI': 2, 'thisN': 75, 'thisTrialN': 75, 'thisRepN': 0}>
2316.9860 	EXP 	image_old_new: autoDraw = False
2316.9860 	EXP 	text_item: autoDraw = False
2316.9860 	EXP 	image_blank: autoDraw = True
2318.9874 	EXP 	image_blank: autoDraw = False
2319.2032 	EXP 	cross_25: autoDraw = True
2319.4557 	INFO 	Keyboard events cleared
2319.4557 	EXP 	cross_25: autoDraw = False
2319.4557 	EXP 	cross_25: autoDraw = False
2319.4557 	EXP 	image_blank: autoDraw = False
2319.4557 	EXP 	image_old_new: image = 'Scenes_Dataset/office_work_A.jpg'
2319.4557 	EXP 	image_old_new: autoDraw = True
2319.4557 	EXP 	text_item: autoDraw = True
2321.3214 	DATA 	Keypress: left
2322.4535 	EXP 	New trial (rep=0, index=76): <Trial 76 (76 in rep 0) data={'Index': 55, 'Scene': 'Scenes_Dataset/lake_A.jpg', 'Scene_Size': (600, 442), 'Condition_Encode': 'Incongruent', 'Object_Encode': 'Objects_Dataset/thermometer.png', 'Object_Size': (300, 199), 'Condition_Old': 'old', 'Correct_Key_Old': 'left', 'Obj_Lure': 'Objects_Dataset/ticket_machine.png', 'Lure_size': (200, 300), 'Target_pos': (300, 200), 'Lure_pos': (300, -200), 'Correct_key_AFC': 'up', 'jitter_ITI': 2.1, 'thisN': 76, 'thisTrialN': 76, 'thisRepN': 0}>
2322.4695 	EXP 	image_old_new: autoDraw = False
2322.4695 	EXP 	text_item: autoDraw = False
2322.4695 	EXP 	image_blank: autoDraw = True
2324.5699 	EXP 	image_blank: autoDraw = False
2324.6861 	EXP 	cross_25: autoDraw = True
2324.9420 	INFO 	Keyboard events cleared
2324.9420 	EXP 	cross_25: autoDraw = False
2324.9420 	EXP 	cross_25: autoDraw = False
2324.9420 	EXP 	image_blank: autoDraw = False
2324.9420 	EXP 	image_old_new: image = 'Scenes_Dataset/lake_A.jpg'
2324.9420 	EXP 	image_old_new: autoDraw = True
2324.9420 	EXP 	text_item: autoDraw = True
2326.9050 	DATA 	Keypress: left
2327.9370 	EXP 	New trial (rep=0, index=77): <Trial 77 (77 in rep 0) data={'Index': 20, 'Scene': 'Scenes_Dataset/basketball_field_A.jpg', 'Scene_Size': (600, 399), 'Condition_Encode': 'Congruent', 'Object_Encode': 'Objects_Dataset/whistle.png', 'Object_Size': (200, 151), 'Condition_Old': 'old', 'Correct_Key_Old': 'left', 'Obj_Lure': 'Objects_Dataset/basketball.png', 'Lure_size': (282, 300), 'Target_pos': (300, -200), 'Lure_pos': (300, 200), 'Correct_key_AFC': 'down', 'jitter_ITI': 2.95, 'thisN': 77, 'thisTrialN': 77, 'thisRepN': 0}>
2327.9528 	EXP 	image_old_new: autoDraw = False
2327.9528 	EXP 	text_item: autoDraw = False
2327.9528 	EXP 	image_blank: autoDraw = True
2330.1696 	EXP 	cross_25: autoDraw = True
2330.4196 	EXP 	cross_25: autoDraw = False
2330.9038 	INFO 	Keyboard events cleared
2330.9038 	EXP 	image_blank: autoDraw = False
2330.9038 	EXP 	cross_25: autoDraw = False
2330.9038 	EXP 	image_blank: autoDraw = False
2330.9038 	EXP 	image_old_new: image = 'Scenes_Dataset/basketball_field_A.jpg'
2330.9038 	EXP 	image_old_new: autoDraw = True
2330.9038 	EXP 	text_item: autoDraw = True
2332.0223 	DATA 	Keypress: left
2333.8875 	EXP 	New trial (rep=0, index=78): <Trial 78 (78 in rep 0) data={'Index': 32, 'Scene': 'Scenes_Dataset/elevator_A.jpg', 'Scene_Size': (600, 450), 'Condition_Encode': 'Incongruent', 'Object_Encode': 'Objects_Dataset/cake_tongs_retouched.png', 'Object_Size': (300, 75), 'Condition_Old': 'old', 'Correct_Key_Old': 'left', 'Obj_Lure': 'Objects_Dataset/3d_glasses_retouched.png', 'Lure_size': (300, 300), 'Target_pos': (300, 200), 'Lure_pos': (300, -200), 'Correct_key_AFC': 'up', 'jitter_ITI': 2.25, 'thisN': 78, 'thisTrialN': 78, 'thisRepN': 0}>
2333.9034 	EXP 	image_old_new: autoDraw = False
2333.9034 	EXP 	text_item: autoDraw = False
2333.9034 	EXP 	image_old_new: autoDraw = False
2333.9034 	EXP 	text_item: autoDraw = False
2333.9034 	EXP 	image_blank: autoDraw = True
2336.1529 	EXP 	cross_25: autoDraw = True
2336.1529 	EXP 	image_blank: autoDraw = False
2336.4056 	INFO 	Keyboard events cleared
2336.4056 	EXP 	cross_25: autoDraw = False
2336.4056 	EXP 	cross_25: autoDraw = False
2336.4056 	EXP 	image_blank: autoDraw = False
2336.4056 	EXP 	image_old_new: image = 'Scenes_Dataset/elevator_A.jpg'
2336.4056 	EXP 	image_old_new: autoDraw = True
2336.4056 	EXP 	text_item: autoDraw = True
2338.2716 	DATA 	Keypress: left
2339.4040 	EXP 	New trial (rep=0, index=79): <Trial 79 (79 in rep 0) data={'Index': 38, 'Scene': 'Scenes_Dataset/garden_A.jpg', 'Scene_Size': (600, 446), 'Condition_Encode': 'Incongruent', 'Object_Encode': 'Objects_Dataset/airplane_belt.png', 'Object_Size': (300, 249), 'Condition_Old': 'old', 'Correct_Key_Old': 'left', 'Obj_Lure': 'Objects_Dataset/saline_retouched.png', 'Lure_size': (300, 225), 'Target_pos': (300, 200), 'Lure_pos': (300, -200), 'Correct_key_AFC': 'up', 'jitter_ITI': 2.55, 'thisN': 79, 'thisTrialN': 79, 'thisRepN': 0}>
2339.4199 	EXP 	image_old_new: autoDraw = False
2339.4199 	EXP 	text_item: autoDraw = False
2339.4199 	EXP 	image_blank: autoDraw = True
2341.6532 	EXP 	cross_25: autoDraw = True
2341.9033 	EXP 	cross_25: autoDraw = False
2341.9720 	INFO 	Keyboard events cleared
2341.9720 	EXP 	image_blank: autoDraw = False
2341.9720 	EXP 	cross_25: autoDraw = False
2341.9720 	EXP 	image_blank: autoDraw = False
2341.9720 	EXP 	image_old_new: image = 'Scenes_Dataset/garden_A.jpg'
2341.9720 	EXP 	image_old_new: autoDraw = True
2341.9720 	EXP 	text_item: autoDraw = True
2344.1099 	DATA 	Keypress: right
2344.9560 	EXP 	New trial (rep=0, index=80): <Trial 80 (80 in rep 0) data={'Index': 76, 'Scene': 'Scenes_Dataset/laboratory_A.jpg', 'Scene_Size': (600, 400), 'Condition_Encode': 'Lure', 'Object_Encode': None, 'Object_Size': None, 'Condition_Old': 'new', 'Correct_Key_Old': 'right', 'Obj_Lure': None, 'Lure_size': None, 'Target_pos': None, 'Lure_pos': None, 'Correct_key_AFC': None, 'jitter_ITI': 2.9, 'thisN': 80, 'thisTrialN': 80, 'thisRepN': 0}>
2344.9694 	EXP 	image_old_new: autoDraw = False
2344.9694 	EXP 	text_item: autoDraw = False
2344.9694 	EXP 	image_blank: autoDraw = True
2347.2050 	EXP 	cross_25: autoDraw = True
2347.4700 	EXP 	cross_25: autoDraw = False
2347.8715 	INFO 	Keyboard events cleared
2347.8714 	EXP 	image_blank: autoDraw = False
2347.8714 	EXP 	cross_25: autoDraw = False
2347.8714 	EXP 	image_blank: autoDraw = False
2347.8714 	EXP 	image_old_new: image = 'Scenes_Dataset/laboratory_A.jpg'
2347.8714 	EXP 	image_old_new: autoDraw = True
2347.8714 	EXP 	text_item: autoDraw = True
2348.9550 	DATA 	Keypress: right
2350.8709 	EXP 	New trial (rep=0, index=81): <Trial 81 (81 in rep 0) data={'Index': 90, 'Scene': 'Scenes_Dataset/laundry_A.jpg', 'Scene_Size': (600, 408), 'Condition_Encode': 'Lure', 'Object_Encode': None, 'Object_Size': None, 'Condition_Old': 'new', 'Correct_Key_Old': 'right', 'Obj_Lure': None, 'Lure_size': None, 'Target_pos': None, 'Lure_pos': None, 'Correct_key_AFC': None, 'jitter_ITI': 2.3, 'thisN': 81, 'thisTrialN': 81, 'thisRepN': 0}>
2350.8868 	EXP 	image_old_new: autoDraw = False
2350.8868 	EXP 	text_item: autoDraw = False
2350.8868 	EXP 	image_blank: autoDraw = True
2353.1033 	EXP 	cross_25: autoDraw = True
2353.1866 	EXP 	image_blank: autoDraw = False
2353.3527 	INFO 	Keyboard events cleared
2353.3526 	EXP 	cross_25: autoDraw = False
2353.3526 	EXP 	cross_25: autoDraw = False
2353.3526 	EXP 	image_blank: autoDraw = False
2353.3526 	EXP 	image_old_new: image = 'Scenes_Dataset/laundry_A.jpg'
2353.3526 	EXP 	image_old_new: autoDraw = True
2353.3526 	EXP 	text_item: autoDraw = True
2354.7382 	DATA 	Keypress: right
2356.3377 	EXP 	New trial (rep=0, index=82): <Trial 82 (82 in rep 0) data={'Index': 61, 'Scene': 'Scenes_Dataset/office_work_B.jpg', 'Scene_Size': (600, 402), 'Condition_Encode': 'Lure', 'Object_Encode': None, 'Object_Size': None, 'Condition_Old': 'new', 'Correct_Key_Old': 'right', 'Obj_Lure': None, 'Lure_size': None, 'Target_pos': None, 'Lure_pos': None, 'Correct_key_AFC': None, 'jitter_ITI': 2.15, 'thisN': 82, 'thisTrialN': 82, 'thisRepN': 0}>
2356.3533 	EXP 	image_old_new: autoDraw = False
2356.3533 	EXP 	text_item: autoDraw = False
2356.3533 	EXP 	image_old_new: autoDraw = False
2356.3533 	EXP 	text_item: autoDraw = False
2356.3533 	EXP 	image_blank: autoDraw = True
2358.5033 	EXP 	image_blank: autoDraw = False
2358.5869 	EXP 	cross_25: autoDraw = True
2358.8374 	INFO 	Keyboard events cleared
2358.8374 	EXP 	cross_25: autoDraw = False
2358.8374 	EXP 	cross_25: autoDraw = False
2358.8374 	EXP 	image_blank: autoDraw = False
2358.8374 	EXP 	image_old_new: image = 'Scenes_Dataset/office_work_B.jpg'
2358.8374 	EXP 	image_old_new: autoDraw = True
2358.8374 	EXP 	text_item: autoDraw = True
2360.1886 	DATA 	Keypress: right
2361.8214 	EXP 	New trial (rep=0, index=83): <Trial 83 (83 in rep 0) data={'Index': 81, 'Scene': 'Scenes_Dataset/games_room_A.jpg', 'Scene_Size': (600, 371), 'Condition_Encode': 'Lure', 'Object_Encode': None, 'Object_Size': None, 'Condition_Old': 'new', 'Correct_Key_Old': 'right', 'Obj_Lure': None, 'Lure_size': None, 'Target_pos': None, 'Lure_pos': None, 'Correct_key_AFC': None, 'jitter_ITI': 3.15, 'thisN': 83, 'thisTrialN': 83, 'thisRepN': 0}>
2361.8376 	EXP 	image_old_new: autoDraw = False
2361.8376 	EXP 	text_item: autoDraw = False
2361.8376 	EXP 	image_old_new: autoDraw = False
2361.8376 	EXP 	text_item: autoDraw = False
2361.8376 	EXP 	image_blank: autoDraw = True
2364.0703 	EXP 	cross_25: autoDraw = True
2364.3202 	EXP 	cross_25: autoDraw = False
2364.9893 	INFO 	Keyboard events cleared
2364.9892 	EXP 	image_blank: autoDraw = False
2364.9892 	EXP 	cross_25: autoDraw = False
2364.9892 	EXP 	image_blank: autoDraw = False
2364.9892 	EXP 	image_old_new: image = 'Scenes_Dataset/games_room_A.jpg'
2364.9892 	EXP 	image_old_new: autoDraw = True
2364.9892 	EXP 	text_item: autoDraw = True
2366.3722 	DATA 	Keypress: right
2367.9717 	EXP 	New trial (rep=0, index=84): <Trial 84 (84 in rep 0) data={'Index': 69, 'Scene': 'Scenes_Dataset/museum_B.jpg', 'Scene_Size': (600, 400), 'Condition_Encode': 'Lure', 'Object_Encode': None, 'Object_Size': None, 'Condition_Old': 'new', 'Correct_Key_Old': 'right', 'Obj_Lure': None, 'Lure_size': None, 'Target_pos': None, 'Lure_pos': None, 'Correct_key_AFC': None, 'jitter_ITI': 2.55, 'thisN': 84, 'thisTrialN': 84, 'thisRepN': 0}>
2367.9869 	EXP 	image_old_new: autoDraw = False
2367.9869 	EXP 	text_item: autoDraw = False
2367.9869 	EXP 	image_blank: autoDraw = True
2370.2203 	EXP 	cross_25: autoDraw = True
2370.4704 	EXP 	cross_25: autoDraw = False
2370.5384 	INFO 	Keyboard events cleared
2370.5384 	EXP 	image_blank: autoDraw = False
2370.5384 	EXP 	cross_25: autoDraw = False
2370.5384 	EXP 	image_blank: autoDraw = False
2370.5384 	EXP 	image_old_new: image = 'Scenes_Dataset/museum_B.jpg'
2370.5384 	EXP 	image_old_new: autoDraw = True
2370.5384 	EXP 	text_item: autoDraw = True
2371.6228 	DATA 	Keypress: right
2373.5378 	EXP 	New trial (rep=0, index=85): <Trial 85 (85 in rep 0) data={'Index': 42, 'Scene': 'Scenes_Dataset/hut_A.jpg', 'Scene_Size': (600, 384), 'Condition_Encode': 'Incongruent', 'Object_Encode': 'Objects_Dataset/sled_retouched.png', 'Object_Size': (450, 286), 'Condition_Old': 'old', 'Correct_Key_Old': 'left', 'Obj_Lure': 'Objects_Dataset/stapler.png', 'Lure_size': (250, 178), 'Target_pos': (300, 200), 'Lure_pos': (300, -200), 'Correct_key_AFC': 'up', 'jitter_ITI': 2.75, 'thisN': 85, 'thisTrialN': 85, 'thisRepN': 0}>
2373.5556 	EXP 	image_old_new: autoDraw = False
2373.5556 	EXP 	text_item: autoDraw = False
2373.5556 	EXP 	image_blank: autoDraw = True
2375.7704 	EXP 	cross_25: autoDraw = True
2376.0206 	EXP 	cross_25: autoDraw = False
2376.3198 	INFO 	Keyboard events cleared
2376.3197 	EXP 	image_blank: autoDraw = False
2376.3197 	EXP 	cross_25: autoDraw = False
2376.3197 	EXP 	image_blank: autoDraw = False
2376.3197 	EXP 	image_old_new: image = 'Scenes_Dataset/hut_A.jpg'
2376.3197 	EXP 	image_old_new: autoDraw = True
2376.3197 	EXP 	text_item: autoDraw = True
2377.8388 	DATA 	Keypress: left
2379.3045 	EXP 	New trial (rep=0, index=86): <Trial 86 (86 in rep 0) data={'Index': 60, 'Scene': 'Scenes_Dataset/field_A.jpg', 'Scene_Size': (600, 403), 'Condition_Encode': 'Incongruent', 'Object_Encode': 'Objects_Dataset/computer_monitor.png', 'Object_Size': (300, 300), 'Condition_Old': 'old', 'Correct_Key_Old': 'left', 'Obj_Lure': 'Objects_Dataset/plasticine.png', 'Lure_size': (250, 167), 'Target_pos': (300, 200), 'Lure_pos': (300, -200), 'Correct_key_AFC': 'up', 'jitter_ITI': 2.35, 'thisN': 86, 'thisTrialN': 86, 'thisRepN': 0}>
2379.3203 	EXP 	image_old_new: autoDraw = False
2379.3203 	EXP 	text_item: autoDraw = False
2379.3203 	EXP 	image_old_new: autoDraw = False
2379.3203 	EXP 	text_item: autoDraw = False
2379.3203 	EXP 	image_blank: autoDraw = True
2381.5555 	EXP 	cross_25: autoDraw = True
2381.6723 	EXP 	image_blank: autoDraw = False
2381.8220 	INFO 	Keyboard events cleared
2381.8219 	EXP 	cross_25: autoDraw = False
2381.8219 	EXP 	cross_25: autoDraw = False
2381.8219 	EXP 	image_blank: autoDraw = False
2381.8219 	EXP 	image_old_new: image = 'Scenes_Dataset/field_A.jpg'
2381.8219 	EXP 	image_old_new: autoDraw = True
2381.8219 	EXP 	text_item: autoDraw = True
2382.9391 	DATA 	Keypress: right
2384.8214 	EXP 	New trial (rep=0, index=87): <Trial 87 (87 in rep 0) data={'Index': 48, 'Scene': 'Scenes_Dataset/ballet_room_A.jpg', 'Scene_Size': (600, 398), 'Condition_Encode': 'Incongruent', 'Object_Encode': 'Objects_Dataset/hiking_boots.png', 'Object_Size': (300, 300), 'Condition_Old': 'old', 'Correct_Key_Old': 'left', 'Obj_Lure': 'Objects_Dataset/bicycle_bell.png', 'Lure_size': (250, 210), 'Target_pos': (300, 200), 'Lure_pos': (300, -200), 'Correct_key_AFC': 'up', 'jitter_ITI': 3.05, 'thisN': 87, 'thisTrialN': 87, 'thisRepN': 0}>
2384.8373 	EXP 	image_old_new: autoDraw = False
2384.8373 	EXP 	text_item: autoDraw = False
2384.8373 	EXP 	image_blank: autoDraw = True
2387.0540 	EXP 	cross_25: autoDraw = True
2387.3040 	EXP 	cross_25: autoDraw = False
2387.8881 	INFO 	Keyboard events cleared
2387.8881 	EXP 	image_blank: autoDraw = False
2387.8881 	EXP 	cross_25: autoDraw = False
2387.8881 	EXP 	image_blank: autoDraw = False
2387.8881 	EXP 	image_old_new: image = 'Scenes_Dataset/ballet_room_A.jpg'
2387.8881 	EXP 	image_old_new: autoDraw = True
2387.8881 	EXP 	text_item: autoDraw = True
2389.3918 	DATA 	Keypress: right
2390.8720 	EXP 	New trial (rep=0, index=88): <Trial 88 (88 in rep 0) data={'Index': 31, 'Scene': 'Scenes_Dataset/balcony.jpg', 'Scene_Size': (600, 450), 'Condition_Encode': 'Incongruent', 'Object_Encode': 'Objects_Dataset/car_key.png', 'Object_Size': (300, 125), 'Condition_Old': 'old', 'Correct_Key_Old': 'left', 'Obj_Lure': 'Objects_Dataset/staple_puller_retouched.png', 'Lure_size': (400, 400), 'Target_pos': (300, 200), 'Lure_pos': (300, -200), 'Correct_key_AFC': 'up', 'jitter_ITI': 2.2, 'thisN': 88, 'thisTrialN': 88, 'thisRepN': 0}>
2390.8895 	EXP 	image_old_new: autoDraw = False
2390.8895 	EXP 	text_item: autoDraw = False
2390.8895 	EXP 	image_old_new: autoDraw = False
2390.8895 	EXP 	text_item: autoDraw = False
2390.8895 	EXP 	image_blank: autoDraw = True
2393.1041 	EXP 	image_blank: autoDraw = False
2393.1372 	EXP 	cross_25: autoDraw = True
2393.3909 	INFO 	Keyboard events cleared
2393.3909 	EXP 	cross_25: autoDraw = False
2393.3909 	EXP 	cross_25: autoDraw = False
2393.3909 	EXP 	image_blank: autoDraw = False
2393.3909 	EXP 	image_old_new: image = 'Scenes_Dataset/balcony.jpg'
2393.3909 	EXP 	image_old_new: autoDraw = True
2393.3909 	EXP 	text_item: autoDraw = True
2395.1559 	DATA 	Keypress: left
2396.3882 	EXP 	New trial (rep=0, index=89): <Trial 89 (89 in rep 0) data={'Index': 29, 'Scene': 'Scenes_Dataset/pool_B.jpg', 'Scene_Size': (600, 450), 'Condition_Encode': 'Congruent', 'Object_Encode': 'Objects_Dataset/slippers.png', 'Object_Size': (280, 300), 'Condition_Old': 'old', 'Correct_Key_Old': 'left', 'Obj_Lure': 'Objects_Dataset/bikini.png', 'Lure_size': (350, 350), 'Target_pos': (300, -200), 'Lure_pos': (300, 200), 'Correct_key_AFC': 'down', 'jitter_ITI': 2.1, 'thisN': 89, 'thisTrialN': 89, 'thisRepN': 0}>
2396.4040 	EXP 	image_old_new: autoDraw = False
2396.4040 	EXP 	text_item: autoDraw = False
2396.4040 	EXP 	image_blank: autoDraw = True
2398.5066 	EXP 	image_blank: autoDraw = False
2398.6205 	EXP 	cross_25: autoDraw = True
2398.8703 	INFO 	Keyboard events cleared
2398.8702 	EXP 	cross_25: autoDraw = False
2398.8702 	EXP 	cross_25: autoDraw = False
2398.8702 	EXP 	image_blank: autoDraw = False
2398.8702 	EXP 	image_old_new: image = 'Scenes_Dataset/pool_B.jpg'
2398.8702 	EXP 	image_old_new: autoDraw = True
2398.8702 	EXP 	text_item: autoDraw = True
2400.5560 	DATA 	Keypress: left
2401.8707 	INFO 	Keyboard events cleared
2401.8706 	EXP 	image_old_new: autoDraw = False
2401.8706 	EXP 	text_item: autoDraw = False
2401.8706 	EXP 	image_old_new: autoDraw = False
2401.8706 	EXP 	text_item: autoDraw = False
2401.8706 	EXP 	text_end_item: autoDraw = True
2407.7080 	DATA 	Keypress: space
2407.7211 	INFO 	Keyboard events cleared
2407.7210 	EXP 	text_end_item: autoDraw = False
2407.7210 	EXP 	text_explain_2afc: autoDraw = True
2471.9664 	EXP 	Imported Exemplo_encode.xlsx as conditions, 4 conditions, 13 params
2471.9666 	EXP 	New trial (rep=0, index=0): <Trial 0 (0 in rep 0) data={'Index': 'Ex1', 'ex_scene_encode': 'Scenes_Dataset/sky_A.jpg', 'ex_scene_size': (600, 398), 'ex_object_encode': 'Objects_Dataset/hang_glider.png', 'ex_object_size': (450, 275), 'ex_target_pos': (300, -200), 'ex_condition_encode': 'congruent', 'ex_lure': 'Objects_Dataset/drone.png', 'ex_lure_size': (300, 144), 'ex_lure_pos': (300, 200), 'ex_new': 'Scenes_Dataset/temple_A.jpg', 'ex_new_scene_size': (600, 358), 'jitter_ITI': 2, 'thisN': 0, 'thisTrialN': 0, 'thisRepN': 0}>
2471.9669 	DATA 	Keypress: space
2471.9712 	EXP 	text_explain_2afc: autoDraw = False
2471.9712 	EXP 	image_blank: autoDraw = True
2473.9718 	EXP 	image_blank: autoDraw = False
2474.2218 	EXP 	cross_25: autoDraw = True
2474.4841 	INFO 	Keyboard events cleared
2474.4841 	EXP 	cross_25: autoDraw = False
2474.4841 	EXP 	cross_25: autoDraw = False
2474.4841 	EXP 	image_blank: autoDraw = False
2474.4841 	EXP 	image_ex_2AFC: image = 'Scenes_Dataset/sky_A.jpg'
2474.4841 	EXP 	image_ex_target: image = 'Objects_Dataset/hang_glider.png'
2474.4841 	EXP 	image_ex_lure: image = 'Objects_Dataset/drone.png'
2474.4841 	EXP 	image_ex_2AFC: autoDraw = True
2474.4841 	EXP 	image_ex_target: autoDraw = True
2474.4841 	EXP 	image_ex_lure: autoDraw = True
2476.2904 	DATA 	Keypress: down
2477.4725 	EXP 	New trial (rep=0, index=1): <Trial 1 (1 in rep 0) data={'Index': 'Ex3', 'ex_scene_encode': 'Scenes_Dataset/cellars_A.jpg', 'ex_scene_size': (600, 399), 'ex_object_encode': 'Objects_Dataset/barrier.png', 'ex_object_size': (300, 300), 'ex_target_pos': (300, -200), 'ex_condition_encode': 'incongruent', 'ex_lure': 'Objects_Dataset/hang_glider.png', 'ex_lure_size': (450, 275), 'ex_lure_pos': (300, 200), 'ex_new': None, 'ex_new_scene_size': None, 'jitter_ITI': 3, 'thisN': 1, 'thisTrialN': 1, 'thisRepN': 0}>
2477.4885 	EXP 	image_ex_2AFC: autoDraw = False
2477.4885 	EXP 	image_ex_target: autoDraw = False
2477.4885 	EXP 	image_ex_lure: autoDraw = False
2477.4885 	EXP 	image_blank: autoDraw = True
2479.7052 	EXP 	cross_25: autoDraw = True
2479.9571 	EXP 	cross_25: autoDraw = False
2480.4944 	INFO 	Keyboard events cleared
2480.4944 	EXP 	image_blank: autoDraw = False
2480.4944 	EXP 	cross_25: autoDraw = False
2480.4944 	EXP 	image_blank: autoDraw = False
2480.4944 	EXP 	image_ex_2AFC: image = 'Scenes_Dataset/cellars_A.jpg'
2480.4944 	EXP 	image_ex_target: image = 'Objects_Dataset/barrier.png'
2480.4944 	EXP 	image_ex_lure: image = 'Objects_Dataset/hang_glider.png'
2480.4944 	EXP 	image_ex_2AFC: autoDraw = True
2480.4944 	EXP 	image_ex_target: autoDraw = True
2480.4944 	EXP 	image_ex_lure: autoDraw = True
2482.5900 	DATA 	Keypress: down
2483.4892 	EXP 	New trial (rep=0, index=2): <Trial 2 (2 in rep 0) data={'Index': 'Ex2', 'ex_scene_encode': 'Scenes_Dataset/painting_workshop_A.jpg', 'ex_scene_size': (600, 450), 'ex_object_encode': 'Objects_Dataset/fish_hook.png', 'ex_object_size': (130, 200), 'ex_target_pos': (300, 200), 'ex_condition_encode': 'incongruent', 'ex_lure': 'Objects_Dataset/barrier.png', 'ex_lure_size': (300, 300), 'ex_lure_pos': (300, -200), 'ex_new': 'Scenes_Dataset/athletics_track_A', 'ex_new_scene_size': (600, 450), 'jitter_ITI': 2.5, 'thisN': 2, 'thisTrialN': 2, 'thisRepN': 0}>
2483.5053 	EXP 	image_ex_2AFC: autoDraw = False
2483.5053 	EXP 	image_ex_target: autoDraw = False
2483.5053 	EXP 	image_ex_lure: autoDraw = False
2483.5053 	EXP 	image_blank: autoDraw = True
2485.7220 	EXP 	cross_25: autoDraw = True
2485.9745 	EXP 	cross_25: autoDraw = False
2486.0132 	INFO 	Keyboard events cleared
2486.0132 	EXP 	image_blank: autoDraw = False
2486.0132 	EXP 	cross_25: autoDraw = False
2486.0132 	EXP 	image_blank: autoDraw = False
2486.0132 	EXP 	image_ex_2AFC: image = 'Scenes_Dataset/painting_workshop_A.jpg'
2486.0132 	EXP 	image_ex_target: image = 'Objects_Dataset/fish_hook.png'
2486.0132 	EXP 	image_ex_lure: image = 'Objects_Dataset/barrier.png'
2486.0132 	EXP 	image_ex_2AFC: autoDraw = True
2486.0132 	EXP 	image_ex_target: autoDraw = True
2486.0132 	EXP 	image_ex_lure: autoDraw = True
2487.8567 	DATA 	Keypress: up
2489.0060 	EXP 	New trial (rep=0, index=3): <Trial 3 (3 in rep 0) data={'Index': 'Ex4', 'ex_scene_encode': 'Scenes_Dataset/river_B.jpg', 'ex_scene_size': (600, 450), 'ex_object_encode': 'Objects_Dataset/drone.png', 'ex_object_size': (300, 144), 'ex_target_pos': (300, 200), 'ex_condition_encode': 'congruent', 'ex_lure': 'Objects_Dataset/fish_hook.png', 'ex_lure_size': (130, 200), 'ex_lure_pos': (300, -200), 'ex_new': None, 'ex_new_scene_size': None, 'jitter_ITI': 2.5, 'thisN': 3, 'thisTrialN': 3, 'thisRepN': 0}>
2489.0220 	EXP 	image_ex_2AFC: autoDraw = False
2489.0220 	EXP 	image_ex_target: autoDraw = False
2489.0220 	EXP 	image_ex_lure: autoDraw = False
2489.0220 	EXP 	image_blank: autoDraw = True
2491.2387 	EXP 	cross_25: autoDraw = True
2491.4887 	EXP 	cross_25: autoDraw = False
2491.5285 	INFO 	Keyboard events cleared
2491.5285 	EXP 	image_blank: autoDraw = False
2491.5285 	EXP 	cross_25: autoDraw = False
2491.5285 	EXP 	image_blank: autoDraw = False
2491.5285 	EXP 	image_ex_2AFC: image = 'Scenes_Dataset/river_B.jpg'
2491.5285 	EXP 	image_ex_target: image = 'Objects_Dataset/drone.png'
2491.5285 	EXP 	image_ex_lure: image = 'Objects_Dataset/fish_hook.png'
2491.5285 	EXP 	image_ex_2AFC: autoDraw = True
2491.5285 	EXP 	image_ex_target: autoDraw = True
2491.5285 	EXP 	image_ex_lure: autoDraw = True
2493.8068 	DATA 	Keypress: up
2494.5389 	INFO 	Keyboard events cleared
2494.5387 	EXP 	image_ex_2AFC: autoDraw = False
2494.5387 	EXP 	image_ex_target: autoDraw = False
2494.5387 	EXP 	image_ex_lure: autoDraw = False
2494.5387 	EXP 	text_start_recall: autoDraw = True
2496.8644 	EXP 	Imported Encode_Pairs.xlsx as conditions, 60 conditions, 14 params
2496.9000 	EXP 	New trial (rep=0, index=0): <Trial 0 (0 in rep 0) data={'Index': 56, 'Scene': 'Scenes_Dataset/fountain_A.jpg', 'Scene_Size': (600, 443), 'Condition_Encode': 'Incongruent', 'Object_Encode': 'Objects_Dataset/plasticine.png', 'Object_Size': (250, 167), 'Condition_Old': 'old', 'Correct_Key_Old': 'left', 'Obj_Lure': 'Objects_Dataset/hands_dryer.png', 'Lure_size': (350, 267), 'Target_pos': (300, 200), 'Lure_pos': (300, -200), 'Correct_key_AFC': 'up', 'jitter_ITI': 2.15, 'thisN': 0, 'thisTrialN': 0, 'thisRepN': 0}>
2496.9004 	DATA 	Keypress: space
2496.9068 	EXP 	text_start_recall: autoDraw = False
2496.9068 	EXP 	image_blank: autoDraw = True
2499.0721 	EXP 	image_blank: autoDraw = False
2499.0887 	EXP 	cross_25: autoDraw = True
2499.3545 	INFO 	Keyboard events cleared
2499.3544 	EXP 	cross_25: autoDraw = False
2499.3544 	EXP 	cross_25: autoDraw = False
2499.3544 	EXP 	image_blank: autoDraw = False
2499.3544 	EXP 	image_scene_2AFC: image = 'Scenes_Dataset/fountain_A.jpg'
2499.3544 	EXP 	image_target: image = 'Objects_Dataset/plasticine.png'
2499.3544 	EXP 	image_lure: image = 'Objects_Dataset/hands_dryer.png'
2499.3544 	EXP 	image_scene_2AFC: autoDraw = True
2499.3544 	EXP 	image_target: autoDraw = True
2499.3544 	EXP 	image_lure: autoDraw = True
2501.1069 	DATA 	Keypress: up
2502.3399 	EXP 	New trial (rep=0, index=1): <Trial 1 (1 in rep 0) data={'Index': 26, 'Scene': 'Scenes_Dataset/hospital_room_B.jpg', 'Scene_Size': (600, 400), 'Condition_Encode': 'Congruent', 'Object_Encode': 'Objects_Dataset/saline_retouched.png', 'Object_Size': (300, 225), 'Condition_Old': 'old', 'Correct_Key_Old': 'left', 'Obj_Lure': 'Objects_Dataset/pills.png', 'Lure_size': (216, 250), 'Target_pos': (300, -200), 'Lure_pos': (300, 200), 'Correct_key_AFC': 'down', 'jitter_ITI': 3.25, 'thisN': 1, 'thisTrialN': 1, 'thisRepN': 0}>
2502.3556 	EXP 	image_scene_2AFC: autoDraw = False
2502.3556 	EXP 	image_target: autoDraw = False
2502.3556 	EXP 	image_lure: autoDraw = False
2502.3556 	EXP 	image_blank: autoDraw = True
2504.5722 	EXP 	cross_25: autoDraw = True
2504.8222 	EXP 	cross_25: autoDraw = False
2505.6168 	INFO 	Keyboard events cleared
2505.6168 	EXP 	image_blank: autoDraw = False
2505.6168 	EXP 	cross_25: autoDraw = False
2505.6168 	EXP 	image_blank: autoDraw = False
2505.6168 	EXP 	image_scene_2AFC: image = 'Scenes_Dataset/hospital_room_B.jpg'
2505.6168 	EXP 	image_target: image = 'Objects_Dataset/saline_retouched.png'
2505.6168 	EXP 	image_lure: image = 'Objects_Dataset/pills.png'
2505.6168 	EXP 	image_scene_2AFC: autoDraw = True
2505.6168 	EXP 	image_target: autoDraw = True
2505.6168 	EXP 	image_lure: autoDraw = True
2506.8737 	DATA 	Keypress: down
2508.6065 	EXP 	New trial (rep=0, index=2): <Trial 2 (2 in rep 0) data={'Index': 7, 'Scene': 'Scenes_Dataset/snow_B.jpg', 'Scene_Size': (600, 450), 'Condition_Encode': 'Congruent', 'Object_Encode': 'Objects_Dataset/wool_cap.png', 'Object_Size': (250, 250), 'Condition_Old': 'old', 'Correct_Key_Old': 'left', 'Obj_Lure': 'Objects_Dataset/eskimo_coat.png', 'Lure_size': (300, 300), 'Target_pos': (300, -200), 'Lure_pos': (300, 200), 'Correct_key_AFC': 'down', 'jitter_ITI': 2.3, 'thisN': 2, 'thisTrialN': 2, 'thisRepN': 0}>
2508.6223 	EXP 	image_scene_2AFC: autoDraw = False
2508.6223 	EXP 	image_target: autoDraw = False
2508.6223 	EXP 	image_lure: autoDraw = False
2508.6223 	EXP 	image_blank: autoDraw = True
2510.8559 	EXP 	cross_25: autoDraw = True
2510.9224 	EXP 	image_blank: autoDraw = False
2511.1174 	INFO 	Keyboard events cleared
2511.1174 	EXP 	cross_25: autoDraw = False
2511.1174 	EXP 	cross_25: autoDraw = False
2511.1174 	EXP 	image_blank: autoDraw = False
2511.1174 	EXP 	image_scene_2AFC: image = 'Scenes_Dataset/snow_B.jpg'
2511.1174 	EXP 	image_target: image = 'Objects_Dataset/wool_cap.png'
2511.1174 	EXP 	image_lure: image = 'Objects_Dataset/eskimo_coat.png'
2511.1174 	EXP 	image_scene_2AFC: autoDraw = True
2511.1174 	EXP 	image_target: autoDraw = True
2511.1174 	EXP 	image_lure: autoDraw = True
2512.0253 	DATA 	Keypress: down
2514.1066 	EXP 	New trial (rep=0, index=3): <Trial 3 (3 in rep 0) data={'Index': 60, 'Scene': 'Scenes_Dataset/field_A.jpg', 'Scene_Size': (600, 403), 'Condition_Encode': 'Incongruent', 'Object_Encode': 'Objects_Dataset/computer_monitor.png', 'Object_Size': (300, 300), 'Condition_Old': 'old', 'Correct_Key_Old': 'left', 'Obj_Lure': 'Objects_Dataset/plasticine.png', 'Lure_size': (250, 167), 'Target_pos': (300, 200), 'Lure_pos': (300, -200), 'Correct_key_AFC': 'up', 'jitter_ITI': 2.35, 'thisN': 3, 'thisTrialN': 3, 'thisRepN': 0}>
2514.1231 	EXP 	image_scene_2AFC: autoDraw = False
2514.1231 	EXP 	image_target: autoDraw = False
2514.1231 	EXP 	image_lure: autoDraw = False
2514.1231 	EXP 	image_blank: autoDraw = True
2516.3389 	EXP 	cross_25: autoDraw = True
2516.4723 	EXP 	image_blank: autoDraw = False
2516.5989 	INFO 	Keyboard events cleared
2516.5988 	EXP 	cross_25: autoDraw = False
2516.5988 	EXP 	cross_25: autoDraw = False
2516.5988 	EXP 	image_blank: autoDraw = False
2516.5988 	EXP 	image_scene_2AFC: image = 'Scenes_Dataset/field_A.jpg'
2516.5988 	EXP 	image_target: image = 'Objects_Dataset/computer_monitor.png'
2516.5988 	EXP 	image_lure: image = 'Objects_Dataset/plasticine.png'
2516.5988 	EXP 	image_scene_2AFC: autoDraw = True
2516.5988 	EXP 	image_target: autoDraw = True
2516.5988 	EXP 	image_lure: autoDraw = True
2518.3912 	DATA 	Keypress: up
2519.5904 	EXP 	New trial (rep=0, index=4): <Trial 4 (4 in rep 0) data={'Index': 29, 'Scene': 'Scenes_Dataset/pool_B.jpg', 'Scene_Size': (600, 450), 'Condition_Encode': 'Congruent', 'Object_Encode': 'Objects_Dataset/slippers.png', 'Object_Size': (280, 300), 'Condition_Old': 'old', 'Correct_Key_Old': 'left', 'Obj_Lure': 'Objects_Dataset/bikini.png', 'Lure_size': (350, 350), 'Target_pos': (300, -200), 'Lure_pos': (300, 200), 'Correct_key_AFC': 'down', 'jitter_ITI': 2.1, 'thisN': 4, 'thisTrialN': 4, 'thisRepN': 0}>
2519.6058 	EXP 	image_scene_2AFC: autoDraw = False
2519.6058 	EXP 	image_target: autoDraw = False
2519.6058 	EXP 	image_lure: autoDraw = False
2519.6058 	EXP 	image_blank: autoDraw = True
2521.7057 	EXP 	image_blank: autoDraw = False
2521.8224 	EXP 	cross_25: autoDraw = True
2522.0837 	INFO 	Keyboard events cleared
2522.0836 	EXP 	cross_25: autoDraw = False
2522.0836 	EXP 	cross_25: autoDraw = False
2522.0836 	EXP 	image_blank: autoDraw = False
2522.0836 	EXP 	image_scene_2AFC: image = 'Scenes_Dataset/pool_B.jpg'
2522.0836 	EXP 	image_target: image = 'Objects_Dataset/slippers.png'
2522.0836 	EXP 	image_lure: image = 'Objects_Dataset/bikini.png'
2522.0836 	EXP 	image_scene_2AFC: autoDraw = True
2522.0836 	EXP 	image_target: autoDraw = True
2522.0836 	EXP 	image_lure: autoDraw = True
2523.0242 	DATA 	Keypress: down
2525.0575 	EXP 	New trial (rep=0, index=5): <Trial 5 (5 in rep 0) data={'Index': 38, 'Scene': 'Scenes_Dataset/garden_A.jpg', 'Scene_Size': (600, 446), 'Condition_Encode': 'Incongruent', 'Object_Encode': 'Objects_Dataset/airplane_belt.png', 'Object_Size': (300, 249), 'Condition_Old': 'old', 'Correct_Key_Old': 'left', 'Obj_Lure': 'Objects_Dataset/saline_retouched.png', 'Lure_size': (300, 225), 'Target_pos': (300, 200), 'Lure_pos': (300, -200), 'Correct_key_AFC': 'up', 'jitter_ITI': 2.55, 'thisN': 5, 'thisTrialN': 5, 'thisRepN': 0}>
2525.0726 	EXP 	image_scene_2AFC: autoDraw = False
2525.0726 	EXP 	image_target: autoDraw = False
2525.0726 	EXP 	image_lure: autoDraw = False
2525.0726 	EXP 	image_blank: autoDraw = True
2527.3060 	EXP 	cross_25: autoDraw = True
2527.5561 	EXP 	cross_25: autoDraw = False
2527.6352 	INFO 	Keyboard events cleared
2527.6352 	EXP 	image_blank: autoDraw = False
2527.6352 	EXP 	cross_25: autoDraw = False
2527.6352 	EXP 	image_blank: autoDraw = False
2527.6352 	EXP 	image_scene_2AFC: image = 'Scenes_Dataset/garden_A.jpg'
2527.6352 	EXP 	image_target: image = 'Objects_Dataset/airplane_belt.png'
2527.6352 	EXP 	image_lure: image = 'Objects_Dataset/saline_retouched.png'
2527.6352 	EXP 	image_scene_2AFC: autoDraw = True
2527.6352 	EXP 	image_target: autoDraw = True
2527.6352 	EXP 	image_lure: autoDraw = True
2528.7410 	DATA 	Keypress: up
2530.6239 	EXP 	New trial (rep=0, index=6): <Trial 6 (6 in rep 0) data={'Index': 22, 'Scene': 'Scenes_Dataset/cavern_A.jpg', 'Scene_Size': (600, 410), 'Condition_Encode': 'Congruent', 'Object_Encode': 'Objects_Dataset/canteen.png', 'Object_Size': (150, 250), 'Condition_Old': 'old', 'Correct_Key_Old': 'left', 'Obj_Lure': 'Objects_Dataset/hiking_boots.png', 'Lure_size': (300, 300), 'Target_pos': (300, -200), 'Lure_pos': (300, 200), 'Correct_key_AFC': 'down', 'jitter_ITI': 3.05, 'thisN': 6, 'thisTrialN': 6, 'thisRepN': 0}>
2530.6393 	EXP 	image_scene_2AFC: autoDraw = False
2530.6393 	EXP 	image_target: autoDraw = False
2530.6393 	EXP 	image_lure: autoDraw = False
2530.6393 	EXP 	image_blank: autoDraw = True
2532.8578 	EXP 	cross_25: autoDraw = True
2533.1227 	EXP 	cross_25: autoDraw = False
2533.6997 	INFO 	Keyboard events cleared
2533.6997 	EXP 	image_blank: autoDraw = False
2533.6997 	EXP 	cross_25: autoDraw = False
2533.6997 	EXP 	image_blank: autoDraw = False
2533.6997 	EXP 	image_scene_2AFC: image = 'Scenes_Dataset/cavern_A.jpg'
2533.6997 	EXP 	image_target: image = 'Objects_Dataset/canteen.png'
2533.6997 	EXP 	image_lure: image = 'Objects_Dataset/hiking_boots.png'
2533.6997 	EXP 	image_scene_2AFC: autoDraw = True
2533.6997 	EXP 	image_target: autoDraw = True
2533.6997 	EXP 	image_lure: autoDraw = True
2535.4586 	DATA 	Keypress: down
2536.6902 	EXP 	New trial (rep=0, index=7): <Trial 7 (7 in rep 0) data={'Index': 46, 'Scene': 'Scenes_Dataset/skate_park_A.jpg', 'Scene_Size': (600, 450), 'Condition_Encode': 'Incongruent', 'Object_Encode': 'Objects_Dataset/paddle.png', 'Object_Size': (300, 299), 'Condition_Old': 'old', 'Correct_Key_Old': 'left', 'Obj_Lure': 'Objects_Dataset/fan.png', 'Lure_size': (350, 350), 'Target_pos': (300, 200), 'Lure_pos': (300, -200), 'Correct_key_AFC': 'up', 'jitter_ITI': 2.95, 'thisN': 7, 'thisTrialN': 7, 'thisRepN': 0}>
2536.7060 	EXP 	image_scene_2AFC: autoDraw = False
2536.7060 	EXP 	image_target: autoDraw = False
2536.7060 	EXP 	image_lure: autoDraw = False
2536.7060 	EXP 	image_blank: autoDraw = True
2538.9228 	EXP 	cross_25: autoDraw = True
2539.1737 	EXP 	cross_25: autoDraw = False
2539.6698 	INFO 	Keyboard events cleared
2539.6697 	EXP 	image_blank: autoDraw = False
2539.6697 	EXP 	cross_25: autoDraw = False
2539.6697 	EXP 	image_blank: autoDraw = False
2539.6697 	EXP 	image_scene_2AFC: image = 'Scenes_Dataset/skate_park_A.jpg'
2539.6697 	EXP 	image_target: image = 'Objects_Dataset/paddle.png'
2539.6697 	EXP 	image_lure: image = 'Objects_Dataset/fan.png'
2539.6697 	EXP 	image_scene_2AFC: autoDraw = True
2539.6697 	EXP 	image_target: autoDraw = True
2539.6697 	EXP 	image_lure: autoDraw = True
2541.3908 	DATA 	Keypress: up
2542.6406 	EXP 	New trial (rep=0, index=8): <Trial 8 (8 in rep 0) data={'Index': 2, 'Scene': 'Scenes_Dataset/waiting_room_A.jpg', 'Scene_Size': (600, 450), 'Condition_Encode': 'Congruent', 'Object_Encode': 'Objects_Dataset/clock.png', 'Object_Size': (250, 248), 'Condition_Old': 'old', 'Correct_Key_Old': 'left', 'Obj_Lure': 'Objects_Dataset/water_dispenser.png', 'Lure_size': (300, 300), 'Target_pos': (300, -200), 'Lure_pos': (300, 200), 'Correct_key_AFC': 'down', 'jitter_ITI': 2.05, 'thisN': 8, 'thisTrialN': 8, 'thisRepN': 0}>
2542.6564 	EXP 	image_scene_2AFC: autoDraw = False
2542.6564 	EXP 	image_target: autoDraw = False
2542.6564 	EXP 	image_lure: autoDraw = False
2542.6564 	EXP 	image_blank: autoDraw = True
2544.7062 	EXP 	image_blank: autoDraw = False
2544.8897 	EXP 	cross_25: autoDraw = True
2545.1460 	INFO 	Keyboard events cleared
2545.1460 	EXP 	cross_25: autoDraw = False
2545.1460 	EXP 	cross_25: autoDraw = False
2545.1460 	EXP 	image_blank: autoDraw = False
2545.1460 	EXP 	image_scene_2AFC: image = 'Scenes_Dataset/waiting_room_A.jpg'
2545.1460 	EXP 	image_target: image = 'Objects_Dataset/clock.png'
2545.1460 	EXP 	image_lure: image = 'Objects_Dataset/water_dispenser.png'
2545.1460 	EXP 	image_scene_2AFC: autoDraw = True
2545.1460 	EXP 	image_target: autoDraw = True
2545.1460 	EXP 	image_lure: autoDraw = True
2547.0912 	DATA 	Keypress: down
2548.1409 	EXP 	New trial (rep=0, index=9): <Trial 9 (9 in rep 0) data={'Index': 14, 'Scene': 'Scenes_Dataset/palace_interior_A.jpg', 'Scene_Size': (600, 447), 'Condition_Encode': 'Congruent', 'Object_Encode': 'Objects_Dataset/chandelier_retouched.png', 'Object_Size': (250, 300), 'Condition_Old': 'old', 'Correct_Key_Old': 'left', 'Obj_Lure': 'Objects_Dataset/crown.png', 'Lure_size': (300, 249), 'Target_pos': (300, -200), 'Lure_pos': (300, 200), 'Correct_key_AFC': 'down', 'jitter_ITI': 2.65, 'thisN': 9, 'thisTrialN': 9, 'thisRepN': 0}>
2548.1560 	EXP 	image_scene_2AFC: autoDraw = False
2548.1560 	EXP 	image_target: autoDraw = False
2548.1560 	EXP 	image_lure: autoDraw = False
2548.1560 	EXP 	image_blank: autoDraw = True
2550.3918 	EXP 	cross_25: autoDraw = True
2550.6562 	EXP 	cross_25: autoDraw = False
2550.8203 	INFO 	Keyboard events cleared
2550.8203 	EXP 	image_blank: autoDraw = False
2550.8203 	EXP 	cross_25: autoDraw = False
2550.8203 	EXP 	image_blank: autoDraw = False
2550.8203 	EXP 	image_scene_2AFC: image = 'Scenes_Dataset/palace_interior_A.jpg'
2550.8203 	EXP 	image_target: image = 'Objects_Dataset/chandelier_retouched.png'
2550.8203 	EXP 	image_lure: image = 'Objects_Dataset/crown.png'
2550.8203 	EXP 	image_scene_2AFC: autoDraw = True
2550.8203 	EXP 	image_target: autoDraw = True
2550.8203 	EXP 	image_lure: autoDraw = True
2552.5917 	DATA 	Keypress: down
2553.8074 	EXP 	New trial (rep=0, index=10): <Trial 10 (10 in rep 0) data={'Index': 51, 'Scene': 'Scenes_Dataset/clinic_A.jpg', 'Scene_Size': (600, 400), 'Condition_Encode': 'Incongruent', 'Object_Encode': 'Objects_Dataset/juggling_balls_retouched.png', 'Object_Size': (350, 197), 'Condition_Old': 'old', 'Correct_Key_Old': 'left', 'Obj_Lure': 'Objects_Dataset/sled_retouched.png', 'Lure_size': (450, 286), 'Target_pos': (300, 200), 'Lure_pos': (300, -200), 'Correct_key_AFC': 'up', 'jitter_ITI': 3.2, 'thisN': 10, 'thisTrialN': 10, 'thisRepN': 0}>
2553.8229 	EXP 	image_scene_2AFC: autoDraw = False
2553.8229 	EXP 	image_target: autoDraw = False
2553.8229 	EXP 	image_lure: autoDraw = False
2553.8229 	EXP 	image_blank: autoDraw = True
2556.0398 	EXP 	cross_25: autoDraw = True
2556.2899 	EXP 	cross_25: autoDraw = False
2557.0350 	INFO 	Keyboard events cleared
2557.0350 	EXP 	image_blank: autoDraw = False
2557.0350 	EXP 	cross_25: autoDraw = False
2557.0350 	EXP 	image_blank: autoDraw = False
2557.0350 	EXP 	image_scene_2AFC: image = 'Scenes_Dataset/clinic_A.jpg'
2557.0350 	EXP 	image_target: image = 'Objects_Dataset/juggling_balls_retouched.png'
2557.0350 	EXP 	image_lure: image = 'Objects_Dataset/sled_retouched.png'
2557.0350 	EXP 	image_scene_2AFC: autoDraw = True
2557.0350 	EXP 	image_target: autoDraw = True
2557.0350 	EXP 	image_lure: autoDraw = True
2558.8248 	DATA 	Keypress: up
2560.0237 	EXP 	New trial (rep=0, index=11): <Trial 11 (11 in rep 0) data={'Index': 42, 'Scene': 'Scenes_Dataset/hut_A.jpg', 'Scene_Size': (600, 384), 'Condition_Encode': 'Incongruent', 'Object_Encode': 'Objects_Dataset/sled_retouched.png', 'Object_Size': (450, 286), 'Condition_Old': 'old', 'Correct_Key_Old': 'left', 'Obj_Lure': 'Objects_Dataset/stapler.png', 'Lure_size': (250, 178), 'Target_pos': (300, 200), 'Lure_pos': (300, -200), 'Correct_key_AFC': 'up', 'jitter_ITI': 2.75, 'thisN': 11, 'thisTrialN': 11, 'thisRepN': 0}>
2560.0398 	EXP 	image_scene_2AFC: autoDraw = False
2560.0398 	EXP 	image_target: autoDraw = False
2560.0398 	EXP 	image_lure: autoDraw = False
2560.0398 	EXP 	image_blank: autoDraw = True
2562.2731 	EXP 	cross_25: autoDraw = True
2562.5233 	EXP 	cross_25: autoDraw = False
2562.8017 	INFO 	Keyboard events cleared
2562.8017 	EXP 	image_blank: autoDraw = False
2562.8017 	EXP 	cross_25: autoDraw = False
2562.8017 	EXP 	image_blank: autoDraw = False
2562.8017 	EXP 	image_scene_2AFC: image = 'Scenes_Dataset/hut_A.jpg'
2562.8017 	EXP 	image_target: image = 'Objects_Dataset/sled_retouched.png'
2562.8017 	EXP 	image_lure: image = 'Objects_Dataset/stapler.png'
2562.8017 	EXP 	image_scene_2AFC: autoDraw = True
2562.8017 	EXP 	image_target: autoDraw = True
2562.8017 	EXP 	image_lure: autoDraw = True
2564.2414 	DATA 	Keypress: up
2565.7908 	EXP 	New trial (rep=0, index=12): <Trial 12 (12 in rep 0) data={'Index': 19, 'Scene': 'Scenes_Dataset/island_A.jpg', 'Scene_Size': (600, 420), 'Condition_Encode': 'Congruent', 'Object_Encode': 'Objects_Dataset/message_bottle.png', 'Object_Size': (284, 177), 'Condition_Old': 'old', 'Correct_Key_Old': 'left', 'Obj_Lure': 'Objects_Dataset/kayak.png', 'Lure_size': (450, 338), 'Target_pos': (300, -200), 'Lure_pos': (300, 200), 'Correct_key_AFC': 'down', 'jitter_ITI': 2.9, 'thisN': 12, 'thisTrialN': 12, 'thisRepN': 0}>
2565.8064 	EXP 	image_scene_2AFC: autoDraw = False
2565.8064 	EXP 	image_target: autoDraw = False
2565.8064 	EXP 	image_lure: autoDraw = False
2565.8064 	EXP 	image_blank: autoDraw = True
2568.0257 	EXP 	cross_25: autoDraw = True
2568.2900 	EXP 	cross_25: autoDraw = False
2568.7199 	INFO 	Keyboard events cleared
2568.7199 	EXP 	image_blank: autoDraw = False
2568.7199 	EXP 	cross_25: autoDraw = False
2568.7199 	EXP 	image_blank: autoDraw = False
2568.7199 	EXP 	image_scene_2AFC: image = 'Scenes_Dataset/island_A.jpg'
2568.7199 	EXP 	image_target: image = 'Objects_Dataset/message_bottle.png'
2568.7199 	EXP 	image_lure: image = 'Objects_Dataset/kayak.png'
2568.7199 	EXP 	image_scene_2AFC: autoDraw = True
2568.7199 	EXP 	image_target: autoDraw = True
2568.7199 	EXP 	image_lure: autoDraw = True
2570.3259 	DATA 	Keypress: down
2571.7075 	EXP 	New trial (rep=0, index=13): <Trial 13 (13 in rep 0) data={'Index': 53, 'Scene': 'Scenes_Dataset/operating_room_A.jpg', 'Scene_Size': (600, 416), 'Condition_Encode': 'Incongruent', 'Object_Encode': 'Objects_Dataset/rope.png', 'Object_Size': (300, 248), 'Condition_Old': 'old', 'Correct_Key_Old': 'left', 'Obj_Lure': 'Objects_Dataset/scooter_retouched.png', 'Lure_size': (311, 350), 'Target_pos': (300, 200), 'Lure_pos': (300, -200), 'Correct_key_AFC': 'up', 'jitter_ITI': 2, 'thisN': 13, 'thisTrialN': 13, 'thisRepN': 0}>
2571.7238 	EXP 	image_scene_2AFC: autoDraw = False
2571.7238 	EXP 	image_target: autoDraw = False
2571.7238 	EXP 	image_lure: autoDraw = False
2571.7238 	EXP 	image_blank: autoDraw = True
2573.7233 	EXP 	image_blank: autoDraw = False
2573.9400 	EXP 	cross_25: autoDraw = True
2574.2022 	INFO 	Keyboard events cleared
2574.2021 	EXP 	cross_25: autoDraw = False
2574.2021 	EXP 	cross_25: autoDraw = False
2574.2021 	EXP 	image_blank: autoDraw = False
2574.2021 	EXP 	image_scene_2AFC: image = 'Scenes_Dataset/operating_room_A.jpg'
2574.2021 	EXP 	image_target: image = 'Objects_Dataset/rope.png'
2574.2021 	EXP 	image_lure: image = 'Objects_Dataset/scooter_retouched.png'
2574.2021 	EXP 	image_scene_2AFC: autoDraw = True
2574.2021 	EXP 	image_target: autoDraw = True
2574.2021 	EXP 	image_lure: autoDraw = True
2575.7747 	DATA 	Keypress: up
2577.1916 	EXP 	New trial (rep=0, index=14): <Trial 14 (14 in rep 0) data={'Index': 12, 'Scene': 'Scenes_Dataset/castle_A.jpg', 'Scene_Size': (600, 450), 'Condition_Encode': 'Congruent', 'Object_Encode': 'Objects_Dataset/sword_retouched.png', 'Object_Size': (300, 300), 'Condition_Old': 'old', 'Correct_Key_Old': 'left', 'Obj_Lure': 'Objects_Dataset/shield.png', 'Lure_size': (199, 300), 'Target_pos': (300, -200), 'Lure_pos': (300, 200), 'Correct_key_AFC': 'down', 'jitter_ITI': 2.55, 'thisN': 14, 'thisTrialN': 14, 'thisRepN': 0}>
2577.2070 	EXP 	image_scene_2AFC: autoDraw = False
2577.2070 	EXP 	image_target: autoDraw = False
2577.2070 	EXP 	image_lure: autoDraw = False
2577.2070 	EXP 	image_blank: autoDraw = True
2579.4233 	EXP 	cross_25: autoDraw = True
2579.6734 	EXP 	cross_25: autoDraw = False
2579.7702 	INFO 	Keyboard events cleared
2579.7701 	EXP 	image_blank: autoDraw = False
2579.7701 	EXP 	cross_25: autoDraw = False
2579.7701 	EXP 	image_blank: autoDraw = False
2579.7701 	EXP 	image_scene_2AFC: image = 'Scenes_Dataset/castle_A.jpg'
2579.7701 	EXP 	image_target: image = 'Objects_Dataset/sword_retouched.png'
2579.7701 	EXP 	image_lure: image = 'Objects_Dataset/shield.png'
2579.7701 	EXP 	image_scene_2AFC: autoDraw = True
2579.7701 	EXP 	image_target: autoDraw = True
2579.7701 	EXP 	image_lure: autoDraw = True
2580.8089 	DATA 	Keypress: down
2582.7573 	EXP 	New trial (rep=0, index=15): <Trial 15 (15 in rep 0) data={'Index': 35, 'Scene': 'Scenes_Dataset/dentist_A.jpg', 'Scene_Size': (600, 400), 'Condition_Encode': 'Incongruent', 'Object_Encode': 'Objects_Dataset/basketball.png', 'Object_Size': (282, 300), 'Condition_Old': 'old', 'Correct_Key_Old': 'left', 'Obj_Lure': 'Objects_Dataset/chandelier_retouched.png', 'Lure_size': (250, 300), 'Target_pos': (300, 200), 'Lure_pos': (300, -200), 'Correct_key_AFC': 'up', 'jitter_ITI': 2.4, 'thisN': 15, 'thisTrialN': 15, 'thisRepN': 0}>
2582.7734 	EXP 	image_scene_2AFC: autoDraw = False
2582.7734 	EXP 	image_target: autoDraw = False
2582.7734 	EXP 	image_lure: autoDraw = False
2582.7734 	EXP 	image_blank: autoDraw = True
2584.9902 	EXP 	cross_25: autoDraw = True
2585.1734 	EXP 	image_blank: autoDraw = False
2585.2471 	INFO 	Keyboard events cleared
2585.2471 	EXP 	cross_25: autoDraw = False
2585.2471 	EXP 	cross_25: autoDraw = False
2585.2471 	EXP 	image_blank: autoDraw = False
2585.2471 	EXP 	image_scene_2AFC: image = 'Scenes_Dataset/dentist_A.jpg'
2585.2471 	EXP 	image_target: image = 'Objects_Dataset/basketball.png'
2585.2471 	EXP 	image_lure: image = 'Objects_Dataset/chandelier_retouched.png'
2585.2471 	EXP 	image_scene_2AFC: autoDraw = True
2585.2471 	EXP 	image_target: autoDraw = True
2585.2471 	EXP 	image_lure: autoDraw = True
2586.8751 	DATA 	Keypress: up
2588.2410 	EXP 	New trial (rep=0, index=16): <Trial 16 (16 in rep 0) data={'Index': 54, 'Scene': 'Scenes_Dataset/campsite_A.jpg', 'Scene_Size': (600, 402), 'Condition_Encode': 'Incongruent', 'Object_Encode': 'Objects_Dataset/door_mat.png', 'Object_Size': (300, 300), 'Condition_Old': 'old', 'Correct_Key_Old': 'left', 'Obj_Lure': 'Objects_Dataset/remote_control.png', 'Lure_size': (300, 293), 'Target_pos': (300, 200), 'Lure_pos': (300, -200), 'Correct_key_AFC': 'up', 'jitter_ITI': 2.05, 'thisN': 16, 'thisTrialN': 16, 'thisRepN': 0}>
2588.2568 	EXP 	image_scene_2AFC: autoDraw = False
2588.2568 	EXP 	image_target: autoDraw = False
2588.2568 	EXP 	image_lure: autoDraw = False
2588.2568 	EXP 	image_blank: autoDraw = True
2590.3069 	EXP 	image_blank: autoDraw = False
2590.4736 	EXP 	cross_25: autoDraw = True
2590.7325 	INFO 	Keyboard events cleared
2590.7324 	EXP 	cross_25: autoDraw = False
2590.7324 	EXP 	cross_25: autoDraw = False
2590.7324 	EXP 	image_blank: autoDraw = False
2590.7324 	EXP 	image_scene_2AFC: image = 'Scenes_Dataset/campsite_A.jpg'
2590.7324 	EXP 	image_target: image = 'Objects_Dataset/door_mat.png'
2590.7324 	EXP 	image_lure: image = 'Objects_Dataset/remote_control.png'
2590.7324 	EXP 	image_scene_2AFC: autoDraw = True
2590.7324 	EXP 	image_target: autoDraw = True
2590.7324 	EXP 	image_lure: autoDraw = True
2592.4084 	DATA 	Keypress: up
2593.7082 	EXP 	New trial (rep=0, index=17): <Trial 17 (17 in rep 0) data={'Index': 9, 'Scene': 'Scenes_Dataset/childrens_room_A.jpg', 'Scene_Size': (600, 524), 'Condition_Encode': 'Congruent', 'Object_Encode': 'Objects_Dataset/abacus.png', 'Object_Size': (185, 200), 'Condition_Old': 'old', 'Correct_Key_Old': 'left', 'Obj_Lure': 'Objects_Dataset/doll.png', 'Lure_size': (191, 300), 'Target_pos': (300, -200), 'Lure_pos': (300, 200), 'Correct_key_AFC': 'down', 'jitter_ITI': 2.4, 'thisN': 17, 'thisTrialN': 17, 'thisRepN': 0}>
2593.7238 	EXP 	image_scene_2AFC: autoDraw = False
2593.7238 	EXP 	image_target: autoDraw = False
2593.7238 	EXP 	image_lure: autoDraw = False
2593.7238 	EXP 	image_blank: autoDraw = True
2595.9570 	EXP 	cross_25: autoDraw = True
2596.1236 	EXP 	image_blank: autoDraw = False
2596.2191 	INFO 	Keyboard events cleared
2596.2191 	EXP 	cross_25: autoDraw = False
2596.2191 	EXP 	cross_25: autoDraw = False
2596.2191 	EXP 	image_blank: autoDraw = False
2596.2191 	EXP 	image_scene_2AFC: image = 'Scenes_Dataset/childrens_room_A.jpg'
2596.2191 	EXP 	image_target: image = 'Objects_Dataset/abacus.png'
2596.2191 	EXP 	image_lure: image = 'Objects_Dataset/doll.png'
2596.2191 	EXP 	image_scene_2AFC: autoDraw = True
2596.2191 	EXP 	image_target: autoDraw = True
2596.2191 	EXP 	image_lure: autoDraw = True
2597.5585 	DATA 	Keypress: down
2599.2079 	EXP 	New trial (rep=0, index=18): <Trial 18 (18 in rep 0) data={'Index': 41, 'Scene': 'Scenes_Dataset/attic_A.jpg', 'Scene_Size': (600, 400), 'Condition_Encode': 'Incongruent', 'Object_Encode': 'Objects_Dataset/ticket_machine.png', 'Object_Size': (200, 300), 'Condition_Old': 'old', 'Correct_Key_Old': 'left', 'Obj_Lure': 'Objects_Dataset/cake_holder.png', 'Lure_size': (300, 209), 'Target_pos': (300, 200), 'Lure_pos': (300, -200), 'Correct_key_AFC': 'up', 'jitter_ITI': 2.7, 'thisN': 18, 'thisTrialN': 18, 'thisRepN': 0}>
2599.2239 	EXP 	image_scene_2AFC: autoDraw = False
2599.2239 	EXP 	image_target: autoDraw = False
2599.2239 	EXP 	image_lure: autoDraw = False
2599.2239 	EXP 	image_blank: autoDraw = True
2601.4407 	EXP 	cross_25: autoDraw = True
2601.6930 	EXP 	cross_25: autoDraw = False
2601.9297 	INFO 	Keyboard events cleared
2601.9297 	EXP 	image_blank: autoDraw = False
2601.9297 	EXP 	cross_25: autoDraw = False
2601.9297 	EXP 	image_blank: autoDraw = False
2601.9297 	EXP 	image_scene_2AFC: image = 'Scenes_Dataset/attic_A.jpg'
2601.9297 	EXP 	image_target: image = 'Objects_Dataset/ticket_machine.png'
2601.9297 	EXP 	image_lure: image = 'Objects_Dataset/cake_holder.png'
2601.9297 	EXP 	image_scene_2AFC: autoDraw = True
2601.9297 	EXP 	image_target: autoDraw = True
2601.9297 	EXP 	image_lure: autoDraw = True
2604.0595 	DATA 	Keypress: up
2604.9245 	EXP 	New trial (rep=0, index=19): <Trial 19 (19 in rep 0) data={'Index': 50, 'Scene': 'Scenes_Dataset/playground_A.jpg', 'Scene_Size': (600, 337), 'Condition_Encode': 'Incongruent', 'Object_Encode': 'Objects_Dataset/water_dispenser.png', 'Object_Size': (300, 300), 'Condition_Old': 'old', 'Correct_Key_Old': 'left', 'Obj_Lure': 'Objects_Dataset/wine_cork.png', 'Lure_size': (250, 163), 'Target_pos': (300, 200), 'Lure_pos': (300, -200), 'Correct_key_AFC': 'up', 'jitter_ITI': 3.15, 'thisN': 19, 'thisTrialN': 19, 'thisRepN': 0}>
2604.9402 	EXP 	image_scene_2AFC: autoDraw = False
2604.9402 	EXP 	image_target: autoDraw = False
2604.9402 	EXP 	image_lure: autoDraw = False
2604.9402 	EXP 	image_blank: autoDraw = True
2607.1572 	EXP 	cross_25: autoDraw = True
2607.4073 	EXP 	cross_25: autoDraw = False
2608.1040 	INFO 	Keyboard events cleared
2608.1040 	EXP 	image_blank: autoDraw = False
2608.1040 	EXP 	cross_25: autoDraw = False
2608.1040 	EXP 	image_blank: autoDraw = False
2608.1040 	EXP 	image_scene_2AFC: image = 'Scenes_Dataset/playground_A.jpg'
2608.1040 	EXP 	image_target: image = 'Objects_Dataset/water_dispenser.png'
2608.1040 	EXP 	image_lure: image = 'Objects_Dataset/wine_cork.png'
2608.1040 	EXP 	image_scene_2AFC: autoDraw = True
2608.1040 	EXP 	image_target: autoDraw = True
2608.1040 	EXP 	image_lure: autoDraw = True
2609.8429 	DATA 	Keypress: down
2611.0920 	EXP 	New trial (rep=0, index=20): <Trial 20 (20 in rep 0) data={'Index': 57, 'Scene': 'Scenes_Dataset/road_A.jpg', 'Scene_Size': (600, 450), 'Condition_Encode': 'Incongruent', 'Object_Encode': 'Objects_Dataset/wine_cork.png', 'Object_Size': (250, 163), 'Condition_Old': 'old', 'Correct_Key_Old': 'left', 'Obj_Lure': 'Objects_Dataset/locker.png', 'Lure_size': (264, 400), 'Target_pos': (300, 200), 'Lure_pos': (300, -200), 'Correct_key_AFC': 'up', 'jitter_ITI': 2.2, 'thisN': 20, 'thisTrialN': 20, 'thisRepN': 0}>
2611.1082 	EXP 	image_scene_2AFC: autoDraw = False
2611.1082 	EXP 	image_target: autoDraw = False
2611.1082 	EXP 	image_lure: autoDraw = False
2611.1082 	EXP 	image_blank: autoDraw = True
2613.3089 	EXP 	image_blank: autoDraw = False
2613.3241 	EXP 	cross_25: autoDraw = True
2613.5819 	INFO 	Keyboard events cleared
2613.5818 	EXP 	cross_25: autoDraw = False
2613.5818 	EXP 	cross_25: autoDraw = False
2613.5818 	EXP 	image_blank: autoDraw = False
2613.5818 	EXP 	image_scene_2AFC: image = 'Scenes_Dataset/road_A.jpg'
2613.5818 	EXP 	image_target: image = 'Objects_Dataset/wine_cork.png'
2613.5818 	EXP 	image_lure: image = 'Objects_Dataset/locker.png'
2613.5818 	EXP 	image_scene_2AFC: autoDraw = True
2613.5818 	EXP 	image_target: autoDraw = True
2613.5818 	EXP 	image_lure: autoDraw = True
2615.3095 	DATA 	Keypress: up
2616.5754 	EXP 	New trial (rep=0, index=21): <Trial 21 (21 in rep 0) data={'Index': 44, 'Scene': 'Scenes_Dataset/boat_interior_A.jpg', 'Scene_Size': (600, 400), 'Condition_Encode': 'Incongruent', 'Object_Encode': 'Objects_Dataset/scooter_retouched.png', 'Object_Size': (311, 350), 'Condition_Old': 'old', 'Correct_Key_Old': 'left', 'Obj_Lure': 'Objects_Dataset/car_mat.png', 'Lure_size': (230, 258), 'Target_pos': (300, 200), 'Lure_pos': (300, -200), 'Correct_key_AFC': 'up', 'jitter_ITI': 2.85, 'thisN': 21, 'thisTrialN': 21, 'thisRepN': 0}>
2616.5908 	EXP 	image_scene_2AFC: autoDraw = False
2616.5908 	EXP 	image_target: autoDraw = False
2616.5908 	EXP 	image_lure: autoDraw = False
2616.5908 	EXP 	image_blank: autoDraw = True
2618.8076 	EXP 	cross_25: autoDraw = True
2619.0573 	EXP 	cross_25: autoDraw = False
2619.4530 	INFO 	Keyboard events cleared
2619.4530 	EXP 	image_blank: autoDraw = False
2619.4530 	EXP 	cross_25: autoDraw = False
2619.4530 	EXP 	image_blank: autoDraw = False
2619.4530 	EXP 	image_scene_2AFC: image = 'Scenes_Dataset/boat_interior_A.jpg'
2619.4530 	EXP 	image_target: image = 'Objects_Dataset/scooter_retouched.png'
2619.4530 	EXP 	image_lure: image = 'Objects_Dataset/car_mat.png'
2619.4530 	EXP 	image_scene_2AFC: autoDraw = True
2619.4530 	EXP 	image_target: autoDraw = True
2619.4530 	EXP 	image_lure: autoDraw = True
2621.6591 	DATA 	Keypress: up
2622.4413 	EXP 	New trial (rep=0, index=22): <Trial 22 (22 in rep 0) data={'Index': 43, 'Scene': 'Scenes_Dataset/home_office_A.jpg', 'Scene_Size': (600, 399), 'Condition_Encode': 'Incongruent', 'Object_Encode': 'Objects_Dataset/bicycle_bell.png', 'Object_Size': (250, 210), 'Condition_Old': 'old', 'Correct_Key_Old': 'left', 'Obj_Lure': 'Objects_Dataset/unicycle_retouched.png', 'Lure_size': (159, 300), 'Target_pos': (300, 200), 'Lure_pos': (300, -200), 'Correct_key_AFC': 'up', 'jitter_ITI': 2.8, 'thisN': 22, 'thisTrialN': 22, 'thisRepN': 0}>
2622.4572 	EXP 	image_scene_2AFC: autoDraw = False
2622.4572 	EXP 	image_target: autoDraw = False
2622.4572 	EXP 	image_lure: autoDraw = False
2622.4572 	EXP 	image_blank: autoDraw = True
2624.6908 	EXP 	cross_25: autoDraw = True
2624.9408 	EXP 	cross_25: autoDraw = False
2625.2660 	INFO 	Keyboard events cleared
2625.2660 	EXP 	image_blank: autoDraw = False
2625.2660 	EXP 	cross_25: autoDraw = False
2625.2660 	EXP 	image_blank: autoDraw = False
2625.2660 	EXP 	image_scene_2AFC: image = 'Scenes_Dataset/home_office_A.jpg'
2625.2660 	EXP 	image_target: image = 'Objects_Dataset/bicycle_bell.png'
2625.2660 	EXP 	image_lure: image = 'Objects_Dataset/unicycle_retouched.png'
2625.2660 	EXP 	image_scene_2AFC: autoDraw = True
2625.2660 	EXP 	image_target: autoDraw = True
2625.2660 	EXP 	image_lure: autoDraw = True
2626.7757 	DATA 	Keypress: down
2628.2422 	EXP 	New trial (rep=0, index=23): <Trial 23 (23 in rep 0) data={'Index': 47, 'Scene': 'Scenes_Dataset/entrance_hall_B.jpg', 'Scene_Size': (600, 421), 'Condition_Encode': 'Incongruent', 'Object_Encode': 'Objects_Dataset/movie_reels.png', 'Object_Size': (350, 268), 'Condition_Old': 'old', 'Correct_Key_Old': 'left', 'Obj_Lure': 'Objects_Dataset/payment_terminal.png', 'Lure_size': (285, 300), 'Target_pos': (300, 200), 'Lure_pos': (300, -200), 'Correct_key_AFC': 'up', 'jitter_ITI': 3, 'thisN': 23, 'thisTrialN': 23, 'thisRepN': 0}>
2628.2575 	EXP 	image_scene_2AFC: autoDraw = False
2628.2575 	EXP 	image_target: autoDraw = False
2628.2575 	EXP 	image_lure: autoDraw = False
2628.2575 	EXP 	image_blank: autoDraw = True
2630.4910 	EXP 	cross_25: autoDraw = True
2630.7408 	EXP 	cross_25: autoDraw = False
2631.2682 	INFO 	Keyboard events cleared
2631.2681 	EXP 	image_blank: autoDraw = False
2631.2681 	EXP 	cross_25: autoDraw = False
2631.2681 	EXP 	image_blank: autoDraw = False
2631.2681 	EXP 	image_scene_2AFC: image = 'Scenes_Dataset/entrance_hall_B.jpg'
2631.2681 	EXP 	image_target: image = 'Objects_Dataset/movie_reels.png'
2631.2681 	EXP 	image_lure: image = 'Objects_Dataset/payment_terminal.png'
2631.2681 	EXP 	image_scene_2AFC: autoDraw = True
2631.2681 	EXP 	image_target: autoDraw = True
2631.2681 	EXP 	image_lure: autoDraw = True
2633.2431 	DATA 	Keypress: up
2634.2587 	EXP 	New trial (rep=0, index=24): <Trial 24 (24 in rep 0) data={'Index': 23, 'Scene': 'Scenes_Dataset/desert_A.jpg', 'Scene_Size': (600, 375), 'Condition_Encode': 'Congruent', 'Object_Encode': 'Objects_Dataset/cactus.png', 'Object_Size': (300, 248), 'Condition_Old': 'old', 'Correct_Key_Old': 'left', 'Obj_Lure': 'Objects_Dataset/canteen.png', 'Lure_size': (150, 250), 'Target_pos': (300, -200), 'Lure_pos': (300, 200), 'Correct_key_AFC': 'down', 'jitter_ITI': 3.1, 'thisN': 24, 'thisTrialN': 24, 'thisRepN': 0}>
2634.2742 	EXP 	image_scene_2AFC: autoDraw = False
2634.2742 	EXP 	image_target: autoDraw = False
2634.2742 	EXP 	image_lure: autoDraw = False
2634.2742 	EXP 	image_blank: autoDraw = True
2636.4908 	EXP 	cross_25: autoDraw = True
2636.7409 	EXP 	cross_25: autoDraw = False
2637.3836 	INFO 	Keyboard events cleared
2637.3836 	EXP 	image_blank: autoDraw = False
2637.3836 	EXP 	cross_25: autoDraw = False
2637.3836 	EXP 	image_blank: autoDraw = False
2637.3836 	EXP 	image_scene_2AFC: image = 'Scenes_Dataset/desert_A.jpg'
2637.3836 	EXP 	image_target: image = 'Objects_Dataset/cactus.png'
2637.3836 	EXP 	image_lure: image = 'Objects_Dataset/canteen.png'
2637.3836 	EXP 	image_scene_2AFC: autoDraw = True
2637.3836 	EXP 	image_target: autoDraw = True
2637.3836 	EXP 	image_lure: autoDraw = True
2638.5093 	DATA 	Keypress: down
2640.3754 	EXP 	New trial (rep=0, index=25): <Trial 25 (25 in rep 0) data={'Index': 36, 'Scene': 'Scenes_Dataset/stable_A.jpg', 'Scene_Size': (600, 450), 'Condition_Encode': 'Incongruent', 'Object_Encode': 'Objects_Dataset/remote_control.png', 'Object_Size': (300, 293), 'Condition_Old': 'old', 'Correct_Key_Old': 'left', 'Obj_Lure': 'Objects_Dataset/sword_retouched.png', 'Lure_size': (300, 300), 'Target_pos': (300, 200), 'Lure_pos': (300, -200), 'Correct_key_AFC': 'up', 'jitter_ITI': 2.45, 'thisN': 25, 'thisTrialN': 25, 'thisRepN': 0}>
2640.3909 	EXP 	image_scene_2AFC: autoDraw = False
2640.3909 	EXP 	image_target: autoDraw = False
2640.3909 	EXP 	image_lure: autoDraw = False
2640.3909 	EXP 	image_blank: autoDraw = True
2642.6077 	EXP 	cross_25: autoDraw = True
2642.8415 	EXP 	image_blank: autoDraw = False
2642.8669 	INFO 	Keyboard events cleared
2642.8669 	EXP 	cross_25: autoDraw = False
2642.8669 	EXP 	cross_25: autoDraw = False
2642.8669 	EXP 	image_blank: autoDraw = False
2642.8669 	EXP 	image_scene_2AFC: image = 'Scenes_Dataset/stable_A.jpg'
2642.8669 	EXP 	image_target: image = 'Objects_Dataset/remote_control.png'
2642.8669 	EXP 	image_lure: image = 'Objects_Dataset/sword_retouched.png'
2642.8669 	EXP 	image_scene_2AFC: autoDraw = True
2642.8669 	EXP 	image_target: autoDraw = True
2642.8669 	EXP 	image_lure: autoDraw = True
2644.6263 	DATA 	Keypress: up
2645.8589 	EXP 	New trial (rep=0, index=26): <Trial 26 (26 in rep 0) data={'Index': 3, 'Scene': 'Scenes_Dataset/car_interior_A.jpg', 'Scene_Size': (600, 389), 'Condition_Encode': 'Congruent', 'Object_Encode': 'Objects_Dataset/car_mat.png', 'Object_Size': (230, 258), 'Condition_Old': 'old', 'Correct_Key_Old': 'left', 'Obj_Lure': 'Objects_Dataset/car_key.png', 'Lure_size': (300, 125), 'Target_pos': (300, -200), 'Lure_pos': (300, 200), 'Correct_key_AFC': 'down', 'jitter_ITI': 2.1, 'thisN': 26, 'thisTrialN': 26, 'thisRepN': 0}>
2645.8770 	EXP 	image_scene_2AFC: autoDraw = False
2645.8770 	EXP 	image_target: autoDraw = False
2645.8770 	EXP 	image_lure: autoDraw = False
2645.8770 	EXP 	image_blank: autoDraw = True
2647.9913 	EXP 	image_blank: autoDraw = False
2648.0911 	EXP 	cross_25: autoDraw = True
2648.3520 	INFO 	Keyboard events cleared
2648.3520 	EXP 	cross_25: autoDraw = False
2648.3520 	EXP 	cross_25: autoDraw = False
2648.3520 	EXP 	image_blank: autoDraw = False
2648.3520 	EXP 	image_scene_2AFC: image = 'Scenes_Dataset/car_interior_A.jpg'
2648.3520 	EXP 	image_target: image = 'Objects_Dataset/car_mat.png'
2648.3520 	EXP 	image_lure: image = 'Objects_Dataset/car_key.png'
2648.3520 	EXP 	image_scene_2AFC: autoDraw = True
2648.3520 	EXP 	image_target: autoDraw = True
2648.3520 	EXP 	image_lure: autoDraw = True
2649.8599 	DATA 	Keypress: down
2651.3423 	EXP 	New trial (rep=0, index=27): <Trial 27 (27 in rep 0) data={'Index': 55, 'Scene': 'Scenes_Dataset/lake_A.jpg', 'Scene_Size': (600, 442), 'Condition_Encode': 'Incongruent', 'Object_Encode': 'Objects_Dataset/thermometer.png', 'Object_Size': (300, 199), 'Condition_Old': 'old', 'Correct_Key_Old': 'left', 'Obj_Lure': 'Objects_Dataset/ticket_machine.png', 'Lure_size': (200, 300), 'Target_pos': (300, 200), 'Lure_pos': (300, -200), 'Correct_key_AFC': 'up', 'jitter_ITI': 2.1, 'thisN': 27, 'thisTrialN': 27, 'thisRepN': 0}>
2651.3577 	EXP 	image_scene_2AFC: autoDraw = False
2651.3577 	EXP 	image_target: autoDraw = False
2651.3577 	EXP 	image_lure: autoDraw = False
2651.3577 	EXP 	image_blank: autoDraw = True
2653.4578 	EXP 	image_blank: autoDraw = False
2653.5745 	EXP 	cross_25: autoDraw = True
2653.8319 	INFO 	Keyboard events cleared
2653.8319 	EXP 	cross_25: autoDraw = False
2653.8319 	EXP 	cross_25: autoDraw = False
2653.8319 	EXP 	image_blank: autoDraw = False
2653.8319 	EXP 	image_scene_2AFC: image = 'Scenes_Dataset/lake_A.jpg'
2653.8319 	EXP 	image_target: image = 'Objects_Dataset/thermometer.png'
2653.8319 	EXP 	image_lure: image = 'Objects_Dataset/ticket_machine.png'
2653.8319 	EXP 	image_scene_2AFC: autoDraw = True
2653.8319 	EXP 	image_target: autoDraw = True
2653.8319 	EXP 	image_lure: autoDraw = True
2655.4425 	DATA 	Keypress: up
2656.8091 	EXP 	New trial (rep=0, index=28): <Trial 28 (28 in rep 0) data={'Index': 11, 'Scene': 'Scenes_Dataset/airplane_interior_A.jpg', 'Scene_Size': (600, 480), 'Condition_Encode': 'Congruent', 'Object_Encode': 'Objects_Dataset/oxygen_mask_retouched.png', 'Object_Size': (300, 300), 'Condition_Old': 'old', 'Correct_Key_Old': 'left', 'Obj_Lure': 'Objects_Dataset/airplane_belt.png', 'Lure_size': (300, 249), 'Target_pos': (300, -200), 'Lure_pos': (300, 200), 'Correct_key_AFC': 'down', 'jitter_ITI': 2.5, 'thisN': 28, 'thisTrialN': 28, 'thisRepN': 0}>
2656.8248 	EXP 	image_scene_2AFC: autoDraw = False
2656.8248 	EXP 	image_target: autoDraw = False
2656.8248 	EXP 	image_lure: autoDraw = False
2656.8248 	EXP 	image_blank: autoDraw = True
2659.0582 	EXP 	cross_25: autoDraw = True
2659.3079 	EXP 	cross_25: autoDraw = False
2659.3357 	INFO 	Keyboard events cleared
2659.3357 	EXP 	image_blank: autoDraw = False
2659.3357 	EXP 	cross_25: autoDraw = False
2659.3357 	EXP 	image_blank: autoDraw = False
2659.3357 	EXP 	image_scene_2AFC: image = 'Scenes_Dataset/airplane_interior_A.jpg'
2659.3357 	EXP 	image_target: image = 'Objects_Dataset/oxygen_mask_retouched.png'
2659.3357 	EXP 	image_lure: image = 'Objects_Dataset/airplane_belt.png'
2659.3357 	EXP 	image_scene_2AFC: autoDraw = True
2659.3357 	EXP 	image_target: autoDraw = True
2659.3357 	EXP 	image_lure: autoDraw = True
2660.4432 	DATA 	Keypress: down
2662.3254 	EXP 	New trial (rep=0, index=29): <Trial 29 (29 in rep 0) data={'Index': 58, 'Scene': 'Scenes_Dataset/museum_A.jpg', 'Scene_Size': (600, 337), 'Condition_Encode': 'Incongruent', 'Object_Encode': 'Objects_Dataset/bikini.png', 'Object_Size': (350, 350), 'Condition_Old': 'old', 'Correct_Key_Old': 'left', 'Obj_Lure': 'Objects_Dataset/clothesline_retouched_2.png', 'Lure_size': (350, 231), 'Target_pos': (300, 200), 'Lure_pos': (300, -200), 'Correct_key_AFC': 'up', 'jitter_ITI': 2.25, 'thisN': 29, 'thisTrialN': 29, 'thisRepN': 0}>
2662.3414 	EXP 	image_scene_2AFC: autoDraw = False
2662.3414 	EXP 	image_target: autoDraw = False
2662.3414 	EXP 	image_lure: autoDraw = False
2662.3414 	EXP 	image_blank: autoDraw = True
2664.5579 	EXP 	cross_25: autoDraw = True
2664.5914 	EXP 	image_blank: autoDraw = False
2664.8204 	INFO 	Keyboard events cleared
2664.8204 	EXP 	cross_25: autoDraw = False
2664.8204 	EXP 	cross_25: autoDraw = False
2664.8204 	EXP 	image_blank: autoDraw = False
2664.8204 	EXP 	image_scene_2AFC: image = 'Scenes_Dataset/museum_A.jpg'
2664.8204 	EXP 	image_target: image = 'Objects_Dataset/bikini.png'
2664.8204 	EXP 	image_lure: image = 'Objects_Dataset/clothesline_retouched_2.png'
2664.8204 	EXP 	image_scene_2AFC: autoDraw = True
2664.8204 	EXP 	image_target: autoDraw = True
2664.8204 	EXP 	image_lure: autoDraw = True
2666.4593 	DATA 	Keypress: up
2667.8099 	EXP 	New trial (rep=0, index=30): <Trial 30 (30 in rep 0) data={'Index': 59, 'Scene': 'Scenes_Dataset/golf_course_A.jpg', 'Scene_Size': (600, 400), 'Condition_Encode': 'Incongruent', 'Object_Encode': 'Objects_Dataset/clothesline_retouched_2.png', 'Object_Size': (350, 231), 'Condition_Old': 'old', 'Correct_Key_Old': 'left', 'Obj_Lure': 'Objects_Dataset/computer_monitor.png', 'Lure_size': (300, 300), 'Target_pos': (300, 200), 'Lure_pos': (300, -200), 'Correct_key_AFC': 'up', 'jitter_ITI': 2.3, 'thisN': 30, 'thisTrialN': 30, 'thisRepN': 0}>
2667.8246 	EXP 	image_scene_2AFC: autoDraw = False
2667.8246 	EXP 	image_target: autoDraw = False
2667.8246 	EXP 	image_lure: autoDraw = False
2667.8246 	EXP 	image_blank: autoDraw = True
2670.0414 	EXP 	cross_25: autoDraw = True
2670.1251 	EXP 	image_blank: autoDraw = False
2670.3016 	INFO 	Keyboard events cleared
2670.3016 	EXP 	cross_25: autoDraw = False
2670.3016 	EXP 	cross_25: autoDraw = False
2670.3016 	EXP 	image_blank: autoDraw = False
2670.3016 	EXP 	image_scene_2AFC: image = 'Scenes_Dataset/golf_course_A.jpg'
2670.3016 	EXP 	image_target: image = 'Objects_Dataset/clothesline_retouched_2.png'
2670.3016 	EXP 	image_lure: image = 'Objects_Dataset/computer_monitor.png'
2670.3016 	EXP 	image_scene_2AFC: autoDraw = True
2670.3016 	EXP 	image_target: autoDraw = True
2670.3016 	EXP 	image_lure: autoDraw = True
2672.5929 	DATA 	Keypress: up
2673.2928 	EXP 	New trial (rep=0, index=31): <Trial 31 (31 in rep 0) data={'Index': 45, 'Scene': 'Scenes_Dataset/factory_B.jpg', 'Scene_Size': (600, 415), 'Condition_Encode': 'Incongruent', 'Object_Encode': 'Objects_Dataset/shield.png', 'Object_Size': (199, 300), 'Condition_Old': 'old', 'Correct_Key_Old': 'left', 'Obj_Lure': 'Objects_Dataset/trumpet_retouched.png', 'Lure_size': (300, 122), 'Target_pos': (300, 200), 'Lure_pos': (300, -200), 'Correct_key_AFC': 'up', 'jitter_ITI': 2.9, 'thisN': 31, 'thisTrialN': 31, 'thisRepN': 0}>
2673.3082 	EXP 	image_scene_2AFC: autoDraw = False
2673.3082 	EXP 	image_target: autoDraw = False
2673.3082 	EXP 	image_lure: autoDraw = False
2673.3082 	EXP 	image_blank: autoDraw = True
2675.5253 	EXP 	cross_25: autoDraw = True
2675.7748 	EXP 	cross_25: autoDraw = False
2676.2213 	INFO 	Keyboard events cleared
2676.2213 	EXP 	image_blank: autoDraw = False
2676.2213 	EXP 	cross_25: autoDraw = False
2676.2213 	EXP 	image_blank: autoDraw = False
2676.2213 	EXP 	image_scene_2AFC: image = 'Scenes_Dataset/factory_B.jpg'
2676.2213 	EXP 	image_target: image = 'Objects_Dataset/shield.png'
2676.2213 	EXP 	image_lure: image = 'Objects_Dataset/trumpet_retouched.png'
2676.2213 	EXP 	image_scene_2AFC: autoDraw = True
2676.2213 	EXP 	image_target: autoDraw = True
2676.2213 	EXP 	image_lure: autoDraw = True
2678.0457 	DATA 	Keypress: up
2679.2090 	EXP 	New trial (rep=0, index=32): <Trial 32 (32 in rep 0) data={'Index': 40, 'Scene': 'Scenes_Dataset/kindergarten_A.jpg', 'Scene_Size': (600, 338), 'Condition_Encode': 'Incongruent', 'Object_Encode': 'Objects_Dataset/payment_terminal.png', 'Object_Size': (285, 300), 'Condition_Old': 'old', 'Correct_Key_Old': 'left', 'Obj_Lure': 'Objects_Dataset/message_bottle.png', 'Lure_size': (284, 177), 'Target_pos': (300, 200), 'Lure_pos': (300, -200), 'Correct_key_AFC': 'up', 'jitter_ITI': 2.65, 'thisN': 32, 'thisTrialN': 32, 'thisRepN': 0}>
2679.2248 	EXP 	image_scene_2AFC: autoDraw = False
2679.2248 	EXP 	image_target: autoDraw = False
2679.2248 	EXP 	image_lure: autoDraw = False
2679.2248 	EXP 	image_blank: autoDraw = True
2681.4418 	EXP 	cross_25: autoDraw = True
2681.6919 	EXP 	cross_25: autoDraw = False
2681.8774 	INFO 	Keyboard events cleared
2681.8774 	EXP 	image_blank: autoDraw = False
2681.8774 	EXP 	cross_25: autoDraw = False
2681.8774 	EXP 	image_blank: autoDraw = False
2681.8774 	EXP 	image_scene_2AFC: image = 'Scenes_Dataset/kindergarten_A.jpg'
2681.8774 	EXP 	image_target: image = 'Objects_Dataset/payment_terminal.png'
2681.8774 	EXP 	image_lure: image = 'Objects_Dataset/message_bottle.png'
2681.8774 	EXP 	image_scene_2AFC: autoDraw = True
2681.8774 	EXP 	image_target: autoDraw = True
2681.8774 	EXP 	image_lure: autoDraw = True
2683.4602 	DATA 	Keypress: up
2684.8755 	EXP 	New trial (rep=0, index=33): <Trial 33 (33 in rep 0) data={'Index': 52, 'Scene': 'Scenes_Dataset/parking_lot_A.jpg', 'Scene_Size': (600, 397), 'Condition_Encode': 'Incongruent', 'Object_Encode': 'Objects_Dataset/digital_piano_retouched.png', 'Object_Size': (350, 350), 'Condition_Old': 'old', 'Correct_Key_Old': 'left', 'Obj_Lure': 'Objects_Dataset/toothbrush.png', 'Lure_size': (300, 215), 'Target_pos': (300, 200), 'Lure_pos': (300, -200), 'Correct_key_AFC': 'up', 'jitter_ITI': 3.25, 'thisN': 33, 'thisTrialN': 33, 'thisRepN': 0}>
2684.8916 	EXP 	image_scene_2AFC: autoDraw = False
2684.8916 	EXP 	image_target: autoDraw = False
2684.8916 	EXP 	image_lure: autoDraw = False
2684.8916 	EXP 	image_blank: autoDraw = True
2687.1084 	EXP 	cross_25: autoDraw = True
2687.3583 	EXP 	cross_25: autoDraw = False
2688.1515 	INFO 	Keyboard events cleared
2688.1514 	EXP 	image_blank: autoDraw = False
2688.1514 	EXP 	cross_25: autoDraw = False
2688.1514 	EXP 	image_blank: autoDraw = False
2688.1514 	EXP 	image_scene_2AFC: image = 'Scenes_Dataset/parking_lot_A.jpg'
2688.1514 	EXP 	image_target: image = 'Objects_Dataset/digital_piano_retouched.png'
2688.1514 	EXP 	image_lure: image = 'Objects_Dataset/toothbrush.png'
2688.1514 	EXP 	image_scene_2AFC: autoDraw = True
2688.1514 	EXP 	image_target: autoDraw = True
2688.1514 	EXP 	image_lure: autoDraw = True
2689.7945 	DATA 	Keypress: up
2691.1426 	EXP 	New trial (rep=0, index=34): <Trial 34 (34 in rep 0) data={'Index': 8, 'Scene': 'Scenes_Dataset/igloo_A.jpg', 'Scene_Size': (600, 450), 'Condition_Encode': 'Congruent', 'Object_Encode': 'Objects_Dataset/eskimo_coat.png', 'Object_Size': (300, 300), 'Condition_Old': 'old', 'Correct_Key_Old': 'left', 'Obj_Lure': 'Objects_Dataset/wool_cap.png', 'Lure_size': (250, 250), 'Target_pos': (300, -200), 'Lure_pos': (300, 200), 'Correct_key_AFC': 'down', 'jitter_ITI': 2.35, 'thisN': 34, 'thisTrialN': 34, 'thisRepN': 0}>
2691.1593 	EXP 	image_scene_2AFC: autoDraw = False
2691.1593 	EXP 	image_target: autoDraw = False
2691.1593 	EXP 	image_lure: autoDraw = False
2691.1593 	EXP 	image_blank: autoDraw = True
2693.3753 	EXP 	cross_25: autoDraw = True
2693.5087 	EXP 	image_blank: autoDraw = False
2693.6350 	INFO 	Keyboard events cleared
2693.6349 	EXP 	cross_25: autoDraw = False
2693.6349 	EXP 	cross_25: autoDraw = False
2693.6349 	EXP 	image_blank: autoDraw = False
2693.6349 	EXP 	image_scene_2AFC: image = 'Scenes_Dataset/igloo_A.jpg'
2693.6349 	EXP 	image_target: image = 'Objects_Dataset/eskimo_coat.png'
2693.6349 	EXP 	image_lure: image = 'Objects_Dataset/wool_cap.png'
2693.6349 	EXP 	image_scene_2AFC: autoDraw = True
2693.6349 	EXP 	image_target: autoDraw = True
2693.6349 	EXP 	image_lure: autoDraw = True
2694.6269 	DATA 	Keypress: down
2696.6259 	EXP 	New trial (rep=0, index=35): <Trial 35 (35 in rep 0) data={'Index': 10, 'Scene': 'Scenes_Dataset/toy_store_B.jpg', 'Scene_Size': (600, 415), 'Condition_Encode': 'Congruent', 'Object_Encode': 'Objects_Dataset/doll.png', 'Object_Size': (191, 300), 'Condition_Old': 'old', 'Correct_Key_Old': 'left', 'Obj_Lure': 'Objects_Dataset/abacus.png', 'Lure_size': (185, 200), 'Target_pos': (300, -200), 'Lure_pos': (300, 200), 'Correct_key_AFC': 'down', 'jitter_ITI': 2.45, 'thisN': 35, 'thisTrialN': 35, 'thisRepN': 0}>
2696.6417 	EXP 	image_scene_2AFC: autoDraw = False
2696.6417 	EXP 	image_target: autoDraw = False
2696.6417 	EXP 	image_lure: autoDraw = False
2696.6417 	EXP 	image_blank: autoDraw = True
2698.8586 	EXP 	cross_25: autoDraw = True
2699.0917 	EXP 	image_blank: autoDraw = False
2699.1176 	INFO 	Keyboard events cleared
2699.1176 	EXP 	cross_25: autoDraw = False
2699.1176 	EXP 	cross_25: autoDraw = False
2699.1176 	EXP 	image_blank: autoDraw = False
2699.1176 	EXP 	image_scene_2AFC: image = 'Scenes_Dataset/toy_store_B.jpg'
2699.1176 	EXP 	image_target: image = 'Objects_Dataset/doll.png'
2699.1176 	EXP 	image_lure: image = 'Objects_Dataset/abacus.png'
2699.1176 	EXP 	image_scene_2AFC: autoDraw = True
2699.1176 	EXP 	image_target: autoDraw = True
2699.1176 	EXP 	image_lure: autoDraw = True
2700.5598 	DATA 	Keypress: down
2702.1096 	EXP 	New trial (rep=0, index=36): <Trial 36 (36 in rep 0) data={'Index': 27, 'Scene': 'Scenes_Dataset/toilet_A.jpg', 'Scene_Size': (600, 450), 'Condition_Encode': 'Congruent', 'Object_Encode': 'Objects_Dataset/toothbrush.png', 'Object_Size': (300, 215), 'Condition_Old': 'old', 'Correct_Key_Old': 'left', 'Obj_Lure': 'Objects_Dataset/hairdryer_retouched.png', 'Lure_size': (250, 241), 'Target_pos': (300, -200), 'Lure_pos': (300, 200), 'Correct_key_AFC': 'down', 'jitter_ITI': 2, 'thisN': 36, 'thisTrialN': 36, 'thisRepN': 0}>
2702.1252 	EXP 	image_scene_2AFC: autoDraw = False
2702.1252 	EXP 	image_target: autoDraw = False
2702.1252 	EXP 	image_lure: autoDraw = False
2702.1252 	EXP 	image_blank: autoDraw = True
2704.1253 	EXP 	image_blank: autoDraw = False
2704.3419 	EXP 	cross_25: autoDraw = True
2704.5979 	INFO 	Keyboard events cleared
2704.5979 	EXP 	cross_25: autoDraw = False
2704.5979 	EXP 	cross_25: autoDraw = False
2704.5979 	EXP 	image_blank: autoDraw = False
2704.5979 	EXP 	image_scene_2AFC: image = 'Scenes_Dataset/toilet_A.jpg'
2704.5979 	EXP 	image_target: image = 'Objects_Dataset/toothbrush.png'
2704.5979 	EXP 	image_lure: image = 'Objects_Dataset/hairdryer_retouched.png'
2704.5979 	EXP 	image_scene_2AFC: autoDraw = True
2704.5979 	EXP 	image_target: autoDraw = True
2704.5979 	EXP 	image_lure: autoDraw = True
2705.8599 	DATA 	Keypress: down
2707.5954 	EXP 	New trial (rep=0, index=37): <Trial 37 (37 in rep 0) data={'Index': 49, 'Scene': 'Scenes_Dataset/restaurant_A.jpg', 'Scene_Size': (600, 400), 'Condition_Encode': 'Incongruent', 'Object_Encode': 'Objects_Dataset/comb.png', 'Object_Size': (250, 250), 'Condition_Old': 'old', 'Correct_Key_Old': 'left', 'Obj_Lure': 'Objects_Dataset/football_boots.png', 'Lure_size': (300, 300), 'Target_pos': (300, 200), 'Lure_pos': (300, -200), 'Correct_key_AFC': 'up', 'jitter_ITI': 3.1, 'thisN': 37, 'thisTrialN': 37, 'thisRepN': 0}>
2707.6087 	EXP 	image_scene_2AFC: autoDraw = False
2707.6087 	EXP 	image_target: autoDraw = False
2707.6087 	EXP 	image_lure: autoDraw = False
2707.6087 	EXP 	image_blank: autoDraw = True
2709.8421 	EXP 	cross_25: autoDraw = True
2710.0939 	EXP 	cross_25: autoDraw = False
2710.7171 	INFO 	Keyboard events cleared
2710.7171 	EXP 	image_blank: autoDraw = False
2710.7171 	EXP 	cross_25: autoDraw = False
2710.7171 	EXP 	image_blank: autoDraw = False
2710.7171 	EXP 	image_scene_2AFC: image = 'Scenes_Dataset/restaurant_A.jpg'
2710.7171 	EXP 	image_target: image = 'Objects_Dataset/comb.png'
2710.7171 	EXP 	image_lure: image = 'Objects_Dataset/football_boots.png'
2710.7171 	EXP 	image_scene_2AFC: autoDraw = True
2710.7171 	EXP 	image_target: autoDraw = True
2710.7171 	EXP 	image_lure: autoDraw = True
2712.5273 	DATA 	Keypress: up
2713.7098 	EXP 	New trial (rep=0, index=38): <Trial 38 (38 in rep 0) data={'Index': 39, 'Scene': 'Scenes_Dataset/garage_A.jpg', 'Scene_Size': (600, 397), 'Condition_Encode': 'Incongruent', 'Object_Encode': 'Objects_Dataset/crown.png', 'Object_Size': (300, 249), 'Condition_Old': 'old', 'Correct_Key_Old': 'left', 'Obj_Lure': 'Objects_Dataset/oxygen_mask_retouched.png', 'Lure_size': (300, 300), 'Target_pos': (300, 200), 'Lure_pos': (300, -200), 'Correct_key_AFC': 'up', 'jitter_ITI': 2.6, 'thisN': 38, 'thisTrialN': 38, 'thisRepN': 0}>
2713.7254 	EXP 	image_scene_2AFC: autoDraw = False
2713.7254 	EXP 	image_target: autoDraw = False
2713.7254 	EXP 	image_lure: autoDraw = False
2713.7254 	EXP 	image_blank: autoDraw = True
2715.9590 	EXP 	cross_25: autoDraw = True
2716.2097 	EXP 	cross_25: autoDraw = False
2716.3387 	INFO 	Keyboard events cleared
2716.3387 	EXP 	image_blank: autoDraw = False
2716.3387 	EXP 	cross_25: autoDraw = False
2716.3387 	EXP 	image_blank: autoDraw = False
2716.3387 	EXP 	image_scene_2AFC: image = 'Scenes_Dataset/garage_A.jpg'
2716.3387 	EXP 	image_target: image = 'Objects_Dataset/crown.png'
2716.3387 	EXP 	image_lure: image = 'Objects_Dataset/oxygen_mask_retouched.png'
2716.3387 	EXP 	image_scene_2AFC: autoDraw = True
2716.3387 	EXP 	image_target: autoDraw = True
2716.3387 	EXP 	image_lure: autoDraw = True
2717.9106 	DATA 	Keypress: up
2719.3265 	EXP 	New trial (rep=0, index=39): <Trial 39 (39 in rep 0) data={'Index': 28, 'Scene': 'Scenes_Dataset/public_toilet_A.jpg', 'Scene_Size': (600, 375), 'Condition_Encode': 'Congruent', 'Object_Encode': 'Objects_Dataset/hands_dryer.png', 'Object_Size': (350, 267), 'Condition_Old': 'old', 'Correct_Key_Old': 'left', 'Obj_Lure': 'Objects_Dataset/paper_towel_dispenser.png', 'Lure_size': (300, 400), 'Target_pos': (300, -200), 'Lure_pos': (300, 200), 'Correct_key_AFC': 'down', 'jitter_ITI': 2.05, 'thisN': 39, 'thisTrialN': 39, 'thisRepN': 0}>
2719.3422 	EXP 	image_scene_2AFC: autoDraw = False
2719.3422 	EXP 	image_target: autoDraw = False
2719.3422 	EXP 	image_lure: autoDraw = False
2719.3422 	EXP 	image_blank: autoDraw = True
2721.3923 	EXP 	image_blank: autoDraw = False
2721.5756 	EXP 	cross_25: autoDraw = True
2721.8383 	INFO 	Keyboard events cleared
2721.8383 	EXP 	cross_25: autoDraw = False
2721.8383 	EXP 	cross_25: autoDraw = False
2721.8383 	EXP 	image_blank: autoDraw = False
2721.8383 	EXP 	image_scene_2AFC: image = 'Scenes_Dataset/public_toilet_A.jpg'
2721.8383 	EXP 	image_target: image = 'Objects_Dataset/hands_dryer.png'
2721.8383 	EXP 	image_lure: image = 'Objects_Dataset/paper_towel_dispenser.png'
2721.8383 	EXP 	image_scene_2AFC: autoDraw = True
2721.8383 	EXP 	image_target: autoDraw = True
2721.8383 	EXP 	image_lure: autoDraw = True
2723.4937 	DATA 	Keypress: down
2724.8264 	EXP 	New trial (rep=0, index=40): <Trial 40 (40 in rep 0) data={'Index': 48, 'Scene': 'Scenes_Dataset/ballet_room_A.jpg', 'Scene_Size': (600, 398), 'Condition_Encode': 'Incongruent', 'Object_Encode': 'Objects_Dataset/hiking_boots.png', 'Object_Size': (300, 300), 'Condition_Old': 'old', 'Correct_Key_Old': 'left', 'Obj_Lure': 'Objects_Dataset/bicycle_bell.png', 'Lure_size': (250, 210), 'Target_pos': (300, 200), 'Lure_pos': (300, -200), 'Correct_key_AFC': 'up', 'jitter_ITI': 3.05, 'thisN': 40, 'thisTrialN': 40, 'thisRepN': 0}>
2724.8421 	EXP 	image_scene_2AFC: autoDraw = False
2724.8421 	EXP 	image_target: autoDraw = False
2724.8421 	EXP 	image_lure: autoDraw = False
2724.8421 	EXP 	image_blank: autoDraw = True
2727.0592 	EXP 	cross_25: autoDraw = True
2727.3091 	EXP 	cross_25: autoDraw = False
2727.9009 	INFO 	Keyboard events cleared
2727.9008 	EXP 	image_blank: autoDraw = False
2727.9008 	EXP 	cross_25: autoDraw = False
2727.9008 	EXP 	image_blank: autoDraw = False
2727.9008 	EXP 	image_scene_2AFC: image = 'Scenes_Dataset/ballet_room_A.jpg'
2727.9008 	EXP 	image_target: image = 'Objects_Dataset/hiking_boots.png'
2727.9008 	EXP 	image_lure: image = 'Objects_Dataset/bicycle_bell.png'
2727.9008 	EXP 	image_scene_2AFC: autoDraw = True
2727.9008 	EXP 	image_target: autoDraw = True
2727.9008 	EXP 	image_lure: autoDraw = True
2729.4108 	DATA 	Keypress: up
2730.8934 	EXP 	New trial (rep=0, index=41): <Trial 41 (41 in rep 0) data={'Index': 1, 'Scene': 'Scenes_Dataset/office_work_A.jpg', 'Scene_Size': (600, 470), 'Condition_Encode': 'Congruent', 'Object_Encode': 'Objects_Dataset/staple_puller_retouched.png', 'Object_Size': (400, 400), 'Condition_Old': 'old', 'Correct_Key_Old': 'left', 'Obj_Lure': 'Objects_Dataset/clock.png', 'Lure_size': (250, 248), 'Target_pos': (300, -200), 'Lure_pos': (300, 200), 'Correct_key_AFC': 'down', 'jitter_ITI': 2, 'thisN': 41, 'thisTrialN': 41, 'thisRepN': 0}>
2730.9092 	EXP 	image_scene_2AFC: autoDraw = False
2730.9092 	EXP 	image_target: autoDraw = False
2730.9092 	EXP 	image_lure: autoDraw = False
2730.9092 	EXP 	image_blank: autoDraw = True
2732.9090 	EXP 	image_blank: autoDraw = False
2733.1257 	EXP 	cross_25: autoDraw = True
2733.3878 	INFO 	Keyboard events cleared
2733.3878 	EXP 	cross_25: autoDraw = False
2733.3878 	EXP 	cross_25: autoDraw = False
2733.3878 	EXP 	image_blank: autoDraw = False
2733.3878 	EXP 	image_scene_2AFC: image = 'Scenes_Dataset/office_work_A.jpg'
2733.3878 	EXP 	image_target: image = 'Objects_Dataset/staple_puller_retouched.png'
2733.3878 	EXP 	image_lure: image = 'Objects_Dataset/clock.png'
2733.3878 	EXP 	image_scene_2AFC: autoDraw = True
2733.3878 	EXP 	image_target: autoDraw = True
2733.3878 	EXP 	image_lure: autoDraw = True
2734.7604 	DATA 	Keypress: down
2736.3762 	EXP 	New trial (rep=0, index=42): <Trial 42 (42 in rep 0) data={'Index': 21, 'Scene': 'Scenes_Dataset/pharmacy_A.jpg', 'Scene_Size': (600, 461), 'Condition_Encode': 'Congruent', 'Object_Encode': 'Objects_Dataset/pills.png', 'Object_Size': (216, 250), 'Condition_Old': 'old', 'Correct_Key_Old': 'left', 'Obj_Lure': 'Objects_Dataset/thermometer.png', 'Lure_size': (300, 199), 'Target_pos': (300, -200), 'Lure_pos': (300, 200), 'Correct_key_AFC': 'down', 'jitter_ITI': 3, 'thisN': 42, 'thisTrialN': 42, 'thisRepN': 0}>
2736.3922 	EXP 	image_scene_2AFC: autoDraw = False
2736.3922 	EXP 	image_target: autoDraw = False
2736.3922 	EXP 	image_lure: autoDraw = False
2736.3922 	EXP 	image_blank: autoDraw = True
2738.6091 	EXP 	cross_25: autoDraw = True
2738.8590 	EXP 	cross_25: autoDraw = False
2739.4036 	INFO 	Keyboard events cleared
2739.4036 	EXP 	image_blank: autoDraw = False
2739.4036 	EXP 	cross_25: autoDraw = False
2739.4036 	EXP 	image_blank: autoDraw = False
2739.4036 	EXP 	image_scene_2AFC: image = 'Scenes_Dataset/pharmacy_A.jpg'
2739.4036 	EXP 	image_target: image = 'Objects_Dataset/pills.png'
2739.4036 	EXP 	image_lure: image = 'Objects_Dataset/thermometer.png'
2739.4036 	EXP 	image_scene_2AFC: autoDraw = True
2739.4036 	EXP 	image_target: autoDraw = True
2739.4036 	EXP 	image_lure: autoDraw = True
2741.4939 	DATA 	Keypress: down
2742.3930 	EXP 	New trial (rep=0, index=43): <Trial 43 (43 in rep 0) data={'Index': 4, 'Scene': 'Scenes_Dataset/pastry_shop_A.jpg', 'Scene_Size': (600, 400), 'Condition_Encode': 'Congruent', 'Object_Encode': 'Objects_Dataset/cake_holder.png', 'Object_Size': (300, 209), 'Condition_Old': 'old', 'Correct_Key_Old': 'left', 'Obj_Lure': 'Objects_Dataset/cake_tongs_retouched.png', 'Lure_size': (300, 75), 'Target_pos': (300, -200), 'Lure_pos': (300, 200), 'Correct_key_AFC': 'down', 'jitter_ITI': 2.15, 'thisN': 43, 'thisTrialN': 43, 'thisRepN': 0}>
2742.4089 	EXP 	image_scene_2AFC: autoDraw = False
2742.4089 	EXP 	image_target: autoDraw = False
2742.4089 	EXP 	image_lure: autoDraw = False
2742.4089 	EXP 	image_blank: autoDraw = True
2744.5619 	EXP 	image_blank: autoDraw = False
2744.6257 	EXP 	cross_25: autoDraw = True
2744.8879 	INFO 	Keyboard events cleared
2744.8879 	EXP 	cross_25: autoDraw = False
2744.8879 	EXP 	cross_25: autoDraw = False
2744.8879 	EXP 	image_blank: autoDraw = False
2744.8879 	EXP 	image_scene_2AFC: image = 'Scenes_Dataset/pastry_shop_A.jpg'
2744.8879 	EXP 	image_target: image = 'Objects_Dataset/cake_holder.png'
2744.8879 	EXP 	image_lure: image = 'Objects_Dataset/cake_tongs_retouched.png'
2744.8879 	EXP 	image_scene_2AFC: autoDraw = True
2744.8879 	EXP 	image_target: autoDraw = True
2744.8879 	EXP 	image_lure: autoDraw = True
2746.2941 	DATA 	Keypress: down
2747.8613 	EXP 	New trial (rep=0, index=44): <Trial 44 (44 in rep 0) data={'Index': 32, 'Scene': 'Scenes_Dataset/elevator_A.jpg', 'Scene_Size': (600, 450), 'Condition_Encode': 'Incongruent', 'Object_Encode': 'Objects_Dataset/cake_tongs_retouched.png', 'Object_Size': (300, 75), 'Condition_Old': 'old', 'Correct_Key_Old': 'left', 'Obj_Lure': 'Objects_Dataset/3d_glasses_retouched.png', 'Lure_size': (300, 300), 'Target_pos': (300, 200), 'Lure_pos': (300, -200), 'Correct_key_AFC': 'up', 'jitter_ITI': 2.25, 'thisN': 44, 'thisTrialN': 44, 'thisRepN': 0}>
2747.8759 	EXP 	image_scene_2AFC: autoDraw = False
2747.8759 	EXP 	image_target: autoDraw = False
2747.8759 	EXP 	image_lure: autoDraw = False
2747.8759 	EXP 	image_blank: autoDraw = True
2750.1092 	EXP 	cross_25: autoDraw = True
2750.1258 	EXP 	image_blank: autoDraw = False
2750.3648 	INFO 	Keyboard events cleared
2750.3647 	EXP 	cross_25: autoDraw = False
2750.3647 	EXP 	cross_25: autoDraw = False
2750.3647 	EXP 	image_blank: autoDraw = False
2750.3647 	EXP 	image_scene_2AFC: image = 'Scenes_Dataset/elevator_A.jpg'
2750.3647 	EXP 	image_target: image = 'Objects_Dataset/cake_tongs_retouched.png'
2750.3647 	EXP 	image_lure: image = 'Objects_Dataset/3d_glasses_retouched.png'
2750.3647 	EXP 	image_scene_2AFC: autoDraw = True
2750.3647 	EXP 	image_target: autoDraw = True
2750.3647 	EXP 	image_lure: autoDraw = True
2752.1940 	DATA 	Keypress: up
2753.3598 	EXP 	New trial (rep=0, index=45): <Trial 45 (45 in rep 0) data={'Index': 17, 'Scene': 'Scenes_Dataset/stage_A.jpg', 'Scene_Size': (600, 396), 'Condition_Encode': 'Congruent', 'Object_Encode': 'Objects_Dataset/saxophone.png', 'Object_Size': (250, 250), 'Condition_Old': 'old', 'Correct_Key_Old': 'left', 'Obj_Lure': 'Objects_Dataset/digital_piano_retouched.png', 'Lure_size': (350, 350), 'Target_pos': (300, -200), 'Lure_pos': (300, 200), 'Correct_key_AFC': 'down', 'jitter_ITI': 2.8, 'thisN': 45, 'thisTrialN': 45, 'thisRepN': 0}>
2753.3781 	EXP 	image_scene_2AFC: autoDraw = False
2753.3781 	EXP 	image_target: autoDraw = False
2753.3781 	EXP 	image_lure: autoDraw = False
2753.3781 	EXP 	image_blank: autoDraw = True
2755.5945 	EXP 	cross_25: autoDraw = True
2755.8592 	EXP 	cross_25: autoDraw = False
2756.2062 	INFO 	Keyboard events cleared
2756.2062 	EXP 	image_blank: autoDraw = False
2756.2062 	EXP 	cross_25: autoDraw = False
2756.2062 	EXP 	image_blank: autoDraw = False
2756.2062 	EXP 	image_scene_2AFC: image = 'Scenes_Dataset/stage_A.jpg'
2756.2062 	EXP 	image_target: image = 'Objects_Dataset/saxophone.png'
2756.2062 	EXP 	image_lure: image = 'Objects_Dataset/digital_piano_retouched.png'
2756.2062 	EXP 	image_scene_2AFC: autoDraw = True
2756.2062 	EXP 	image_target: autoDraw = True
2756.2062 	EXP 	image_lure: autoDraw = True
2757.0440 	DATA 	Keypress: down
2759.1939 	EXP 	New trial (rep=0, index=46): <Trial 46 (46 in rep 0) data={'Index': 13, 'Scene': 'Scenes_Dataset/circus_A.jpg', 'Scene_Size': (600, 421), 'Condition_Encode': 'Congruent', 'Object_Encode': 'Objects_Dataset/unicycle_retouched.png', 'Object_Size': (159, 300), 'Condition_Old': 'old', 'Correct_Key_Old': 'left', 'Obj_Lure': 'Objects_Dataset/juggling_balls_retouched.png', 'Lure_size': (350, 197), 'Target_pos': (300, -200), 'Lure_pos': (300, 200), 'Correct_key_AFC': 'down', 'jitter_ITI': 2.6, 'thisN': 46, 'thisTrialN': 46, 'thisRepN': 0}>
2759.2093 	EXP 	image_scene_2AFC: autoDraw = False
2759.2093 	EXP 	image_target: autoDraw = False
2759.2093 	EXP 	image_lure: autoDraw = False
2759.2093 	EXP 	image_blank: autoDraw = True
2761.4427 	EXP 	cross_25: autoDraw = True
2761.6933 	EXP 	cross_25: autoDraw = False
2761.8243 	INFO 	Keyboard events cleared
2761.8243 	EXP 	image_blank: autoDraw = False
2761.8243 	EXP 	cross_25: autoDraw = False
2761.8243 	EXP 	image_blank: autoDraw = False
2761.8243 	EXP 	image_scene_2AFC: image = 'Scenes_Dataset/circus_A.jpg'
2761.8243 	EXP 	image_target: image = 'Objects_Dataset/unicycle_retouched.png'
2761.8243 	EXP 	image_lure: image = 'Objects_Dataset/juggling_balls_retouched.png'
2761.8243 	EXP 	image_scene_2AFC: autoDraw = True
2761.8243 	EXP 	image_target: autoDraw = True
2761.8243 	EXP 	image_lure: autoDraw = True
2763.4279 	DATA 	Keypress: down
2764.8101 	EXP 	New trial (rep=0, index=47): <Trial 47 (47 in rep 0) data={'Index': 20, 'Scene': 'Scenes_Dataset/basketball_field_A.jpg', 'Scene_Size': (600, 399), 'Condition_Encode': 'Congruent', 'Object_Encode': 'Objects_Dataset/whistle.png', 'Object_Size': (200, 151), 'Condition_Old': 'old', 'Correct_Key_Old': 'left', 'Obj_Lure': 'Objects_Dataset/basketball.png', 'Lure_size': (282, 300), 'Target_pos': (300, -200), 'Lure_pos': (300, 200), 'Correct_key_AFC': 'down', 'jitter_ITI': 2.95, 'thisN': 47, 'thisTrialN': 47, 'thisRepN': 0}>
2764.8261 	EXP 	image_scene_2AFC: autoDraw = False
2764.8261 	EXP 	image_target: autoDraw = False
2764.8261 	EXP 	image_lure: autoDraw = False
2764.8261 	EXP 	image_blank: autoDraw = True
2767.0595 	EXP 	cross_25: autoDraw = True
2767.3095 	EXP 	cross_25: autoDraw = False
2767.7833 	INFO 	Keyboard events cleared
2767.7833 	EXP 	image_blank: autoDraw = False
2767.7833 	EXP 	cross_25: autoDraw = False
2767.7833 	EXP 	image_blank: autoDraw = False
2767.7833 	EXP 	image_scene_2AFC: image = 'Scenes_Dataset/basketball_field_A.jpg'
2767.7833 	EXP 	image_target: image = 'Objects_Dataset/whistle.png'
2767.7833 	EXP 	image_lure: image = 'Objects_Dataset/basketball.png'
2767.7833 	EXP 	image_scene_2AFC: autoDraw = True
2767.7833 	EXP 	image_target: autoDraw = True
2767.7833 	EXP 	image_lure: autoDraw = True
2769.9278 	DATA 	Keypress: up
2770.7772 	EXP 	New trial (rep=0, index=48): <Trial 48 (48 in rep 0) data={'Index': 34, 'Scene': 'Scenes_Dataset/flower_shop_A.jpg', 'Scene_Size': (600, 450), 'Condition_Encode': 'Incongruent', 'Object_Encode': 'Objects_Dataset/trumpet_retouched.png', 'Object_Size': (300, 122), 'Condition_Old': 'old', 'Correct_Key_Old': 'left', 'Obj_Lure': 'Objects_Dataset/sailor_hat.png', 'Lure_size': (300, 250), 'Target_pos': (300, 200), 'Lure_pos': (300, -200), 'Correct_key_AFC': 'up', 'jitter_ITI': 2.35, 'thisN': 48, 'thisTrialN': 48, 'thisRepN': 0}>
2770.7931 	EXP 	image_scene_2AFC: autoDraw = False
2770.7931 	EXP 	image_target: autoDraw = False
2770.7931 	EXP 	image_lure: autoDraw = False
2770.7931 	EXP 	image_blank: autoDraw = True
2773.0095 	EXP 	cross_25: autoDraw = True
2773.1429 	EXP 	image_blank: autoDraw = False
2773.2672 	INFO 	Keyboard events cleared
2773.2672 	EXP 	cross_25: autoDraw = False
2773.2672 	EXP 	cross_25: autoDraw = False
2773.2672 	EXP 	image_blank: autoDraw = False
2773.2672 	EXP 	image_scene_2AFC: image = 'Scenes_Dataset/flower_shop_A.jpg'
2773.2672 	EXP 	image_target: image = 'Objects_Dataset/trumpet_retouched.png'
2773.2672 	EXP 	image_lure: image = 'Objects_Dataset/sailor_hat.png'
2773.2672 	EXP 	image_scene_2AFC: autoDraw = True
2773.2672 	EXP 	image_target: autoDraw = True
2773.2672 	EXP 	image_lure: autoDraw = True
2775.3774 	DATA 	Keypress: down
2776.2602 	EXP 	New trial (rep=0, index=49): <Trial 49 (49 in rep 0) data={'Index': 15, 'Scene': 'Scenes_Dataset/river_A.jpg', 'Scene_Size': (600, 450), 'Condition_Encode': 'Congruent', 'Object_Encode': 'Objects_Dataset/kayak.png', 'Object_Size': (450, 338), 'Condition_Old': 'old', 'Correct_Key_Old': 'left', 'Obj_Lure': 'Objects_Dataset/paddle.png', 'Lure_size': (300, 299), 'Target_pos': (300, -200), 'Lure_pos': (300, 200), 'Correct_key_AFC': 'down', 'jitter_ITI': 2.7, 'thisN': 49, 'thisTrialN': 49, 'thisRepN': 0}>
2776.2761 	EXP 	image_scene_2AFC: autoDraw = False
2776.2761 	EXP 	image_target: autoDraw = False
2776.2761 	EXP 	image_lure: autoDraw = False
2776.2761 	EXP 	image_blank: autoDraw = True
2778.4929 	EXP 	cross_25: autoDraw = True
2778.7431 	EXP 	cross_25: autoDraw = False
2778.9878 	INFO 	Keyboard events cleared
2778.9878 	EXP 	image_blank: autoDraw = False
2778.9878 	EXP 	cross_25: autoDraw = False
2778.9878 	EXP 	image_blank: autoDraw = False
2778.9878 	EXP 	image_scene_2AFC: image = 'Scenes_Dataset/river_A.jpg'
2778.9878 	EXP 	image_target: image = 'Objects_Dataset/kayak.png'
2778.9878 	EXP 	image_lure: image = 'Objects_Dataset/paddle.png'
2778.9878 	EXP 	image_scene_2AFC: autoDraw = True
2778.9878 	EXP 	image_target: autoDraw = True
2778.9878 	EXP 	image_lure: autoDraw = True
2781.8615 	DATA 	Keypress: down
2781.9769 	EXP 	New trial (rep=0, index=50): <Trial 50 (50 in rep 0) data={'Index': 5, 'Scene': 'Scenes_Dataset/movie_theater_A.jpg', 'Scene_Size': (600, 364), 'Condition_Encode': 'Congruent', 'Object_Encode': 'Objects_Dataset/3d_glasses_retouched.png', 'Object_Size': (300, 300), 'Condition_Old': 'old', 'Correct_Key_Old': 'left', 'Obj_Lure': 'Objects_Dataset/movie_reels.png', 'Lure_size': (350, 268), 'Target_pos': (300, -200), 'Lure_pos': (300, 200), 'Correct_key_AFC': 'down', 'jitter_ITI': 2.2, 'thisN': 50, 'thisTrialN': 50, 'thisRepN': 0}>
2781.9929 	EXP 	image_scene_2AFC: autoDraw = False
2781.9929 	EXP 	image_target: autoDraw = False
2781.9929 	EXP 	image_lure: autoDraw = False
2781.9929 	EXP 	image_blank: autoDraw = True
2784.1931 	EXP 	image_blank: autoDraw = False
2784.2099 	EXP 	cross_25: autoDraw = True
2784.4648 	INFO 	Keyboard events cleared
2784.4647 	EXP 	cross_25: autoDraw = False
2784.4647 	EXP 	cross_25: autoDraw = False
2784.4647 	EXP 	image_blank: autoDraw = False
2784.4647 	EXP 	image_scene_2AFC: image = 'Scenes_Dataset/movie_theater_A.jpg'
2784.4647 	EXP 	image_target: image = 'Objects_Dataset/3d_glasses_retouched.png'
2784.4647 	EXP 	image_lure: image = 'Objects_Dataset/movie_reels.png'
2784.4647 	EXP 	image_scene_2AFC: autoDraw = True
2784.4647 	EXP 	image_target: autoDraw = True
2784.4647 	EXP 	image_lure: autoDraw = True
2785.6111 	DATA 	Keypress: down
2787.4451 	EXP 	New trial (rep=0, index=51): <Trial 51 (51 in rep 0) data={'Index': 16, 'Scene': 'Scenes_Dataset/hair_salon_A.jpg', 'Scene_Size': (600, 386), 'Condition_Encode': 'Congruent', 'Object_Encode': 'Objects_Dataset/hairdryer_retouched.png', 'Object_Size': (250, 241), 'Condition_Old': 'old', 'Correct_Key_Old': 'left', 'Obj_Lure': 'Objects_Dataset/comb.png', 'Lure_size': (250, 250), 'Target_pos': (300, -200), 'Lure_pos': (300, 200), 'Correct_key_AFC': 'down', 'jitter_ITI': 2.75, 'thisN': 51, 'thisTrialN': 51, 'thisRepN': 0}>
2787.4597 	EXP 	image_scene_2AFC: autoDraw = False
2787.4597 	EXP 	image_target: autoDraw = False
2787.4597 	EXP 	image_lure: autoDraw = False
2787.4597 	EXP 	image_blank: autoDraw = True
2789.6933 	EXP 	cross_25: autoDraw = True
2789.9453 	EXP 	cross_25: autoDraw = False
2790.2190 	INFO 	Keyboard events cleared
2790.2189 	EXP 	image_blank: autoDraw = False
2790.2189 	EXP 	cross_25: autoDraw = False
2790.2189 	EXP 	image_blank: autoDraw = False
2790.2189 	EXP 	image_scene_2AFC: image = 'Scenes_Dataset/hair_salon_A.jpg'
2790.2189 	EXP 	image_target: image = 'Objects_Dataset/hairdryer_retouched.png'
2790.2189 	EXP 	image_lure: image = 'Objects_Dataset/comb.png'
2790.2189 	EXP 	image_scene_2AFC: autoDraw = True
2790.2189 	EXP 	image_target: autoDraw = True
2790.2189 	EXP 	image_lure: autoDraw = True
2792.0788 	DATA 	Keypress: down
2793.2105 	EXP 	New trial (rep=0, index=52): <Trial 52 (52 in rep 0) data={'Index': 25, 'Scene': 'Scenes_Dataset/building_entrance_A.jpg', 'Scene_Size': (600, 400), 'Condition_Encode': 'Congruent', 'Object_Encode': 'Objects_Dataset/envelope_retouched.png', 'Object_Size': (250, 211), 'Condition_Old': 'old', 'Correct_Key_Old': 'left', 'Obj_Lure': 'Objects_Dataset/door_mat.png', 'Lure_size': (300, 300), 'Target_pos': (300, -200), 'Lure_pos': (300, 200), 'Correct_key_AFC': 'down', 'jitter_ITI': 3.2, 'thisN': 52, 'thisTrialN': 52, 'thisRepN': 0}>
2793.2266 	EXP 	image_scene_2AFC: autoDraw = False
2793.2266 	EXP 	image_target: autoDraw = False
2793.2266 	EXP 	image_lure: autoDraw = False
2793.2266 	EXP 	image_blank: autoDraw = True
2795.4434 	EXP 	cross_25: autoDraw = True
2795.6932 	EXP 	cross_25: autoDraw = False
2796.4325 	INFO 	Keyboard events cleared
2796.4325 	EXP 	image_blank: autoDraw = False
2796.4325 	EXP 	cross_25: autoDraw = False
2796.4325 	EXP 	image_blank: autoDraw = False
2796.4325 	EXP 	image_scene_2AFC: image = 'Scenes_Dataset/building_entrance_A.jpg'
2796.4325 	EXP 	image_target: image = 'Objects_Dataset/envelope_retouched.png'
2796.4325 	EXP 	image_lure: image = 'Objects_Dataset/door_mat.png'
2796.4325 	EXP 	image_scene_2AFC: autoDraw = True
2796.4325 	EXP 	image_target: autoDraw = True
2796.4325 	EXP 	image_lure: autoDraw = True
2797.8284 	DATA 	Keypress: down
2799.4276 	EXP 	New trial (rep=0, index=53): <Trial 53 (53 in rep 0) data={'Index': 33, 'Scene': 'Scenes_Dataset/ice_rink_A.jpg', 'Scene_Size': (600, 450), 'Condition_Encode': 'Incongruent', 'Object_Encode': 'Objects_Dataset/paper_towel_dispenser.png', 'Object_Size': (300, 400), 'Condition_Old': 'old', 'Correct_Key_Old': 'left', 'Obj_Lure': 'Objects_Dataset/saxophone.png', 'Lure_size': (250, 250), 'Target_pos': (300, 200), 'Lure_pos': (300, -200), 'Correct_key_AFC': 'up', 'jitter_ITI': 2.3, 'thisN': 53, 'thisTrialN': 53, 'thisRepN': 0}>
2799.4433 	EXP 	image_scene_2AFC: autoDraw = False
2799.4433 	EXP 	image_target: autoDraw = False
2799.4433 	EXP 	image_lure: autoDraw = False
2799.4433 	EXP 	image_blank: autoDraw = True
2801.6607 	EXP 	cross_25: autoDraw = True
2801.7433 	EXP 	image_blank: autoDraw = False
2801.9218 	INFO 	Keyboard events cleared
2801.9218 	EXP 	cross_25: autoDraw = False
2801.9218 	EXP 	cross_25: autoDraw = False
2801.9218 	EXP 	image_blank: autoDraw = False
2801.9218 	EXP 	image_scene_2AFC: image = 'Scenes_Dataset/ice_rink_A.jpg'
2801.9218 	EXP 	image_target: image = 'Objects_Dataset/paper_towel_dispenser.png'
2801.9218 	EXP 	image_lure: image = 'Objects_Dataset/saxophone.png'
2801.9218 	EXP 	image_scene_2AFC: autoDraw = True
2801.9218 	EXP 	image_target: autoDraw = True
2801.9218 	EXP 	image_lure: autoDraw = True
2803.4615 	DATA 	Keypress: up
2804.9109 	EXP 	New trial (rep=0, index=54): <Trial 54 (54 in rep 0) data={'Index': 18, 'Scene': 'Scenes_Dataset/soccer_stadium_B.jpg', 'Scene_Size': (600, 400), 'Condition_Encode': 'Congruent', 'Object_Encode': 'Objects_Dataset/football_boots.png', 'Object_Size': (300, 300), 'Condition_Old': 'old', 'Correct_Key_Old': 'left', 'Obj_Lure': 'Objects_Dataset/whistle.png', 'Lure_size': (200, 151), 'Target_pos': (300, -200), 'Lure_pos': (300, 200), 'Correct_key_AFC': 'down', 'jitter_ITI': 2.85, 'thisN': 54, 'thisTrialN': 54, 'thisRepN': 0}>
2804.9267 	EXP 	image_scene_2AFC: autoDraw = False
2804.9267 	EXP 	image_target: autoDraw = False
2804.9267 	EXP 	image_lure: autoDraw = False
2804.9267 	EXP 	image_blank: autoDraw = True
2807.1434 	EXP 	cross_25: autoDraw = True
2807.3937 	EXP 	cross_25: autoDraw = False
2807.7820 	INFO 	Keyboard events cleared
2807.7820 	EXP 	image_blank: autoDraw = False
2807.7820 	EXP 	cross_25: autoDraw = False
2807.7820 	EXP 	image_blank: autoDraw = False
2807.7820 	EXP 	image_scene_2AFC: image = 'Scenes_Dataset/soccer_stadium_B.jpg'
2807.7820 	EXP 	image_target: image = 'Objects_Dataset/football_boots.png'
2807.7820 	EXP 	image_lure: image = 'Objects_Dataset/whistle.png'
2807.7820 	EXP 	image_scene_2AFC: autoDraw = True
2807.7820 	EXP 	image_target: autoDraw = True
2807.7820 	EXP 	image_lure: autoDraw = True
2809.0788 	DATA 	Keypress: down
2810.7777 	EXP 	New trial (rep=0, index=55): <Trial 55 (55 in rep 0) data={'Index': 31, 'Scene': 'Scenes_Dataset/balcony.jpg', 'Scene_Size': (600, 450), 'Condition_Encode': 'Incongruent', 'Object_Encode': 'Objects_Dataset/car_key.png', 'Object_Size': (300, 125), 'Condition_Old': 'old', 'Correct_Key_Old': 'left', 'Obj_Lure': 'Objects_Dataset/staple_puller_retouched.png', 'Lure_size': (400, 400), 'Target_pos': (300, 200), 'Lure_pos': (300, -200), 'Correct_key_AFC': 'up', 'jitter_ITI': 2.2, 'thisN': 55, 'thisTrialN': 55, 'thisRepN': 0}>
2810.7934 	EXP 	image_scene_2AFC: autoDraw = False
2810.7934 	EXP 	image_target: autoDraw = False
2810.7934 	EXP 	image_lure: autoDraw = False
2810.7934 	EXP 	image_blank: autoDraw = True
2812.9937 	EXP 	image_blank: autoDraw = False
2813.0102 	EXP 	cross_25: autoDraw = True
2813.2708 	INFO 	Keyboard events cleared
2813.2708 	EXP 	cross_25: autoDraw = False
2813.2708 	EXP 	cross_25: autoDraw = False
2813.2708 	EXP 	image_blank: autoDraw = False
2813.2708 	EXP 	image_scene_2AFC: image = 'Scenes_Dataset/balcony.jpg'
2813.2708 	EXP 	image_target: image = 'Objects_Dataset/car_key.png'
2813.2708 	EXP 	image_lure: image = 'Objects_Dataset/staple_puller_retouched.png'
2813.2708 	EXP 	image_scene_2AFC: autoDraw = True
2813.2708 	EXP 	image_target: autoDraw = True
2813.2708 	EXP 	image_lure: autoDraw = True
2815.9278 	DATA 	Keypress: down
2816.2612 	EXP 	New trial (rep=0, index=56): <Trial 56 (56 in rep 0) data={'Index': 6, 'Scene': 'Scenes_Dataset/stationary_store_A.jpg', 'Scene_Size': (600, 370), 'Condition_Encode': 'Congruent', 'Object_Encode': 'Objects_Dataset/stapler.png', 'Object_Size': (250, 178), 'Condition_Old': 'old', 'Correct_Key_Old': 'left', 'Obj_Lure': 'Objects_Dataset/envelope_retouched.png', 'Lure_size': (250, 211), 'Target_pos': (300, -200), 'Lure_pos': (300, 200), 'Correct_key_AFC': 'down', 'jitter_ITI': 2.25, 'thisN': 56, 'thisTrialN': 56, 'thisRepN': 0}>
2816.2768 	EXP 	image_scene_2AFC: autoDraw = False
2816.2768 	EXP 	image_target: autoDraw = False
2816.2768 	EXP 	image_lure: autoDraw = False
2816.2768 	EXP 	image_blank: autoDraw = True
2818.4949 	EXP 	cross_25: autoDraw = True
2818.5269 	EXP 	image_blank: autoDraw = False
2818.7685 	INFO 	Keyboard events cleared
2818.7685 	EXP 	cross_25: autoDraw = False
2818.7685 	EXP 	cross_25: autoDraw = False
2818.7685 	EXP 	image_blank: autoDraw = False
2818.7685 	EXP 	image_scene_2AFC: image = 'Scenes_Dataset/stationary_store_A.jpg'
2818.7685 	EXP 	image_target: image = 'Objects_Dataset/stapler.png'
2818.7685 	EXP 	image_lure: image = 'Objects_Dataset/envelope_retouched.png'
2818.7685 	EXP 	image_scene_2AFC: autoDraw = True
2818.7685 	EXP 	image_target: autoDraw = True
2818.7685 	EXP 	image_lure: autoDraw = True
2820.8619 	DATA 	Keypress: down
2821.7611 	EXP 	New trial (rep=0, index=57): <Trial 57 (57 in rep 0) data={'Index': 24, 'Scene': 'Scenes_Dataset/marina_A.jpg', 'Scene_Size': (600, 450), 'Condition_Encode': 'Congruent', 'Object_Encode': 'Objects_Dataset/sailor_hat.png', 'Object_Size': (300, 250), 'Condition_Old': 'old', 'Correct_Key_Old': 'left', 'Obj_Lure': 'Objects_Dataset/rope.png', 'Lure_size': (300, 248), 'Target_pos': (300, -200), 'Lure_pos': (300, 200), 'Correct_key_AFC': 'down', 'jitter_ITI': 3.15, 'thisN': 57, 'thisTrialN': 57, 'thisRepN': 0}>
2821.7771 	EXP 	image_scene_2AFC: autoDraw = False
2821.7771 	EXP 	image_target: autoDraw = False
2821.7771 	EXP 	image_lure: autoDraw = False
2821.7771 	EXP 	image_blank: autoDraw = True
2823.9940 	EXP 	cross_25: autoDraw = True
2824.2438 	EXP 	cross_25: autoDraw = False
2824.9369 	INFO 	Keyboard events cleared
2824.9369 	EXP 	image_blank: autoDraw = False
2824.9369 	EXP 	cross_25: autoDraw = False
2824.9369 	EXP 	image_blank: autoDraw = False
2824.9369 	EXP 	image_scene_2AFC: image = 'Scenes_Dataset/marina_A.jpg'
2824.9369 	EXP 	image_target: image = 'Objects_Dataset/sailor_hat.png'
2824.9369 	EXP 	image_lure: image = 'Objects_Dataset/rope.png'
2824.9369 	EXP 	image_scene_2AFC: autoDraw = True
2824.9369 	EXP 	image_target: autoDraw = True
2824.9369 	EXP 	image_lure: autoDraw = True
2826.4284 	DATA 	Keypress: down
2827.9279 	EXP 	New trial (rep=0, index=58): <Trial 58 (58 in rep 0) data={'Index': 37, 'Scene': 'Scenes_Dataset/vault_A.jpg', 'Scene_Size': (600, 398), 'Condition_Encode': 'Incongruent', 'Object_Encode': 'Objects_Dataset/fan.png', 'Object_Size': (350, 350), 'Condition_Old': 'old', 'Correct_Key_Old': 'left', 'Obj_Lure': 'Objects_Dataset/cactus.png', 'Lure_size': (300, 248), 'Target_pos': (300, 200), 'Lure_pos': (300, -200), 'Correct_key_AFC': 'up', 'jitter_ITI': 2.5, 'thisN': 58, 'thisTrialN': 58, 'thisRepN': 0}>
2827.9438 	EXP 	image_scene_2AFC: autoDraw = False
2827.9438 	EXP 	image_target: autoDraw = False
2827.9438 	EXP 	image_lure: autoDraw = False
2827.9438 	EXP 	image_blank: autoDraw = True
2830.1772 	EXP 	cross_25: autoDraw = True
2830.4273 	EXP 	cross_25: autoDraw = False
2830.4518 	INFO 	Keyboard events cleared
2830.4518 	EXP 	image_blank: autoDraw = False
2830.4518 	EXP 	cross_25: autoDraw = False
2830.4518 	EXP 	image_blank: autoDraw = False
2830.4518 	EXP 	image_scene_2AFC: image = 'Scenes_Dataset/vault_A.jpg'
2830.4518 	EXP 	image_target: image = 'Objects_Dataset/fan.png'
2830.4518 	EXP 	image_lure: image = 'Objects_Dataset/cactus.png'
2830.4518 	EXP 	image_scene_2AFC: autoDraw = True
2830.4518 	EXP 	image_target: autoDraw = True
2830.4518 	EXP 	image_lure: autoDraw = True
2832.0620 	DATA 	Keypress: up
2833.4303 	EXP 	New trial (rep=0, index=59): <Trial 59 (59 in rep 0) data={'Index': 30, 'Scene': 'Scenes_Dataset/locker_room_B.jpg', 'Scene_Size': (600, 399), 'Condition_Encode': 'Congruent', 'Object_Encode': 'Objects_Dataset/locker.png', 'Object_Size': (264, 400), 'Condition_Old': 'old', 'Correct_Key_Old': 'left', 'Obj_Lure': 'Objects_Dataset/slippers.png', 'Lure_size': (280, 300), 'Target_pos': (300, -200), 'Lure_pos': (300, 200), 'Correct_key_AFC': 'down', 'jitter_ITI': 2.15, 'thisN': 59, 'thisTrialN': 59, 'thisRepN': 0}>
2833.4443 	EXP 	image_scene_2AFC: autoDraw = False
2833.4443 	EXP 	image_target: autoDraw = False
2833.4443 	EXP 	image_lure: autoDraw = False
2833.4443 	EXP 	image_blank: autoDraw = True
2835.5943 	EXP 	image_blank: autoDraw = False
2835.6774 	EXP 	cross_25: autoDraw = True
2835.9389 	INFO 	Keyboard events cleared
2835.9389 	EXP 	cross_25: autoDraw = False
2835.9389 	EXP 	cross_25: autoDraw = False
2835.9389 	EXP 	image_blank: autoDraw = False
2835.9389 	EXP 	image_scene_2AFC: image = 'Scenes_Dataset/locker_room_B.jpg'
2835.9389 	EXP 	image_target: image = 'Objects_Dataset/locker.png'
2835.9389 	EXP 	image_lure: image = 'Objects_Dataset/slippers.png'
2835.9389 	EXP 	image_scene_2AFC: autoDraw = True
2835.9389 	EXP 	image_target: autoDraw = True
2835.9389 	EXP 	image_lure: autoDraw = True
2837.3793 	DATA 	Keypress: down
2838.9443 	EXP 	image_scene_2AFC: autoDraw = False
2838.9443 	EXP 	image_target: autoDraw = False
2838.9443 	EXP 	image_lure: autoDraw = False
2838.9443 	EXP 	text_end: autoDraw = True
2848.9442 	EXP 	text_end: autoDraw = False
2848.9444 	EXP 	SEED: status = STOPPED
2848.9936 	INFO 	saved data to 'C:\\Users\\IBEB\\Documents\\GitHub\\SEED\\data/FA2804_SEED_2026-04-28_13h14.14.014.csv'
2848.9955 	INFO 	saved data to C:\Users\IBEB\Documents\GitHub\SEED\data/FA2804_SEED_2026-04-28_13h14.14.014.psydat
2849.0197 	WARNING 	Stopping key buffers but this could be dangerous ifother keyboards rely on the same.
2849.0939 	WARNING 	Stopping key buffers but this could be dangerous ifother keyboards rely on the same.
2849.0939 	WARNING 	Stopping key buffers but this could be dangerous ifother keyboards rely on the same.
2849.0939 	WARNING 	Stopping key buffers but this could be dangerous ifother keyboards rely on the same.
2849.0939 	WARNING 	Stopping key buffers but this could be dangerous ifother keyboards rely on the same.
2849.0939 	WARNING 	Stopping key buffers but this could be dangerous ifother keyboards rely on the same.
2849.0940 	WARNING 	Stopping key buffers but this could be dangerous ifother keyboards rely on the same.
2849.0940 	WARNING 	Stopping key buffers but this could be dangerous ifother keyboards rely on the same.
2849.0940 	WARNING 	Stopping key buffers but this could be dangerous ifother keyboards rely on the same.
2849.0940 	WARNING 	Stopping key buffers but this could be dangerous ifother keyboards rely on the same.
2849.0940 	WARNING 	Stopping key buffers but this could be dangerous ifother keyboards rely on the same.
2849.0940 	WARNING 	Stopping key buffers but this could be dangerous ifother keyboards rely on the same.
2849.0940 	WARNING 	Stopping key buffers but this could be dangerous ifother keyboards rely on the same.
2849.0940 	WARNING 	Stopping key buffers but this could be dangerous ifother keyboards rely on the same.
2849.0940 	WARNING 	Stopping key buffers but this could be dangerous ifother keyboards rely on the same.
2849.0940 	WARNING 	Stopping key buffers but this could be dangerous ifother keyboards rely on the same.
2849.0940 	WARNING 	Stopping key buffers but this could be dangerous ifother keyboards rely on the same.
2849.0940 	WARNING 	Stopping key buffers but this could be dangerous ifother keyboards rely on the same.
2849.0940 	WARNING 	Stopping key buffers but this could be dangerous ifother keyboards rely on the same.
