204.3241 	INFO 	Loaded monitor calibration from ['2026_02_05 15:50']
204.3824 	WARNING 	User requested fullscreen with size [1440  900], but screen is actually [1920, 1080]. Using actual size
204.5121 	EXP 	Created window1 = Window(allowGUI=False, allowStencil=False, autoLog=True, backendConf=UNKNOWN, backgroundFit=<method-wrapper '__getattribute__' of attributeSetter object at 0x000001BE594CA140>, backgroundImage=<method-wrapper '__getattribute__' of attributeSetter object at 0x000001BE594CA1A0>, bitsMode=UNKNOWN, blendMode='avg', bpc=(8, 8, 8), color=array([0, 0, 0]), colorSpace='rgb', depthBits=8, fullscr=True, gamma=None, gammaErrorPolicy='raise', infoMsg=UNKNOWN, lms=UNKNOWN, monitor=<psychopy.monitors.calibTools.Monitor object at 0x000001BE58683CA0>, multiSample=False, name='window1', numSamples=2, pos=[0.0, 0.0], screen=0, size=array([1920, 1080]), stencilBits=0, stereo=False, title='PsychoPy', units='height', useFBO=True, useRetina=False, viewOri=0.0, viewPos=None, viewScale=None, waitBlanking=True, winType='pyglet')
204.5121 	EXP 	window1: backgroundImage = ''
204.5121 	EXP 	window1: backgroundFit = 'none'
204.5412 	EXP 	window1: Attempting to measure frame rate of screen (0) ...
204.5412 	EXP 	window1: recordFrameIntervals = False
204.6945 	EXP 	window1: recordFrameIntervals = True
206.3613 	WARNING 	Couldn't measure a consistent frame rate!
  - Is your graphics card set to sync to vertical blank?
  - Are you running other processes on your computer?

206.5639 	INFO 	keyboard.Keyboard is using ptb backend.
206.5641 	INFO 	keyboard.Keyboard is using ptb backend.
206.5641 	INFO 	keyboard.Keyboard is using ptb backend.
206.5642 	INFO 	keyboard.Keyboard is using ptb backend.
206.5642 	INFO 	keyboard.Keyboard is using ptb backend.
206.5643 	INFO 	keyboard.Keyboard is using ptb backend.
206.5643 	INFO 	keyboard.Keyboard is using ptb backend.
206.5644 	INFO 	keyboard.Keyboard is using ptb backend.
206.5644 	INFO 	keyboard.Keyboard is using ptb backend.
206.5645 	INFO 	keyboard.Keyboard is using ptb backend.
206.5645 	INFO 	keyboard.Keyboard is using ptb backend.
206.5645 	INFO 	keyboard.Keyboard is using ptb backend.
206.5646 	INFO 	keyboard.Keyboard is using ptb backend.
206.5646 	INFO 	keyboard.Keyboard is using ptb backend.
206.5647 	INFO 	keyboard.Keyboard is using ptb backend.
206.5647 	INFO 	keyboard.Keyboard is using ptb backend.
206.5647 	INFO 	keyboard.Keyboard is using ptb backend.
206.5648 	INFO 	keyboard.Keyboard is using ptb backend.
206.5648 	INFO 	keyboard.Keyboard is using ptb backend.
206.5648 	EXP 	SEED: status = STARTED
206.6129 	EXP 	Created text_hi = TextStim(__class__=<class 'psychopy.visual.text.TextStim'>, alignHoriz=method-wrapper(...), alignText='center', alignVert=method-wrapper(...), anchorHoriz='center', anchorVert='center', antialias=True, autoDraw=False, autoLog=True, bold=False, color=array([1., 1., 1.]), colorSpace='rgb', contrast=1.0, depth=0.0, draggable=False, flipHoriz=False, flipVert=False, font='Arial', fontFiles=[], height=0.05, italic=False, languageStyle='LTR', name='text_hi', opacity=1, ori=0.0, pos=array([0., 0.]), rgb=UNKNOWN, text=str(...), units='height', win=Window(...), wrapWidth=1)
206.6262 	EXP 	Created text_Explain_PAL = TextStim(__class__=<class 'psychopy.visual.text.TextStim'>, alignHoriz=method-wrapper(...), alignText='center', alignVert=method-wrapper(...), anchorHoriz='center', anchorVert='center', antialias=True, autoDraw=False, autoLog=True, bold=False, color=array([1., 1., 1.]), colorSpace='rgb', contrast=1.0, depth=0.0, draggable=False, flipHoriz=False, flipVert=False, font='Arial', fontFiles=[], height=0.05, italic=False, languageStyle='LTR', name='text_Explain_PAL', opacity=1, ori=0.0, pos=array([0., 0.]), rgb=UNKNOWN, text=str(...), units='height', win=Window(...), wrapWidth=1.5)
206.6358 	EXP 	Created text_explain_rate = TextStim(__class__=<class 'psychopy.visual.text.TextStim'>, alignHoriz=method-wrapper(...), alignText='center', alignVert=method-wrapper(...), anchorHoriz='center', anchorVert='center', antialias=True, autoDraw=False, autoLog=True, bold=False, color=array([1., 1., 1.]), colorSpace='rgb', contrast=1.0, depth=0.0, draggable=False, flipHoriz=False, flipVert=False, font='Arial', fontFiles=[], height=0.05, italic=False, languageStyle='LTR', name='text_explain_rate', opacity=1, ori=0.0, pos=array([0., 0.]), rgb=UNKNOWN, text=str(...), units='height', win=Window(...), wrapWidth=1.5)
206.6373 	EXP 	Created cross_25 = ShapeStim(__class__=<class 'psychopy.visual.shape.ShapeStim'>, anchor=('center', 'center'), autoDraw=False, autoLog=True, closeShape=True, color=method-wrapper(...), colorSpace='rgb', contrast=None, depth=0.0, draggable=False, fillColor=array([1, 1, 1]), fillColorSpace='rgb', fillRGB=array([1, 1, 1]), interpolate=True, lineColor=array([1., 1., 1.]), lineColorSpace='rgb', lineRGB=array([1, 1, 1]), lineWidth=1.0, name='cross_25', opacity=1, ori=0.0, pos=array([0., 0.]), size=array([0.1, 0.1]), units='height', vertices=ndarray(...), win=Window(...), windingRule=None)
206.6384 	EXP 	Created image_blank = ImageStim(__class__=<class 'psychopy.visual.image.ImageStim'>, anchor=('center', 'center'), autoLog=True, color=array([1., 1., 1.]), colorSpace='rgb', contrast=1.0, depth=-1.0, draggable=False, flipHoriz=False, flipVert=False, image=None, interpolate=True, mask=None, maskParams=None, name='image_blank', opacity=1, ori=0.0, pos=array([0., 0.]), size=array([0.5, 0.5]), texRes=128.0, units='height', win=Window(...))
206.6420 	EXP 	Created image_ex_scene = ImageStim(__class__=<class 'psychopy.visual.image.ImageStim'>, anchor=('center', 'center'), autoLog=True, color=array([1., 1., 1.]), colorSpace='rgb', contrast=1.0, depth=0.0, draggable=False, flipHoriz=False, flipVert=False, image='default.png', interpolate=True, mask=None, maskParams=None, name='image_ex_scene', opacity=1, ori=0.0, pos=array([-250.,    0.]), size=array([1., 1.]), texRes=128.0, units='pix', win=Window(...))
206.6453 	EXP 	Created image_ex_object = ImageStim(__class__=<class 'psychopy.visual.image.ImageStim'>, anchor=('center', 'center'), autoLog=True, color=array([1., 1., 1.]), colorSpace='rgb', contrast=1.0, depth=-1.0, draggable=False, flipHoriz=False, flipVert=False, image='default.png', interpolate=True, mask=None, maskParams=None, name='image_ex_object', opacity=1, ori=0.0, pos=array([300.,   0.]), size=array([256., 256.]), texRes=128.0, units='pix', win=Window(...))
206.7086 	EXP 	Created slider_example = Slider(__class__=<class 'psychopy.visual.slider.Slider'>, autoDraw=False, autoLog=True, borderColor=None, color=None, colorSpace='rgb', depth=-2, fillColor=None, flip=False, font='Arial', granularity=1.0, labelColor=None, labelHeight=0.05, labelWrapWidth=None, labels=list(...), lineColor=None, markerColor=None, name='slider_example', opacity=None, ori=0.0, pos=array([ 0. , -0.3]), readOnly=False, self=UNKNOWN, size=array([0.83, 0.04]), startValue=None, style='rating', styleTweaks=[], ticks=array([1, 2, 3]), units='height', win=Window(...))
206.7129 	EXP 	Created text_example = TextStim(__class__=<class 'psychopy.visual.text.TextStim'>, alignHoriz=method-wrapper(...), alignText='center', alignVert=method-wrapper(...), anchorHoriz='center', anchorVert='center', antialias=True, autoDraw=False, autoLog=True, bold=False, color=array([1., 1., 1.]), colorSpace='rgb', contrast=1.0, depth=-3.0, draggable=False, flipHoriz=False, flipVert=False, font='Arial', fontFiles=[], height=0.06, italic=False, languageStyle='LTR', name='text_example', opacity=1, ori=0.0, pos=array([0.  , 0.25]), rgb=UNKNOWN, text='Relacionados?\n', units='height', win=Window(...), wrapWidth=1)
206.7151 	EXP 	Created text_end_ex = TextStim(__class__=<class 'psychopy.visual.text.TextStim'>, alignHoriz=method-wrapper(...), alignText='center', alignVert=method-wrapper(...), anchorHoriz='center', anchorVert='center', antialias=True, autoDraw=False, autoLog=True, bold=False, color=array([1., 1., 1.]), colorSpace='rgb', contrast=1.0, depth=0.0, draggable=False, flipHoriz=False, flipVert=False, font='Arial', fontFiles=[], height=0.05, italic=False, languageStyle='LTR', name='text_end_ex', opacity=1, ori=0.0, pos=array([0., 0.]), rgb=UNKNOWN, text='Exemplo concluído.\n\n', units='height', win=Window(...), wrapWidth=1)
206.7205 	EXP 	Created text_start_PAL = TextStim(__class__=<class 'psychopy.visual.text.TextStim'>, alignHoriz=method-wrapper(...), alignText='center', alignVert=method-wrapper(...), anchorHoriz='center', anchorVert='center', antialias=True, autoDraw=False, autoLog=True, bold=False, color=array([1., 1., 1.]), colorSpace='rgb', contrast=1.0, depth=-1.0, draggable=False, flipHoriz=False, flipVert=False, font='Arial', fontFiles=[], height=0.05, italic=False, languageStyle='LTR', name='text_start_PAL', opacity=1, ori=0.0, pos=array([0., 0.]), rgb=UNKNOWN, text=str(...), units='height', win=Window(...), wrapWidth=1.5)
206.7215 	EXP 	Created cross_25 = ShapeStim(__class__=<class 'psychopy.visual.shape.ShapeStim'>, anchor=('center', 'center'), autoDraw=False, autoLog=True, closeShape=True, color=method-wrapper(...), colorSpace='rgb', contrast=None, depth=0.0, draggable=False, fillColor=array([1, 1, 1]), fillColorSpace='rgb', fillRGB=array([1, 1, 1]), interpolate=True, lineColor=array([1., 1., 1.]), lineColorSpace='rgb', lineRGB=array([1, 1, 1]), lineWidth=1.0, name='cross_25', opacity=1, ori=0.0, pos=array([0., 0.]), size=array([0.1, 0.1]), units='height', vertices=ndarray(...), win=Window(...), windingRule=None)
206.7222 	EXP 	Created image_blank = ImageStim(__class__=<class 'psychopy.visual.image.ImageStim'>, anchor=('center', 'center'), autoLog=True, color=array([1., 1., 1.]), colorSpace='rgb', contrast=1.0, depth=-1.0, draggable=False, flipHoriz=False, flipVert=False, image=None, interpolate=True, mask=None, maskParams=None, name='image_blank', opacity=1, ori=0.0, pos=array([0., 0.]), size=array([0.5, 0.5]), texRes=128.0, units='height', win=Window(...))
206.7258 	EXP 	Created image_scene_encode = ImageStim(__class__=<class 'psychopy.visual.image.ImageStim'>, anchor=('center', 'center'), autoLog=True, color=array([1., 1., 1.]), colorSpace='rgb', contrast=1.0, depth=0.0, draggable=False, flipHoriz=False, flipVert=False, image='default.png', interpolate=True, mask=None, maskParams=None, name='image_scene_encode', opacity=1, ori=0.0, pos=array([-250.,    0.]), size=array([1., 1.]), texRes=128.0, units='pix', win=Window(...))
206.7291 	EXP 	Created image_object_encode = ImageStim(__class__=<class 'psychopy.visual.image.ImageStim'>, anchor=('center', 'center'), autoLog=True, color=array([1., 1., 1.]), colorSpace='rgb', contrast=1.0, depth=-1.0, draggable=False, flipHoriz=False, flipVert=False, image='default.png', interpolate=True, mask=None, maskParams=None, name='image_object_encode', opacity=1, ori=0.0, pos=array([300.,   0.]), size=array([256., 256.]), texRes=128.0, units='pix', win=Window(...))
206.7306 	EXP 	Created text_rating = TextStim(__class__=<class 'psychopy.visual.text.TextStim'>, alignHoriz=method-wrapper(...), alignText='center', alignVert=method-wrapper(...), anchorHoriz='center', anchorVert='center', antialias=True, autoDraw=False, autoLog=True, bold=False, color=array([1., 1., 1.]), colorSpace='rgb', contrast=1.0, depth=-3.0, draggable=False, flipHoriz=False, flipVert=False, font='Arial', fontFiles=[], height=0.06, italic=False, languageStyle='LTR', name='text_rating', opacity=1, ori=0.0, pos=array([0.  , 0.35]), rgb=UNKNOWN, text='Relacionados?', units='height', win=Window(...), wrapWidth=1)
206.7551 	EXP 	Created slider_cong = Slider(__class__=<class 'psychopy.visual.slider.Slider'>, autoDraw=False, autoLog=True, borderColor=None, color=None, colorSpace='rgb', depth=-4, fillColor=None, flip=False, font='Arial', granularity=1.0, labelColor=None, labelHeight=0.05, labelWrapWidth=None, labels=list(...), lineColor=None, markerColor=None, name='slider_cong', opacity=None, ori=0.0, pos=array([ 0. , -0.3]), readOnly=False, self=UNKNOWN, size=array([0.83 , 0.035]), startValue=None, style='rating', styleTweaks=[], ticks=array([1, 2, 3]), units='height', win=Window(...))
206.7601 	EXP 	Created text_pausa1 = TextStim(__class__=<class 'psychopy.visual.text.TextStim'>, alignHoriz=method-wrapper(...), alignText='center', alignVert=method-wrapper(...), anchorHoriz='center', anchorVert='center', antialias=True, autoDraw=False, autoLog=True, bold=False, color=array([1., 1., 1.]), colorSpace='rgb', contrast=1.0, depth=0.0, draggable=False, flipHoriz=False, flipVert=False, font='Arial', fontFiles=[], height=0.05, italic=False, languageStyle='LTR', name='text_pausa1', opacity=1, ori=0.0, pos=array([0., 0.]), rgb=UNKNOWN, text=str(...), units='height', win=Window(...), wrapWidth=1)
206.7620 	EXP 	Created text_endGo = TextStim(__class__=<class 'psychopy.visual.text.TextStim'>, alignHoriz=method-wrapper(...), alignText='center', alignVert=method-wrapper(...), anchorHoriz='center', anchorVert='center', antialias=True, autoDraw=False, autoLog=True, bold=False, color=array([1., 1., 1.]), colorSpace='rgb', contrast=1.0, depth=0.0, draggable=False, flipHoriz=False, flipVert=False, font='Arial', fontFiles=[], height=0.05, italic=False, languageStyle='LTR', name='text_endGo', opacity=1, ori=0.0, pos=array([0., 0.]), rgb=UNKNOWN, text='Tarefa concluída.', units='height', win=Window(...), wrapWidth=1)
206.7641 	EXP 	Created text_call = TextStim(__class__=<class 'psychopy.visual.text.TextStim'>, alignHoriz=method-wrapper(...), alignText='center', alignVert=method-wrapper(...), anchorHoriz='center', anchorVert='center', antialias=True, autoDraw=False, autoLog=True, bold=False, color=array([1., 1., 1.]), colorSpace='rgb', contrast=1.0, depth=-1.0, draggable=False, flipHoriz=False, flipVert=False, font='Arial', fontFiles=[], height=0.05, italic=False, languageStyle='LTR', name='text_call', opacity=1, ori=0.0, pos=array([0., 0.]), rgb=UNKNOWN, text=str(...), units='height', win=Window(...), wrapWidth=1)
206.7669 	EXP 	Created text_retomar = TextStim(__class__=<class 'psychopy.visual.text.TextStim'>, alignHoriz=method-wrapper(...), alignText='center', alignVert=method-wrapper(...), anchorHoriz='center', anchorVert='center', antialias=True, autoDraw=False, autoLog=True, bold=False, color=array([1., 1., 1.]), colorSpace='rgb', contrast=1.0, depth=0.0, draggable=False, flipHoriz=False, flipVert=False, font='Arial', fontFiles=[], height=0.05, italic=False, languageStyle='LTR', name='text_retomar', opacity=1, ori=0.0, pos=array([0., 0.]), rgb=UNKNOWN, text=str(...), units='height', win=Window(...), wrapWidth=1)
206.7710 	EXP 	Created text_explain_recall = TextStim(__class__=<class 'psychopy.visual.text.TextStim'>, alignHoriz=method-wrapper(...), alignText='center', alignVert=method-wrapper(...), anchorHoriz='center', anchorVert='center', antialias=True, autoDraw=False, autoLog=True, bold=False, color=array([1., 1., 1.]), colorSpace='rgb', contrast=1.0, depth=0.0, draggable=False, flipHoriz=False, flipVert=False, font='Arial', fontFiles=[], height=0.05, italic=False, languageStyle='LTR', name='text_explain_recall', opacity=1, ori=0.0, pos=array([0., 0.]), rgb=UNKNOWN, text=str(...), units='height', win=Window(...), wrapWidth=1)
206.7833 	EXP 	Created text_explain_old_new = TextStim(__class__=<class 'psychopy.visual.text.TextStim'>, alignHoriz=method-wrapper(...), alignText='center', alignVert=method-wrapper(...), anchorHoriz='center', anchorVert='center', antialias=True, autoDraw=False, autoLog=True, bold=False, color=array([1., 1., 1.]), colorSpace='rgb', contrast=1.0, depth=0.0, draggable=False, flipHoriz=False, flipVert=False, font='Arial', fontFiles=[], height=0.05, italic=False, languageStyle='LTR', name='text_explain_old_new', opacity=1, ori=0.0, pos=array([0., 0.]), rgb=UNKNOWN, text=str(...), units='height', win=Window(...), wrapWidth=1.3)
206.7843 	EXP 	Created cross_25 = ShapeStim(__class__=<class 'psychopy.visual.shape.ShapeStim'>, anchor=('center', 'center'), autoDraw=False, autoLog=True, closeShape=True, color=method-wrapper(...), colorSpace='rgb', contrast=None, depth=0.0, draggable=False, fillColor=array([1, 1, 1]), fillColorSpace='rgb', fillRGB=array([1, 1, 1]), interpolate=True, lineColor=array([1., 1., 1.]), lineColorSpace='rgb', lineRGB=array([1, 1, 1]), lineWidth=1.0, name='cross_25', opacity=1, ori=0.0, pos=array([0., 0.]), size=array([0.1, 0.1]), units='height', vertices=ndarray(...), win=Window(...), windingRule=None)
206.7850 	EXP 	Created image_blank = ImageStim(__class__=<class 'psychopy.visual.image.ImageStim'>, anchor=('center', 'center'), autoLog=True, color=array([1., 1., 1.]), colorSpace='rgb', contrast=1.0, depth=-1.0, draggable=False, flipHoriz=False, flipVert=False, image=None, interpolate=True, mask=None, maskParams=None, name='image_blank', opacity=1, ori=0.0, pos=array([0., 0.]), size=array([0.5, 0.5]), texRes=128.0, units='height', win=Window(...))
206.7885 	EXP 	Created image_exemplo_old_new = ImageStim(__class__=<class 'psychopy.visual.image.ImageStim'>, anchor=('center', 'center'), autoLog=True, color=array([1., 1., 1.]), colorSpace='rgb', contrast=1.0, depth=0.0, draggable=False, flipHoriz=True, flipVert=False, image='default.png', interpolate=True, mask=None, maskParams=None, name='image_exemplo_old_new', opacity=1, ori=0.0, pos=array([ 0.  , -0.12]), size=array([1., 1.]), texRes=128.0, units='pix', win=Window(...))
206.7914 	EXP 	Created text_ex_old = TextStim(__class__=<class 'psychopy.visual.text.TextStim'>, alignHoriz=method-wrapper(...), alignText='center', alignVert=method-wrapper(...), anchorHoriz='center', anchorVert='center', antialias=True, autoDraw=False, autoLog=True, bold=False, color=array([1., 1., 1.]), colorSpace='rgb', contrast=1.0, depth=-2.0, draggable=False, flipHoriz=False, flipVert=False, font='Arial', fontFiles=[], height=0.05, italic=False, languageStyle='LTR', name='text_ex_old', opacity=1, ori=0.0, pos=array([0. , 0.3]), rgb=UNKNOWN, text=str(...), units='height', win=Window(...), wrapWidth=1)
206.7949 	EXP 	Created text_start_recall = TextStim(__class__=<class 'psychopy.visual.text.TextStim'>, alignHoriz=method-wrapper(...), alignText='center', alignVert=method-wrapper(...), anchorHoriz='center', anchorVert='center', antialias=True, autoDraw=False, autoLog=True, bold=False, color=array([1., 1., 1.]), colorSpace='rgb', contrast=1.0, depth=0.0, draggable=False, flipHoriz=False, flipVert=False, font='Arial', fontFiles=[], height=0.05, italic=False, languageStyle='LTR', name='text_start_recall', opacity=1, ori=0.0, pos=array([0., 0.]), rgb=UNKNOWN, text=str(...), units='height', win=Window(...), wrapWidth=1)
206.7959 	EXP 	Created cross_25 = ShapeStim(__class__=<class 'psychopy.visual.shape.ShapeStim'>, anchor=('center', 'center'), autoDraw=False, autoLog=True, closeShape=True, color=method-wrapper(...), colorSpace='rgb', contrast=None, depth=0.0, draggable=False, fillColor=array([1, 1, 1]), fillColorSpace='rgb', fillRGB=array([1, 1, 1]), interpolate=True, lineColor=array([1., 1., 1.]), lineColorSpace='rgb', lineRGB=array([1, 1, 1]), lineWidth=1.0, name='cross_25', opacity=1, ori=0.0, pos=array([0., 0.]), size=array([0.1, 0.1]), units='height', vertices=ndarray(...), win=Window(...), windingRule=None)
206.7966 	EXP 	Created image_blank = ImageStim(__class__=<class 'psychopy.visual.image.ImageStim'>, anchor=('center', 'center'), autoLog=True, color=array([1., 1., 1.]), colorSpace='rgb', contrast=1.0, depth=-1.0, draggable=False, flipHoriz=False, flipVert=False, image=None, interpolate=True, mask=None, maskParams=None, name='image_blank', opacity=1, ori=0.0, pos=array([0., 0.]), size=array([0.5, 0.5]), texRes=128.0, units='height', win=Window(...))
206.8009 	EXP 	Created image_old_new = ImageStim(__class__=<class 'psychopy.visual.image.ImageStim'>, anchor=('center', 'center'), autoLog=True, color=array([1., 1., 1.]), colorSpace='rgb', contrast=1.0, depth=0.0, draggable=False, flipHoriz=False, flipVert=False, image='default.png', interpolate=True, mask=None, maskParams=None, name='image_old_new', opacity=1, ori=0.0, pos=array([ 0.  , -0.12]), size=array([1., 1.]), texRes=128.0, units='pix', win=Window(...))
206.8042 	EXP 	Created text_item = TextStim(__class__=<class 'psychopy.visual.text.TextStim'>, alignHoriz=method-wrapper(...), alignText='center', alignVert=method-wrapper(...), anchorHoriz='center', anchorVert='center', antialias=True, autoDraw=False, autoLog=True, bold=False, color=array([1., 1., 1.]), colorSpace='rgb', contrast=1.0, depth=-2.0, draggable=False, flipHoriz=False, flipVert=False, font='Arial', fontFiles=[], height=0.05, italic=False, languageStyle='LTR', name='text_item', opacity=1, ori=0.0, pos=array([0.  , 0.35]), rgb=UNKNOWN, text=str(...), units='height', win=Window(...), wrapWidth=1)
206.8088 	EXP 	Created text_end_item = TextStim(__class__=<class 'psychopy.visual.text.TextStim'>, alignHoriz=method-wrapper(...), alignText='center', alignVert=method-wrapper(...), anchorHoriz='center', anchorVert='center', antialias=True, autoDraw=False, autoLog=True, bold=False, color=array([1., 1., 1.]), colorSpace='rgb', contrast=1.0, depth=0.0, draggable=False, flipHoriz=False, flipVert=False, font='Arial', fontFiles=[], height=0.05, italic=False, languageStyle='LTR', name='text_end_item', opacity=1, ori=0.0, pos=array([0., 0.]), rgb=UNKNOWN, text=str(...), units='height', win=Window(...), wrapWidth=1)
206.8197 	EXP 	Created text_explain_2afc = TextStim(__class__=<class 'psychopy.visual.text.TextStim'>, alignHoriz=method-wrapper(...), alignText='center', alignVert=method-wrapper(...), anchorHoriz='center', anchorVert='center', antialias=True, autoDraw=False, autoLog=True, bold=False, color=array([1., 1., 1.]), colorSpace='rgb', contrast=1.0, depth=0.0, draggable=False, flipHoriz=False, flipVert=False, font='Arial', fontFiles=[], height=0.05, italic=False, languageStyle='LTR', name='text_explain_2afc', opacity=1, ori=0.0, pos=array([0., 0.]), rgb=UNKNOWN, text=str(...), units='height', win=Window(...), wrapWidth=1.3)
206.8206 	EXP 	Created cross_25 = ShapeStim(__class__=<class 'psychopy.visual.shape.ShapeStim'>, anchor=('center', 'center'), autoDraw=False, autoLog=True, closeShape=True, color=method-wrapper(...), colorSpace='rgb', contrast=None, depth=0.0, draggable=False, fillColor=array([1, 1, 1]), fillColorSpace='rgb', fillRGB=array([1, 1, 1]), interpolate=True, lineColor=array([1., 1., 1.]), lineColorSpace='rgb', lineRGB=array([1, 1, 1]), lineWidth=1.0, name='cross_25', opacity=1, ori=0.0, pos=array([0., 0.]), size=array([0.1, 0.1]), units='height', vertices=ndarray(...), win=Window(...), windingRule=None)
206.8213 	EXP 	Created image_blank = ImageStim(__class__=<class 'psychopy.visual.image.ImageStim'>, anchor=('center', 'center'), autoLog=True, color=array([1., 1., 1.]), colorSpace='rgb', contrast=1.0, depth=-1.0, draggable=False, flipHoriz=False, flipVert=False, image=None, interpolate=True, mask=None, maskParams=None, name='image_blank', opacity=1, ori=0.0, pos=array([0., 0.]), size=array([0.5, 0.5]), texRes=128.0, units='height', win=Window(...))
206.8247 	EXP 	Created image_ex_2AFC = ImageStim(__class__=<class 'psychopy.visual.image.ImageStim'>, anchor=('center', 'center'), autoLog=True, color=array([1., 1., 1.]), colorSpace='rgb', contrast=1.0, depth=0.0, draggable=False, flipHoriz=False, flipVert=False, image='default.png', interpolate=True, mask=None, maskParams=None, name='image_ex_2AFC', opacity=1, ori=0.0, pos=array([-250.,    0.]), size=array([1., 1.]), texRes=128.0, units='pix', win=Window(...))
206.8280 	EXP 	Created image_ex_target = ImageStim(__class__=<class 'psychopy.visual.image.ImageStim'>, anchor=('center', 'center'), autoLog=True, color=array([1., 1., 1.]), colorSpace='rgb', contrast=1.0, depth=-1.0, draggable=False, flipHoriz=False, flipVert=False, image='default.png', interpolate=True, mask=None, maskParams=None, name='image_ex_target', opacity=1, ori=0.0, pos=array([0., 0.]), size=array([1., 1.]), texRes=128.0, units='pix', win=Window(...))
206.8313 	EXP 	Created image_ex_lure = ImageStim(__class__=<class 'psychopy.visual.image.ImageStim'>, anchor=('center', 'center'), autoLog=True, color=array([1., 1., 1.]), colorSpace='rgb', contrast=1.0, depth=-2.0, draggable=False, flipHoriz=False, flipVert=False, image='default.png', interpolate=True, mask=None, maskParams=None, name='image_ex_lure', opacity=1, ori=0.0, pos=array([0., 0.]), size=array([1., 1.]), texRes=128.0, units='pix', win=Window(...))
206.8349 	EXP 	Created text_start_recall = TextStim(__class__=<class 'psychopy.visual.text.TextStim'>, alignHoriz=method-wrapper(...), alignText='center', alignVert=method-wrapper(...), anchorHoriz='center', anchorVert='center', antialias=True, autoDraw=False, autoLog=True, bold=False, color=array([1., 1., 1.]), colorSpace='rgb', contrast=1.0, depth=0.0, draggable=False, flipHoriz=False, flipVert=False, font='Arial', fontFiles=[], height=0.05, italic=False, languageStyle='LTR', name='text_start_recall', opacity=1, ori=0.0, pos=array([0., 0.]), rgb=UNKNOWN, text=str(...), units='height', win=Window(...), wrapWidth=1)
206.8359 	EXP 	Created cross_25 = ShapeStim(__class__=<class 'psychopy.visual.shape.ShapeStim'>, anchor=('center', 'center'), autoDraw=False, autoLog=True, closeShape=True, color=method-wrapper(...), colorSpace='rgb', contrast=None, depth=0.0, draggable=False, fillColor=array([1, 1, 1]), fillColorSpace='rgb', fillRGB=array([1, 1, 1]), interpolate=True, lineColor=array([1., 1., 1.]), lineColorSpace='rgb', lineRGB=array([1, 1, 1]), lineWidth=1.0, name='cross_25', opacity=1, ori=0.0, pos=array([0., 0.]), size=array([0.1, 0.1]), units='height', vertices=ndarray(...), win=Window(...), windingRule=None)
206.8366 	EXP 	Created image_blank = ImageStim(__class__=<class 'psychopy.visual.image.ImageStim'>, anchor=('center', 'center'), autoLog=True, color=array([1., 1., 1.]), colorSpace='rgb', contrast=1.0, depth=-1.0, draggable=False, flipHoriz=False, flipVert=False, image=None, interpolate=True, mask=None, maskParams=None, name='image_blank', opacity=1, ori=0.0, pos=array([0., 0.]), size=array([0.5, 0.5]), texRes=128.0, units='height', win=Window(...))
206.8400 	EXP 	Created image_scene_2AFC = ImageStim(__class__=<class 'psychopy.visual.image.ImageStim'>, anchor=('center', 'center'), autoLog=True, color=array([1., 1., 1.]), colorSpace='rgb', contrast=1.0, depth=0.0, draggable=False, flipHoriz=False, flipVert=False, image='default.png', interpolate=True, mask=None, maskParams=None, name='image_scene_2AFC', opacity=1, ori=0.0, pos=array([-250.,    0.]), size=array([1., 1.]), texRes=128.0, units='pix', win=Window(...))
206.8443 	EXP 	Created image_target = ImageStim(__class__=<class 'psychopy.visual.image.ImageStim'>, anchor=('center', 'center'), autoLog=True, color=array([1., 1., 1.]), colorSpace='rgb', contrast=1.0, depth=-2.0, draggable=False, flipHoriz=False, flipVert=False, image='default.png', interpolate=True, mask=None, maskParams=None, name='image_target', opacity=1, ori=0.0, pos=array([0., 0.]), size=array([256., 256.]), texRes=128.0, units='pix', win=Window(...))
206.8477 	EXP 	Created image_lure = ImageStim(__class__=<class 'psychopy.visual.image.ImageStim'>, anchor=('center', 'center'), autoLog=True, color=array([1., 1., 1.]), colorSpace='rgb', contrast=1.0, depth=-3.0, draggable=False, flipHoriz=False, flipVert=False, image='default.png', interpolate=True, mask=None, maskParams=None, name='image_lure', opacity=1, ori=0.0, pos=array([0., 0.]), size=array([256., 256.]), texRes=128.0, units='pix', win=Window(...))
206.8501 	EXP 	Created text_end = TextStim(__class__=<class 'psychopy.visual.text.TextStim'>, alignHoriz=method-wrapper(...), alignText='center', alignVert=method-wrapper(...), anchorHoriz='center', anchorVert='center', antialias=True, autoDraw=False, autoLog=True, bold=False, color=array([1., 1., 1.]), colorSpace='rgb', contrast=1.0, depth=0.0, draggable=False, flipHoriz=False, flipVert=False, font='Arial', fontFiles=[], height=0.05, italic=False, languageStyle='LTR', name='text_end', opacity=1, ori=0.0, pos=array([0., 0.]), rgb=UNKNOWN, text=str(...), units='height', win=Window(...), wrapWidth=1)
0.0306 	EXP 	slider_example: autoLog = True
0.0306 	EXP 	slider_example: styleTweaks = []
0.0306 	EXP 	slider_example: styleTweaks = []
0.0306 	EXP 	slider_example: styleTweaks = []
0.0306 	EXP 	slider_example: styleTweaks = []
0.0306 	EXP 	slider_example: contrast = 1.0
0.0306 	EXP 	slider_example: markerPos = None
0.0306 	EXP 	slider_example: autoLog = True
0.0306 	EXP 	slider_cong: autoLog = True
0.0306 	EXP 	slider_cong: styleTweaks = []
0.0306 	EXP 	slider_cong: styleTweaks = []
0.0306 	EXP 	slider_cong: styleTweaks = []
0.0306 	EXP 	slider_cong: styleTweaks = []
0.0306 	EXP 	slider_cong: contrast = 1.0
0.0306 	EXP 	slider_cong: markerPos = None
0.0306 	EXP 	slider_cong: autoLog = True
0.0332 	INFO 	Keyboard events cleared
0.0332 	EXP 	text_hi: autoDraw = True
0.7614 	WARNING 	t of last frame was 20.16ms (=1/49)
1.1447 	WARNING 	t of last frame was 20.02ms (=1/49)
1.2115 	WARNING 	t of last frame was 20.18ms (=1/49)
1.6114 	WARNING 	t of last frame was 20.12ms (=1/49)
1.7115 	WARNING 	Multiple dropped frames have occurred - I'll stop bothering you about them!
2.4089 	DATA 	Keypress: space
2.4413 	EXP 	text_hi: autoDraw = False
2.4413 	EXP 	text_Explain_PAL: autoDraw = True
4.4295 	INFO 	Keyboard events cleared
28.5792 	DATA 	Keypress: space
28.5946 	EXP 	text_Explain_PAL: autoDraw = False
28.5946 	EXP 	text_explain_rate: autoDraw = True
30.5917 	INFO 	Keyboard events cleared
47.7656 	EXP 	Imported Exemplo_encode.xlsx as conditions, 4 conditions, 13 params
47.7658 	EXP 	New trial (rep=0, index=0): <Trial 0 (0 in rep 0) data={'Index': 'Ex3', 'ex_scene_encode': 'Scenes_Dataset/cellars_A.jpg', 'ex_scene_size': (600, 399), 'ex_object_encode': 'Objects_Dataset/barrier.png', 'ex_object_size': (300, 300), 'ex_target_pos': (300, -200), 'ex_condition_encode': 'incongruent', 'ex_lure': 'Objects_Dataset/hang_glider.png', 'ex_lure_size': (450, 275), 'ex_lure_pos': (300, 200), 'ex_new': None, 'ex_new_scene_size': None, 'jitter_ITI': 3, 'thisN': 0, 'thisTrialN': 0, 'thisRepN': 0}>
47.7661 	DATA 	Keypress: space
47.7781 	EXP 	text_explain_rate: autoDraw = False
47.7781 	EXP 	image_blank: autoDraw = True
50.0131 	EXP 	cross_25: autoDraw = True
50.2777 	EXP 	cross_25: autoDraw = False
50.7784 	EXP 	image_blank: autoDraw = False
50.7784 	EXP 	cross_25: autoDraw = False
50.7784 	EXP 	image_blank: autoDraw = False
50.7784 	EXP 	image_ex_scene: image = 'Scenes_Dataset/cellars_A.jpg'
50.7784 	EXP 	image_ex_object: image = 'Objects_Dataset/barrier.png'
50.7784 	EXP 	slider_example: markerPos = None
50.7784 	EXP 	slider_example: markerPos = None
50.7784 	EXP 	image_ex_scene: autoDraw = True
50.7784 	EXP 	image_ex_object: autoDraw = True
53.2786 	INFO 	Keyboard events cleared
53.2786 	EXP 	slider_example: autoDraw = True
53.2786 	EXP 	text_example: autoDraw = True
55.7756 	EXP 	slider_example: autoDraw = False
55.7756 	EXP 	text_example: autoDraw = False
55.7769 	EXP 	New trial (rep=0, index=1): <Trial 1 (1 in rep 0) data={'Index': 'Ex1', 'ex_scene_encode': 'Scenes_Dataset/sky_A.jpg', 'ex_scene_size': (600, 398), 'ex_object_encode': 'Objects_Dataset/hang_glider.png', 'ex_object_size': (450, 275), 'ex_target_pos': (300, -200), 'ex_condition_encode': 'congruent', 'ex_lure': 'Objects_Dataset/drone.png', 'ex_lure_size': (300, 144), 'ex_lure_pos': (300, 200), 'ex_new': 'Scenes_Dataset/temple_A.jpg', 'ex_new_scene_size': (600, 358), 'jitter_ITI': 2, 'thisN': 1, 'thisTrialN': 1, 'thisRepN': 0}>
55.7924 	EXP 	image_ex_scene: autoDraw = False
55.7924 	EXP 	image_ex_object: autoDraw = False
55.7924 	EXP 	slider_example: autoDraw = False
55.7924 	EXP 	text_example: autoDraw = False
55.7924 	EXP 	image_blank: autoDraw = True
56.0768 	DATA 	Keypress: num_1
57.7924 	EXP 	image_blank: autoDraw = False
58.0279 	EXP 	cross_25: autoDraw = True
58.2959 	EXP 	cross_25: autoDraw = False
58.2959 	EXP 	cross_25: autoDraw = False
58.2959 	EXP 	image_blank: autoDraw = False
58.2959 	EXP 	image_ex_scene: image = 'Scenes_Dataset/sky_A.jpg'
58.2959 	EXP 	image_ex_object: image = 'Objects_Dataset/hang_glider.png'
58.2959 	EXP 	slider_example: markerPos = None
58.2959 	EXP 	slider_example: markerPos = None
58.2959 	EXP 	image_ex_scene: autoDraw = True
58.2959 	EXP 	image_ex_object: autoDraw = True
59.7609 	DATA 	Keypress: num_3
60.7787 	INFO 	Keyboard events cleared
60.7786 	EXP 	slider_example: autoDraw = True
60.7786 	EXP 	text_example: autoDraw = True
61.6095 	DATA 	Keypress: num_3
63.0595 	DATA 	Keypress: num_3
63.2758 	EXP 	slider_example: autoDraw = False
63.2758 	EXP 	text_example: autoDraw = False
63.2944 	EXP 	New trial (rep=0, index=2): <Trial 2 (2 in rep 0) data={'Index': 'Ex4', 'ex_scene_encode': 'Scenes_Dataset/river_B.jpg', 'ex_scene_size': (600, 450), 'ex_object_encode': 'Objects_Dataset/drone.png', 'ex_object_size': (300, 144), 'ex_target_pos': (300, 200), 'ex_condition_encode': 'congruent', 'ex_lure': 'Objects_Dataset/fish_hook.png', 'ex_lure_size': (130, 200), 'ex_lure_pos': (300, -200), 'ex_new': None, 'ex_new_scene_size': None, 'jitter_ITI': 2.5, 'thisN': 2, 'thisTrialN': 2, 'thisRepN': 0}>
63.3091 	EXP 	image_ex_scene: autoDraw = False
63.3091 	EXP 	image_ex_object: autoDraw = False
63.3091 	EXP 	slider_example: autoDraw = False
63.3091 	EXP 	text_example: autoDraw = False
63.3091 	EXP 	image_blank: autoDraw = True
65.5259 	EXP 	cross_25: autoDraw = True
65.7761 	EXP 	cross_25: autoDraw = False
65.8122 	EXP 	image_blank: autoDraw = False
65.8122 	EXP 	cross_25: autoDraw = False
65.8122 	EXP 	image_blank: autoDraw = False
65.8122 	EXP 	image_ex_scene: image = 'Scenes_Dataset/river_B.jpg'
65.8122 	EXP 	image_ex_object: image = 'Objects_Dataset/drone.png'
65.8122 	EXP 	slider_example: markerPos = None
65.8122 	EXP 	slider_example: markerPos = None
65.8122 	EXP 	image_ex_scene: autoDraw = True
65.8122 	EXP 	image_ex_object: autoDraw = True
67.8270 	DATA 	Keypress: num_2
68.3089 	INFO 	Keyboard events cleared
68.3089 	EXP 	slider_example: autoDraw = True
68.3089 	EXP 	text_example: autoDraw = True
69.1261 	DATA 	Keypress: num_2
70.7928 	EXP 	slider_example: autoDraw = False
70.7928 	EXP 	text_example: autoDraw = False
70.8108 	EXP 	New trial (rep=0, index=3): <Trial 3 (3 in rep 0) data={'Index': 'Ex2', 'ex_scene_encode': 'Scenes_Dataset/painting_workshop_A.jpg', 'ex_scene_size': (600, 450), 'ex_object_encode': 'Objects_Dataset/fish_hook.png', 'ex_object_size': (130, 200), 'ex_target_pos': (300, 200), 'ex_condition_encode': 'incongruent', 'ex_lure': 'Objects_Dataset/barrier.png', 'ex_lure_size': (300, 300), 'ex_lure_pos': (300, -200), 'ex_new': 'Scenes_Dataset/athletics_track_A', 'ex_new_scene_size': (600, 450), 'jitter_ITI': 2.5, 'thisN': 3, 'thisTrialN': 3, 'thisRepN': 0}>
70.8261 	EXP 	image_ex_scene: autoDraw = False
70.8261 	EXP 	image_ex_object: autoDraw = False
70.8261 	EXP 	slider_example: autoDraw = False
70.8261 	EXP 	text_example: autoDraw = False
70.8261 	EXP 	image_blank: autoDraw = True
73.0426 	EXP 	cross_25: autoDraw = True
73.2925 	EXP 	cross_25: autoDraw = False
73.3360 	EXP 	image_blank: autoDraw = False
73.3360 	EXP 	cross_25: autoDraw = False
73.3360 	EXP 	image_blank: autoDraw = False
73.3360 	EXP 	image_ex_scene: image = 'Scenes_Dataset/painting_workshop_A.jpg'
73.3360 	EXP 	image_ex_object: image = 'Objects_Dataset/fish_hook.png'
73.3360 	EXP 	slider_example: markerPos = None
73.3360 	EXP 	slider_example: markerPos = None
73.3360 	EXP 	image_ex_scene: autoDraw = True
73.3360 	EXP 	image_ex_object: autoDraw = True
75.8090 	INFO 	Keyboard events cleared
75.8089 	EXP 	slider_example: autoDraw = True
75.8089 	EXP 	text_example: autoDraw = True
76.9135 	DATA 	Keypress: num_1
78.3092 	EXP 	slider_example: autoDraw = False
78.3092 	EXP 	text_example: autoDraw = False
78.3426 	EXP 	image_ex_scene: autoDraw = False
78.3426 	EXP 	image_ex_object: autoDraw = False
78.3426 	EXP 	slider_example: autoDraw = False
78.3426 	EXP 	text_example: autoDraw = False
78.3426 	EXP 	text_end_ex: autoDraw = True
79.8099 	INFO 	Keyboard events cleared
79.8098 	EXP 	text_start_PAL: autoDraw = True
79.8429 	EXP 	text_end_ex: autoDraw = False
142.1371 	EXP 	Imported Encode_Pairs.xlsx as conditions, 60 conditions, 14 params
142.1376 	EXP 	New trial (rep=0, index=0): <Trial 0 (0 in rep 0) data={'Index': 42, 'Scene': 'Scenes_Dataset/hut_A.jpg', 'Scene_Size': (600, 384), 'Condition_Encode': 'Incongruent', 'Object_Encode': 'Objects_Dataset/sled_retouched.png', 'Object_Size': (450, 286), 'Condition_Old': 'old', 'Correct_Key_Old': 'left', 'Obj_Lure': 'Objects_Dataset/stapler.png', 'Lure_size': (250, 178), 'Target_pos': (300, 200), 'Lure_pos': (300, -200), 'Correct_key_AFC': 'up', 'jitter_ITI': 2.75, 'thisN': 0, 'thisTrialN': 0, 'thisRepN': 0}>
142.1379 	DATA 	Keypress: space
142.1395 	EXP 	text_end_ex: autoDraw = False
142.1395 	EXP 	text_start_PAL: autoDraw = False
142.1395 	EXP 	image_blank: autoDraw = True
144.3606 	EXP 	cross_25: autoDraw = True
144.6104 	EXP 	cross_25: autoDraw = False
144.9004 	EXP 	image_blank: autoDraw = False
144.9004 	EXP 	cross_25: autoDraw = False
144.9004 	EXP 	image_blank: autoDraw = False
144.9004 	EXP 	image_scene_encode: image = 'Scenes_Dataset/hut_A.jpg'
144.9004 	EXP 	image_object_encode: image = 'Objects_Dataset/sled_retouched.png'
144.9004 	EXP 	slider_cong: markerPos = None
144.9004 	EXP 	slider_cong: markerPos = None
144.9004 	EXP 	image_scene_encode: autoDraw = True
144.9004 	EXP 	image_object_encode: autoDraw = True
146.8122 	DATA 	Keypress: num_2
147.3767 	INFO 	Keyboard events cleared
147.3767 	EXP 	text_rating: autoDraw = True
147.3767 	EXP 	slider_cong: autoDraw = True
149.8772 	EXP 	text_rating: autoDraw = False
149.8772 	EXP 	slider_cong: autoDraw = False
149.8968 	EXP 	New trial (rep=0, index=1): <Trial 1 (1 in rep 0) data={'Index': 16, 'Scene': 'Scenes_Dataset/hair_salon_A.jpg', 'Scene_Size': (600, 386), 'Condition_Encode': 'Congruent', 'Object_Encode': 'Objects_Dataset/hairdryer_retouched.png', 'Object_Size': (250, 241), 'Condition_Old': 'old', 'Correct_Key_Old': 'left', 'Obj_Lure': 'Objects_Dataset/comb.png', 'Lure_size': (250, 250), 'Target_pos': (300, -200), 'Lure_pos': (300, 200), 'Correct_key_AFC': 'down', 'jitter_ITI': 2.75, 'thisN': 1, 'thisTrialN': 1, 'thisRepN': 0}>
149.8979 	DATA 	Keypress: num_2
149.9108 	EXP 	image_scene_encode: autoDraw = False
149.9108 	EXP 	image_object_encode: autoDraw = False
149.9108 	EXP 	text_rating: autoDraw = False
149.9108 	EXP 	slider_cong: autoDraw = False
149.9108 	EXP 	image_blank: autoDraw = True
152.1276 	EXP 	cross_25: autoDraw = True
152.3775 	EXP 	cross_25: autoDraw = False
152.6697 	EXP 	image_blank: autoDraw = False
152.6697 	EXP 	cross_25: autoDraw = False
152.6697 	EXP 	image_blank: autoDraw = False
152.6697 	EXP 	image_scene_encode: image = 'Scenes_Dataset/hair_salon_A.jpg'
152.6697 	EXP 	image_object_encode: image = 'Objects_Dataset/hairdryer_retouched.png'
152.6697 	EXP 	slider_cong: markerPos = None
152.6697 	EXP 	slider_cong: markerPos = None
152.6697 	EXP 	image_scene_encode: autoDraw = True
152.6697 	EXP 	image_object_encode: autoDraw = True
155.1437 	INFO 	Keyboard events cleared
155.1436 	EXP 	text_rating: autoDraw = True
155.1436 	EXP 	slider_cong: autoDraw = True
156.0444 	DATA 	Keypress: num_3
157.6606 	EXP 	text_rating: autoDraw = False
157.6606 	EXP 	slider_cong: autoDraw = False
157.6617 	EXP 	New trial (rep=0, index=2): <Trial 2 (2 in rep 0) data={'Index': 52, 'Scene': 'Scenes_Dataset/parking_lot_A.jpg', 'Scene_Size': (600, 397), 'Condition_Encode': 'Incongruent', 'Object_Encode': 'Objects_Dataset/digital_piano_retouched.png', 'Object_Size': (350, 350), 'Condition_Old': 'old', 'Correct_Key_Old': 'left', 'Obj_Lure': 'Objects_Dataset/toothbrush.png', 'Lure_size': (300, 215), 'Target_pos': (300, 200), 'Lure_pos': (300, -200), 'Correct_key_AFC': 'up', 'jitter_ITI': 3.25, 'thisN': 2, 'thisTrialN': 2, 'thisRepN': 0}>
157.6773 	EXP 	image_scene_encode: autoDraw = False
157.6773 	EXP 	image_object_encode: autoDraw = False
157.6773 	EXP 	text_rating: autoDraw = False
157.6773 	EXP 	slider_cong: autoDraw = False
157.6773 	EXP 	image_blank: autoDraw = True
159.8941 	EXP 	cross_25: autoDraw = True
160.1441 	EXP 	cross_25: autoDraw = False
160.9356 	EXP 	image_blank: autoDraw = False
160.9356 	EXP 	cross_25: autoDraw = False
160.9356 	EXP 	image_blank: autoDraw = False
160.9356 	EXP 	image_scene_encode: image = 'Scenes_Dataset/parking_lot_A.jpg'
160.9356 	EXP 	image_object_encode: image = 'Objects_Dataset/digital_piano_retouched.png'
160.9356 	EXP 	slider_cong: markerPos = None
160.9356 	EXP 	slider_cong: markerPos = None
160.9356 	EXP 	image_scene_encode: autoDraw = True
160.9356 	EXP 	image_object_encode: autoDraw = True
163.4109 	INFO 	Keyboard events cleared
163.4109 	EXP 	text_rating: autoDraw = True
163.4109 	EXP 	slider_cong: autoDraw = True
164.5444 	DATA 	Keypress: num_1
165.9107 	EXP 	text_rating: autoDraw = False
165.9107 	EXP 	slider_cong: autoDraw = False
165.9295 	EXP 	New trial (rep=0, index=3): <Trial 3 (3 in rep 0) data={'Index': 30, 'Scene': 'Scenes_Dataset/locker_room_B.jpg', 'Scene_Size': (600, 399), 'Condition_Encode': 'Congruent', 'Object_Encode': 'Objects_Dataset/locker.png', 'Object_Size': (264, 400), 'Condition_Old': 'old', 'Correct_Key_Old': 'left', 'Obj_Lure': 'Objects_Dataset/slippers.png', 'Lure_size': (280, 300), 'Target_pos': (300, -200), 'Lure_pos': (300, 200), 'Correct_key_AFC': 'down', 'jitter_ITI': 2.15, 'thisN': 3, 'thisTrialN': 3, 'thisRepN': 0}>
165.9440 	EXP 	image_scene_encode: autoDraw = False
165.9440 	EXP 	image_object_encode: autoDraw = False
165.9440 	EXP 	text_rating: autoDraw = False
165.9440 	EXP 	slider_cong: autoDraw = False
165.9440 	EXP 	image_blank: autoDraw = True
168.0944 	EXP 	image_blank: autoDraw = False
168.1609 	EXP 	cross_25: autoDraw = True
168.4181 	EXP 	cross_25: autoDraw = False
168.4181 	EXP 	cross_25: autoDraw = False
168.4181 	EXP 	image_blank: autoDraw = False
168.4181 	EXP 	image_scene_encode: image = 'Scenes_Dataset/locker_room_B.jpg'
168.4181 	EXP 	image_object_encode: image = 'Objects_Dataset/locker.png'
168.4181 	EXP 	slider_cong: markerPos = None
168.4181 	EXP 	slider_cong: markerPos = None
168.4181 	EXP 	image_scene_encode: autoDraw = True
168.4181 	EXP 	image_object_encode: autoDraw = True
170.8940 	INFO 	Keyboard events cleared
170.8939 	EXP 	text_rating: autoDraw = True
170.8939 	EXP 	slider_cong: autoDraw = True
171.9947 	DATA 	Keypress: num_3
173.3942 	EXP 	text_rating: autoDraw = False
173.3942 	EXP 	slider_cong: autoDraw = False
173.4128 	EXP 	New trial (rep=0, index=4): <Trial 4 (4 in rep 0) data={'Index': 19, 'Scene': 'Scenes_Dataset/island_A.jpg', 'Scene_Size': (600, 420), 'Condition_Encode': 'Congruent', 'Object_Encode': 'Objects_Dataset/message_bottle.png', 'Object_Size': (284, 177), 'Condition_Old': 'old', 'Correct_Key_Old': 'left', 'Obj_Lure': 'Objects_Dataset/kayak.png', 'Lure_size': (450, 338), 'Target_pos': (300, -200), 'Lure_pos': (300, 200), 'Correct_key_AFC': 'down', 'jitter_ITI': 2.9, 'thisN': 4, 'thisTrialN': 4, 'thisRepN': 0}>
173.4276 	EXP 	image_scene_encode: autoDraw = False
173.4276 	EXP 	image_object_encode: autoDraw = False
173.4276 	EXP 	text_rating: autoDraw = False
173.4276 	EXP 	slider_cong: autoDraw = False
173.4276 	EXP 	image_blank: autoDraw = True
175.6443 	EXP 	cross_25: autoDraw = True
175.8943 	EXP 	cross_25: autoDraw = False
176.3323 	EXP 	image_blank: autoDraw = False
176.3323 	EXP 	cross_25: autoDraw = False
176.3323 	EXP 	image_blank: autoDraw = False
176.3323 	EXP 	image_scene_encode: image = 'Scenes_Dataset/island_A.jpg'
176.3323 	EXP 	image_object_encode: image = 'Objects_Dataset/message_bottle.png'
176.3323 	EXP 	slider_cong: markerPos = None
176.3323 	EXP 	slider_cong: markerPos = None
176.3323 	EXP 	image_scene_encode: autoDraw = True
176.3323 	EXP 	image_object_encode: autoDraw = True
178.8110 	INFO 	Keyboard events cleared
178.8108 	EXP 	text_rating: autoDraw = True
178.8108 	EXP 	slider_cong: autoDraw = True
179.7450 	DATA 	Keypress: num_3
181.3112 	EXP 	text_rating: autoDraw = False
181.3112 	EXP 	slider_cong: autoDraw = False
181.3296 	EXP 	New trial (rep=0, index=5): <Trial 5 (5 in rep 0) data={'Index': 21, 'Scene': 'Scenes_Dataset/pharmacy_A.jpg', 'Scene_Size': (600, 461), 'Condition_Encode': 'Congruent', 'Object_Encode': 'Objects_Dataset/pills.png', 'Object_Size': (216, 250), 'Condition_Old': 'old', 'Correct_Key_Old': 'left', 'Obj_Lure': 'Objects_Dataset/thermometer.png', 'Lure_size': (300, 199), 'Target_pos': (300, -200), 'Lure_pos': (300, 200), 'Correct_key_AFC': 'down', 'jitter_ITI': 3, 'thisN': 5, 'thisTrialN': 5, 'thisRepN': 0}>
181.3444 	EXP 	image_scene_encode: autoDraw = False
181.3444 	EXP 	image_object_encode: autoDraw = False
181.3444 	EXP 	text_rating: autoDraw = False
181.3444 	EXP 	slider_cong: autoDraw = False
181.3444 	EXP 	image_blank: autoDraw = True
183.5624 	EXP 	cross_25: autoDraw = True
183.8277 	EXP 	cross_25: autoDraw = False
184.3498 	EXP 	image_blank: autoDraw = False
184.3498 	EXP 	cross_25: autoDraw = False
184.3498 	EXP 	image_blank: autoDraw = False
184.3498 	EXP 	image_scene_encode: image = 'Scenes_Dataset/pharmacy_A.jpg'
184.3498 	EXP 	image_object_encode: image = 'Objects_Dataset/pills.png'
184.3498 	EXP 	slider_cong: markerPos = None
184.3498 	EXP 	slider_cong: markerPos = None
184.3498 	EXP 	image_scene_encode: autoDraw = True
184.3498 	EXP 	image_object_encode: autoDraw = True
186.8276 	INFO 	Keyboard events cleared
186.8275 	EXP 	text_rating: autoDraw = True
186.8275 	EXP 	slider_cong: autoDraw = True
187.9121 	DATA 	Keypress: num_3
189.3278 	EXP 	text_rating: autoDraw = False
189.3278 	EXP 	slider_cong: autoDraw = False
189.3464 	EXP 	New trial (rep=0, index=6): <Trial 6 (6 in rep 0) data={'Index': 23, 'Scene': 'Scenes_Dataset/desert_A.jpg', 'Scene_Size': (600, 375), 'Condition_Encode': 'Congruent', 'Object_Encode': 'Objects_Dataset/cactus.png', 'Object_Size': (300, 248), 'Condition_Old': 'old', 'Correct_Key_Old': 'left', 'Obj_Lure': 'Objects_Dataset/canteen.png', 'Lure_size': (150, 250), 'Target_pos': (300, -200), 'Lure_pos': (300, 200), 'Correct_key_AFC': 'down', 'jitter_ITI': 3.1, 'thisN': 6, 'thisTrialN': 6, 'thisRepN': 0}>
189.3619 	EXP 	image_scene_encode: autoDraw = False
189.3619 	EXP 	image_object_encode: autoDraw = False
189.3619 	EXP 	text_rating: autoDraw = False
189.3619 	EXP 	slider_cong: autoDraw = False
189.3619 	EXP 	image_blank: autoDraw = True
191.5796 	EXP 	cross_25: autoDraw = True
191.8449 	EXP 	cross_25: autoDraw = False
192.4662 	EXP 	image_blank: autoDraw = False
192.4662 	EXP 	cross_25: autoDraw = False
192.4662 	EXP 	image_blank: autoDraw = False
192.4662 	EXP 	image_scene_encode: image = 'Scenes_Dataset/desert_A.jpg'
192.4662 	EXP 	image_object_encode: image = 'Objects_Dataset/cactus.png'
192.4662 	EXP 	slider_cong: markerPos = None
192.4662 	EXP 	slider_cong: markerPos = None
192.4662 	EXP 	image_scene_encode: autoDraw = True
192.4662 	EXP 	image_object_encode: autoDraw = True
194.9443 	INFO 	Keyboard events cleared
194.9442 	EXP 	text_rating: autoDraw = True
194.9442 	EXP 	slider_cong: autoDraw = True
195.9954 	DATA 	Keypress: num_3
197.4446 	EXP 	text_rating: autoDraw = False
197.4446 	EXP 	slider_cong: autoDraw = False
197.4627 	EXP 	New trial (rep=0, index=7): <Trial 7 (7 in rep 0) data={'Index': 33, 'Scene': 'Scenes_Dataset/ice_rink_A.jpg', 'Scene_Size': (600, 450), 'Condition_Encode': 'Incongruent', 'Object_Encode': 'Objects_Dataset/paper_towel_dispenser.png', 'Object_Size': (300, 400), 'Condition_Old': 'old', 'Correct_Key_Old': 'left', 'Obj_Lure': 'Objects_Dataset/saxophone.png', 'Lure_size': (250, 250), 'Target_pos': (300, 200), 'Lure_pos': (300, -200), 'Correct_key_AFC': 'up', 'jitter_ITI': 2.3, 'thisN': 7, 'thisTrialN': 7, 'thisRepN': 0}>
197.4780 	EXP 	image_scene_encode: autoDraw = False
197.4780 	EXP 	image_object_encode: autoDraw = False
197.4780 	EXP 	text_rating: autoDraw = False
197.4780 	EXP 	slider_cong: autoDraw = False
197.4780 	EXP 	image_blank: autoDraw = True
199.6965 	EXP 	cross_25: autoDraw = True
199.7785 	EXP 	image_blank: autoDraw = False
199.9705 	EXP 	cross_25: autoDraw = False
199.9705 	EXP 	cross_25: autoDraw = False
199.9705 	EXP 	image_blank: autoDraw = False
199.9705 	EXP 	image_scene_encode: image = 'Scenes_Dataset/ice_rink_A.jpg'
199.9705 	EXP 	image_object_encode: image = 'Objects_Dataset/paper_towel_dispenser.png'
199.9705 	EXP 	slider_cong: markerPos = None
199.9705 	EXP 	slider_cong: markerPos = None
199.9705 	EXP 	image_scene_encode: autoDraw = True
199.9705 	EXP 	image_object_encode: autoDraw = True
202.4445 	INFO 	Keyboard events cleared
202.4444 	EXP 	text_rating: autoDraw = True
202.4444 	EXP 	slider_cong: autoDraw = True
203.5784 	DATA 	Keypress: num_1
204.9445 	EXP 	text_rating: autoDraw = False
204.9445 	EXP 	slider_cong: autoDraw = False
204.9633 	EXP 	New trial (rep=0, index=8): <Trial 8 (8 in rep 0) data={'Index': 54, 'Scene': 'Scenes_Dataset/campsite_A.jpg', 'Scene_Size': (600, 402), 'Condition_Encode': 'Incongruent', 'Object_Encode': 'Objects_Dataset/door_mat.png', 'Object_Size': (300, 300), 'Condition_Old': 'old', 'Correct_Key_Old': 'left', 'Obj_Lure': 'Objects_Dataset/remote_control.png', 'Lure_size': (300, 293), 'Target_pos': (300, 200), 'Lure_pos': (300, -200), 'Correct_key_AFC': 'up', 'jitter_ITI': 2.05, 'thisN': 8, 'thisTrialN': 8, 'thisRepN': 0}>
204.9781 	EXP 	image_scene_encode: autoDraw = False
204.9781 	EXP 	image_object_encode: autoDraw = False
204.9781 	EXP 	text_rating: autoDraw = False
204.9781 	EXP 	slider_cong: autoDraw = False
204.9781 	EXP 	image_blank: autoDraw = True
207.0281 	EXP 	image_blank: autoDraw = False
207.1948 	EXP 	cross_25: autoDraw = True
207.4533 	EXP 	cross_25: autoDraw = False
207.4533 	EXP 	cross_25: autoDraw = False
207.4533 	EXP 	image_blank: autoDraw = False
207.4533 	EXP 	image_scene_encode: image = 'Scenes_Dataset/campsite_A.jpg'
207.4533 	EXP 	image_object_encode: image = 'Objects_Dataset/door_mat.png'
207.4533 	EXP 	slider_cong: markerPos = None
207.4533 	EXP 	slider_cong: markerPos = None
207.4533 	EXP 	image_scene_encode: autoDraw = True
207.4533 	EXP 	image_object_encode: autoDraw = True
209.9280 	INFO 	Keyboard events cleared
209.9280 	EXP 	text_rating: autoDraw = True
209.9280 	EXP 	slider_cong: autoDraw = True
211.2118 	DATA 	Keypress: num_1
212.4283 	EXP 	text_rating: autoDraw = False
212.4283 	EXP 	slider_cong: autoDraw = False
212.4464 	EXP 	New trial (rep=0, index=9): <Trial 9 (9 in rep 0) data={'Index': 26, 'Scene': 'Scenes_Dataset/hospital_room_B.jpg', 'Scene_Size': (600, 400), 'Condition_Encode': 'Congruent', 'Object_Encode': 'Objects_Dataset/saline_retouched.png', 'Object_Size': (300, 225), 'Condition_Old': 'old', 'Correct_Key_Old': 'left', 'Obj_Lure': 'Objects_Dataset/pills.png', 'Lure_size': (216, 250), 'Target_pos': (300, -200), 'Lure_pos': (300, 200), 'Correct_key_AFC': 'down', 'jitter_ITI': 3.25, 'thisN': 9, 'thisTrialN': 9, 'thisRepN': 0}>
212.4617 	EXP 	image_scene_encode: autoDraw = False
212.4617 	EXP 	image_object_encode: autoDraw = False
212.4617 	EXP 	text_rating: autoDraw = False
212.4617 	EXP 	slider_cong: autoDraw = False
212.4617 	EXP 	image_blank: autoDraw = True
214.6784 	EXP 	cross_25: autoDraw = True
214.9285 	EXP 	cross_25: autoDraw = False
215.7184 	EXP 	image_blank: autoDraw = False
215.7184 	EXP 	cross_25: autoDraw = False
215.7184 	EXP 	image_blank: autoDraw = False
215.7184 	EXP 	image_scene_encode: image = 'Scenes_Dataset/hospital_room_B.jpg'
215.7184 	EXP 	image_object_encode: image = 'Objects_Dataset/saline_retouched.png'
215.7184 	EXP 	slider_cong: markerPos = None
215.7184 	EXP 	slider_cong: markerPos = None
215.7184 	EXP 	image_scene_encode: autoDraw = True
215.7184 	EXP 	image_object_encode: autoDraw = True
218.1947 	INFO 	Keyboard events cleared
218.1946 	EXP 	text_rating: autoDraw = True
218.1946 	EXP 	slider_cong: autoDraw = True
219.2482 	DATA 	Keypress: num_3
220.6949 	EXP 	text_rating: autoDraw = False
220.6949 	EXP 	slider_cong: autoDraw = False
220.7141 	EXP 	New trial (rep=0, index=10): <Trial 10 (10 in rep 0) data={'Index': 12, 'Scene': 'Scenes_Dataset/castle_A.jpg', 'Scene_Size': (600, 450), 'Condition_Encode': 'Congruent', 'Object_Encode': 'Objects_Dataset/sword_retouched.png', 'Object_Size': (300, 300), 'Condition_Old': 'old', 'Correct_Key_Old': 'left', 'Obj_Lure': 'Objects_Dataset/shield.png', 'Lure_size': (199, 300), 'Target_pos': (300, -200), 'Lure_pos': (300, 200), 'Correct_key_AFC': 'down', 'jitter_ITI': 2.55, 'thisN': 10, 'thisTrialN': 10, 'thisRepN': 0}>
220.7282 	EXP 	image_scene_encode: autoDraw = False
220.7282 	EXP 	image_object_encode: autoDraw = False
220.7282 	EXP 	text_rating: autoDraw = False
220.7282 	EXP 	slider_cong: autoDraw = False
220.7282 	EXP 	image_blank: autoDraw = True
222.9450 	EXP 	cross_25: autoDraw = True
223.1951 	EXP 	cross_25: autoDraw = False
223.2899 	EXP 	image_blank: autoDraw = False
223.2899 	EXP 	cross_25: autoDraw = False
223.2899 	EXP 	image_blank: autoDraw = False
223.2899 	EXP 	image_scene_encode: image = 'Scenes_Dataset/castle_A.jpg'
223.2899 	EXP 	image_object_encode: image = 'Objects_Dataset/sword_retouched.png'
223.2899 	EXP 	slider_cong: markerPos = None
223.2899 	EXP 	slider_cong: markerPos = None
223.2899 	EXP 	image_scene_encode: autoDraw = True
223.2899 	EXP 	image_object_encode: autoDraw = True
225.7615 	INFO 	Keyboard events cleared
225.7614 	EXP 	text_rating: autoDraw = True
225.7614 	EXP 	slider_cong: autoDraw = True
226.7010 	DATA 	Keypress: num_3
228.2618 	EXP 	text_rating: autoDraw = False
228.2618 	EXP 	slider_cong: autoDraw = False
228.2806 	EXP 	New trial (rep=0, index=11): <Trial 11 (11 in rep 0) data={'Index': 13, 'Scene': 'Scenes_Dataset/circus_A.jpg', 'Scene_Size': (600, 421), 'Condition_Encode': 'Congruent', 'Object_Encode': 'Objects_Dataset/unicycle_retouched.png', 'Object_Size': (159, 300), 'Condition_Old': 'old', 'Correct_Key_Old': 'left', 'Obj_Lure': 'Objects_Dataset/juggling_balls_retouched.png', 'Lure_size': (350, 197), 'Target_pos': (300, -200), 'Lure_pos': (300, 200), 'Correct_key_AFC': 'down', 'jitter_ITI': 2.6, 'thisN': 11, 'thisTrialN': 11, 'thisRepN': 0}>
228.2953 	EXP 	image_scene_encode: autoDraw = False
228.2953 	EXP 	image_object_encode: autoDraw = False
228.2953 	EXP 	text_rating: autoDraw = False
228.2953 	EXP 	slider_cong: autoDraw = False
228.2953 	EXP 	image_blank: autoDraw = True
230.5120 	EXP 	cross_25: autoDraw = True
230.7618 	EXP 	cross_25: autoDraw = False
230.9047 	EXP 	image_blank: autoDraw = False
230.9047 	EXP 	cross_25: autoDraw = False
230.9047 	EXP 	image_blank: autoDraw = False
230.9047 	EXP 	image_scene_encode: image = 'Scenes_Dataset/circus_A.jpg'
230.9047 	EXP 	image_object_encode: image = 'Objects_Dataset/unicycle_retouched.png'
230.9047 	EXP 	slider_cong: markerPos = None
230.9047 	EXP 	slider_cong: markerPos = None
230.9047 	EXP 	image_scene_encode: autoDraw = True
230.9047 	EXP 	image_object_encode: autoDraw = True
233.3782 	INFO 	Keyboard events cleared
233.3781 	EXP 	text_rating: autoDraw = True
233.3781 	EXP 	slider_cong: autoDraw = True
234.2959 	DATA 	Keypress: num_3
235.8788 	EXP 	text_rating: autoDraw = False
235.8788 	EXP 	slider_cong: autoDraw = False
235.8970 	EXP 	New trial (rep=0, index=12): <Trial 12 (12 in rep 0) data={'Index': 39, 'Scene': 'Scenes_Dataset/garage_A.jpg', 'Scene_Size': (600, 397), 'Condition_Encode': 'Incongruent', 'Object_Encode': 'Objects_Dataset/crown.png', 'Object_Size': (300, 249), 'Condition_Old': 'old', 'Correct_Key_Old': 'left', 'Obj_Lure': 'Objects_Dataset/oxygen_mask_retouched.png', 'Lure_size': (300, 300), 'Target_pos': (300, 200), 'Lure_pos': (300, -200), 'Correct_key_AFC': 'up', 'jitter_ITI': 2.6, 'thisN': 12, 'thisTrialN': 12, 'thisRepN': 0}>
235.9121 	EXP 	image_scene_encode: autoDraw = False
235.9121 	EXP 	image_object_encode: autoDraw = False
235.9121 	EXP 	text_rating: autoDraw = False
235.9121 	EXP 	slider_cong: autoDraw = False
235.9121 	EXP 	image_blank: autoDraw = True
238.1288 	EXP 	cross_25: autoDraw = True
238.3789 	EXP 	cross_25: autoDraw = False
238.5158 	EXP 	image_blank: autoDraw = False
238.5158 	EXP 	cross_25: autoDraw = False
238.5158 	EXP 	image_blank: autoDraw = False
238.5158 	EXP 	image_scene_encode: image = 'Scenes_Dataset/garage_A.jpg'
238.5158 	EXP 	image_object_encode: image = 'Objects_Dataset/crown.png'
238.5158 	EXP 	slider_cong: markerPos = None
238.5158 	EXP 	slider_cong: markerPos = None
238.5158 	EXP 	image_scene_encode: autoDraw = True
238.5158 	EXP 	image_object_encode: autoDraw = True
240.9950 	INFO 	Keyboard events cleared
240.9950 	EXP 	text_rating: autoDraw = True
240.9950 	EXP 	slider_cong: autoDraw = True
241.7626 	DATA 	Keypress: num_1
243.4953 	EXP 	text_rating: autoDraw = False
243.4953 	EXP 	slider_cong: autoDraw = False
243.5140 	EXP 	New trial (rep=0, index=13): <Trial 13 (13 in rep 0) data={'Index': 32, 'Scene': 'Scenes_Dataset/elevator_A.jpg', 'Scene_Size': (600, 450), 'Condition_Encode': 'Incongruent', 'Object_Encode': 'Objects_Dataset/cake_tongs_retouched.png', 'Object_Size': (300, 75), 'Condition_Old': 'old', 'Correct_Key_Old': 'left', 'Obj_Lure': 'Objects_Dataset/3d_glasses_retouched.png', 'Lure_size': (300, 300), 'Target_pos': (300, 200), 'Lure_pos': (300, -200), 'Correct_key_AFC': 'up', 'jitter_ITI': 2.25, 'thisN': 13, 'thisTrialN': 13, 'thisRepN': 0}>
243.5289 	EXP 	image_scene_encode: autoDraw = False
243.5289 	EXP 	image_object_encode: autoDraw = False
243.5289 	EXP 	text_rating: autoDraw = False
243.5289 	EXP 	slider_cong: autoDraw = False
243.5289 	EXP 	image_blank: autoDraw = True
245.7457 	EXP 	cross_25: autoDraw = True
245.7791 	EXP 	image_blank: autoDraw = False
246.0003 	EXP 	cross_25: autoDraw = False
246.0003 	EXP 	cross_25: autoDraw = False
246.0003 	EXP 	image_blank: autoDraw = False
246.0003 	EXP 	image_scene_encode: image = 'Scenes_Dataset/elevator_A.jpg'
246.0003 	EXP 	image_object_encode: image = 'Objects_Dataset/cake_tongs_retouched.png'
246.0003 	EXP 	slider_cong: markerPos = None
246.0003 	EXP 	slider_cong: markerPos = None
246.0003 	EXP 	image_scene_encode: autoDraw = True
246.0003 	EXP 	image_object_encode: autoDraw = True
248.4953 	INFO 	Keyboard events cleared
248.4952 	EXP 	text_rating: autoDraw = True
248.4952 	EXP 	slider_cong: autoDraw = True
249.3626 	DATA 	Keypress: num_1
250.9961 	EXP 	text_rating: autoDraw = False
250.9961 	EXP 	slider_cong: autoDraw = False
250.9977 	EXP 	New trial (rep=0, index=14): <Trial 14 (14 in rep 0) data={'Index': 55, 'Scene': 'Scenes_Dataset/lake_A.jpg', 'Scene_Size': (600, 442), 'Condition_Encode': 'Incongruent', 'Object_Encode': 'Objects_Dataset/thermometer.png', 'Object_Size': (300, 199), 'Condition_Old': 'old', 'Correct_Key_Old': 'left', 'Obj_Lure': 'Objects_Dataset/ticket_machine.png', 'Lure_size': (200, 300), 'Target_pos': (300, 200), 'Lure_pos': (300, -200), 'Correct_key_AFC': 'up', 'jitter_ITI': 2.1, 'thisN': 14, 'thisTrialN': 14, 'thisRepN': 0}>
251.0122 	EXP 	image_scene_encode: autoDraw = False
251.0122 	EXP 	image_object_encode: autoDraw = False
251.0122 	EXP 	text_rating: autoDraw = False
251.0122 	EXP 	slider_cong: autoDraw = False
251.0122 	EXP 	image_blank: autoDraw = True
253.1127 	EXP 	image_blank: autoDraw = False
253.2456 	EXP 	cross_25: autoDraw = True
253.5019 	EXP 	cross_25: autoDraw = False
253.5019 	EXP 	cross_25: autoDraw = False
253.5019 	EXP 	image_blank: autoDraw = False
253.5019 	EXP 	image_scene_encode: image = 'Scenes_Dataset/lake_A.jpg'
253.5019 	EXP 	image_object_encode: image = 'Objects_Dataset/thermometer.png'
253.5019 	EXP 	slider_cong: markerPos = None
253.5019 	EXP 	slider_cong: markerPos = None
253.5019 	EXP 	image_scene_encode: autoDraw = True
253.5019 	EXP 	image_object_encode: autoDraw = True
255.9787 	INFO 	Keyboard events cleared
255.9787 	EXP 	text_rating: autoDraw = True
255.9787 	EXP 	slider_cong: autoDraw = True
257.3298 	DATA 	Keypress: num_1
258.4788 	EXP 	text_rating: autoDraw = False
258.4788 	EXP 	slider_cong: autoDraw = False
258.4980 	EXP 	New trial (rep=0, index=15): <Trial 15 (15 in rep 0) data={'Index': 22, 'Scene': 'Scenes_Dataset/cavern_A.jpg', 'Scene_Size': (600, 410), 'Condition_Encode': 'Congruent', 'Object_Encode': 'Objects_Dataset/canteen.png', 'Object_Size': (150, 250), 'Condition_Old': 'old', 'Correct_Key_Old': 'left', 'Obj_Lure': 'Objects_Dataset/hiking_boots.png', 'Lure_size': (300, 300), 'Target_pos': (300, -200), 'Lure_pos': (300, 200), 'Correct_key_AFC': 'down', 'jitter_ITI': 3.05, 'thisN': 15, 'thisTrialN': 15, 'thisRepN': 0}>
258.5122 	EXP 	image_scene_encode: autoDraw = False
258.5122 	EXP 	image_object_encode: autoDraw = False
258.5122 	EXP 	text_rating: autoDraw = False
258.5122 	EXP 	slider_cong: autoDraw = False
258.5122 	EXP 	image_blank: autoDraw = True
260.7289 	EXP 	cross_25: autoDraw = True
260.9790 	EXP 	cross_25: autoDraw = False
261.5676 	EXP 	image_blank: autoDraw = False
261.5676 	EXP 	cross_25: autoDraw = False
261.5676 	EXP 	image_blank: autoDraw = False
261.5676 	EXP 	image_scene_encode: image = 'Scenes_Dataset/cavern_A.jpg'
261.5676 	EXP 	image_object_encode: image = 'Objects_Dataset/canteen.png'
261.5676 	EXP 	slider_cong: markerPos = None
261.5676 	EXP 	slider_cong: markerPos = None
261.5676 	EXP 	image_scene_encode: autoDraw = True
261.5676 	EXP 	image_object_encode: autoDraw = True
264.0454 	INFO 	Keyboard events cleared
264.0454 	EXP 	text_rating: autoDraw = True
264.0454 	EXP 	slider_cong: autoDraw = True
264.7656 	DATA 	Keypress: num_2
266.5456 	EXP 	text_rating: autoDraw = False
266.5456 	EXP 	slider_cong: autoDraw = False
266.5643 	EXP 	New trial (rep=0, index=16): <Trial 16 (16 in rep 0) data={'Index': 37, 'Scene': 'Scenes_Dataset/vault_A.jpg', 'Scene_Size': (600, 398), 'Condition_Encode': 'Incongruent', 'Object_Encode': 'Objects_Dataset/fan.png', 'Object_Size': (350, 350), 'Condition_Old': 'old', 'Correct_Key_Old': 'left', 'Obj_Lure': 'Objects_Dataset/cactus.png', 'Lure_size': (300, 248), 'Target_pos': (300, 200), 'Lure_pos': (300, -200), 'Correct_key_AFC': 'up', 'jitter_ITI': 2.5, 'thisN': 16, 'thisTrialN': 16, 'thisRepN': 0}>
266.5794 	EXP 	image_scene_encode: autoDraw = False
266.5794 	EXP 	image_object_encode: autoDraw = False
266.5794 	EXP 	text_rating: autoDraw = False
266.5794 	EXP 	slider_cong: autoDraw = False
266.5794 	EXP 	image_blank: autoDraw = True
268.7959 	EXP 	cross_25: autoDraw = True
269.0456 	EXP 	cross_25: autoDraw = False
269.0840 	EXP 	image_blank: autoDraw = False
269.0840 	EXP 	cross_25: autoDraw = False
269.0840 	EXP 	image_blank: autoDraw = False
269.0840 	EXP 	image_scene_encode: image = 'Scenes_Dataset/vault_A.jpg'
269.0840 	EXP 	image_object_encode: image = 'Objects_Dataset/fan.png'
269.0840 	EXP 	slider_cong: markerPos = None
269.0840 	EXP 	slider_cong: markerPos = None
269.0840 	EXP 	image_scene_encode: autoDraw = True
269.0840 	EXP 	image_object_encode: autoDraw = True
271.5621 	INFO 	Keyboard events cleared
271.5620 	EXP 	text_rating: autoDraw = True
271.5620 	EXP 	slider_cong: autoDraw = True
272.2966 	DATA 	Keypress: num_1
274.0624 	EXP 	text_rating: autoDraw = False
274.0624 	EXP 	slider_cong: autoDraw = False
274.0811 	EXP 	New trial (rep=0, index=17): <Trial 17 (17 in rep 0) data={'Index': 51, 'Scene': 'Scenes_Dataset/clinic_A.jpg', 'Scene_Size': (600, 400), 'Condition_Encode': 'Incongruent', 'Object_Encode': 'Objects_Dataset/juggling_balls_retouched.png', 'Object_Size': (350, 197), 'Condition_Old': 'old', 'Correct_Key_Old': 'left', 'Obj_Lure': 'Objects_Dataset/sled_retouched.png', 'Lure_size': (450, 286), 'Target_pos': (300, 200), 'Lure_pos': (300, -200), 'Correct_key_AFC': 'up', 'jitter_ITI': 3.2, 'thisN': 17, 'thisTrialN': 17, 'thisRepN': 0}>
274.0958 	EXP 	image_scene_encode: autoDraw = False
274.0958 	EXP 	image_object_encode: autoDraw = False
274.0958 	EXP 	text_rating: autoDraw = False
274.0958 	EXP 	slider_cong: autoDraw = False
274.0958 	EXP 	image_blank: autoDraw = True
276.3126 	EXP 	cross_25: autoDraw = True
276.5626 	EXP 	cross_25: autoDraw = False
277.2960 	EXP 	image_blank: autoDraw = False
277.2960 	EXP 	cross_25: autoDraw = False
277.2960 	EXP 	image_blank: autoDraw = False
277.2960 	EXP 	image_scene_encode: image = 'Scenes_Dataset/clinic_A.jpg'
277.2960 	EXP 	image_object_encode: image = 'Objects_Dataset/juggling_balls_retouched.png'
277.2960 	EXP 	slider_cong: markerPos = None
277.2960 	EXP 	slider_cong: markerPos = None
277.2960 	EXP 	image_scene_encode: autoDraw = True
277.2960 	EXP 	image_object_encode: autoDraw = True
279.7790 	INFO 	Keyboard events cleared
279.7789 	EXP 	text_rating: autoDraw = True
279.7789 	EXP 	slider_cong: autoDraw = True
280.7133 	DATA 	Keypress: num_1
282.2791 	EXP 	text_rating: autoDraw = False
282.2791 	EXP 	slider_cong: autoDraw = False
282.2802 	EXP 	New trial (rep=0, index=18): <Trial 18 (18 in rep 0) data={'Index': 40, 'Scene': 'Scenes_Dataset/kindergarten_A.jpg', 'Scene_Size': (600, 338), 'Condition_Encode': 'Incongruent', 'Object_Encode': 'Objects_Dataset/payment_terminal.png', 'Object_Size': (285, 300), 'Condition_Old': 'old', 'Correct_Key_Old': 'left', 'Obj_Lure': 'Objects_Dataset/message_bottle.png', 'Lure_size': (284, 177), 'Target_pos': (300, 200), 'Lure_pos': (300, -200), 'Correct_key_AFC': 'up', 'jitter_ITI': 2.65, 'thisN': 18, 'thisTrialN': 18, 'thisRepN': 0}>
282.2960 	EXP 	image_scene_encode: autoDraw = False
282.2960 	EXP 	image_object_encode: autoDraw = False
282.2960 	EXP 	image_scene_encode: autoDraw = False
282.2960 	EXP 	image_object_encode: autoDraw = False
282.2960 	EXP 	text_rating: autoDraw = False
282.2960 	EXP 	slider_cong: autoDraw = False
282.2960 	EXP 	image_blank: autoDraw = True
284.5294 	EXP 	cross_25: autoDraw = True
284.7794 	EXP 	cross_25: autoDraw = False
284.9507 	EXP 	image_blank: autoDraw = False
284.9507 	EXP 	cross_25: autoDraw = False
284.9507 	EXP 	image_blank: autoDraw = False
284.9507 	EXP 	image_scene_encode: image = 'Scenes_Dataset/kindergarten_A.jpg'
284.9507 	EXP 	image_object_encode: image = 'Objects_Dataset/payment_terminal.png'
284.9507 	EXP 	slider_cong: markerPos = None
284.9507 	EXP 	slider_cong: markerPos = None
284.9507 	EXP 	image_scene_encode: autoDraw = True
284.9507 	EXP 	image_object_encode: autoDraw = True
287.4290 	INFO 	Keyboard events cleared
287.4289 	EXP 	text_rating: autoDraw = True
287.4289 	EXP 	slider_cong: autoDraw = True
288.1301 	DATA 	Keypress: num_1
289.9460 	EXP 	text_rating: autoDraw = False
289.9460 	EXP 	slider_cong: autoDraw = False
289.9480 	EXP 	New trial (rep=0, index=19): <Trial 19 (19 in rep 0) data={'Index': 6, 'Scene': 'Scenes_Dataset/stationary_store_A.jpg', 'Scene_Size': (600, 370), 'Condition_Encode': 'Congruent', 'Object_Encode': 'Objects_Dataset/stapler.png', 'Object_Size': (250, 178), 'Condition_Old': 'old', 'Correct_Key_Old': 'left', 'Obj_Lure': 'Objects_Dataset/envelope_retouched.png', 'Lure_size': (250, 211), 'Target_pos': (300, -200), 'Lure_pos': (300, 200), 'Correct_key_AFC': 'down', 'jitter_ITI': 2.25, 'thisN': 19, 'thisTrialN': 19, 'thisRepN': 0}>
289.9643 	EXP 	image_scene_encode: autoDraw = False
289.9643 	EXP 	image_object_encode: autoDraw = False
289.9643 	EXP 	text_rating: autoDraw = False
289.9643 	EXP 	slider_cong: autoDraw = False
289.9643 	EXP 	image_blank: autoDraw = True
292.1794 	EXP 	cross_25: autoDraw = True
292.2295 	EXP 	image_blank: autoDraw = False
292.4316 	EXP 	cross_25: autoDraw = False
292.4316 	EXP 	cross_25: autoDraw = False
292.4316 	EXP 	image_blank: autoDraw = False
292.4316 	EXP 	image_scene_encode: image = 'Scenes_Dataset/stationary_store_A.jpg'
292.4316 	EXP 	image_object_encode: image = 'Objects_Dataset/stapler.png'
292.4316 	EXP 	slider_cong: markerPos = None
292.4316 	EXP 	slider_cong: markerPos = None
292.4316 	EXP 	image_scene_encode: autoDraw = True
292.4316 	EXP 	image_object_encode: autoDraw = True
294.9124 	INFO 	Keyboard events cleared
294.9124 	EXP 	text_rating: autoDraw = True
294.9124 	EXP 	slider_cong: autoDraw = True
295.8467 	DATA 	Keypress: num_3
297.4128 	EXP 	text_rating: autoDraw = False
297.4128 	EXP 	slider_cong: autoDraw = False
297.4316 	EXP 	New trial (rep=0, index=20): <Trial 20 (20 in rep 0) data={'Index': 53, 'Scene': 'Scenes_Dataset/operating_room_A.jpg', 'Scene_Size': (600, 416), 'Condition_Encode': 'Incongruent', 'Object_Encode': 'Objects_Dataset/rope.png', 'Object_Size': (300, 248), 'Condition_Old': 'old', 'Correct_Key_Old': 'left', 'Obj_Lure': 'Objects_Dataset/scooter_retouched.png', 'Lure_size': (311, 350), 'Target_pos': (300, 200), 'Lure_pos': (300, -200), 'Correct_key_AFC': 'up', 'jitter_ITI': 2, 'thisN': 20, 'thisTrialN': 20, 'thisRepN': 0}>
297.4461 	EXP 	image_scene_encode: autoDraw = False
297.4461 	EXP 	image_object_encode: autoDraw = False
297.4461 	EXP 	text_rating: autoDraw = False
297.4461 	EXP 	slider_cong: autoDraw = False
297.4461 	EXP 	image_blank: autoDraw = True
299.4462 	EXP 	image_blank: autoDraw = False
299.6633 	EXP 	cross_25: autoDraw = True
299.9210 	EXP 	cross_25: autoDraw = False
299.9210 	EXP 	cross_25: autoDraw = False
299.9210 	EXP 	image_blank: autoDraw = False
299.9210 	EXP 	image_scene_encode: image = 'Scenes_Dataset/operating_room_A.jpg'
299.9210 	EXP 	image_object_encode: image = 'Objects_Dataset/rope.png'
299.9210 	EXP 	slider_cong: markerPos = None
299.9210 	EXP 	slider_cong: markerPos = None
299.9210 	EXP 	image_scene_encode: autoDraw = True
299.9210 	EXP 	image_object_encode: autoDraw = True
302.3961 	INFO 	Keyboard events cleared
302.3960 	EXP 	text_rating: autoDraw = True
302.3960 	EXP 	slider_cong: autoDraw = True
303.0522 	DATA 	Keypress: num_1
304.8964 	EXP 	text_rating: autoDraw = False
304.8964 	EXP 	slider_cong: autoDraw = False
304.9148 	EXP 	New trial (rep=0, index=21): <Trial 21 (21 in rep 0) data={'Index': 4, 'Scene': 'Scenes_Dataset/pastry_shop_A.jpg', 'Scene_Size': (600, 400), 'Condition_Encode': 'Congruent', 'Object_Encode': 'Objects_Dataset/cake_holder.png', 'Object_Size': (300, 209), 'Condition_Old': 'old', 'Correct_Key_Old': 'left', 'Obj_Lure': 'Objects_Dataset/cake_tongs_retouched.png', 'Lure_size': (300, 75), 'Target_pos': (300, -200), 'Lure_pos': (300, 200), 'Correct_key_AFC': 'down', 'jitter_ITI': 2.15, 'thisN': 21, 'thisTrialN': 21, 'thisRepN': 0}>
304.9297 	EXP 	image_scene_encode: autoDraw = False
304.9297 	EXP 	image_object_encode: autoDraw = False
304.9297 	EXP 	text_rating: autoDraw = False
304.9297 	EXP 	slider_cong: autoDraw = False
304.9297 	EXP 	image_blank: autoDraw = True
307.0798 	EXP 	image_blank: autoDraw = False
307.1464 	EXP 	cross_25: autoDraw = True
307.4026 	EXP 	cross_25: autoDraw = False
307.4026 	EXP 	cross_25: autoDraw = False
307.4026 	EXP 	image_blank: autoDraw = False
307.4026 	EXP 	image_scene_encode: image = 'Scenes_Dataset/pastry_shop_A.jpg'
307.4026 	EXP 	image_object_encode: image = 'Objects_Dataset/cake_holder.png'
307.4026 	EXP 	slider_cong: markerPos = None
307.4026 	EXP 	slider_cong: markerPos = None
307.4026 	EXP 	image_scene_encode: autoDraw = True
307.4026 	EXP 	image_object_encode: autoDraw = True
309.8976 	INFO 	Keyboard events cleared
309.8975 	EXP 	text_rating: autoDraw = True
309.8975 	EXP 	slider_cong: autoDraw = True
311.2302 	DATA 	Keypress: num_3
312.3964 	EXP 	text_rating: autoDraw = False
312.3964 	EXP 	slider_cong: autoDraw = False
312.3975 	EXP 	New trial (rep=0, index=22): <Trial 22 (22 in rep 0) data={'Index': 29, 'Scene': 'Scenes_Dataset/pool_B.jpg', 'Scene_Size': (600, 450), 'Condition_Encode': 'Congruent', 'Object_Encode': 'Objects_Dataset/slippers.png', 'Object_Size': (280, 300), 'Condition_Old': 'old', 'Correct_Key_Old': 'left', 'Obj_Lure': 'Objects_Dataset/bikini.png', 'Lure_size': (350, 350), 'Target_pos': (300, -200), 'Lure_pos': (300, 200), 'Correct_key_AFC': 'down', 'jitter_ITI': 2.1, 'thisN': 22, 'thisTrialN': 22, 'thisRepN': 0}>
312.4159 	EXP 	image_scene_encode: autoDraw = False
312.4159 	EXP 	image_object_encode: autoDraw = False
312.4159 	EXP 	text_rating: autoDraw = False
312.4159 	EXP 	slider_cong: autoDraw = False
312.4159 	EXP 	image_blank: autoDraw = True
314.5299 	EXP 	image_blank: autoDraw = False
314.6298 	EXP 	cross_25: autoDraw = True
314.8853 	EXP 	cross_25: autoDraw = False
314.8853 	EXP 	cross_25: autoDraw = False
314.8853 	EXP 	image_blank: autoDraw = False
314.8853 	EXP 	image_scene_encode: image = 'Scenes_Dataset/pool_B.jpg'
314.8853 	EXP 	image_object_encode: image = 'Objects_Dataset/slippers.png'
314.8853 	EXP 	slider_cong: markerPos = None
314.8853 	EXP 	slider_cong: markerPos = None
314.8853 	EXP 	image_scene_encode: autoDraw = True
314.8853 	EXP 	image_object_encode: autoDraw = True
317.3629 	INFO 	Keyboard events cleared
317.3628 	EXP 	text_rating: autoDraw = True
317.3628 	EXP 	slider_cong: autoDraw = True
318.2804 	DATA 	Keypress: num_3
319.8631 	EXP 	text_rating: autoDraw = False
319.8631 	EXP 	slider_cong: autoDraw = False
319.8820 	EXP 	New trial (rep=0, index=23): <Trial 23 (23 in rep 0) data={'Index': 28, 'Scene': 'Scenes_Dataset/public_toilet_A.jpg', 'Scene_Size': (600, 375), 'Condition_Encode': 'Congruent', 'Object_Encode': 'Objects_Dataset/hands_dryer.png', 'Object_Size': (350, 267), 'Condition_Old': 'old', 'Correct_Key_Old': 'left', 'Obj_Lure': 'Objects_Dataset/paper_towel_dispenser.png', 'Lure_size': (300, 400), 'Target_pos': (300, -200), 'Lure_pos': (300, 200), 'Correct_key_AFC': 'down', 'jitter_ITI': 2.05, 'thisN': 23, 'thisTrialN': 23, 'thisRepN': 0}>
319.8966 	EXP 	image_scene_encode: autoDraw = False
319.8966 	EXP 	image_object_encode: autoDraw = False
319.8966 	EXP 	text_rating: autoDraw = False
319.8966 	EXP 	slider_cong: autoDraw = False
319.8966 	EXP 	image_blank: autoDraw = True
321.9463 	EXP 	image_blank: autoDraw = False
322.1134 	EXP 	cross_25: autoDraw = True
322.3771 	EXP 	cross_25: autoDraw = False
322.3771 	EXP 	cross_25: autoDraw = False
322.3771 	EXP 	image_blank: autoDraw = False
322.3771 	EXP 	image_scene_encode: image = 'Scenes_Dataset/public_toilet_A.jpg'
322.3771 	EXP 	image_object_encode: image = 'Objects_Dataset/hands_dryer.png'
322.3771 	EXP 	slider_cong: markerPos = None
322.3771 	EXP 	slider_cong: markerPos = None
322.3771 	EXP 	image_scene_encode: autoDraw = True
322.3771 	EXP 	image_object_encode: autoDraw = True
324.8465 	INFO 	Keyboard events cleared
324.8465 	EXP 	text_rating: autoDraw = True
324.8465 	EXP 	slider_cong: autoDraw = True
325.5140 	DATA 	Keypress: num_3
327.3493 	EXP 	text_rating: autoDraw = False
327.3493 	EXP 	slider_cong: autoDraw = False
327.3502 	EXP 	New trial (rep=0, index=24): <Trial 24 (24 in rep 0) data={'Index': 38, 'Scene': 'Scenes_Dataset/garden_A.jpg', 'Scene_Size': (600, 446), 'Condition_Encode': 'Incongruent', 'Object_Encode': 'Objects_Dataset/airplane_belt.png', 'Object_Size': (300, 249), 'Condition_Old': 'old', 'Correct_Key_Old': 'left', 'Obj_Lure': 'Objects_Dataset/saline_retouched.png', 'Lure_size': (300, 225), 'Target_pos': (300, 200), 'Lure_pos': (300, -200), 'Correct_key_AFC': 'up', 'jitter_ITI': 2.55, 'thisN': 24, 'thisTrialN': 24, 'thisRepN': 0}>
327.3657 	EXP 	image_scene_encode: autoDraw = False
327.3657 	EXP 	image_object_encode: autoDraw = False
327.3657 	EXP 	text_rating: autoDraw = False
327.3657 	EXP 	slider_cong: autoDraw = False
327.3657 	EXP 	image_blank: autoDraw = True
329.6135 	EXP 	cross_25: autoDraw = True
329.8635 	EXP 	cross_25: autoDraw = False
329.9357 	EXP 	image_blank: autoDraw = False
329.9357 	EXP 	cross_25: autoDraw = False
329.9357 	EXP 	image_blank: autoDraw = False
329.9357 	EXP 	image_scene_encode: image = 'Scenes_Dataset/garden_A.jpg'
329.9357 	EXP 	image_object_encode: image = 'Objects_Dataset/airplane_belt.png'
329.9357 	EXP 	slider_cong: markerPos = None
329.9357 	EXP 	slider_cong: markerPos = None
329.9357 	EXP 	image_scene_encode: autoDraw = True
329.9357 	EXP 	image_object_encode: autoDraw = True
332.4133 	INFO 	Keyboard events cleared
332.4132 	EXP 	text_rating: autoDraw = True
332.4132 	EXP 	slider_cong: autoDraw = True
332.8973 	DATA 	Keypress: num_1
334.9159 	EXP 	text_rating: autoDraw = False
334.9159 	EXP 	slider_cong: autoDraw = False
334.9166 	EXP 	New trial (rep=0, index=25): <Trial 25 (25 in rep 0) data={'Index': 10, 'Scene': 'Scenes_Dataset/toy_store_B.jpg', 'Scene_Size': (600, 415), 'Condition_Encode': 'Congruent', 'Object_Encode': 'Objects_Dataset/doll.png', 'Object_Size': (191, 300), 'Condition_Old': 'old', 'Correct_Key_Old': 'left', 'Obj_Lure': 'Objects_Dataset/abacus.png', 'Lure_size': (185, 200), 'Target_pos': (300, -200), 'Lure_pos': (300, 200), 'Correct_key_AFC': 'down', 'jitter_ITI': 2.45, 'thisN': 25, 'thisTrialN': 25, 'thisRepN': 0}>
334.9300 	EXP 	image_scene_encode: autoDraw = False
334.9300 	EXP 	image_object_encode: autoDraw = False
334.9300 	EXP 	text_rating: autoDraw = False
334.9300 	EXP 	slider_cong: autoDraw = False
334.9300 	EXP 	image_blank: autoDraw = True
337.1638 	EXP 	cross_25: autoDraw = True
337.3800 	EXP 	image_blank: autoDraw = False
337.4201 	EXP 	cross_25: autoDraw = False
337.4201 	EXP 	cross_25: autoDraw = False
337.4201 	EXP 	image_blank: autoDraw = False
337.4201 	EXP 	image_scene_encode: image = 'Scenes_Dataset/toy_store_B.jpg'
337.4201 	EXP 	image_object_encode: image = 'Objects_Dataset/doll.png'
337.4201 	EXP 	slider_cong: markerPos = None
337.4201 	EXP 	slider_cong: markerPos = None
337.4201 	EXP 	image_scene_encode: autoDraw = True
337.4201 	EXP 	image_object_encode: autoDraw = True
339.8965 	INFO 	Keyboard events cleared
339.8964 	EXP 	text_rating: autoDraw = True
339.8964 	EXP 	slider_cong: autoDraw = True
341.1472 	DATA 	Keypress: num_3
342.3969 	EXP 	text_rating: autoDraw = False
342.3969 	EXP 	slider_cong: autoDraw = False
342.4152 	EXP 	New trial (rep=0, index=26): <Trial 26 (26 in rep 0) data={'Index': 1, 'Scene': 'Scenes_Dataset/office_work_A.jpg', 'Scene_Size': (600, 470), 'Condition_Encode': 'Congruent', 'Object_Encode': 'Objects_Dataset/staple_puller_retouched.png', 'Object_Size': (400, 400), 'Condition_Old': 'old', 'Correct_Key_Old': 'left', 'Obj_Lure': 'Objects_Dataset/clock.png', 'Lure_size': (250, 248), 'Target_pos': (300, -200), 'Lure_pos': (300, 200), 'Correct_key_AFC': 'down', 'jitter_ITI': 2, 'thisN': 26, 'thisTrialN': 26, 'thisRepN': 0}>
342.4302 	EXP 	image_scene_encode: autoDraw = False
342.4302 	EXP 	image_object_encode: autoDraw = False
342.4302 	EXP 	text_rating: autoDraw = False
342.4302 	EXP 	slider_cong: autoDraw = False
342.4302 	EXP 	image_blank: autoDraw = True
344.4304 	EXP 	image_blank: autoDraw = False
344.6468 	EXP 	cross_25: autoDraw = True
344.9031 	EXP 	cross_25: autoDraw = False
344.9031 	EXP 	cross_25: autoDraw = False
344.9031 	EXP 	image_blank: autoDraw = False
344.9031 	EXP 	image_scene_encode: image = 'Scenes_Dataset/office_work_A.jpg'
344.9031 	EXP 	image_object_encode: image = 'Objects_Dataset/staple_puller_retouched.png'
344.9031 	EXP 	slider_cong: markerPos = None
344.9031 	EXP 	slider_cong: markerPos = None
344.9031 	EXP 	image_scene_encode: autoDraw = True
344.9031 	EXP 	image_object_encode: autoDraw = True
347.3801 	INFO 	Keyboard events cleared
347.3801 	EXP 	text_rating: autoDraw = True
347.3801 	EXP 	slider_cong: autoDraw = True
348.2807 	DATA 	Keypress: num_3
349.8825 	EXP 	text_rating: autoDraw = False
349.8825 	EXP 	slider_cong: autoDraw = False
349.8841 	EXP 	New trial (rep=0, index=27): <Trial 27 (27 in rep 0) data={'Index': 48, 'Scene': 'Scenes_Dataset/ballet_room_A.jpg', 'Scene_Size': (600, 398), 'Condition_Encode': 'Incongruent', 'Object_Encode': 'Objects_Dataset/hiking_boots.png', 'Object_Size': (300, 300), 'Condition_Old': 'old', 'Correct_Key_Old': 'left', 'Obj_Lure': 'Objects_Dataset/bicycle_bell.png', 'Lure_size': (250, 210), 'Target_pos': (300, 200), 'Lure_pos': (300, -200), 'Correct_key_AFC': 'up', 'jitter_ITI': 3.05, 'thisN': 27, 'thisTrialN': 27, 'thisRepN': 0}>
349.8974 	EXP 	image_scene_encode: autoDraw = False
349.8974 	EXP 	image_object_encode: autoDraw = False
349.8974 	EXP 	text_rating: autoDraw = False
349.8974 	EXP 	slider_cong: autoDraw = False
349.8974 	EXP 	image_blank: autoDraw = True
352.1306 	EXP 	cross_25: autoDraw = True
352.3803 	EXP 	cross_25: autoDraw = False
352.9504 	EXP 	image_blank: autoDraw = False
352.9504 	EXP 	cross_25: autoDraw = False
352.9504 	EXP 	image_blank: autoDraw = False
352.9504 	EXP 	image_scene_encode: image = 'Scenes_Dataset/ballet_room_A.jpg'
352.9504 	EXP 	image_object_encode: image = 'Objects_Dataset/hiking_boots.png'
352.9504 	EXP 	slider_cong: markerPos = None
352.9504 	EXP 	slider_cong: markerPos = None
352.9504 	EXP 	image_scene_encode: autoDraw = True
352.9504 	EXP 	image_object_encode: autoDraw = True
355.4301 	INFO 	Keyboard events cleared
355.4300 	EXP 	text_rating: autoDraw = True
355.4300 	EXP 	slider_cong: autoDraw = True
356.2811 	DATA 	Keypress: num_1
357.9304 	EXP 	text_rating: autoDraw = False
357.9304 	EXP 	slider_cong: autoDraw = False
357.9487 	EXP 	New trial (rep=0, index=28): <Trial 28 (28 in rep 0) data={'Index': 49, 'Scene': 'Scenes_Dataset/restaurant_A.jpg', 'Scene_Size': (600, 400), 'Condition_Encode': 'Incongruent', 'Object_Encode': 'Objects_Dataset/comb.png', 'Object_Size': (250, 250), 'Condition_Old': 'old', 'Correct_Key_Old': 'left', 'Obj_Lure': 'Objects_Dataset/football_boots.png', 'Lure_size': (300, 300), 'Target_pos': (300, 200), 'Lure_pos': (300, -200), 'Correct_key_AFC': 'up', 'jitter_ITI': 3.1, 'thisN': 28, 'thisTrialN': 28, 'thisRepN': 0}>
357.9638 	EXP 	image_scene_encode: autoDraw = False
357.9638 	EXP 	image_object_encode: autoDraw = False
357.9638 	EXP 	text_rating: autoDraw = False
357.9638 	EXP 	slider_cong: autoDraw = False
357.9638 	EXP 	image_blank: autoDraw = True
360.1805 	EXP 	cross_25: autoDraw = True
360.4306 	EXP 	cross_25: autoDraw = False
361.0679 	EXP 	image_blank: autoDraw = False
361.0679 	EXP 	cross_25: autoDraw = False
361.0679 	EXP 	image_blank: autoDraw = False
361.0679 	EXP 	image_scene_encode: image = 'Scenes_Dataset/restaurant_A.jpg'
361.0679 	EXP 	image_object_encode: image = 'Objects_Dataset/comb.png'
361.0679 	EXP 	slider_cong: markerPos = None
361.0679 	EXP 	slider_cong: markerPos = None
361.0679 	EXP 	image_scene_encode: autoDraw = True
361.0679 	EXP 	image_object_encode: autoDraw = True
363.5468 	INFO 	Keyboard events cleared
363.5468 	EXP 	text_rating: autoDraw = True
363.5468 	EXP 	slider_cong: autoDraw = True
364.5975 	DATA 	Keypress: num_1
366.0472 	EXP 	text_rating: autoDraw = False
366.0472 	EXP 	slider_cong: autoDraw = False
366.0654 	EXP 	New trial (rep=0, index=29): <Trial 29 (29 in rep 0) data={'Index': 20, 'Scene': 'Scenes_Dataset/basketball_field_A.jpg', 'Scene_Size': (600, 399), 'Condition_Encode': 'Congruent', 'Object_Encode': 'Objects_Dataset/whistle.png', 'Object_Size': (200, 151), 'Condition_Old': 'old', 'Correct_Key_Old': 'left', 'Obj_Lure': 'Objects_Dataset/basketball.png', 'Lure_size': (282, 300), 'Target_pos': (300, -200), 'Lure_pos': (300, 200), 'Correct_key_AFC': 'down', 'jitter_ITI': 2.95, 'thisN': 29, 'thisTrialN': 29, 'thisRepN': 0}>
366.0806 	EXP 	image_scene_encode: autoDraw = False
366.0806 	EXP 	image_object_encode: autoDraw = False
366.0806 	EXP 	text_rating: autoDraw = False
366.0806 	EXP 	slider_cong: autoDraw = False
366.0806 	EXP 	image_blank: autoDraw = True
368.2974 	EXP 	cross_25: autoDraw = True
368.5473 	EXP 	cross_25: autoDraw = False
369.0381 	EXP 	image_blank: autoDraw = False
369.0381 	EXP 	cross_25: autoDraw = False
369.0381 	EXP 	image_blank: autoDraw = False
369.0381 	EXP 	image_scene_encode: image = 'Scenes_Dataset/basketball_field_A.jpg'
369.0381 	EXP 	image_object_encode: image = 'Objects_Dataset/whistle.png'
369.0381 	EXP 	slider_cong: markerPos = None
369.0381 	EXP 	slider_cong: markerPos = None
369.0381 	EXP 	image_scene_encode: autoDraw = True
369.0381 	EXP 	image_object_encode: autoDraw = True
371.5303 	INFO 	Keyboard events cleared
371.5302 	EXP 	text_rating: autoDraw = True
371.5302 	EXP 	slider_cong: autoDraw = True
373.3200 	DATA 	Keypress: num_3
374.0308 	EXP 	text_rating: autoDraw = False
374.0308 	EXP 	slider_cong: autoDraw = False
374.0324 	EXP 	New trial (rep=0, index=30): <Trial 30 (30 in rep 0) data={'Index': 45, 'Scene': 'Scenes_Dataset/factory_B.jpg', 'Scene_Size': (600, 415), 'Condition_Encode': 'Incongruent', 'Object_Encode': 'Objects_Dataset/shield.png', 'Object_Size': (199, 300), 'Condition_Old': 'old', 'Correct_Key_Old': 'left', 'Obj_Lure': 'Objects_Dataset/trumpet_retouched.png', 'Lure_size': (300, 122), 'Target_pos': (300, 200), 'Lure_pos': (300, -200), 'Correct_key_AFC': 'up', 'jitter_ITI': 2.9, 'thisN': 30, 'thisTrialN': 30, 'thisRepN': 0}>
374.0473 	EXP 	image_scene_encode: autoDraw = False
374.0473 	EXP 	image_object_encode: autoDraw = False
374.0473 	EXP 	text_rating: autoDraw = False
374.0473 	EXP 	slider_cong: autoDraw = False
374.0473 	EXP 	image_blank: autoDraw = True
376.2807 	EXP 	cross_25: autoDraw = True
376.5327 	EXP 	cross_25: autoDraw = False
376.9576 	EXP 	image_blank: autoDraw = False
376.9576 	EXP 	cross_25: autoDraw = False
376.9576 	EXP 	image_blank: autoDraw = False
376.9576 	EXP 	image_scene_encode: image = 'Scenes_Dataset/factory_B.jpg'
376.9576 	EXP 	image_object_encode: image = 'Objects_Dataset/shield.png'
376.9576 	EXP 	slider_cong: markerPos = None
376.9576 	EXP 	slider_cong: markerPos = None
376.9576 	EXP 	image_scene_encode: autoDraw = True
376.9576 	EXP 	image_object_encode: autoDraw = True
379.4470 	INFO 	Keyboard events cleared
379.4470 	EXP 	text_rating: autoDraw = True
379.4470 	EXP 	slider_cong: autoDraw = True
380.6145 	DATA 	Keypress: num_1
381.9474 	EXP 	text_rating: autoDraw = False
381.9474 	EXP 	slider_cong: autoDraw = False
381.9490 	EXP 	New trial (rep=0, index=31): <Trial 31 (31 in rep 0) data={'Index': 43, 'Scene': 'Scenes_Dataset/home_office_A.jpg', 'Scene_Size': (600, 399), 'Condition_Encode': 'Incongruent', 'Object_Encode': 'Objects_Dataset/bicycle_bell.png', 'Object_Size': (250, 210), 'Condition_Old': 'old', 'Correct_Key_Old': 'left', 'Obj_Lure': 'Objects_Dataset/unicycle_retouched.png', 'Lure_size': (159, 300), 'Target_pos': (300, 200), 'Lure_pos': (300, -200), 'Correct_key_AFC': 'up', 'jitter_ITI': 2.8, 'thisN': 31, 'thisTrialN': 31, 'thisRepN': 0}>
381.9640 	EXP 	image_scene_encode: autoDraw = False
381.9640 	EXP 	image_object_encode: autoDraw = False
381.9640 	EXP 	text_rating: autoDraw = False
381.9640 	EXP 	slider_cong: autoDraw = False
381.9640 	EXP 	image_blank: autoDraw = True
384.1976 	EXP 	cross_25: autoDraw = True
384.4480 	EXP 	cross_25: autoDraw = False
384.7718 	EXP 	image_blank: autoDraw = False
384.7718 	EXP 	cross_25: autoDraw = False
384.7718 	EXP 	image_blank: autoDraw = False
384.7718 	EXP 	image_scene_encode: image = 'Scenes_Dataset/home_office_A.jpg'
384.7718 	EXP 	image_object_encode: image = 'Objects_Dataset/bicycle_bell.png'
384.7718 	EXP 	slider_cong: markerPos = None
384.7718 	EXP 	slider_cong: markerPos = None
384.7718 	EXP 	image_scene_encode: autoDraw = True
384.7718 	EXP 	image_object_encode: autoDraw = True
387.2473 	INFO 	Keyboard events cleared
387.2471 	EXP 	text_rating: autoDraw = True
387.2471 	EXP 	slider_cong: autoDraw = True
388.8814 	DATA 	Keypress: num_1
389.7642 	EXP 	text_rating: autoDraw = False
389.7642 	EXP 	slider_cong: autoDraw = False
389.7658 	EXP 	New trial (rep=0, index=32): <Trial 32 (32 in rep 0) data={'Index': 27, 'Scene': 'Scenes_Dataset/toilet_A.jpg', 'Scene_Size': (600, 450), 'Condition_Encode': 'Congruent', 'Object_Encode': 'Objects_Dataset/toothbrush.png', 'Object_Size': (300, 215), 'Condition_Old': 'old', 'Correct_Key_Old': 'left', 'Obj_Lure': 'Objects_Dataset/hairdryer_retouched.png', 'Lure_size': (250, 241), 'Target_pos': (300, -200), 'Lure_pos': (300, 200), 'Correct_key_AFC': 'down', 'jitter_ITI': 2, 'thisN': 32, 'thisTrialN': 32, 'thisRepN': 0}>
389.7809 	EXP 	image_scene_encode: autoDraw = False
389.7809 	EXP 	image_object_encode: autoDraw = False
389.7809 	EXP 	text_rating: autoDraw = False
389.7809 	EXP 	slider_cong: autoDraw = False
389.7809 	EXP 	image_blank: autoDraw = True
391.7810 	EXP 	image_blank: autoDraw = False
391.9976 	EXP 	cross_25: autoDraw = True
392.2575 	EXP 	cross_25: autoDraw = False
392.2575 	EXP 	cross_25: autoDraw = False
392.2575 	EXP 	image_blank: autoDraw = False
392.2575 	EXP 	image_scene_encode: image = 'Scenes_Dataset/toilet_A.jpg'
392.2575 	EXP 	image_object_encode: image = 'Objects_Dataset/toothbrush.png'
392.2575 	EXP 	slider_cong: markerPos = None
392.2575 	EXP 	slider_cong: markerPos = None
392.2575 	EXP 	image_scene_encode: autoDraw = True
392.2575 	EXP 	image_object_encode: autoDraw = True
394.7473 	INFO 	Keyboard events cleared
394.7472 	EXP 	text_rating: autoDraw = True
394.7472 	EXP 	slider_cong: autoDraw = True
395.6186 	DATA 	Keypress: num_3
397.2478 	EXP 	text_rating: autoDraw = False
397.2478 	EXP 	slider_cong: autoDraw = False
397.2492 	EXP 	New trial (rep=0, index=33): <Trial 33 (33 in rep 0) data={'Index': 34, 'Scene': 'Scenes_Dataset/flower_shop_A.jpg', 'Scene_Size': (600, 450), 'Condition_Encode': 'Incongruent', 'Object_Encode': 'Objects_Dataset/trumpet_retouched.png', 'Object_Size': (300, 122), 'Condition_Old': 'old', 'Correct_Key_Old': 'left', 'Obj_Lure': 'Objects_Dataset/sailor_hat.png', 'Lure_size': (300, 250), 'Target_pos': (300, 200), 'Lure_pos': (300, -200), 'Correct_key_AFC': 'up', 'jitter_ITI': 2.35, 'thisN': 33, 'thisTrialN': 33, 'thisRepN': 0}>
397.2643 	EXP 	image_scene_encode: autoDraw = False
397.2643 	EXP 	image_object_encode: autoDraw = False
397.2643 	EXP 	text_rating: autoDraw = False
397.2643 	EXP 	slider_cong: autoDraw = False
397.2643 	EXP 	image_blank: autoDraw = True
399.4810 	EXP 	cross_25: autoDraw = True
399.6142 	EXP 	image_blank: autoDraw = False
399.7311 	EXP 	cross_25: autoDraw = False
399.7311 	EXP 	cross_25: autoDraw = False
399.7311 	EXP 	image_blank: autoDraw = False
399.7311 	EXP 	image_scene_encode: image = 'Scenes_Dataset/flower_shop_A.jpg'
399.7311 	EXP 	image_object_encode: image = 'Objects_Dataset/trumpet_retouched.png'
399.7311 	EXP 	slider_cong: markerPos = None
399.7311 	EXP 	slider_cong: markerPos = None
399.7311 	EXP 	image_scene_encode: autoDraw = True
399.7311 	EXP 	image_object_encode: autoDraw = True
402.2140 	INFO 	Keyboard events cleared
402.2139 	EXP 	text_rating: autoDraw = True
402.2139 	EXP 	slider_cong: autoDraw = True
403.4980 	DATA 	Keypress: num_2
404.7154 	EXP 	New trial (rep=0, index=34): <Trial 34 (34 in rep 0) data={'Index': 3, 'Scene': 'Scenes_Dataset/car_interior_A.jpg', 'Scene_Size': (600, 389), 'Condition_Encode': 'Congruent', 'Object_Encode': 'Objects_Dataset/car_mat.png', 'Object_Size': (230, 258), 'Condition_Old': 'old', 'Correct_Key_Old': 'left', 'Obj_Lure': 'Objects_Dataset/car_key.png', 'Lure_size': (300, 125), 'Target_pos': (300, -200), 'Lure_pos': (300, 200), 'Correct_key_AFC': 'down', 'jitter_ITI': 2.1, 'thisN': 34, 'thisTrialN': 34, 'thisRepN': 0}>
404.7310 	EXP 	image_scene_encode: autoDraw = False
404.7310 	EXP 	image_object_encode: autoDraw = False
404.7310 	EXP 	text_rating: autoDraw = False
404.7310 	EXP 	slider_cong: autoDraw = False
404.7310 	EXP 	image_scene_encode: autoDraw = False
404.7310 	EXP 	image_object_encode: autoDraw = False
404.7310 	EXP 	text_rating: autoDraw = False
404.7310 	EXP 	slider_cong: autoDraw = False
404.7310 	EXP 	image_blank: autoDraw = True
406.8312 	EXP 	image_blank: autoDraw = False
406.9648 	EXP 	cross_25: autoDraw = True
407.2244 	EXP 	cross_25: autoDraw = False
407.2244 	EXP 	cross_25: autoDraw = False
407.2244 	EXP 	image_blank: autoDraw = False
407.2244 	EXP 	image_scene_encode: image = 'Scenes_Dataset/car_interior_A.jpg'
407.2244 	EXP 	image_object_encode: image = 'Objects_Dataset/car_mat.png'
407.2244 	EXP 	slider_cong: markerPos = None
407.2244 	EXP 	slider_cong: markerPos = None
407.2244 	EXP 	image_scene_encode: autoDraw = True
407.2244 	EXP 	image_object_encode: autoDraw = True
409.6976 	INFO 	Keyboard events cleared
409.6975 	EXP 	text_rating: autoDraw = True
409.6975 	EXP 	slider_cong: autoDraw = True
410.3319 	DATA 	Keypress: num_3
412.2002 	EXP 	text_rating: autoDraw = False
412.2002 	EXP 	slider_cong: autoDraw = False
412.2018 	EXP 	New trial (rep=0, index=35): <Trial 35 (35 in rep 0) data={'Index': 14, 'Scene': 'Scenes_Dataset/palace_interior_A.jpg', 'Scene_Size': (600, 447), 'Condition_Encode': 'Congruent', 'Object_Encode': 'Objects_Dataset/chandelier_retouched.png', 'Object_Size': (250, 300), 'Condition_Old': 'old', 'Correct_Key_Old': 'left', 'Obj_Lure': 'Objects_Dataset/crown.png', 'Lure_size': (300, 249), 'Target_pos': (300, -200), 'Lure_pos': (300, 200), 'Correct_key_AFC': 'down', 'jitter_ITI': 2.65, 'thisN': 35, 'thisTrialN': 35, 'thisRepN': 0}>
412.2145 	EXP 	image_scene_encode: autoDraw = False
412.2145 	EXP 	image_object_encode: autoDraw = False
412.2145 	EXP 	text_rating: autoDraw = False
412.2145 	EXP 	slider_cong: autoDraw = False
412.2145 	EXP 	image_blank: autoDraw = True
414.4481 	EXP 	cross_25: autoDraw = True
414.6980 	EXP 	cross_25: autoDraw = False
414.8758 	EXP 	image_blank: autoDraw = False
414.8758 	EXP 	cross_25: autoDraw = False
414.8758 	EXP 	image_blank: autoDraw = False
414.8758 	EXP 	image_scene_encode: image = 'Scenes_Dataset/palace_interior_A.jpg'
414.8758 	EXP 	image_object_encode: image = 'Objects_Dataset/chandelier_retouched.png'
414.8758 	EXP 	slider_cong: markerPos = None
414.8758 	EXP 	slider_cong: markerPos = None
414.8758 	EXP 	image_scene_encode: autoDraw = True
414.8758 	EXP 	image_object_encode: autoDraw = True
417.3476 	INFO 	Keyboard events cleared
417.3475 	EXP 	text_rating: autoDraw = True
417.3475 	EXP 	slider_cong: autoDraw = True
418.1318 	DATA 	Keypress: num_3
419.8648 	EXP 	text_rating: autoDraw = False
419.8648 	EXP 	slider_cong: autoDraw = False
419.8668 	EXP 	New trial (rep=0, index=36): <Trial 36 (36 in rep 0) data={'Index': 24, 'Scene': 'Scenes_Dataset/marina_A.jpg', 'Scene_Size': (600, 450), 'Condition_Encode': 'Congruent', 'Object_Encode': 'Objects_Dataset/sailor_hat.png', 'Object_Size': (300, 250), 'Condition_Old': 'old', 'Correct_Key_Old': 'left', 'Obj_Lure': 'Objects_Dataset/rope.png', 'Lure_size': (300, 248), 'Target_pos': (300, -200), 'Lure_pos': (300, 200), 'Correct_key_AFC': 'down', 'jitter_ITI': 3.15, 'thisN': 36, 'thisTrialN': 36, 'thisRepN': 0}>
419.8813 	EXP 	image_scene_encode: autoDraw = False
419.8813 	EXP 	image_object_encode: autoDraw = False
419.8813 	EXP 	text_rating: autoDraw = False
419.8813 	EXP 	slider_cong: autoDraw = False
419.8813 	EXP 	image_blank: autoDraw = True
422.0980 	EXP 	cross_25: autoDraw = True
422.3481 	EXP 	cross_25: autoDraw = False
423.0368 	EXP 	image_blank: autoDraw = False
423.0368 	EXP 	cross_25: autoDraw = False
423.0368 	EXP 	image_blank: autoDraw = False
423.0368 	EXP 	image_scene_encode: image = 'Scenes_Dataset/marina_A.jpg'
423.0368 	EXP 	image_object_encode: image = 'Objects_Dataset/sailor_hat.png'
423.0368 	EXP 	slider_cong: markerPos = None
423.0368 	EXP 	slider_cong: markerPos = None
423.0368 	EXP 	image_scene_encode: autoDraw = True
423.0368 	EXP 	image_object_encode: autoDraw = True
425.5312 	INFO 	Keyboard events cleared
425.5311 	EXP 	text_rating: autoDraw = True
425.5311 	EXP 	slider_cong: autoDraw = True
426.2656 	DATA 	Keypress: num_3
428.0321 	EXP 	text_rating: autoDraw = False
428.0321 	EXP 	slider_cong: autoDraw = False
428.0333 	EXP 	New trial (rep=0, index=37): <Trial 37 (37 in rep 0) data={'Index': 41, 'Scene': 'Scenes_Dataset/attic_A.jpg', 'Scene_Size': (600, 400), 'Condition_Encode': 'Incongruent', 'Object_Encode': 'Objects_Dataset/ticket_machine.png', 'Object_Size': (200, 300), 'Condition_Old': 'old', 'Correct_Key_Old': 'left', 'Obj_Lure': 'Objects_Dataset/cake_holder.png', 'Lure_size': (300, 209), 'Target_pos': (300, 200), 'Lure_pos': (300, -200), 'Correct_key_AFC': 'up', 'jitter_ITI': 2.7, 'thisN': 37, 'thisTrialN': 37, 'thisRepN': 0}>
428.0481 	EXP 	image_scene_encode: autoDraw = False
428.0481 	EXP 	image_object_encode: autoDraw = False
428.0481 	EXP 	text_rating: autoDraw = False
428.0481 	EXP 	slider_cong: autoDraw = False
428.0481 	EXP 	image_blank: autoDraw = True
430.2817 	EXP 	cross_25: autoDraw = True
430.5315 	EXP 	cross_25: autoDraw = False
430.7557 	EXP 	image_blank: autoDraw = False
430.7557 	EXP 	cross_25: autoDraw = False
430.7557 	EXP 	image_blank: autoDraw = False
430.7557 	EXP 	image_scene_encode: image = 'Scenes_Dataset/attic_A.jpg'
430.7557 	EXP 	image_object_encode: image = 'Objects_Dataset/ticket_machine.png'
430.7557 	EXP 	slider_cong: markerPos = None
430.7557 	EXP 	slider_cong: markerPos = None
430.7557 	EXP 	image_scene_encode: autoDraw = True
430.7557 	EXP 	image_object_encode: autoDraw = True
433.2312 	INFO 	Keyboard events cleared
433.2312 	EXP 	text_rating: autoDraw = True
433.2312 	EXP 	slider_cong: autoDraw = True
434.0820 	DATA 	Keypress: num_1
435.7315 	EXP 	text_rating: autoDraw = False
435.7315 	EXP 	slider_cong: autoDraw = False
435.7503 	EXP 	New trial (rep=0, index=38): <Trial 38 (38 in rep 0) data={'Index': 8, 'Scene': 'Scenes_Dataset/igloo_A.jpg', 'Scene_Size': (600, 450), 'Condition_Encode': 'Congruent', 'Object_Encode': 'Objects_Dataset/eskimo_coat.png', 'Object_Size': (300, 300), 'Condition_Old': 'old', 'Correct_Key_Old': 'left', 'Obj_Lure': 'Objects_Dataset/wool_cap.png', 'Lure_size': (250, 250), 'Target_pos': (300, -200), 'Lure_pos': (300, 200), 'Correct_key_AFC': 'down', 'jitter_ITI': 2.35, 'thisN': 38, 'thisTrialN': 38, 'thisRepN': 0}>
435.7650 	EXP 	image_scene_encode: autoDraw = False
435.7650 	EXP 	image_object_encode: autoDraw = False
435.7650 	EXP 	text_rating: autoDraw = False
435.7650 	EXP 	slider_cong: autoDraw = False
435.7650 	EXP 	image_blank: autoDraw = True
437.9815 	EXP 	cross_25: autoDraw = True
438.1150 	EXP 	image_blank: autoDraw = False
438.2394 	EXP 	cross_25: autoDraw = False
438.2394 	EXP 	cross_25: autoDraw = False
438.2394 	EXP 	image_blank: autoDraw = False
438.2394 	EXP 	image_scene_encode: image = 'Scenes_Dataset/igloo_A.jpg'
438.2394 	EXP 	image_object_encode: image = 'Objects_Dataset/eskimo_coat.png'
438.2394 	EXP 	slider_cong: markerPos = None
438.2394 	EXP 	slider_cong: markerPos = None
438.2394 	EXP 	image_scene_encode: autoDraw = True
438.2394 	EXP 	image_object_encode: autoDraw = True
440.7146 	INFO 	Keyboard events cleared
440.7146 	EXP 	text_rating: autoDraw = True
440.7146 	EXP 	slider_cong: autoDraw = True
441.4988 	DATA 	Keypress: num_3
443.2149 	EXP 	text_rating: autoDraw = False
443.2149 	EXP 	slider_cong: autoDraw = False
443.2333 	EXP 	New trial (rep=0, index=39): <Trial 39 (39 in rep 0) data={'Index': 5, 'Scene': 'Scenes_Dataset/movie_theater_A.jpg', 'Scene_Size': (600, 364), 'Condition_Encode': 'Congruent', 'Object_Encode': 'Objects_Dataset/3d_glasses_retouched.png', 'Object_Size': (300, 300), 'Condition_Old': 'old', 'Correct_Key_Old': 'left', 'Obj_Lure': 'Objects_Dataset/movie_reels.png', 'Lure_size': (350, 268), 'Target_pos': (300, -200), 'Lure_pos': (300, 200), 'Correct_key_AFC': 'down', 'jitter_ITI': 2.2, 'thisN': 39, 'thisTrialN': 39, 'thisRepN': 0}>
443.2483 	EXP 	image_scene_encode: autoDraw = False
443.2483 	EXP 	image_object_encode: autoDraw = False
443.2483 	EXP 	text_rating: autoDraw = False
443.2483 	EXP 	slider_cong: autoDraw = False
443.2483 	EXP 	image_blank: autoDraw = True
445.4483 	EXP 	image_blank: autoDraw = False
445.4678 	EXP 	cross_25: autoDraw = True
445.7349 	EXP 	cross_25: autoDraw = False
445.7349 	EXP 	cross_25: autoDraw = False
445.7349 	EXP 	image_blank: autoDraw = False
445.7349 	EXP 	image_scene_encode: image = 'Scenes_Dataset/movie_theater_A.jpg'
445.7349 	EXP 	image_object_encode: image = 'Objects_Dataset/3d_glasses_retouched.png'
445.7349 	EXP 	slider_cong: markerPos = None
445.7349 	EXP 	slider_cong: markerPos = None
445.7349 	EXP 	image_scene_encode: autoDraw = True
445.7349 	EXP 	image_object_encode: autoDraw = True
448.2148 	INFO 	Keyboard events cleared
448.2147 	EXP 	text_rating: autoDraw = True
448.2147 	EXP 	slider_cong: autoDraw = True
449.0322 	DATA 	Keypress: num_3
450.7151 	EXP 	text_rating: autoDraw = False
450.7151 	EXP 	slider_cong: autoDraw = False
450.7334 	EXP 	New trial (rep=0, index=40): <Trial 40 (40 in rep 0) data={'Index': 58, 'Scene': 'Scenes_Dataset/museum_A.jpg', 'Scene_Size': (600, 337), 'Condition_Encode': 'Incongruent', 'Object_Encode': 'Objects_Dataset/bikini.png', 'Object_Size': (350, 350), 'Condition_Old': 'old', 'Correct_Key_Old': 'left', 'Obj_Lure': 'Objects_Dataset/clothesline_retouched_2.png', 'Lure_size': (350, 231), 'Target_pos': (300, 200), 'Lure_pos': (300, -200), 'Correct_key_AFC': 'up', 'jitter_ITI': 2.25, 'thisN': 40, 'thisTrialN': 40, 'thisRepN': 0}>
450.7484 	EXP 	image_scene_encode: autoDraw = False
450.7484 	EXP 	image_object_encode: autoDraw = False
450.7484 	EXP 	text_rating: autoDraw = False
450.7484 	EXP 	slider_cong: autoDraw = False
450.7484 	EXP 	image_blank: autoDraw = True
452.9652 	EXP 	cross_25: autoDraw = True
452.9984 	EXP 	image_blank: autoDraw = False
453.2219 	EXP 	cross_25: autoDraw = False
453.2219 	EXP 	cross_25: autoDraw = False
453.2219 	EXP 	image_blank: autoDraw = False
453.2219 	EXP 	image_scene_encode: image = 'Scenes_Dataset/museum_A.jpg'
453.2219 	EXP 	image_object_encode: image = 'Objects_Dataset/bikini.png'
453.2219 	EXP 	slider_cong: markerPos = None
453.2219 	EXP 	slider_cong: markerPos = None
453.2219 	EXP 	image_scene_encode: autoDraw = True
453.2219 	EXP 	image_object_encode: autoDraw = True
455.6982 	INFO 	Keyboard events cleared
455.6981 	EXP 	text_rating: autoDraw = True
455.6981 	EXP 	slider_cong: autoDraw = True
456.3990 	DATA 	Keypress: num_1
458.1986 	EXP 	text_rating: autoDraw = False
458.1986 	EXP 	slider_cong: autoDraw = False
458.2170 	EXP 	New trial (rep=0, index=41): <Trial 41 (41 in rep 0) data={'Index': 50, 'Scene': 'Scenes_Dataset/playground_A.jpg', 'Scene_Size': (600, 337), 'Condition_Encode': 'Incongruent', 'Object_Encode': 'Objects_Dataset/water_dispenser.png', 'Object_Size': (300, 300), 'Condition_Old': 'old', 'Correct_Key_Old': 'left', 'Obj_Lure': 'Objects_Dataset/wine_cork.png', 'Lure_size': (250, 163), 'Target_pos': (300, 200), 'Lure_pos': (300, -200), 'Correct_key_AFC': 'up', 'jitter_ITI': 3.15, 'thisN': 41, 'thisTrialN': 41, 'thisRepN': 0}>
458.2318 	EXP 	image_scene_encode: autoDraw = False
458.2318 	EXP 	image_object_encode: autoDraw = False
458.2318 	EXP 	text_rating: autoDraw = False
458.2318 	EXP 	slider_cong: autoDraw = False
458.2318 	EXP 	image_blank: autoDraw = True
460.4487 	EXP 	cross_25: autoDraw = True
460.6987 	EXP 	cross_25: autoDraw = False
461.3854 	EXP 	image_blank: autoDraw = False
461.3854 	EXP 	cross_25: autoDraw = False
461.3854 	EXP 	image_blank: autoDraw = False
461.3854 	EXP 	image_scene_encode: image = 'Scenes_Dataset/playground_A.jpg'
461.3854 	EXP 	image_object_encode: image = 'Objects_Dataset/water_dispenser.png'
461.3854 	EXP 	slider_cong: markerPos = None
461.3854 	EXP 	slider_cong: markerPos = None
461.3854 	EXP 	image_scene_encode: autoDraw = True
461.3854 	EXP 	image_object_encode: autoDraw = True
463.8653 	INFO 	Keyboard events cleared
463.8652 	EXP 	text_rating: autoDraw = True
463.8652 	EXP 	slider_cong: autoDraw = True
465.0017 	DATA 	Keypress: num_1
466.3655 	EXP 	text_rating: autoDraw = False
466.3655 	EXP 	slider_cong: autoDraw = False
466.3843 	EXP 	New trial (rep=0, index=42): <Trial 42 (42 in rep 0) data={'Index': 9, 'Scene': 'Scenes_Dataset/childrens_room_A.jpg', 'Scene_Size': (600, 524), 'Condition_Encode': 'Congruent', 'Object_Encode': 'Objects_Dataset/abacus.png', 'Object_Size': (185, 200), 'Condition_Old': 'old', 'Correct_Key_Old': 'left', 'Obj_Lure': 'Objects_Dataset/doll.png', 'Lure_size': (191, 300), 'Target_pos': (300, -200), 'Lure_pos': (300, 200), 'Correct_key_AFC': 'down', 'jitter_ITI': 2.4, 'thisN': 42, 'thisTrialN': 42, 'thisRepN': 0}>
466.4002 	EXP 	image_scene_encode: autoDraw = False
466.4002 	EXP 	image_object_encode: autoDraw = False
466.4002 	EXP 	text_rating: autoDraw = False
466.4002 	EXP 	slider_cong: autoDraw = False
466.4002 	EXP 	image_blank: autoDraw = True
468.6156 	EXP 	cross_25: autoDraw = True
468.8156 	EXP 	image_blank: autoDraw = False
468.8773 	EXP 	cross_25: autoDraw = False
468.8773 	EXP 	cross_25: autoDraw = False
468.8773 	EXP 	image_blank: autoDraw = False
468.8773 	EXP 	image_scene_encode: image = 'Scenes_Dataset/childrens_room_A.jpg'
468.8773 	EXP 	image_object_encode: image = 'Objects_Dataset/abacus.png'
468.8773 	EXP 	slider_cong: markerPos = None
468.8773 	EXP 	slider_cong: markerPos = None
468.8773 	EXP 	image_scene_encode: autoDraw = True
468.8773 	EXP 	image_object_encode: autoDraw = True
471.3486 	INFO 	Keyboard events cleared
471.3485 	EXP 	text_rating: autoDraw = True
471.3485 	EXP 	slider_cong: autoDraw = True
472.6828 	DATA 	Keypress: num_2
473.8491 	EXP 	text_rating: autoDraw = False
473.8491 	EXP 	slider_cong: autoDraw = False
473.8508 	EXP 	New trial (rep=0, index=43): <Trial 43 (43 in rep 0) data={'Index': 44, 'Scene': 'Scenes_Dataset/boat_interior_A.jpg', 'Scene_Size': (600, 400), 'Condition_Encode': 'Incongruent', 'Object_Encode': 'Objects_Dataset/scooter_retouched.png', 'Object_Size': (311, 350), 'Condition_Old': 'old', 'Correct_Key_Old': 'left', 'Obj_Lure': 'Objects_Dataset/car_mat.png', 'Lure_size': (230, 258), 'Target_pos': (300, 200), 'Lure_pos': (300, -200), 'Correct_key_AFC': 'up', 'jitter_ITI': 2.85, 'thisN': 43, 'thisTrialN': 43, 'thisRepN': 0}>
473.8659 	EXP 	image_scene_encode: autoDraw = False
473.8659 	EXP 	image_object_encode: autoDraw = False
473.8659 	EXP 	text_rating: autoDraw = False
473.8659 	EXP 	slider_cong: autoDraw = False
473.8659 	EXP 	image_blank: autoDraw = True
476.0990 	EXP 	cross_25: autoDraw = True
476.3490 	EXP 	cross_25: autoDraw = False
476.7223 	EXP 	image_blank: autoDraw = False
476.7223 	EXP 	cross_25: autoDraw = False
476.7223 	EXP 	image_blank: autoDraw = False
476.7223 	EXP 	image_scene_encode: image = 'Scenes_Dataset/boat_interior_A.jpg'
476.7223 	EXP 	image_object_encode: image = 'Objects_Dataset/scooter_retouched.png'
476.7223 	EXP 	slider_cong: markerPos = None
476.7223 	EXP 	slider_cong: markerPos = None
476.7223 	EXP 	image_scene_encode: autoDraw = True
476.7223 	EXP 	image_object_encode: autoDraw = True
479.1988 	INFO 	Keyboard events cleared
479.1988 	EXP 	text_rating: autoDraw = True
479.1988 	EXP 	slider_cong: autoDraw = True
480.0494 	DATA 	Keypress: num_1
481.6991 	EXP 	text_rating: autoDraw = False
481.6991 	EXP 	slider_cong: autoDraw = False
481.7173 	EXP 	New trial (rep=0, index=44): <Trial 44 (44 in rep 0) data={'Index': 35, 'Scene': 'Scenes_Dataset/dentist_A.jpg', 'Scene_Size': (600, 400), 'Condition_Encode': 'Incongruent', 'Object_Encode': 'Objects_Dataset/basketball.png', 'Object_Size': (282, 300), 'Condition_Old': 'old', 'Correct_Key_Old': 'left', 'Obj_Lure': 'Objects_Dataset/chandelier_retouched.png', 'Lure_size': (250, 300), 'Target_pos': (300, 200), 'Lure_pos': (300, -200), 'Correct_key_AFC': 'up', 'jitter_ITI': 2.4, 'thisN': 44, 'thisTrialN': 44, 'thisRepN': 0}>
481.7334 	EXP 	image_scene_encode: autoDraw = False
481.7334 	EXP 	image_object_encode: autoDraw = False
481.7334 	EXP 	text_rating: autoDraw = False
481.7334 	EXP 	slider_cong: autoDraw = False
481.7334 	EXP 	image_blank: autoDraw = True
483.9494 	EXP 	cross_25: autoDraw = True
484.1325 	EXP 	image_blank: autoDraw = False
484.1994 	EXP 	cross_25: autoDraw = False
484.1994 	EXP 	cross_25: autoDraw = False
484.1994 	EXP 	image_blank: autoDraw = False
484.1994 	EXP 	image_scene_encode: image = 'Scenes_Dataset/dentist_A.jpg'
484.1994 	EXP 	image_object_encode: image = 'Objects_Dataset/basketball.png'
484.1994 	EXP 	slider_cong: markerPos = None
484.1994 	EXP 	slider_cong: markerPos = None
484.1994 	EXP 	image_scene_encode: autoDraw = True
484.1994 	EXP 	image_object_encode: autoDraw = True
486.6825 	INFO 	Keyboard events cleared
486.6824 	EXP 	text_rating: autoDraw = True
486.6824 	EXP 	slider_cong: autoDraw = True
487.1383 	DATA 	Keypress: num_1
489.1825 	EXP 	text_rating: autoDraw = False
489.1825 	EXP 	slider_cong: autoDraw = False
489.1839 	EXP 	New trial (rep=0, index=45): <Trial 45 (45 in rep 0) data={'Index': 17, 'Scene': 'Scenes_Dataset/stage_A.jpg', 'Scene_Size': (600, 396), 'Condition_Encode': 'Congruent', 'Object_Encode': 'Objects_Dataset/saxophone.png', 'Object_Size': (250, 250), 'Condition_Old': 'old', 'Correct_Key_Old': 'left', 'Obj_Lure': 'Objects_Dataset/digital_piano_retouched.png', 'Lure_size': (350, 350), 'Target_pos': (300, -200), 'Lure_pos': (300, 200), 'Correct_key_AFC': 'down', 'jitter_ITI': 2.8, 'thisN': 45, 'thisTrialN': 45, 'thisRepN': 0}>
489.1993 	EXP 	image_scene_encode: autoDraw = False
489.1993 	EXP 	image_object_encode: autoDraw = False
489.1993 	EXP 	image_scene_encode: autoDraw = False
489.1993 	EXP 	image_object_encode: autoDraw = False
489.1993 	EXP 	text_rating: autoDraw = False
489.1993 	EXP 	slider_cong: autoDraw = False
489.1993 	EXP 	image_blank: autoDraw = True
491.4327 	EXP 	cross_25: autoDraw = True
491.6825 	EXP 	cross_25: autoDraw = False
492.0031 	EXP 	image_blank: autoDraw = False
492.0031 	EXP 	cross_25: autoDraw = False
492.0031 	EXP 	image_blank: autoDraw = False
492.0031 	EXP 	image_scene_encode: image = 'Scenes_Dataset/stage_A.jpg'
492.0031 	EXP 	image_object_encode: image = 'Objects_Dataset/saxophone.png'
492.0031 	EXP 	slider_cong: markerPos = None
492.0031 	EXP 	slider_cong: markerPos = None
492.0031 	EXP 	image_scene_encode: autoDraw = True
492.0031 	EXP 	image_object_encode: autoDraw = True
494.4823 	INFO 	Keyboard events cleared
494.4822 	EXP 	text_rating: autoDraw = True
494.4822 	EXP 	slider_cong: autoDraw = True
495.2829 	DATA 	Keypress: num_3
496.9823 	EXP 	text_rating: autoDraw = False
496.9823 	EXP 	slider_cong: autoDraw = False
497.0013 	EXP 	New trial (rep=0, index=46): <Trial 46 (46 in rep 0) data={'Index': 36, 'Scene': 'Scenes_Dataset/stable_A.jpg', 'Scene_Size': (600, 450), 'Condition_Encode': 'Incongruent', 'Object_Encode': 'Objects_Dataset/remote_control.png', 'Object_Size': (300, 293), 'Condition_Old': 'old', 'Correct_Key_Old': 'left', 'Obj_Lure': 'Objects_Dataset/sword_retouched.png', 'Lure_size': (300, 300), 'Target_pos': (300, 200), 'Lure_pos': (300, -200), 'Correct_key_AFC': 'up', 'jitter_ITI': 2.45, 'thisN': 46, 'thisTrialN': 46, 'thisRepN': 0}>
497.0162 	EXP 	image_scene_encode: autoDraw = False
497.0162 	EXP 	image_object_encode: autoDraw = False
497.0162 	EXP 	text_rating: autoDraw = False
497.0162 	EXP 	slider_cong: autoDraw = False
497.0162 	EXP 	image_blank: autoDraw = True
499.2329 	EXP 	cross_25: autoDraw = True
499.4684 	EXP 	image_blank: autoDraw = False
499.4899 	EXP 	cross_25: autoDraw = False
499.4899 	EXP 	cross_25: autoDraw = False
499.4899 	EXP 	image_blank: autoDraw = False
499.4899 	EXP 	image_scene_encode: image = 'Scenes_Dataset/stable_A.jpg'
499.4899 	EXP 	image_object_encode: image = 'Objects_Dataset/remote_control.png'
499.4899 	EXP 	slider_cong: markerPos = None
499.4899 	EXP 	slider_cong: markerPos = None
499.4899 	EXP 	image_scene_encode: autoDraw = True
499.4899 	EXP 	image_object_encode: autoDraw = True
501.9828 	INFO 	Keyboard events cleared
501.9827 	EXP 	text_rating: autoDraw = True
501.9827 	EXP 	slider_cong: autoDraw = True
503.0678 	DATA 	Keypress: num_1
504.4826 	EXP 	text_rating: autoDraw = False
504.4826 	EXP 	slider_cong: autoDraw = False
504.4837 	EXP 	New trial (rep=0, index=47): <Trial 47 (47 in rep 0) data={'Index': 46, 'Scene': 'Scenes_Dataset/skate_park_A.jpg', 'Scene_Size': (600, 450), 'Condition_Encode': 'Incongruent', 'Object_Encode': 'Objects_Dataset/paddle.png', 'Object_Size': (300, 299), 'Condition_Old': 'old', 'Correct_Key_Old': 'left', 'Obj_Lure': 'Objects_Dataset/fan.png', 'Lure_size': (350, 350), 'Target_pos': (300, 200), 'Lure_pos': (300, -200), 'Correct_key_AFC': 'up', 'jitter_ITI': 2.95, 'thisN': 47, 'thisTrialN': 47, 'thisRepN': 0}>
504.4992 	EXP 	image_scene_encode: autoDraw = False
504.4992 	EXP 	image_object_encode: autoDraw = False
504.4992 	EXP 	text_rating: autoDraw = False
504.4992 	EXP 	slider_cong: autoDraw = False
504.4992 	EXP 	image_blank: autoDraw = True
506.7327 	EXP 	cross_25: autoDraw = True
506.9857 	EXP 	cross_25: autoDraw = False
507.4550 	EXP 	image_blank: autoDraw = False
507.4550 	EXP 	cross_25: autoDraw = False
507.4550 	EXP 	image_blank: autoDraw = False
507.4550 	EXP 	image_scene_encode: image = 'Scenes_Dataset/skate_park_A.jpg'
507.4550 	EXP 	image_object_encode: image = 'Objects_Dataset/paddle.png'
507.4550 	EXP 	slider_cong: markerPos = None
507.4550 	EXP 	slider_cong: markerPos = None
507.4550 	EXP 	image_scene_encode: autoDraw = True
507.4550 	EXP 	image_object_encode: autoDraw = True
509.9327 	INFO 	Keyboard events cleared
509.9326 	EXP 	text_rating: autoDraw = True
509.9326 	EXP 	slider_cong: autoDraw = True
510.5002 	DATA 	Keypress: num_1
512.4329 	EXP 	text_rating: autoDraw = False
512.4329 	EXP 	slider_cong: autoDraw = False
512.4512 	EXP 	New trial (rep=0, index=48): <Trial 48 (48 in rep 0) data={'Index': 2, 'Scene': 'Scenes_Dataset/waiting_room_A.jpg', 'Scene_Size': (600, 450), 'Condition_Encode': 'Congruent', 'Object_Encode': 'Objects_Dataset/clock.png', 'Object_Size': (250, 248), 'Condition_Old': 'old', 'Correct_Key_Old': 'left', 'Obj_Lure': 'Objects_Dataset/water_dispenser.png', 'Lure_size': (300, 300), 'Target_pos': (300, -200), 'Lure_pos': (300, 200), 'Correct_key_AFC': 'down', 'jitter_ITI': 2.05, 'thisN': 48, 'thisTrialN': 48, 'thisRepN': 0}>
512.4663 	EXP 	image_scene_encode: autoDraw = False
512.4663 	EXP 	image_object_encode: autoDraw = False
512.4663 	EXP 	text_rating: autoDraw = False
512.4663 	EXP 	slider_cong: autoDraw = False
512.4663 	EXP 	image_blank: autoDraw = True
514.5161 	EXP 	image_blank: autoDraw = False
514.6832 	EXP 	cross_25: autoDraw = True
514.9324 	EXP 	cross_25: autoDraw = False
514.9324 	EXP 	cross_25: autoDraw = False
514.9324 	EXP 	image_blank: autoDraw = False
514.9324 	EXP 	image_scene_encode: image = 'Scenes_Dataset/waiting_room_A.jpg'
514.9324 	EXP 	image_object_encode: image = 'Objects_Dataset/clock.png'
514.9324 	EXP 	slider_cong: markerPos = None
514.9324 	EXP 	slider_cong: markerPos = None
514.9324 	EXP 	image_scene_encode: autoDraw = True
514.9324 	EXP 	image_object_encode: autoDraw = True
517.4159 	INFO 	Keyboard events cleared
517.4158 	EXP 	text_rating: autoDraw = True
517.4158 	EXP 	slider_cong: autoDraw = True
518.4338 	DATA 	Keypress: num_3
519.9164 	EXP 	text_rating: autoDraw = False
519.9164 	EXP 	slider_cong: autoDraw = False
519.9177 	EXP 	New trial (rep=0, index=49): <Trial 49 (49 in rep 0) data={'Index': 57, 'Scene': 'Scenes_Dataset/road_A.jpg', 'Scene_Size': (600, 450), 'Condition_Encode': 'Incongruent', 'Object_Encode': 'Objects_Dataset/wine_cork.png', 'Object_Size': (250, 163), 'Condition_Old': 'old', 'Correct_Key_Old': 'left', 'Obj_Lure': 'Objects_Dataset/locker.png', 'Lure_size': (264, 400), 'Target_pos': (300, 200), 'Lure_pos': (300, -200), 'Correct_key_AFC': 'up', 'jitter_ITI': 2.2, 'thisN': 49, 'thisTrialN': 49, 'thisRepN': 0}>
519.9331 	EXP 	image_scene_encode: autoDraw = False
519.9331 	EXP 	image_object_encode: autoDraw = False
519.9331 	EXP 	image_scene_encode: autoDraw = False
519.9331 	EXP 	image_object_encode: autoDraw = False
519.9331 	EXP 	text_rating: autoDraw = False
519.9331 	EXP 	slider_cong: autoDraw = False
519.9331 	EXP 	image_blank: autoDraw = True
522.1331 	EXP 	image_blank: autoDraw = False
522.1663 	EXP 	cross_25: autoDraw = True
522.4159 	EXP 	cross_25: autoDraw = False
522.4159 	EXP 	cross_25: autoDraw = False
522.4159 	EXP 	image_blank: autoDraw = False
522.4159 	EXP 	image_scene_encode: image = 'Scenes_Dataset/road_A.jpg'
522.4159 	EXP 	image_object_encode: image = 'Objects_Dataset/wine_cork.png'
522.4159 	EXP 	slider_cong: markerPos = None
522.4159 	EXP 	slider_cong: markerPos = None
522.4159 	EXP 	image_scene_encode: autoDraw = True
522.4159 	EXP 	image_object_encode: autoDraw = True
524.8995 	INFO 	Keyboard events cleared
524.8994 	EXP 	text_rating: autoDraw = True
524.8994 	EXP 	slider_cong: autoDraw = True
525.6501 	DATA 	Keypress: num_1
527.3998 	EXP 	text_rating: autoDraw = False
527.3998 	EXP 	slider_cong: autoDraw = False
527.4019 	EXP 	New trial (rep=0, index=50): <Trial 50 (50 in rep 0) data={'Index': 60, 'Scene': 'Scenes_Dataset/field_A.jpg', 'Scene_Size': (600, 403), 'Condition_Encode': 'Incongruent', 'Object_Encode': 'Objects_Dataset/computer_monitor.png', 'Object_Size': (300, 300), 'Condition_Old': 'old', 'Correct_Key_Old': 'left', 'Obj_Lure': 'Objects_Dataset/plasticine.png', 'Lure_size': (250, 167), 'Target_pos': (300, 200), 'Lure_pos': (300, -200), 'Correct_key_AFC': 'up', 'jitter_ITI': 2.35, 'thisN': 50, 'thisTrialN': 50, 'thisRepN': 0}>
527.4165 	EXP 	image_scene_encode: autoDraw = False
527.4165 	EXP 	image_object_encode: autoDraw = False
527.4165 	EXP 	text_rating: autoDraw = False
527.4165 	EXP 	slider_cong: autoDraw = False
527.4165 	EXP 	image_blank: autoDraw = True
529.6500 	EXP 	cross_25: autoDraw = True
529.7663 	EXP 	image_blank: autoDraw = False
529.9088 	EXP 	cross_25: autoDraw = False
529.9088 	EXP 	cross_25: autoDraw = False
529.9088 	EXP 	image_blank: autoDraw = False
529.9088 	EXP 	image_scene_encode: image = 'Scenes_Dataset/field_A.jpg'
529.9088 	EXP 	image_object_encode: image = 'Objects_Dataset/computer_monitor.png'
529.9088 	EXP 	slider_cong: markerPos = None
529.9088 	EXP 	slider_cong: markerPos = None
529.9088 	EXP 	image_scene_encode: autoDraw = True
529.9088 	EXP 	image_object_encode: autoDraw = True
532.3829 	INFO 	Keyboard events cleared
532.3828 	EXP 	text_rating: autoDraw = True
532.3828 	EXP 	slider_cong: autoDraw = True
532.9705 	DATA 	Keypress: num_1
534.8998 	EXP 	text_rating: autoDraw = False
534.8998 	EXP 	slider_cong: autoDraw = False
534.9014 	EXP 	New trial (rep=0, index=51): <Trial 51 (51 in rep 0) data={'Index': 7, 'Scene': 'Scenes_Dataset/snow_B.jpg', 'Scene_Size': (600, 450), 'Condition_Encode': 'Congruent', 'Object_Encode': 'Objects_Dataset/wool_cap.png', 'Object_Size': (250, 250), 'Condition_Old': 'old', 'Correct_Key_Old': 'left', 'Obj_Lure': 'Objects_Dataset/eskimo_coat.png', 'Lure_size': (300, 300), 'Target_pos': (300, -200), 'Lure_pos': (300, 200), 'Correct_key_AFC': 'down', 'jitter_ITI': 2.3, 'thisN': 51, 'thisTrialN': 51, 'thisRepN': 0}>
534.9165 	EXP 	image_scene_encode: autoDraw = False
534.9165 	EXP 	image_object_encode: autoDraw = False
534.9165 	EXP 	text_rating: autoDraw = False
534.9165 	EXP 	slider_cong: autoDraw = False
534.9165 	EXP 	image_blank: autoDraw = True
537.1348 	EXP 	cross_25: autoDraw = True
537.2165 	EXP 	image_blank: autoDraw = False
537.4046 	EXP 	cross_25: autoDraw = False
537.4046 	EXP 	cross_25: autoDraw = False
537.4046 	EXP 	image_blank: autoDraw = False
537.4046 	EXP 	image_scene_encode: image = 'Scenes_Dataset/snow_B.jpg'
537.4046 	EXP 	image_object_encode: image = 'Objects_Dataset/wool_cap.png'
537.4046 	EXP 	slider_cong: markerPos = None
537.4046 	EXP 	slider_cong: markerPos = None
537.4046 	EXP 	image_scene_encode: autoDraw = True
537.4046 	EXP 	image_object_encode: autoDraw = True
539.8830 	INFO 	Keyboard events cleared
539.8830 	EXP 	text_rating: autoDraw = True
539.8830 	EXP 	slider_cong: autoDraw = True
541.4176 	DATA 	Keypress: num_2
542.3832 	EXP 	text_rating: autoDraw = False
542.3832 	EXP 	slider_cong: autoDraw = False
542.4026 	EXP 	New trial (rep=0, index=52): <Trial 52 (52 in rep 0) data={'Index': 25, 'Scene': 'Scenes_Dataset/building_entrance_A.jpg', 'Scene_Size': (600, 400), 'Condition_Encode': 'Congruent', 'Object_Encode': 'Objects_Dataset/envelope_retouched.png', 'Object_Size': (250, 211), 'Condition_Old': 'old', 'Correct_Key_Old': 'left', 'Obj_Lure': 'Objects_Dataset/door_mat.png', 'Lure_size': (300, 300), 'Target_pos': (300, -200), 'Lure_pos': (300, 200), 'Correct_key_AFC': 'down', 'jitter_ITI': 3.2, 'thisN': 52, 'thisTrialN': 52, 'thisRepN': 0}>
542.4185 	EXP 	image_scene_encode: autoDraw = False
542.4185 	EXP 	image_object_encode: autoDraw = False
542.4185 	EXP 	text_rating: autoDraw = False
542.4185 	EXP 	slider_cong: autoDraw = False
542.4185 	EXP 	image_blank: autoDraw = True
544.6333 	EXP 	cross_25: autoDraw = True
544.8833 	EXP 	cross_25: autoDraw = False
545.6381 	EXP 	image_blank: autoDraw = False
545.6381 	EXP 	cross_25: autoDraw = False
545.6381 	EXP 	image_blank: autoDraw = False
545.6381 	EXP 	image_scene_encode: image = 'Scenes_Dataset/building_entrance_A.jpg'
545.6381 	EXP 	image_object_encode: image = 'Objects_Dataset/envelope_retouched.png'
545.6381 	EXP 	slider_cong: markerPos = None
545.6381 	EXP 	slider_cong: markerPos = None
545.6381 	EXP 	image_scene_encode: autoDraw = True
545.6381 	EXP 	image_object_encode: autoDraw = True
548.1165 	INFO 	Keyboard events cleared
548.1164 	EXP 	text_rating: autoDraw = True
548.1164 	EXP 	slider_cong: autoDraw = True
548.7839 	DATA 	Keypress: num_2
550.6169 	EXP 	text_rating: autoDraw = False
550.6169 	EXP 	slider_cong: autoDraw = False
550.6353 	EXP 	New trial (rep=0, index=53): <Trial 53 (53 in rep 0) data={'Index': 11, 'Scene': 'Scenes_Dataset/airplane_interior_A.jpg', 'Scene_Size': (600, 480), 'Condition_Encode': 'Congruent', 'Object_Encode': 'Objects_Dataset/oxygen_mask_retouched.png', 'Object_Size': (300, 300), 'Condition_Old': 'old', 'Correct_Key_Old': 'left', 'Obj_Lure': 'Objects_Dataset/airplane_belt.png', 'Lure_size': (300, 249), 'Target_pos': (300, -200), 'Lure_pos': (300, 200), 'Correct_key_AFC': 'down', 'jitter_ITI': 2.5, 'thisN': 53, 'thisTrialN': 53, 'thisRepN': 0}>
550.6501 	EXP 	image_scene_encode: autoDraw = False
550.6501 	EXP 	image_object_encode: autoDraw = False
550.6501 	EXP 	text_rating: autoDraw = False
550.6501 	EXP 	slider_cong: autoDraw = False
550.6501 	EXP 	image_blank: autoDraw = True
552.8692 	EXP 	cross_25: autoDraw = True
553.1334 	EXP 	cross_25: autoDraw = False
553.1567 	EXP 	image_blank: autoDraw = False
553.1567 	EXP 	cross_25: autoDraw = False
553.1567 	EXP 	image_blank: autoDraw = False
553.1567 	EXP 	image_scene_encode: image = 'Scenes_Dataset/airplane_interior_A.jpg'
553.1567 	EXP 	image_object_encode: image = 'Objects_Dataset/oxygen_mask_retouched.png'
553.1567 	EXP 	slider_cong: markerPos = None
553.1567 	EXP 	slider_cong: markerPos = None
553.1567 	EXP 	image_scene_encode: autoDraw = True
553.1567 	EXP 	image_object_encode: autoDraw = True
555.6332 	INFO 	Keyboard events cleared
555.6331 	EXP 	text_rating: autoDraw = True
555.6331 	EXP 	slider_cong: autoDraw = True
556.2338 	DATA 	Keypress: num_3
558.1334 	EXP 	text_rating: autoDraw = False
558.1334 	EXP 	slider_cong: autoDraw = False
558.1522 	EXP 	New trial (rep=0, index=54): <Trial 54 (54 in rep 0) data={'Index': 47, 'Scene': 'Scenes_Dataset/entrance_hall_B.jpg', 'Scene_Size': (600, 421), 'Condition_Encode': 'Incongruent', 'Object_Encode': 'Objects_Dataset/movie_reels.png', 'Object_Size': (350, 268), 'Condition_Old': 'old', 'Correct_Key_Old': 'left', 'Obj_Lure': 'Objects_Dataset/payment_terminal.png', 'Lure_size': (285, 300), 'Target_pos': (300, 200), 'Lure_pos': (300, -200), 'Correct_key_AFC': 'up', 'jitter_ITI': 3, 'thisN': 54, 'thisTrialN': 54, 'thisRepN': 0}>
558.1672 	EXP 	image_scene_encode: autoDraw = False
558.1672 	EXP 	image_object_encode: autoDraw = False
558.1672 	EXP 	text_rating: autoDraw = False
558.1672 	EXP 	slider_cong: autoDraw = False
558.1672 	EXP 	image_blank: autoDraw = True
560.3844 	EXP 	cross_25: autoDraw = True
560.6340 	EXP 	cross_25: autoDraw = False
561.1712 	EXP 	image_blank: autoDraw = False
561.1712 	EXP 	cross_25: autoDraw = False
561.1712 	EXP 	image_blank: autoDraw = False
561.1712 	EXP 	image_scene_encode: image = 'Scenes_Dataset/entrance_hall_B.jpg'
561.1712 	EXP 	image_object_encode: image = 'Objects_Dataset/movie_reels.png'
561.1712 	EXP 	slider_cong: markerPos = None
561.1712 	EXP 	slider_cong: markerPos = None
561.1712 	EXP 	image_scene_encode: autoDraw = True
561.1712 	EXP 	image_object_encode: autoDraw = True
563.6500 	INFO 	Keyboard events cleared
563.6499 	EXP 	text_rating: autoDraw = True
563.6499 	EXP 	slider_cong: autoDraw = True
564.8008 	DATA 	Keypress: num_1
566.1503 	EXP 	text_rating: autoDraw = False
566.1503 	EXP 	slider_cong: autoDraw = False
566.1686 	EXP 	New trial (rep=0, index=55): <Trial 55 (55 in rep 0) data={'Index': 59, 'Scene': 'Scenes_Dataset/golf_course_A.jpg', 'Scene_Size': (600, 400), 'Condition_Encode': 'Incongruent', 'Object_Encode': 'Objects_Dataset/clothesline_retouched_2.png', 'Object_Size': (350, 231), 'Condition_Old': 'old', 'Correct_Key_Old': 'left', 'Obj_Lure': 'Objects_Dataset/computer_monitor.png', 'Lure_size': (300, 300), 'Target_pos': (300, 200), 'Lure_pos': (300, -200), 'Correct_key_AFC': 'up', 'jitter_ITI': 2.3, 'thisN': 55, 'thisTrialN': 55, 'thisRepN': 0}>
566.1836 	EXP 	image_scene_encode: autoDraw = False
566.1836 	EXP 	image_object_encode: autoDraw = False
566.1836 	EXP 	text_rating: autoDraw = False
566.1836 	EXP 	slider_cong: autoDraw = False
566.1836 	EXP 	image_blank: autoDraw = True
568.4003 	EXP 	cross_25: autoDraw = True
568.4837 	EXP 	image_blank: autoDraw = False
568.6561 	EXP 	cross_25: autoDraw = False
568.6561 	EXP 	cross_25: autoDraw = False
568.6561 	EXP 	image_blank: autoDraw = False
568.6561 	EXP 	image_scene_encode: image = 'Scenes_Dataset/golf_course_A.jpg'
568.6561 	EXP 	image_object_encode: image = 'Objects_Dataset/clothesline_retouched_2.png'
568.6561 	EXP 	slider_cong: markerPos = None
568.6561 	EXP 	slider_cong: markerPos = None
568.6561 	EXP 	image_scene_encode: autoDraw = True
568.6561 	EXP 	image_object_encode: autoDraw = True
571.1333 	INFO 	Keyboard events cleared
571.1333 	EXP 	text_rating: autoDraw = True
571.1333 	EXP 	slider_cong: autoDraw = True
571.7210 	DATA 	Keypress: num_1
573.6336 	EXP 	text_rating: autoDraw = False
573.6336 	EXP 	slider_cong: autoDraw = False
573.6519 	EXP 	New trial (rep=0, index=56): <Trial 56 (56 in rep 0) data={'Index': 31, 'Scene': 'Scenes_Dataset/balcony.jpg', 'Scene_Size': (600, 450), 'Condition_Encode': 'Incongruent', 'Object_Encode': 'Objects_Dataset/car_key.png', 'Object_Size': (300, 125), 'Condition_Old': 'old', 'Correct_Key_Old': 'left', 'Obj_Lure': 'Objects_Dataset/staple_puller_retouched.png', 'Lure_size': (400, 400), 'Target_pos': (300, 200), 'Lure_pos': (300, -200), 'Correct_key_AFC': 'up', 'jitter_ITI': 2.2, 'thisN': 56, 'thisTrialN': 56, 'thisRepN': 0}>
573.6671 	EXP 	image_scene_encode: autoDraw = False
573.6671 	EXP 	image_object_encode: autoDraw = False
573.6671 	EXP 	text_rating: autoDraw = False
573.6671 	EXP 	slider_cong: autoDraw = False
573.6671 	EXP 	image_blank: autoDraw = True
575.8670 	EXP 	image_blank: autoDraw = False
575.8837 	EXP 	cross_25: autoDraw = True
576.1374 	EXP 	cross_25: autoDraw = False
576.1374 	EXP 	cross_25: autoDraw = False
576.1374 	EXP 	image_blank: autoDraw = False
576.1374 	EXP 	image_scene_encode: image = 'Scenes_Dataset/balcony.jpg'
576.1374 	EXP 	image_object_encode: image = 'Objects_Dataset/car_key.png'
576.1374 	EXP 	slider_cong: markerPos = None
576.1374 	EXP 	slider_cong: markerPos = None
576.1374 	EXP 	image_scene_encode: autoDraw = True
576.1374 	EXP 	image_object_encode: autoDraw = True
578.6199 	INFO 	Keyboard events cleared
578.6198 	EXP 	text_rating: autoDraw = True
578.6198 	EXP 	slider_cong: autoDraw = True
579.6339 	DATA 	Keypress: num_1
581.1188 	EXP 	text_rating: autoDraw = False
581.1188 	EXP 	slider_cong: autoDraw = False
581.1199 	EXP 	New trial (rep=0, index=57): <Trial 57 (57 in rep 0) data={'Index': 56, 'Scene': 'Scenes_Dataset/fountain_A.jpg', 'Scene_Size': (600, 443), 'Condition_Encode': 'Incongruent', 'Object_Encode': 'Objects_Dataset/plasticine.png', 'Object_Size': (250, 167), 'Condition_Old': 'old', 'Correct_Key_Old': 'left', 'Obj_Lure': 'Objects_Dataset/hands_dryer.png', 'Lure_size': (350, 267), 'Target_pos': (300, 200), 'Lure_pos': (300, -200), 'Correct_key_AFC': 'up', 'jitter_ITI': 2.15, 'thisN': 57, 'thisTrialN': 57, 'thisRepN': 0}>
581.1339 	EXP 	image_scene_encode: autoDraw = False
581.1339 	EXP 	image_object_encode: autoDraw = False
581.1339 	EXP 	text_rating: autoDraw = False
581.1339 	EXP 	slider_cong: autoDraw = False
581.1339 	EXP 	image_blank: autoDraw = True
583.2839 	EXP 	image_blank: autoDraw = False
583.3673 	EXP 	cross_25: autoDraw = True
583.6234 	EXP 	cross_25: autoDraw = False
583.6234 	EXP 	cross_25: autoDraw = False
583.6234 	EXP 	image_blank: autoDraw = False
583.6234 	EXP 	image_scene_encode: image = 'Scenes_Dataset/fountain_A.jpg'
583.6234 	EXP 	image_object_encode: image = 'Objects_Dataset/plasticine.png'
583.6234 	EXP 	slider_cong: markerPos = None
583.6234 	EXP 	slider_cong: markerPos = None
583.6234 	EXP 	image_scene_encode: autoDraw = True
583.6234 	EXP 	image_object_encode: autoDraw = True
586.1004 	INFO 	Keyboard events cleared
586.1003 	EXP 	text_rating: autoDraw = True
586.1003 	EXP 	slider_cong: autoDraw = True
586.5228 	DATA 	Keypress: num_1
588.6008 	EXP 	text_rating: autoDraw = False
588.6008 	EXP 	slider_cong: autoDraw = False
588.6190 	EXP 	New trial (rep=0, index=58): <Trial 58 (58 in rep 0) data={'Index': 18, 'Scene': 'Scenes_Dataset/soccer_stadium_B.jpg', 'Scene_Size': (600, 400), 'Condition_Encode': 'Congruent', 'Object_Encode': 'Objects_Dataset/football_boots.png', 'Object_Size': (300, 300), 'Condition_Old': 'old', 'Correct_Key_Old': 'left', 'Obj_Lure': 'Objects_Dataset/whistle.png', 'Lure_size': (200, 151), 'Target_pos': (300, -200), 'Lure_pos': (300, 200), 'Correct_key_AFC': 'down', 'jitter_ITI': 2.85, 'thisN': 58, 'thisTrialN': 58, 'thisRepN': 0}>
588.6364 	EXP 	image_scene_encode: autoDraw = False
588.6364 	EXP 	image_object_encode: autoDraw = False
588.6364 	EXP 	text_rating: autoDraw = False
588.6364 	EXP 	slider_cong: autoDraw = False
588.6364 	EXP 	image_blank: autoDraw = True
590.8508 	EXP 	cross_25: autoDraw = True
591.1008 	EXP 	cross_25: autoDraw = False
591.5050 	EXP 	image_blank: autoDraw = False
591.5050 	EXP 	cross_25: autoDraw = False
591.5050 	EXP 	image_blank: autoDraw = False
591.5050 	EXP 	image_scene_encode: image = 'Scenes_Dataset/soccer_stadium_B.jpg'
591.5050 	EXP 	image_object_encode: image = 'Objects_Dataset/football_boots.png'
591.5050 	EXP 	slider_cong: markerPos = None
591.5050 	EXP 	slider_cong: markerPos = None
591.5050 	EXP 	image_scene_encode: autoDraw = True
591.5050 	EXP 	image_object_encode: autoDraw = True
593.9838 	INFO 	Keyboard events cleared
593.9838 	EXP 	text_rating: autoDraw = True
593.9838 	EXP 	slider_cong: autoDraw = True
594.5013 	DATA 	Keypress: num_3
596.5008 	EXP 	text_rating: autoDraw = False
596.5008 	EXP 	slider_cong: autoDraw = False
596.5022 	EXP 	New trial (rep=0, index=59): <Trial 59 (59 in rep 0) data={'Index': 15, 'Scene': 'Scenes_Dataset/river_A.jpg', 'Scene_Size': (600, 450), 'Condition_Encode': 'Congruent', 'Object_Encode': 'Objects_Dataset/kayak.png', 'Object_Size': (450, 338), 'Condition_Old': 'old', 'Correct_Key_Old': 'left', 'Obj_Lure': 'Objects_Dataset/paddle.png', 'Lure_size': (300, 299), 'Target_pos': (300, -200), 'Lure_pos': (300, 200), 'Correct_key_AFC': 'down', 'jitter_ITI': 2.7, 'thisN': 59, 'thisTrialN': 59, 'thisRepN': 0}>
596.5175 	EXP 	image_scene_encode: autoDraw = False
596.5175 	EXP 	image_object_encode: autoDraw = False
596.5175 	EXP 	text_rating: autoDraw = False
596.5175 	EXP 	slider_cong: autoDraw = False
596.5175 	EXP 	image_blank: autoDraw = True
598.7343 	EXP 	cross_25: autoDraw = True
598.9842 	EXP 	cross_25: autoDraw = False
599.2288 	EXP 	image_blank: autoDraw = False
599.2288 	EXP 	cross_25: autoDraw = False
599.2288 	EXP 	image_blank: autoDraw = False
599.2288 	EXP 	image_scene_encode: image = 'Scenes_Dataset/river_A.jpg'
599.2288 	EXP 	image_object_encode: image = 'Objects_Dataset/kayak.png'
599.2288 	EXP 	slider_cong: markerPos = None
599.2288 	EXP 	slider_cong: markerPos = None
599.2288 	EXP 	image_scene_encode: autoDraw = True
599.2288 	EXP 	image_object_encode: autoDraw = True
601.7006 	INFO 	Keyboard events cleared
601.7006 	EXP 	text_rating: autoDraw = True
601.7006 	EXP 	slider_cong: autoDraw = True
603.0016 	DATA 	Keypress: num_2
604.2012 	EXP 	text_rating: autoDraw = False
604.2012 	EXP 	slider_cong: autoDraw = False
604.2177 	EXP 	image_scene_encode: autoDraw = False
604.2177 	EXP 	image_object_encode: autoDraw = False
604.2177 	EXP 	text_rating: autoDraw = False
604.2177 	EXP 	slider_cong: autoDraw = False
604.2177 	EXP 	text_pausa1: autoDraw = True
611.7990 	EXP 	Created unnamed TextStim = TextStim(__class__=<class 'psychopy.visual.text.TextStim'>, alignHoriz=method-wrapper(...), alignText='center', alignVert=method-wrapper(...), anchorHoriz='center', anchorVert='center', antialias=True, autoDraw=False, autoLog=True, bold=False, color=array([1., 1., 1.]), colorSpace='rgb', contrast=1.0, depth=0, draggable=False, flipHoriz=False, flipVert=False, font='', fontFiles=[], height=0.05, italic=False, languageStyle='LTR', name='unnamed TextStim', opacity=1.0, ori=0.0, pos=array([0., 0.]), rgb=UNKNOWN, text=str(...), units='height', win=Window(...), wrapWidth=1.75)
611.8070 	EXP 	Created unnamed TextStim = TextStim(__class__=<class 'psychopy.visual.text.TextStim'>, alignHoriz=method-wrapper(...), alignText='center', alignVert=method-wrapper(...), anchorHoriz='center', anchorVert='center', antialias=True, autoDraw=False, autoLog=True, bold=False, color=array([1., 1., 1.]), colorSpace='rgb', contrast=1.0, depth=0, draggable=False, flipHoriz=False, flipVert=False, font='', fontFiles=[], height=0.25, italic=False, languageStyle='LTR', name='unnamed TextStim', opacity=1.0, ori=0.0, pos=array([0., 0.]), rgb=UNKNOWN, text='+', units='height', win=Window(...), wrapWidth=1)
611.8075 	EXP 	Created unnamed TextStim = TextStim(__class__=<class 'psychopy.visual.text.TextStim'>, alignHoriz=method-wrapper(...), alignText='center', alignVert=method-wrapper(...), anchorHoriz='center', anchorVert='center', antialias=True, autoDraw=False, autoLog=True, bold=False, color=array([1., 1., 1.]), colorSpace='rgb', contrast=1.0, depth=0, draggable=False, flipHoriz=False, flipVert=False, font='', fontFiles=[], height=0.07, italic=False, languageStyle='LTR', name='unnamed TextStim', opacity=1.0, ori=0.0, pos=array([0., 0.]), rgb=UNKNOWN, text='', units='height', win=Window(...), wrapWidth=1)
611.8124 	EXP 	Created unnamed ImageStim = ImageStim(__class__=<class 'psychopy.visual.image.ImageStim'>, anchor=('center', 'center'), autoLog=True, color=array([1., 1., 1.]), colorSpace='rgb', contrast=1.0, depth=0, draggable=False, flipHoriz=False, flipVert=False, image='go_nogo_stim\\Go_stim_1.png', interpolate=False, mask=None, maskParams=None, name='unnamed ImageStim', opacity=1, ori=0.0, pos=array([0., 0.]), size=array([0.7, 0.7]), texRes=128, units='height', win=Window(...))
611.8173 	EXP 	Created unnamed ImageStim = ImageStim(__class__=<class 'psychopy.visual.image.ImageStim'>, anchor=('center', 'center'), autoLog=True, color=array([1., 1., 1.]), colorSpace='rgb', contrast=1.0, depth=0, draggable=False, flipHoriz=False, flipVert=False, image='go_nogo_stim\\Go_stim_2.png', interpolate=False, mask=None, maskParams=None, name='unnamed ImageStim', opacity=1, ori=0.0, pos=array([0., 0.]), size=array([0.7, 0.7]), texRes=128, units='height', win=Window(...))
611.8221 	EXP 	Created unnamed ImageStim = ImageStim(__class__=<class 'psychopy.visual.image.ImageStim'>, anchor=('center', 'center'), autoLog=True, color=array([1., 1., 1.]), colorSpace='rgb', contrast=1.0, depth=0, draggable=False, flipHoriz=False, flipVert=False, image='go_nogo_stim\\Go_stim_3.png', interpolate=False, mask=None, maskParams=None, name='unnamed ImageStim', opacity=1, ori=0.0, pos=array([0., 0.]), size=array([0.7, 0.7]), texRes=128, units='height', win=Window(...))
611.8266 	EXP 	Created unnamed ImageStim = ImageStim(__class__=<class 'psychopy.visual.image.ImageStim'>, anchor=('center', 'center'), autoLog=True, color=array([1., 1., 1.]), colorSpace='rgb', contrast=1.0, depth=0, draggable=False, flipHoriz=False, flipVert=False, image='go_nogo_stim\\Go_stim_4.png', interpolate=False, mask=None, maskParams=None, name='unnamed ImageStim', opacity=1, ori=0.0, pos=array([0., 0.]), size=array([0.7, 0.7]), texRes=128, units='height', win=Window(...))
611.8310 	EXP 	Created unnamed ImageStim = ImageStim(__class__=<class 'psychopy.visual.image.ImageStim'>, anchor=('center', 'center'), autoLog=True, color=array([1., 1., 1.]), colorSpace='rgb', contrast=1.0, depth=0, draggable=False, flipHoriz=False, flipVert=False, image='go_nogo_stim\\NoGo_stim.png', interpolate=False, mask=None, maskParams=None, name='unnamed ImageStim', opacity=1, ori=0.0, pos=array([0., 0.]), size=array([0.7, 0.7]), texRes=128, units='height', win=Window(...))
611.8317 	DATA 	Keypress: space
611.8359 	EXP 	text_pausa1: autoDraw = False
615.7117 	DATA 	Keypress: space
615.7181 	EXP 	Created unnamed TextStim = TextStim(__class__=<class 'psychopy.visual.text.TextStim'>, alignHoriz=method-wrapper(...), alignText='center', alignVert=method-wrapper(...), anchorHoriz='center', anchorVert='center', antialias=True, autoDraw=False, autoLog=True, bold=False, color=array([1., 1., 1.]), colorSpace='rgb', contrast=1.0, depth=0, draggable=False, flipHoriz=False, flipVert=False, font='', fontFiles=[], height=0.06, italic=False, languageStyle='LTR', name='unnamed TextStim', opacity=1.0, ori=0.0, pos=array([0. , 0.4]), rgb=UNKNOWN, text='INSTRUÇÕES', units='height', win=Window(...), wrapWidth=1)
615.7230 	EXP 	Created unnamed TextStim = TextStim(__class__=<class 'psychopy.visual.text.TextStim'>, alignHoriz=method-wrapper(...), alignText='center', alignVert=method-wrapper(...), anchorHoriz='center', anchorVert='center', antialias=True, autoDraw=False, autoLog=True, bold=False, color=array([1., 1., 1.]), colorSpace='rgb', contrast=1.0, depth=0, draggable=False, flipHoriz=False, flipVert=False, font='', fontFiles=[], height=0.05, italic=False, languageStyle='LTR', name='unnamed TextStim', opacity=1.0, ori=0.0, pos=array([0. , 0.3]), rgb=UNKNOWN, text='PRIMA ESPAÇO quando vir:', units='height', win=Window(...), wrapWidth=1)
615.7281 	EXP 	Created unnamed ImageStim = ImageStim(__class__=<class 'psychopy.visual.image.ImageStim'>, anchor=('center', 'center'), autoLog=True, color=array([1., 1., 1.]), colorSpace='rgb', contrast=1.0, depth=0, draggable=False, flipHoriz=False, flipVert=False, image='go_nogo_stim\\Go_stim_1.png', interpolate=False, mask=None, maskParams=None, name='unnamed ImageStim', opacity=1, ori=0.0, pos=array([-0.4 ,  0.15]), size=array([0.25, 0.25]), texRes=128, units='height', win=Window(...))
615.7329 	EXP 	Created unnamed ImageStim = ImageStim(__class__=<class 'psychopy.visual.image.ImageStim'>, anchor=('center', 'center'), autoLog=True, color=array([1., 1., 1.]), colorSpace='rgb', contrast=1.0, depth=0, draggable=False, flipHoriz=False, flipVert=False, image='go_nogo_stim\\Go_stim_2.png', interpolate=False, mask=None, maskParams=None, name='unnamed ImageStim', opacity=1, ori=0.0, pos=array([-0.13,  0.15]), size=array([0.25, 0.25]), texRes=128, units='height', win=Window(...))
615.7379 	EXP 	Created unnamed ImageStim = ImageStim(__class__=<class 'psychopy.visual.image.ImageStim'>, anchor=('center', 'center'), autoLog=True, color=array([1., 1., 1.]), colorSpace='rgb', contrast=1.0, depth=0, draggable=False, flipHoriz=False, flipVert=False, image='go_nogo_stim\\Go_stim_3.png', interpolate=False, mask=None, maskParams=None, name='unnamed ImageStim', opacity=1, ori=0.0, pos=array([0.13, 0.15]), size=array([0.25, 0.25]), texRes=128, units='height', win=Window(...))
615.7426 	EXP 	Created unnamed ImageStim = ImageStim(__class__=<class 'psychopy.visual.image.ImageStim'>, anchor=('center', 'center'), autoLog=True, color=array([1., 1., 1.]), colorSpace='rgb', contrast=1.0, depth=0, draggable=False, flipHoriz=False, flipVert=False, image='go_nogo_stim\\Go_stim_4.png', interpolate=False, mask=None, maskParams=None, name='unnamed ImageStim', opacity=1, ori=0.0, pos=array([0.4 , 0.15]), size=array([0.25, 0.25]), texRes=128, units='height', win=Window(...))
615.7446 	EXP 	Created unnamed TextStim = TextStim(__class__=<class 'psychopy.visual.text.TextStim'>, alignHoriz=method-wrapper(...), alignText='center', alignVert=method-wrapper(...), anchorHoriz='center', anchorVert='center', antialias=True, autoDraw=False, autoLog=True, bold=False, color=array([1., 1., 1.]), colorSpace='rgb', contrast=1.0, depth=0, draggable=False, flipHoriz=False, flipVert=False, font='', fontFiles=[], height=0.05, italic=False, languageStyle='LTR', name='unnamed TextStim', opacity=1.0, ori=0.0, pos=array([ 0.  , -0.05]), rgb=UNKNOWN, text='NÃO PRIMA quando vir:', units='height', win=Window(...), wrapWidth=1)
615.7495 	EXP 	Created unnamed ImageStim = ImageStim(__class__=<class 'psychopy.visual.image.ImageStim'>, anchor=('center', 'center'), autoLog=True, color=array([1., 1., 1.]), colorSpace='rgb', contrast=1.0, depth=0, draggable=False, flipHoriz=False, flipVert=False, image='go_nogo_stim\\NoGo_stim.png', interpolate=False, mask=None, maskParams=None, name='unnamed ImageStim', opacity=1, ori=0.0, pos=array([ 0. , -0.2]), size=array([0.25, 0.25]), texRes=128, units='height', win=Window(...))
615.7547 	EXP 	Created unnamed TextStim = TextStim(__class__=<class 'psychopy.visual.text.TextStim'>, alignHoriz=method-wrapper(...), alignText='center', alignVert=method-wrapper(...), anchorHoriz='center', anchorVert='center', antialias=True, autoDraw=False, autoLog=True, bold=False, color=array([1., 1., 1.]), colorSpace='rgb', contrast=1.0, depth=0, draggable=False, flipHoriz=False, flipVert=False, font='', fontFiles=[], height=0.045, italic=False, languageStyle='LTR', name='unnamed TextStim', opacity=1.0, ori=0.0, pos=array([ 0. , -0.4]), rgb=UNKNOWN, text=str(...), units='height', win=Window(...), wrapWidth=1)
639.3357 	DATA 	Keypress: space
641.1356 	DATA 	Keypress: space
641.1417 	EXP 	unnamed TextStim: height = 0.07
641.1417 	EXP 	unnamed TextStim: height = 0.07
641.1417 	EXP 	unnamed TextStim: height = 0.07
641.1417 	EXP 	unnamed TextStim: text = '✓ Correto!'
641.1417 	EXP 	unnamed TextStim: foreColor = 'green'
644.2542 	DATA 	No keypress (maxWait exceeded)
644.2563 	EXP 	unnamed TextStim: text = '✓ Correto!'
644.2563 	EXP 	unnamed TextStim: foreColor = 'green'
646.9356 	DATA 	Keypress: space
646.9379 	EXP 	unnamed TextStim: text = '✓ Correto!'
646.9379 	EXP 	unnamed TextStim: foreColor = 'green'
649.6637 	DATA 	Keypress: space
649.6660 	EXP 	unnamed TextStim: text = '✓ Correto!'
649.6660 	EXP 	unnamed TextStim: foreColor = 'green'
652.7775 	DATA 	No keypress (maxWait exceeded)
652.7796 	EXP 	unnamed TextStim: text = '✓ Correto!'
652.7796 	EXP 	unnamed TextStim: foreColor = 'green'
655.6960 	DATA 	Keypress: space
655.6983 	EXP 	unnamed TextStim: text = '✓ Correto!'
655.6983 	EXP 	unnamed TextStim: foreColor = 'green'
657.0197 	EXP 	Created unnamed TextStim = TextStim(__class__=<class 'psychopy.visual.text.TextStim'>, alignHoriz=method-wrapper(...), alignText='center', alignVert=method-wrapper(...), anchorHoriz='center', anchorVert='center', antialias=True, autoDraw=False, autoLog=True, bold=False, color=array([1., 1., 1.]), colorSpace='rgb', contrast=1.0, depth=0, draggable=False, flipHoriz=False, flipVert=False, font='', fontFiles=[], height=0.05, italic=False, languageStyle='LTR', name='unnamed TextStim', opacity=1.0, ori=0.0, pos=array([0., 0.]), rgb=UNKNOWN, text=str(...), units='height', win=Window(...), wrapWidth=1)
660.8157 	DATA 	Keypress: space
661.8637 	DATA 	Keypress: space
663.8717 	DATA 	Keypress: space
665.4799 	DATA 	Keypress: space
667.1517 	DATA 	Keypress: space
668.8957 	DATA 	Keypress: space
670.5757 	DATA 	Keypress: space
672.2557 	DATA 	Keypress: space
673.9356 	DATA 	Keypress: space
675.5608 	DATA 	Keypress: space
677.0316 	DATA 	Keypress: space
678.4636 	DATA 	Keypress: space
680.0879 	DATA 	Keypress: space
682.2333 	DATA 	No keypress (maxWait exceeded)
683.6639 	DATA 	Keypress: space
685.2796 	DATA 	Keypress: space
687.3554 	DATA 	No keypress (maxWait exceeded)
689.1047 	DATA 	Keypress: space
690.9835 	DATA 	No keypress (maxWait exceeded)
692.3996 	DATA 	Keypress: space
693.9677 	DATA 	Keypress: space
695.4957 	DATA 	Keypress: space
697.4333 	DATA 	No keypress (maxWait exceeded)
699.1359 	DATA 	Keypress: space
700.7120 	DATA 	Keypress: space
701.9839 	DATA 	Keypress: space
703.3358 	DATA 	Keypress: space
704.9365 	DATA 	Keypress: space
706.5286 	DATA 	Keypress: space
708.5751 	DATA 	No keypress (maxWait exceeded)
710.1436 	DATA 	Keypress: space
711.6967 	DATA 	Keypress: space
713.4155 	DATA 	Keypress: space
715.0156 	DATA 	Keypress: space
716.3437 	DATA 	Keypress: space
717.9197 	DATA 	Keypress: space
719.3275 	DATA 	Keypress: space
720.9195 	DATA 	Keypress: space
722.3520 	DATA 	Keypress: space
723.9035 	DATA 	Keypress: space
725.2726 	DATA 	Keypress: space
727.2685 	DATA 	No keypress (maxWait exceeded)
729.2700 	DATA 	No keypress (maxWait exceeded)
730.5757 	DATA 	Keypress: space
732.0717 	DATA 	Keypress: space
733.5275 	DATA 	Keypress: space
734.8238 	DATA 	Keypress: space
736.4238 	DATA 	Keypress: space
737.8647 	DATA 	Keypress: space
739.4398 	DATA 	Keypress: space
741.1277 	DATA 	Keypress: space
742.7279 	DATA 	Keypress: space
744.3196 	DATA 	Keypress: space
745.9836 	DATA 	Keypress: space
748.0834 	DATA 	No keypress (maxWait exceeded)
750.2745 	DATA 	No keypress (maxWait exceeded)
752.4616 	DATA 	No keypress (maxWait exceeded)
753.8879 	DATA 	Keypress: space
755.6475 	DATA 	Keypress: space
757.6169 	DATA 	No keypress (maxWait exceeded)
759.2077 	DATA 	Keypress: space
761.0075 	DATA 	Keypress: space
763.0343 	DATA 	No keypress (maxWait exceeded)
764.4639 	DATA 	Keypress: space
766.4284 	DATA 	No keypress (maxWait exceeded)
768.5664 	DATA 	No keypress (maxWait exceeded)
770.0076 	DATA 	Keypress: space
771.5838 	DATA 	Keypress: space
773.1203 	DATA 	Keypress: space
774.5756 	DATA 	Keypress: space
776.1916 	DATA 	Keypress: space
778.1220 	DATA 	No keypress (maxWait exceeded)
779.4636 	DATA 	Keypress: space
780.9517 	DATA 	Keypress: space
782.3596 	DATA 	Keypress: space
784.0157 	DATA 	Keypress: space
785.4478 	DATA 	Keypress: space
787.5540 	DATA 	No keypress (maxWait exceeded)
788.9437 	DATA 	Keypress: space
790.5599 	DATA 	Keypress: space
792.5910 	DATA 	No keypress (maxWait exceeded)
794.8098 	DATA 	No keypress (maxWait exceeded)
796.4798 	DATA 	Keypress: space
798.0636 	DATA 	Keypress: space
799.6559 	DATA 	Keypress: space
801.3682 	DATA 	Keypress: space
803.1756 	DATA 	Keypress: space
804.8318 	DATA 	Keypress: space
806.4718 	DATA 	Keypress: space
807.9839 	DATA 	Keypress: space
809.4315 	DATA 	Keypress: space
811.1119 	DATA 	Keypress: space
813.2712 	DATA 	No keypress (maxWait exceeded)
814.6728 	DATA 	Keypress: space
816.1607 	DATA 	Keypress: space
817.8956 	DATA 	Keypress: space
819.3276 	DATA 	Keypress: space
821.1756 	DATA 	Keypress: space
822.8556 	DATA 	Keypress: space
824.2719 	DATA 	Keypress: space
825.6563 	DATA 	Keypress: space
826.2451 	EXP 	Created unnamed TextStim = TextStim(__class__=<class 'psychopy.visual.text.TextStim'>, alignHoriz=method-wrapper(...), alignText='center', alignVert=method-wrapper(...), anchorHoriz='center', anchorVert='center', antialias=True, autoDraw=False, autoLog=True, bold=False, color=array([-1., -1., -1.]), colorSpace='rgb', contrast=1.0, depth=0, draggable=False, flipHoriz=False, flipVert=False, font='', fontFiles=[], height=0.04, italic=False, languageStyle='LTR', name='unnamed TextStim', opacity=1.0, ori=0.0, pos=array([0., 0.]), rgb=UNKNOWN, text=str(...), units='height', win=Window(...), wrapWidth=1.8)
827.7835 	DATA 	Keypress: space
827.7905 	EXP 	text_endGo: autoDraw = True
829.7880 	EXP 	text_call: autoDraw = True
829.8049 	EXP 	text_endGo: autoDraw = False
837.7882 	INFO 	Keyboard events cleared
839.7879 	EXP 	text_call: autoDraw = False
1484.3188 	DATA 	Keypress: space
1484.3316 	INFO 	Keyboard events cleared
1484.3315 	EXP 	text_endGo: autoDraw = False
1484.3315 	EXP 	text_call: autoDraw = False
1484.3315 	EXP 	text_retomar: autoDraw = True
1489.8859 	DATA 	Keypress: space
1489.8980 	INFO 	Keyboard events cleared
1489.8977 	EXP 	text_retomar: autoDraw = False
1489.8977 	EXP 	text_explain_recall: autoDraw = True
1496.5021 	DATA 	Keypress: space
1496.5146 	INFO 	Keyboard events cleared
1496.5145 	EXP 	text_explain_recall: autoDraw = False
1496.5145 	EXP 	text_explain_old_new: autoDraw = True
1515.1919 	EXP 	Imported Exemplo_old.xlsx as conditions, 4 conditions, 5 params
1515.1922 	EXP 	New trial (rep=0, index=0): <Trial 0 (0 in rep 0) data={'Index': 3, 'ex_scene_old_new': 'Scenes_Dataset/temple_A.jpg', 'scene_size': (600, 358), 'condition_encode': 'new', 'jitter_ITI': 2.5, 'thisN': 0, 'thisTrialN': 0, 'thisRepN': 0}>
1515.1926 	DATA 	Keypress: space
1515.1978 	EXP 	text_explain_old_new: autoDraw = False
1515.1978 	EXP 	image_blank: autoDraw = True
1517.4321 	EXP 	cross_25: autoDraw = True
1517.6818 	EXP 	cross_25: autoDraw = False
1517.6994 	INFO 	Keyboard events cleared
1517.6993 	EXP 	image_blank: autoDraw = False
1517.6993 	EXP 	cross_25: autoDraw = False
1517.6993 	EXP 	image_blank: autoDraw = False
1517.6993 	EXP 	image_exemplo_old_new: image = 'Scenes_Dataset/temple_A.jpg'
1517.6993 	EXP 	image_exemplo_old_new: autoDraw = True
1517.6993 	EXP 	text_ex_old: autoDraw = True
1519.8338 	DATA 	Keypress: left
1520.6824 	EXP 	New trial (rep=0, index=1): <Trial 1 (1 in rep 0) data={'Index': 4, 'ex_scene_old_new': 'Scenes_Dataset/athletics_track_A', 'scene_size': (600, 450), 'condition_encode': 'new', 'jitter_ITI': 3.25, 'thisN': 1, 'thisTrialN': 1, 'thisRepN': 0}>
1520.6997 	EXP 	image_exemplo_old_new: autoDraw = False
1520.6997 	EXP 	text_ex_old: autoDraw = False
1520.6997 	EXP 	image_exemplo_old_new: autoDraw = False
1520.6997 	EXP 	text_ex_old: autoDraw = False
1520.6997 	EXP 	image_blank: autoDraw = True
1522.9316 	EXP 	cross_25: autoDraw = True
1523.1817 	EXP 	cross_25: autoDraw = False
1523.9499 	WARNING 	Requested image 'Scenes_Dataset/athletics_track_A' not found but similar filename 'Scenes_Dataset/athletics_track_A.jpg' exists. This will be used instead but changing the filename is advised.
1523.9703 	INFO 	Keyboard events cleared
1523.9702 	EXP 	image_blank: autoDraw = False
1523.9702 	EXP 	cross_25: autoDraw = False
1523.9702 	EXP 	image_blank: autoDraw = False
1523.9702 	EXP 	image_exemplo_old_new: image = 'Scenes_Dataset/athletics_track_A'
1523.9702 	EXP 	image_exemplo_old_new: autoDraw = True
1523.9702 	EXP 	text_ex_old: autoDraw = True
1526.6006 	DATA 	Keypress: right
1526.9661 	EXP 	New trial (rep=0, index=2): <Trial 2 (2 in rep 0) data={'Index': 1, 'ex_scene_old_new': 'Scenes_Dataset/sky_A.jpg', 'scene_size': (600, 398), 'condition_encode': ' old', 'jitter_ITI': 2, 'thisN': 2, 'thisTrialN': 2, 'thisRepN': 0}>
1526.9817 	EXP 	image_exemplo_old_new: autoDraw = False
1526.9817 	EXP 	text_ex_old: autoDraw = False
1526.9817 	EXP 	image_blank: autoDraw = True
1528.9817 	EXP 	image_blank: autoDraw = False
1529.1984 	EXP 	cross_25: autoDraw = True
1529.4485 	INFO 	Keyboard events cleared
1529.4484 	EXP 	cross_25: autoDraw = False
1529.4484 	EXP 	cross_25: autoDraw = False
1529.4484 	EXP 	image_blank: autoDraw = False
1529.4484 	EXP 	image_exemplo_old_new: image = 'Scenes_Dataset/sky_A.jpg'
1529.4484 	EXP 	image_exemplo_old_new: autoDraw = True
1529.4484 	EXP 	text_ex_old: autoDraw = True
1531.4180 	DATA 	Keypress: right
1532.4327 	EXP 	New trial (rep=0, index=3): <Trial 3 (3 in rep 0) data={'Index': 2, 'ex_scene_old_new': 'Scenes_Dataset/painting_workshop_A.jpg', 'scene_size': (600, 450), 'condition_encode': 'old', 'jitter_ITI': 3, 'thisN': 3, 'thisTrialN': 3, 'thisRepN': 0}>
1532.4484 	EXP 	image_exemplo_old_new: autoDraw = False
1532.4484 	EXP 	text_ex_old: autoDraw = False
1532.4484 	EXP 	image_exemplo_old_new: autoDraw = False
1532.4484 	EXP 	text_ex_old: autoDraw = False
1532.4484 	EXP 	image_blank: autoDraw = True
1534.6818 	EXP 	cross_25: autoDraw = True
1534.9325 	EXP 	cross_25: autoDraw = False
1535.4507 	INFO 	Keyboard events cleared
1535.4507 	EXP 	image_blank: autoDraw = False
1535.4507 	EXP 	cross_25: autoDraw = False
1535.4507 	EXP 	image_blank: autoDraw = False
1535.4507 	EXP 	image_exemplo_old_new: image = 'Scenes_Dataset/painting_workshop_A.jpg'
1535.4507 	EXP 	image_exemplo_old_new: autoDraw = True
1535.4507 	EXP 	text_ex_old: autoDraw = True
1537.4005 	DATA 	Keypress: left
1538.4655 	INFO 	Keyboard events cleared
1538.4653 	EXP 	image_exemplo_old_new: autoDraw = False
1538.4653 	EXP 	text_ex_old: autoDraw = False
1538.4653 	EXP 	text_start_recall: autoDraw = True
1542.5928 	EXP 	Imported Encode_Pairs.xlsx as conditions, 90 conditions, 14 params
1542.5934 	EXP 	New trial (rep=0, index=0): <Trial 0 (0 in rep 0) data={'Index': 58, 'Scene': 'Scenes_Dataset/museum_A.jpg', 'Scene_Size': (600, 337), 'Condition_Encode': 'Incongruent', 'Object_Encode': 'Objects_Dataset/bikini.png', 'Object_Size': (350, 350), 'Condition_Old': 'old', 'Correct_Key_Old': 'left', 'Obj_Lure': 'Objects_Dataset/clothesline_retouched_2.png', 'Lure_size': (350, 231), 'Target_pos': (300, 200), 'Lure_pos': (300, -200), 'Correct_key_AFC': 'up', 'jitter_ITI': 2.25, 'thisN': 0, 'thisTrialN': 0, 'thisRepN': 0}>
1542.5937 	DATA 	Keypress: space
1542.5982 	EXP 	text_start_recall: autoDraw = False
1542.5982 	EXP 	image_blank: autoDraw = True
1544.8154 	EXP 	cross_25: autoDraw = True
1544.8511 	EXP 	image_blank: autoDraw = False
1545.0664 	INFO 	Keyboard events cleared
1545.0663 	EXP 	cross_25: autoDraw = False
1545.0663 	EXP 	cross_25: autoDraw = False
1545.0663 	EXP 	image_blank: autoDraw = False
1545.0663 	EXP 	image_old_new: image = 'Scenes_Dataset/museum_A.jpg'
1545.0663 	EXP 	image_old_new: autoDraw = True
1545.0663 	EXP 	text_item: autoDraw = True
1546.8007 	DATA 	Keypress: left
1548.0507 	EXP 	New trial (rep=0, index=1): <Trial 1 (1 in rep 0) data={'Index': 78, 'Scene': 'Scenes_Dataset/market_A.jpg', 'Scene_Size': (600, 455), 'Condition_Encode': 'Lure', 'Object_Encode': None, 'Object_Size': None, 'Condition_Old': 'new', 'Correct_Key_Old': 'right', 'Obj_Lure': None, 'Lure_size': None, 'Target_pos': None, 'Lure_pos': None, 'Correct_key_AFC': None, 'jitter_ITI': 3, 'thisN': 1, 'thisTrialN': 1, 'thisRepN': 0}>
1548.0656 	EXP 	image_old_new: autoDraw = False
1548.0656 	EXP 	text_item: autoDraw = False
1548.0656 	EXP 	image_old_new: autoDraw = False
1548.0656 	EXP 	text_item: autoDraw = False
1548.0656 	EXP 	image_blank: autoDraw = True
1550.3156 	EXP 	cross_25: autoDraw = True
1550.5655 	EXP 	cross_25: autoDraw = False
1551.0731 	INFO 	Keyboard events cleared
1551.0731 	EXP 	image_blank: autoDraw = False
1551.0731 	EXP 	cross_25: autoDraw = False
1551.0731 	EXP 	image_blank: autoDraw = False
1551.0731 	EXP 	image_old_new: image = 'Scenes_Dataset/market_A.jpg'
1551.0731 	EXP 	image_old_new: autoDraw = True
1551.0731 	EXP 	text_item: autoDraw = True
1552.8509 	DATA 	Keypress: right
1554.0682 	EXP 	New trial (rep=0, index=2): <Trial 2 (2 in rep 0) data={'Index': 55, 'Scene': 'Scenes_Dataset/lake_A.jpg', 'Scene_Size': (600, 442), 'Condition_Encode': 'Incongruent', 'Object_Encode': 'Objects_Dataset/thermometer.png', 'Object_Size': (300, 199), 'Condition_Old': 'old', 'Correct_Key_Old': 'left', 'Obj_Lure': 'Objects_Dataset/ticket_machine.png', 'Lure_size': (200, 300), 'Target_pos': (300, 200), 'Lure_pos': (300, -200), 'Correct_key_AFC': 'up', 'jitter_ITI': 2.1, 'thisN': 2, 'thisTrialN': 2, 'thisRepN': 0}>
1554.0823 	EXP 	image_old_new: autoDraw = False
1554.0823 	EXP 	text_item: autoDraw = False
1554.0823 	EXP 	image_blank: autoDraw = True
1556.1823 	EXP 	image_blank: autoDraw = False
1556.2988 	EXP 	cross_25: autoDraw = True
1556.5535 	INFO 	Keyboard events cleared
1556.5535 	EXP 	cross_25: autoDraw = False
1556.5535 	EXP 	cross_25: autoDraw = False
1556.5535 	EXP 	image_blank: autoDraw = False
1556.5535 	EXP 	image_old_new: image = 'Scenes_Dataset/lake_A.jpg'
1556.5535 	EXP 	image_old_new: autoDraw = True
1556.5535 	EXP 	text_item: autoDraw = True
1557.8508 	DATA 	Keypress: left
1559.5496 	EXP 	New trial (rep=0, index=3): <Trial 3 (3 in rep 0) data={'Index': 52, 'Scene': 'Scenes_Dataset/parking_lot_A.jpg', 'Scene_Size': (600, 397), 'Condition_Encode': 'Incongruent', 'Object_Encode': 'Objects_Dataset/digital_piano_retouched.png', 'Object_Size': (350, 350), 'Condition_Old': 'old', 'Correct_Key_Old': 'left', 'Obj_Lure': 'Objects_Dataset/toothbrush.png', 'Lure_size': (300, 215), 'Target_pos': (300, 200), 'Lure_pos': (300, -200), 'Correct_key_AFC': 'up', 'jitter_ITI': 3.25, 'thisN': 3, 'thisTrialN': 3, 'thisRepN': 0}>
1559.5655 	EXP 	image_old_new: autoDraw = False
1559.5655 	EXP 	text_item: autoDraw = False
1559.5655 	EXP 	image_blank: autoDraw = True
1561.7823 	EXP 	cross_25: autoDraw = True
1562.0322 	EXP 	cross_25: autoDraw = False
1562.8165 	INFO 	Keyboard events cleared
1562.8165 	EXP 	image_blank: autoDraw = False
1562.8165 	EXP 	cross_25: autoDraw = False
1562.8165 	EXP 	image_blank: autoDraw = False
1562.8165 	EXP 	image_old_new: image = 'Scenes_Dataset/parking_lot_A.jpg'
1562.8165 	EXP 	image_old_new: autoDraw = True
1562.8165 	EXP 	text_item: autoDraw = True
1564.1340 	DATA 	Keypress: left
1565.7999 	EXP 	New trial (rep=0, index=4): <Trial 4 (4 in rep 0) data={'Index': 85, 'Scene': 'Scenes_Dataset/forest_A.jpg', 'Scene_Size': (600, 375), 'Condition_Encode': 'Lure', 'Object_Encode': None, 'Object_Size': None, 'Condition_Old': 'new', 'Correct_Key_Old': 'right', 'Obj_Lure': None, 'Lure_size': None, 'Target_pos': None, 'Lure_pos': None, 'Correct_key_AFC': None, 'jitter_ITI': 2.05, 'thisN': 4, 'thisTrialN': 4, 'thisRepN': 0}>
1565.8156 	EXP 	image_old_new: autoDraw = False
1565.8156 	EXP 	text_item: autoDraw = False
1565.8156 	EXP 	image_old_new: autoDraw = False
1565.8156 	EXP 	text_item: autoDraw = False
1565.8156 	EXP 	image_blank: autoDraw = True
1567.8659 	EXP 	image_blank: autoDraw = False
1568.0490 	EXP 	cross_25: autoDraw = True
1568.3008 	INFO 	Keyboard events cleared
1568.3008 	EXP 	cross_25: autoDraw = False
1568.3008 	EXP 	cross_25: autoDraw = False
1568.3008 	EXP 	image_blank: autoDraw = False
1568.3008 	EXP 	image_old_new: image = 'Scenes_Dataset/forest_A.jpg'
1568.3008 	EXP 	image_old_new: autoDraw = True
1568.3008 	EXP 	text_item: autoDraw = True
1569.5843 	DATA 	Keypress: right
1571.3021 	EXP 	New trial (rep=0, index=5): <Trial 5 (5 in rep 0) data={'Index': 67, 'Scene': 'Scenes_Dataset/kindergarten_B.jpg', 'Scene_Size': (600, 401), 'Condition_Encode': 'Lure', 'Object_Encode': None, 'Object_Size': None, 'Condition_Old': 'new', 'Correct_Key_Old': 'right', 'Obj_Lure': None, 'Lure_size': None, 'Target_pos': None, 'Lure_pos': None, 'Correct_key_AFC': None, 'jitter_ITI': 2.45, 'thisN': 5, 'thisTrialN': 5, 'thisRepN': 0}>
1571.3155 	EXP 	image_old_new: autoDraw = False
1571.3155 	EXP 	text_item: autoDraw = False
1571.3155 	EXP 	image_blank: autoDraw = True
1573.5322 	EXP 	cross_25: autoDraw = True
1573.7658 	EXP 	image_blank: autoDraw = False
1573.7859 	INFO 	Keyboard events cleared
1573.7859 	EXP 	cross_25: autoDraw = False
1573.7859 	EXP 	cross_25: autoDraw = False
1573.7859 	EXP 	image_blank: autoDraw = False
1573.7859 	EXP 	image_old_new: image = 'Scenes_Dataset/kindergarten_B.jpg'
1573.7859 	EXP 	image_old_new: autoDraw = True
1573.7859 	EXP 	text_item: autoDraw = True
1575.7181 	DATA 	Keypress: right
1576.7835 	EXP 	New trial (rep=0, index=6): <Trial 6 (6 in rep 0) data={'Index': 75, 'Scene': 'Scenes_Dataset/gymnasium_A.jpg', 'Scene_Size': (600, 399), 'Condition_Encode': 'Lure', 'Object_Encode': None, 'Object_Size': None, 'Condition_Old': 'new', 'Correct_Key_Old': 'right', 'Obj_Lure': None, 'Lure_size': None, 'Target_pos': None, 'Lure_pos': None, 'Correct_key_AFC': None, 'jitter_ITI': 2.85, 'thisN': 6, 'thisTrialN': 6, 'thisRepN': 0}>
1576.7994 	EXP 	image_old_new: autoDraw = False
1576.7994 	EXP 	text_item: autoDraw = False
1576.7994 	EXP 	image_blank: autoDraw = True
1579.0165 	EXP 	cross_25: autoDraw = True
1579.2657 	EXP 	cross_25: autoDraw = False
1579.6518 	INFO 	Keyboard events cleared
1579.6518 	EXP 	image_blank: autoDraw = False
1579.6518 	EXP 	cross_25: autoDraw = False
1579.6518 	EXP 	image_blank: autoDraw = False
1579.6518 	EXP 	image_old_new: image = 'Scenes_Dataset/gymnasium_A.jpg'
1579.6518 	EXP 	image_old_new: autoDraw = True
1579.6518 	EXP 	text_item: autoDraw = True
1582.6335 	EXP 	New trial (rep=0, index=7): <Trial 7 (7 in rep 0) data={'Index': 62, 'Scene': 'Scenes_Dataset/soccer_stadium_A.jpg', 'Scene_Size': (600, 400), 'Condition_Encode': 'Lure', 'Object_Encode': None, 'Object_Size': None, 'Condition_Old': 'new', 'Correct_Key_Old': 'right', 'Obj_Lure': None, 'Lure_size': None, 'Target_pos': None, 'Lure_pos': None, 'Correct_key_AFC': None, 'jitter_ITI': 2.2, 'thisN': 7, 'thisTrialN': 7, 'thisRepN': 0}>
1582.6492 	EXP 	image_old_new: autoDraw = False
1582.6492 	EXP 	text_item: autoDraw = False
1582.6492 	EXP 	image_blank: autoDraw = True
1582.8508 	DATA 	Keypress: left
1584.8492 	EXP 	image_blank: autoDraw = False
1584.8825 	EXP 	cross_25: autoDraw = True
1585.1321 	INFO 	Keyboard events cleared
1585.1321 	EXP 	cross_25: autoDraw = False
1585.1321 	EXP 	cross_25: autoDraw = False
1585.1321 	EXP 	image_blank: autoDraw = False
1585.1321 	EXP 	image_old_new: image = 'Scenes_Dataset/soccer_stadium_A.jpg'
1585.1321 	EXP 	image_old_new: autoDraw = True
1585.1321 	EXP 	text_item: autoDraw = True
1586.3018 	DATA 	Keypress: right
1588.1167 	EXP 	New trial (rep=0, index=8): <Trial 8 (8 in rep 0) data={'Index': 83, 'Scene': 'Scenes_Dataset/living_room_A.jpg', 'Scene_Size': (600, 436), 'Condition_Encode': 'Lure', 'Object_Encode': None, 'Object_Size': None, 'Condition_Old': 'new', 'Correct_Key_Old': 'right', 'Obj_Lure': None, 'Lure_size': None, 'Target_pos': None, 'Lure_pos': None, 'Correct_key_AFC': None, 'jitter_ITI': 3.25, 'thisN': 8, 'thisTrialN': 8, 'thisRepN': 0}>
1588.1325 	EXP 	image_old_new: autoDraw = False
1588.1325 	EXP 	text_item: autoDraw = False
1588.1325 	EXP 	image_old_new: autoDraw = False
1588.1325 	EXP 	text_item: autoDraw = False
1588.1325 	EXP 	image_blank: autoDraw = True
1590.3659 	EXP 	cross_25: autoDraw = True
1590.6176 	EXP 	cross_25: autoDraw = False
1591.3991 	INFO 	Keyboard events cleared
1591.3990 	EXP 	image_blank: autoDraw = False
1591.3990 	EXP 	cross_25: autoDraw = False
1591.3990 	EXP 	image_blank: autoDraw = False
1591.3990 	EXP 	image_old_new: image = 'Scenes_Dataset/living_room_A.jpg'
1591.3990 	EXP 	image_old_new: autoDraw = True
1591.3990 	EXP 	text_item: autoDraw = True
1593.4017 	DATA 	Keypress: left
1594.3834 	EXP 	New trial (rep=0, index=9): <Trial 9 (9 in rep 0) data={'Index': 86, 'Scene': 'Scenes_Dataset/shopping_center_A.jpg', 'Scene_Size': (600, 405), 'Condition_Encode': 'Lure', 'Object_Encode': None, 'Object_Size': None, 'Condition_Old': 'new', 'Correct_Key_Old': 'right', 'Obj_Lure': None, 'Lure_size': None, 'Target_pos': None, 'Lure_pos': None, 'Correct_key_AFC': None, 'jitter_ITI': 2.1, 'thisN': 9, 'thisTrialN': 9, 'thisRepN': 0}>
1594.3996 	EXP 	image_old_new: autoDraw = False
1594.3996 	EXP 	text_item: autoDraw = False
1594.3996 	EXP 	image_blank: autoDraw = True
1596.4994 	EXP 	image_blank: autoDraw = False
1596.6161 	EXP 	cross_25: autoDraw = True
1596.8666 	INFO 	Keyboard events cleared
1596.8666 	EXP 	cross_25: autoDraw = False
1596.8666 	EXP 	cross_25: autoDraw = False
1596.8666 	EXP 	image_blank: autoDraw = False
1596.8666 	EXP 	image_old_new: image = 'Scenes_Dataset/shopping_center_A.jpg'
1596.8666 	EXP 	image_old_new: autoDraw = True
1596.8666 	EXP 	text_item: autoDraw = True
1597.9532 	DATA 	Keypress: right
1599.8516 	EXP 	New trial (rep=0, index=10): <Trial 10 (10 in rep 0) data={'Index': 38, 'Scene': 'Scenes_Dataset/garden_A.jpg', 'Scene_Size': (600, 446), 'Condition_Encode': 'Incongruent', 'Object_Encode': 'Objects_Dataset/airplane_belt.png', 'Object_Size': (300, 249), 'Condition_Old': 'old', 'Correct_Key_Old': 'left', 'Obj_Lure': 'Objects_Dataset/saline_retouched.png', 'Lure_size': (300, 225), 'Target_pos': (300, 200), 'Lure_pos': (300, -200), 'Correct_key_AFC': 'up', 'jitter_ITI': 2.55, 'thisN': 10, 'thisTrialN': 10, 'thisRepN': 0}>
1599.8661 	EXP 	image_old_new: autoDraw = False
1599.8661 	EXP 	text_item: autoDraw = False
1599.8661 	EXP 	image_blank: autoDraw = True
1602.1162 	EXP 	cross_25: autoDraw = True
1602.3661 	EXP 	cross_25: autoDraw = False
1602.4195 	INFO 	Keyboard events cleared
1602.4194 	EXP 	image_blank: autoDraw = False
1602.4194 	EXP 	cross_25: autoDraw = False
1602.4194 	EXP 	image_blank: autoDraw = False
1602.4194 	EXP 	image_old_new: image = 'Scenes_Dataset/garden_A.jpg'
1602.4194 	EXP 	image_old_new: autoDraw = True
1602.4194 	EXP 	text_item: autoDraw = True
1604.0349 	DATA 	Keypress: left
1605.4171 	EXP 	New trial (rep=0, index=11): <Trial 11 (11 in rep 0) data={'Index': 16, 'Scene': 'Scenes_Dataset/hair_salon_A.jpg', 'Scene_Size': (600, 386), 'Condition_Encode': 'Congruent', 'Object_Encode': 'Objects_Dataset/hairdryer_retouched.png', 'Object_Size': (250, 241), 'Condition_Old': 'old', 'Correct_Key_Old': 'left', 'Obj_Lure': 'Objects_Dataset/comb.png', 'Lure_size': (250, 250), 'Target_pos': (300, -200), 'Lure_pos': (300, 200), 'Correct_key_AFC': 'down', 'jitter_ITI': 2.75, 'thisN': 11, 'thisTrialN': 11, 'thisRepN': 0}>
1605.4329 	EXP 	image_old_new: autoDraw = False
1605.4329 	EXP 	text_item: autoDraw = False
1605.4329 	EXP 	image_blank: autoDraw = True
1607.6495 	EXP 	cross_25: autoDraw = True
1607.8995 	EXP 	cross_25: autoDraw = False
1608.1863 	INFO 	Keyboard events cleared
1608.1862 	EXP 	image_blank: autoDraw = False
1608.1862 	EXP 	cross_25: autoDraw = False
1608.1862 	EXP 	image_blank: autoDraw = False
1608.1862 	EXP 	image_old_new: image = 'Scenes_Dataset/hair_salon_A.jpg'
1608.1862 	EXP 	image_old_new: autoDraw = True
1608.1862 	EXP 	text_item: autoDraw = True
1609.6347 	DATA 	Keypress: left
1611.1836 	EXP 	New trial (rep=0, index=12): <Trial 12 (12 in rep 0) data={'Index': 87, 'Scene': 'Scenes_Dataset/train_station_A.jpg', 'Scene_Size': (600, 415), 'Condition_Encode': 'Lure', 'Object_Encode': None, 'Object_Size': None, 'Condition_Old': 'new', 'Correct_Key_Old': 'right', 'Obj_Lure': None, 'Lure_size': None, 'Target_pos': None, 'Lure_pos': None, 'Correct_key_AFC': None, 'jitter_ITI': 2.15, 'thisN': 12, 'thisTrialN': 12, 'thisRepN': 0}>
1611.1997 	EXP 	image_old_new: autoDraw = False
1611.1997 	EXP 	text_item: autoDraw = False
1611.1997 	EXP 	image_blank: autoDraw = True
1613.3496 	EXP 	image_blank: autoDraw = False
1613.4332 	EXP 	cross_25: autoDraw = True
1613.6831 	INFO 	Keyboard events cleared
1613.6830 	EXP 	cross_25: autoDraw = False
1613.6830 	EXP 	cross_25: autoDraw = False
1613.6830 	EXP 	image_blank: autoDraw = False
1613.6830 	EXP 	image_old_new: image = 'Scenes_Dataset/train_station_A.jpg'
1613.6830 	EXP 	image_old_new: autoDraw = True
1613.6830 	EXP 	text_item: autoDraw = True
1615.1859 	DATA 	Keypress: right
1616.6676 	EXP 	New trial (rep=0, index=13): <Trial 13 (13 in rep 0) data={'Index': 5, 'Scene': 'Scenes_Dataset/movie_theater_A.jpg', 'Scene_Size': (600, 364), 'Condition_Encode': 'Congruent', 'Object_Encode': 'Objects_Dataset/3d_glasses_retouched.png', 'Object_Size': (300, 300), 'Condition_Old': 'old', 'Correct_Key_Old': 'left', 'Obj_Lure': 'Objects_Dataset/movie_reels.png', 'Lure_size': (350, 268), 'Target_pos': (300, -200), 'Lure_pos': (300, 200), 'Correct_key_AFC': 'down', 'jitter_ITI': 2.2, 'thisN': 13, 'thisTrialN': 13, 'thisRepN': 0}>
1616.6849 	EXP 	image_old_new: autoDraw = False
1616.6849 	EXP 	text_item: autoDraw = False
1616.6849 	EXP 	image_old_new: autoDraw = False
1616.6849 	EXP 	text_item: autoDraw = False
1616.6849 	EXP 	image_blank: autoDraw = True
1618.8998 	EXP 	image_blank: autoDraw = False
1618.9164 	EXP 	cross_25: autoDraw = True
1619.1698 	INFO 	Keyboard events cleared
1619.1698 	EXP 	cross_25: autoDraw = False
1619.1698 	EXP 	cross_25: autoDraw = False
1619.1698 	EXP 	image_blank: autoDraw = False
1619.1698 	EXP 	image_old_new: image = 'Scenes_Dataset/movie_theater_A.jpg'
1619.1698 	EXP 	image_old_new: autoDraw = True
1619.1698 	EXP 	text_item: autoDraw = True
1620.6855 	DATA 	Keypress: left
1622.1673 	EXP 	New trial (rep=0, index=14): <Trial 14 (14 in rep 0) data={'Index': 79, 'Scene': 'Scenes_Dataset/construction_A.jpg', 'Scene_Size': (600, 440), 'Condition_Encode': 'Lure', 'Object_Encode': None, 'Object_Size': None, 'Condition_Old': 'new', 'Correct_Key_Old': 'right', 'Obj_Lure': None, 'Lure_size': None, 'Target_pos': None, 'Lure_pos': None, 'Correct_key_AFC': None, 'jitter_ITI': 3.05, 'thisN': 14, 'thisTrialN': 14, 'thisRepN': 0}>
1622.1831 	EXP 	image_old_new: autoDraw = False
1622.1831 	EXP 	text_item: autoDraw = False
1622.1831 	EXP 	image_blank: autoDraw = True
1624.4002 	EXP 	cross_25: autoDraw = True
1624.6499 	EXP 	cross_25: autoDraw = False
1625.2344 	INFO 	Keyboard events cleared
1625.2344 	EXP 	image_blank: autoDraw = False
1625.2344 	EXP 	cross_25: autoDraw = False
1625.2344 	EXP 	image_blank: autoDraw = False
1625.2344 	EXP 	image_old_new: image = 'Scenes_Dataset/construction_A.jpg'
1625.2344 	EXP 	image_old_new: autoDraw = True
1625.2344 	EXP 	text_item: autoDraw = True
1626.7521 	DATA 	Keypress: right
1628.2180 	EXP 	New trial (rep=0, index=15): <Trial 15 (15 in rep 0) data={'Index': 28, 'Scene': 'Scenes_Dataset/public_toilet_A.jpg', 'Scene_Size': (600, 375), 'Condition_Encode': 'Congruent', 'Object_Encode': 'Objects_Dataset/hands_dryer.png', 'Object_Size': (350, 267), 'Condition_Old': 'old', 'Correct_Key_Old': 'left', 'Obj_Lure': 'Objects_Dataset/paper_towel_dispenser.png', 'Lure_size': (300, 400), 'Target_pos': (300, -200), 'Lure_pos': (300, 200), 'Correct_key_AFC': 'down', 'jitter_ITI': 2.05, 'thisN': 15, 'thisTrialN': 15, 'thisRepN': 0}>
1628.2335 	EXP 	image_old_new: autoDraw = False
1628.2335 	EXP 	text_item: autoDraw = False
1628.2335 	EXP 	image_old_new: autoDraw = False
1628.2335 	EXP 	text_item: autoDraw = False
1628.2335 	EXP 	image_blank: autoDraw = True
1630.2833 	EXP 	image_blank: autoDraw = False
1630.4664 	EXP 	cross_25: autoDraw = True
1630.7172 	INFO 	Keyboard events cleared
1630.7172 	EXP 	cross_25: autoDraw = False
1630.7172 	EXP 	cross_25: autoDraw = False
1630.7172 	EXP 	image_blank: autoDraw = False
1630.7172 	EXP 	image_old_new: image = 'Scenes_Dataset/public_toilet_A.jpg'
1630.7172 	EXP 	image_old_new: autoDraw = True
1630.7172 	EXP 	text_item: autoDraw = True
1632.1189 	DATA 	Keypress: left
1633.7008 	EXP 	New trial (rep=0, index=16): <Trial 16 (16 in rep 0) data={'Index': 43, 'Scene': 'Scenes_Dataset/home_office_A.jpg', 'Scene_Size': (600, 399), 'Condition_Encode': 'Incongruent', 'Object_Encode': 'Objects_Dataset/bicycle_bell.png', 'Object_Size': (250, 210), 'Condition_Old': 'old', 'Correct_Key_Old': 'left', 'Obj_Lure': 'Objects_Dataset/unicycle_retouched.png', 'Lure_size': (159, 300), 'Target_pos': (300, 200), 'Lure_pos': (300, -200), 'Correct_key_AFC': 'up', 'jitter_ITI': 2.8, 'thisN': 16, 'thisTrialN': 16, 'thisRepN': 0}>
1633.7189 	EXP 	image_old_new: autoDraw = False
1633.7189 	EXP 	text_item: autoDraw = False
1633.7189 	EXP 	image_old_new: autoDraw = False
1633.7189 	EXP 	text_item: autoDraw = False
1633.7189 	EXP 	image_blank: autoDraw = True
1635.9499 	EXP 	cross_25: autoDraw = True
1636.2000 	EXP 	cross_25: autoDraw = False
1636.5340 	INFO 	Keyboard events cleared
1636.5340 	EXP 	image_blank: autoDraw = False
1636.5340 	EXP 	cross_25: autoDraw = False
1636.5340 	EXP 	image_blank: autoDraw = False
1636.5340 	EXP 	image_old_new: image = 'Scenes_Dataset/home_office_A.jpg'
1636.5340 	EXP 	image_old_new: autoDraw = True
1636.5340 	EXP 	text_item: autoDraw = True
1637.8207 	DATA 	Keypress: left
1639.5178 	EXP 	New trial (rep=0, index=17): <Trial 17 (17 in rep 0) data={'Index': 4, 'Scene': 'Scenes_Dataset/pastry_shop_A.jpg', 'Scene_Size': (600, 400), 'Condition_Encode': 'Congruent', 'Object_Encode': 'Objects_Dataset/cake_holder.png', 'Object_Size': (300, 209), 'Condition_Old': 'old', 'Correct_Key_Old': 'left', 'Obj_Lure': 'Objects_Dataset/cake_tongs_retouched.png', 'Lure_size': (300, 75), 'Target_pos': (300, -200), 'Lure_pos': (300, 200), 'Correct_key_AFC': 'down', 'jitter_ITI': 2.15, 'thisN': 17, 'thisTrialN': 17, 'thisRepN': 0}>
1639.5335 	EXP 	image_old_new: autoDraw = False
1639.5335 	EXP 	text_item: autoDraw = False
1639.5335 	EXP 	image_old_new: autoDraw = False
1639.5335 	EXP 	text_item: autoDraw = False
1639.5335 	EXP 	image_blank: autoDraw = True
1641.6834 	EXP 	image_blank: autoDraw = False
1641.7667 	EXP 	cross_25: autoDraw = True
1642.0189 	INFO 	Keyboard events cleared
1642.0189 	EXP 	cross_25: autoDraw = False
1642.0189 	EXP 	cross_25: autoDraw = False
1642.0189 	EXP 	image_blank: autoDraw = False
1642.0189 	EXP 	image_old_new: image = 'Scenes_Dataset/pastry_shop_A.jpg'
1642.0189 	EXP 	image_old_new: autoDraw = True
1642.0189 	EXP 	text_item: autoDraw = True
1643.3519 	DATA 	Keypress: left
1645.0177 	EXP 	New trial (rep=0, index=18): <Trial 18 (18 in rep 0) data={'Index': 41, 'Scene': 'Scenes_Dataset/attic_A.jpg', 'Scene_Size': (600, 400), 'Condition_Encode': 'Incongruent', 'Object_Encode': 'Objects_Dataset/ticket_machine.png', 'Object_Size': (200, 300), 'Condition_Old': 'old', 'Correct_Key_Old': 'left', 'Obj_Lure': 'Objects_Dataset/cake_holder.png', 'Lure_size': (300, 209), 'Target_pos': (300, 200), 'Lure_pos': (300, -200), 'Correct_key_AFC': 'up', 'jitter_ITI': 2.7, 'thisN': 18, 'thisTrialN': 18, 'thisRepN': 0}>
1645.0346 	EXP 	image_old_new: autoDraw = False
1645.0346 	EXP 	text_item: autoDraw = False
1645.0346 	EXP 	image_blank: autoDraw = True
1647.2505 	EXP 	cross_25: autoDraw = True
1647.5001 	EXP 	cross_25: autoDraw = False
1647.7502 	INFO 	Keyboard events cleared
1647.7501 	EXP 	image_blank: autoDraw = False
1647.7501 	EXP 	cross_25: autoDraw = False
1647.7501 	EXP 	image_blank: autoDraw = False
1647.7501 	EXP 	image_old_new: image = 'Scenes_Dataset/attic_A.jpg'
1647.7501 	EXP 	image_old_new: autoDraw = True
1647.7501 	EXP 	text_item: autoDraw = True
1649.1188 	DATA 	Keypress: left
1650.7345 	EXP 	New trial (rep=0, index=19): <Trial 19 (19 in rep 0) data={'Index': 57, 'Scene': 'Scenes_Dataset/road_A.jpg', 'Scene_Size': (600, 450), 'Condition_Encode': 'Incongruent', 'Object_Encode': 'Objects_Dataset/wine_cork.png', 'Object_Size': (250, 163), 'Condition_Old': 'old', 'Correct_Key_Old': 'left', 'Obj_Lure': 'Objects_Dataset/locker.png', 'Lure_size': (264, 400), 'Target_pos': (300, 200), 'Lure_pos': (300, -200), 'Correct_key_AFC': 'up', 'jitter_ITI': 2.2, 'thisN': 19, 'thisTrialN': 19, 'thisRepN': 0}>
1650.7502 	EXP 	image_old_new: autoDraw = False
1650.7502 	EXP 	text_item: autoDraw = False
1650.7502 	EXP 	image_old_new: autoDraw = False
1650.7502 	EXP 	text_item: autoDraw = False
1650.7502 	EXP 	image_blank: autoDraw = True
1652.9524 	EXP 	image_blank: autoDraw = False
1652.9836 	EXP 	cross_25: autoDraw = True
1653.2360 	INFO 	Keyboard events cleared
1653.2360 	EXP 	cross_25: autoDraw = False
1653.2360 	EXP 	cross_25: autoDraw = False
1653.2360 	EXP 	image_blank: autoDraw = False
1653.2360 	EXP 	image_old_new: image = 'Scenes_Dataset/road_A.jpg'
1653.2360 	EXP 	image_old_new: autoDraw = True
1653.2360 	EXP 	text_item: autoDraw = True
1654.5536 	DATA 	Keypress: left
1656.2343 	EXP 	New trial (rep=0, index=20): <Trial 20 (20 in rep 0) data={'Index': 29, 'Scene': 'Scenes_Dataset/pool_B.jpg', 'Scene_Size': (600, 450), 'Condition_Encode': 'Congruent', 'Object_Encode': 'Objects_Dataset/slippers.png', 'Object_Size': (280, 300), 'Condition_Old': 'old', 'Correct_Key_Old': 'left', 'Obj_Lure': 'Objects_Dataset/bikini.png', 'Lure_size': (350, 350), 'Target_pos': (300, -200), 'Lure_pos': (300, 200), 'Correct_key_AFC': 'down', 'jitter_ITI': 2.1, 'thisN': 20, 'thisTrialN': 20, 'thisRepN': 0}>
1656.2509 	EXP 	image_old_new: autoDraw = False
1656.2509 	EXP 	text_item: autoDraw = False
1656.2509 	EXP 	image_blank: autoDraw = True
1658.3504 	EXP 	image_blank: autoDraw = False
1658.4836 	EXP 	cross_25: autoDraw = True
1658.7334 	INFO 	Keyboard events cleared
1658.7333 	EXP 	cross_25: autoDraw = False
1658.7333 	EXP 	cross_25: autoDraw = False
1658.7333 	EXP 	image_blank: autoDraw = False
1658.7333 	EXP 	image_old_new: image = 'Scenes_Dataset/pool_B.jpg'
1658.7333 	EXP 	image_old_new: autoDraw = True
1658.7333 	EXP 	text_item: autoDraw = True
1660.2526 	DATA 	Keypress: left
1661.7180 	EXP 	New trial (rep=0, index=21): <Trial 21 (21 in rep 0) data={'Index': 39, 'Scene': 'Scenes_Dataset/garage_A.jpg', 'Scene_Size': (600, 397), 'Condition_Encode': 'Incongruent', 'Object_Encode': 'Objects_Dataset/crown.png', 'Object_Size': (300, 249), 'Condition_Old': 'old', 'Correct_Key_Old': 'left', 'Obj_Lure': 'Objects_Dataset/oxygen_mask_retouched.png', 'Lure_size': (300, 300), 'Target_pos': (300, 200), 'Lure_pos': (300, -200), 'Correct_key_AFC': 'up', 'jitter_ITI': 2.6, 'thisN': 21, 'thisTrialN': 21, 'thisRepN': 0}>
1661.7339 	EXP 	image_old_new: autoDraw = False
1661.7339 	EXP 	text_item: autoDraw = False
1661.7339 	EXP 	image_old_new: autoDraw = False
1661.7339 	EXP 	text_item: autoDraw = False
1661.7339 	EXP 	image_blank: autoDraw = True
1663.9678 	EXP 	cross_25: autoDraw = True
1664.2171 	EXP 	cross_25: autoDraw = False
1664.3366 	INFO 	Keyboard events cleared
1664.3365 	EXP 	image_blank: autoDraw = False
1664.3365 	EXP 	cross_25: autoDraw = False
1664.3365 	EXP 	image_blank: autoDraw = False
1664.3365 	EXP 	image_old_new: image = 'Scenes_Dataset/garage_A.jpg'
1664.3365 	EXP 	image_old_new: autoDraw = True
1664.3365 	EXP 	text_item: autoDraw = True
1665.9191 	DATA 	Keypress: left
1667.3350 	EXP 	New trial (rep=0, index=22): <Trial 22 (22 in rep 0) data={'Index': 60, 'Scene': 'Scenes_Dataset/field_A.jpg', 'Scene_Size': (600, 403), 'Condition_Encode': 'Incongruent', 'Object_Encode': 'Objects_Dataset/computer_monitor.png', 'Object_Size': (300, 300), 'Condition_Old': 'old', 'Correct_Key_Old': 'left', 'Obj_Lure': 'Objects_Dataset/plasticine.png', 'Lure_size': (250, 167), 'Target_pos': (300, 200), 'Lure_pos': (300, -200), 'Correct_key_AFC': 'up', 'jitter_ITI': 2.35, 'thisN': 22, 'thisTrialN': 22, 'thisRepN': 0}>
1667.3507 	EXP 	image_old_new: autoDraw = False
1667.3507 	EXP 	text_item: autoDraw = False
1667.3507 	EXP 	image_blank: autoDraw = True
1669.5674 	EXP 	cross_25: autoDraw = True
1669.7010 	EXP 	image_blank: autoDraw = False
1669.8205 	INFO 	Keyboard events cleared
1669.8205 	EXP 	cross_25: autoDraw = False
1669.8205 	EXP 	cross_25: autoDraw = False
1669.8205 	EXP 	image_blank: autoDraw = False
1669.8205 	EXP 	image_old_new: image = 'Scenes_Dataset/field_A.jpg'
1669.8205 	EXP 	image_old_new: autoDraw = True
1669.8205 	EXP 	text_item: autoDraw = True
1671.3026 	DATA 	Keypress: left
1672.8179 	EXP 	New trial (rep=0, index=23): <Trial 23 (23 in rep 0) data={'Index': 54, 'Scene': 'Scenes_Dataset/campsite_A.jpg', 'Scene_Size': (600, 402), 'Condition_Encode': 'Incongruent', 'Object_Encode': 'Objects_Dataset/door_mat.png', 'Object_Size': (300, 300), 'Condition_Old': 'old', 'Correct_Key_Old': 'left', 'Obj_Lure': 'Objects_Dataset/remote_control.png', 'Lure_size': (300, 293), 'Target_pos': (300, 200), 'Lure_pos': (300, -200), 'Correct_key_AFC': 'up', 'jitter_ITI': 2.05, 'thisN': 23, 'thisTrialN': 23, 'thisRepN': 0}>
1672.8340 	EXP 	image_old_new: autoDraw = False
1672.8340 	EXP 	text_item: autoDraw = False
1672.8340 	EXP 	image_blank: autoDraw = True
1674.8840 	EXP 	image_blank: autoDraw = False
1675.0507 	EXP 	cross_25: autoDraw = True
1675.3004 	INFO 	Keyboard events cleared
1675.3003 	EXP 	cross_25: autoDraw = False
1675.3003 	EXP 	cross_25: autoDraw = False
1675.3003 	EXP 	image_blank: autoDraw = False
1675.3003 	EXP 	image_old_new: image = 'Scenes_Dataset/campsite_A.jpg'
1675.3003 	EXP 	image_old_new: autoDraw = True
1675.3003 	EXP 	text_item: autoDraw = True
1676.9190 	DATA 	Keypress: left
1678.2851 	EXP 	New trial (rep=0, index=24): <Trial 24 (24 in rep 0) data={'Index': 81, 'Scene': 'Scenes_Dataset/games_room_A.jpg', 'Scene_Size': (600, 371), 'Condition_Encode': 'Lure', 'Object_Encode': None, 'Object_Size': None, 'Condition_Old': 'new', 'Correct_Key_Old': 'right', 'Obj_Lure': None, 'Lure_size': None, 'Target_pos': None, 'Lure_pos': None, 'Correct_key_AFC': None, 'jitter_ITI': 3.15, 'thisN': 24, 'thisTrialN': 24, 'thisRepN': 0}>
1678.3008 	EXP 	image_old_new: autoDraw = False
1678.3008 	EXP 	text_item: autoDraw = False
1678.3008 	EXP 	image_blank: autoDraw = True
1680.5342 	EXP 	cross_25: autoDraw = True
1680.7842 	EXP 	cross_25: autoDraw = False
1681.4575 	INFO 	Keyboard events cleared
1681.4574 	EXP 	image_blank: autoDraw = False
1681.4574 	EXP 	cross_25: autoDraw = False
1681.4574 	EXP 	image_blank: autoDraw = False
1681.4574 	EXP 	image_old_new: image = 'Scenes_Dataset/games_room_A.jpg'
1681.4574 	EXP 	image_old_new: autoDraw = True
1681.4574 	EXP 	text_item: autoDraw = True
1684.4520 	EXP 	New trial (rep=0, index=25): <Trial 25 (25 in rep 0) data={'Index': 17, 'Scene': 'Scenes_Dataset/stage_A.jpg', 'Scene_Size': (600, 396), 'Condition_Encode': 'Congruent', 'Object_Encode': 'Objects_Dataset/saxophone.png', 'Object_Size': (250, 250), 'Condition_Old': 'old', 'Correct_Key_Old': 'left', 'Obj_Lure': 'Objects_Dataset/digital_piano_retouched.png', 'Lure_size': (350, 350), 'Target_pos': (300, -200), 'Lure_pos': (300, 200), 'Correct_key_AFC': 'down', 'jitter_ITI': 2.8, 'thisN': 25, 'thisTrialN': 25, 'thisRepN': 0}>
1684.4676 	EXP 	image_old_new: autoDraw = False
1684.4676 	EXP 	text_item: autoDraw = False
1684.4676 	EXP 	image_blank: autoDraw = True
1684.6538 	DATA 	Keypress: left
1686.6841 	EXP 	cross_25: autoDraw = True
1686.9343 	EXP 	cross_25: autoDraw = False
1687.2686 	INFO 	Keyboard events cleared
1687.2685 	EXP 	image_blank: autoDraw = False
1687.2685 	EXP 	cross_25: autoDraw = False
1687.2685 	EXP 	image_blank: autoDraw = False
1687.2685 	EXP 	image_old_new: image = 'Scenes_Dataset/stage_A.jpg'
1687.2685 	EXP 	image_old_new: autoDraw = True
1687.2685 	EXP 	text_item: autoDraw = True
1688.2700 	DATA 	Keypress: left
1690.2520 	EXP 	New trial (rep=0, index=26): <Trial 26 (26 in rep 0) data={'Index': 1, 'Scene': 'Scenes_Dataset/office_work_A.jpg', 'Scene_Size': (600, 470), 'Condition_Encode': 'Congruent', 'Object_Encode': 'Objects_Dataset/staple_puller_retouched.png', 'Object_Size': (400, 400), 'Condition_Old': 'old', 'Correct_Key_Old': 'left', 'Obj_Lure': 'Objects_Dataset/clock.png', 'Lure_size': (250, 248), 'Target_pos': (300, -200), 'Lure_pos': (300, 200), 'Correct_key_AFC': 'down', 'jitter_ITI': 2, 'thisN': 26, 'thisTrialN': 26, 'thisRepN': 0}>
1690.2676 	EXP 	image_old_new: autoDraw = False
1690.2676 	EXP 	text_item: autoDraw = False
1690.2676 	EXP 	image_old_new: autoDraw = False
1690.2676 	EXP 	text_item: autoDraw = False
1690.2676 	EXP 	image_blank: autoDraw = True
1692.2678 	EXP 	image_blank: autoDraw = False
1692.5010 	EXP 	cross_25: autoDraw = True
1692.7534 	INFO 	Keyboard events cleared
1692.7534 	EXP 	cross_25: autoDraw = False
1692.7534 	EXP 	cross_25: autoDraw = False
1692.7534 	EXP 	image_blank: autoDraw = False
1692.7534 	EXP 	image_old_new: image = 'Scenes_Dataset/office_work_A.jpg'
1692.7534 	EXP 	image_old_new: autoDraw = True
1692.7534 	EXP 	text_item: autoDraw = True
1694.2702 	DATA 	Keypress: left
1695.7377 	EXP 	New trial (rep=0, index=27): <Trial 27 (27 in rep 0) data={'Index': 13, 'Scene': 'Scenes_Dataset/circus_A.jpg', 'Scene_Size': (600, 421), 'Condition_Encode': 'Congruent', 'Object_Encode': 'Objects_Dataset/unicycle_retouched.png', 'Object_Size': (159, 300), 'Condition_Old': 'old', 'Correct_Key_Old': 'left', 'Obj_Lure': 'Objects_Dataset/juggling_balls_retouched.png', 'Lure_size': (350, 197), 'Target_pos': (300, -200), 'Lure_pos': (300, 200), 'Correct_key_AFC': 'down', 'jitter_ITI': 2.6, 'thisN': 27, 'thisTrialN': 27, 'thisRepN': 0}>
1695.7510 	EXP 	image_old_new: autoDraw = False
1695.7510 	EXP 	text_item: autoDraw = False
1695.7510 	EXP 	image_blank: autoDraw = True
1697.9845 	EXP 	cross_25: autoDraw = True
1698.2356 	EXP 	cross_25: autoDraw = False
1698.3526 	INFO 	Keyboard events cleared
1698.3525 	EXP 	image_blank: autoDraw = False
1698.3525 	EXP 	cross_25: autoDraw = False
1698.3525 	EXP 	image_blank: autoDraw = False
1698.3525 	EXP 	image_old_new: image = 'Scenes_Dataset/circus_A.jpg'
1698.3525 	EXP 	image_old_new: autoDraw = True
1698.3525 	EXP 	text_item: autoDraw = True
1699.9871 	DATA 	Keypress: left
1701.3361 	EXP 	New trial (rep=0, index=28): <Trial 28 (28 in rep 0) data={'Index': 89, 'Scene': 'Scenes_Dataset/beach_A.jpg', 'Scene_Size': (600, 450), 'Condition_Encode': 'Lure', 'Object_Encode': None, 'Object_Size': None, 'Condition_Old': 'new', 'Correct_Key_Old': 'right', 'Obj_Lure': None, 'Lure_size': None, 'Target_pos': None, 'Lure_pos': None, 'Correct_key_AFC': None, 'jitter_ITI': 2.25, 'thisN': 28, 'thisTrialN': 28, 'thisRepN': 0}>
1701.3513 	EXP 	image_old_new: autoDraw = False
1701.3513 	EXP 	text_item: autoDraw = False
1701.3513 	EXP 	image_old_new: autoDraw = False
1701.3513 	EXP 	text_item: autoDraw = False
1701.3513 	EXP 	image_blank: autoDraw = True
1703.6011 	EXP 	cross_25: autoDraw = True
1703.6011 	EXP 	image_blank: autoDraw = False
1703.8562 	INFO 	Keyboard events cleared
1703.8562 	EXP 	cross_25: autoDraw = False
1703.8562 	EXP 	cross_25: autoDraw = False
1703.8562 	EXP 	image_blank: autoDraw = False
1703.8562 	EXP 	image_old_new: image = 'Scenes_Dataset/beach_A.jpg'
1703.8562 	EXP 	image_old_new: autoDraw = True
1703.8562 	EXP 	text_item: autoDraw = True
1705.6545 	DATA 	Keypress: right
1706.8521 	EXP 	New trial (rep=0, index=29): <Trial 29 (29 in rep 0) data={'Index': 73, 'Scene': 'Scenes_Dataset/cemetery_A.jpg', 'Scene_Size': (600, 452), 'Condition_Encode': 'Lure', 'Object_Encode': None, 'Object_Size': None, 'Condition_Old': 'new', 'Correct_Key_Old': 'right', 'Obj_Lure': None, 'Lure_size': None, 'Target_pos': None, 'Lure_pos': None, 'Correct_key_AFC': None, 'jitter_ITI': 2.75, 'thisN': 29, 'thisTrialN': 29, 'thisRepN': 0}>
1706.8678 	EXP 	image_old_new: autoDraw = False
1706.8678 	EXP 	text_item: autoDraw = False
1706.8678 	EXP 	image_blank: autoDraw = True
1709.1011 	EXP 	cross_25: autoDraw = True
1709.3515 	EXP 	cross_25: autoDraw = False
1709.6205 	INFO 	Keyboard events cleared
1709.6205 	EXP 	image_blank: autoDraw = False
1709.6205 	EXP 	cross_25: autoDraw = False
1709.6205 	EXP 	image_blank: autoDraw = False
1709.6205 	EXP 	image_old_new: image = 'Scenes_Dataset/cemetery_A.jpg'
1709.6205 	EXP 	image_old_new: autoDraw = True
1709.6205 	EXP 	text_item: autoDraw = True
1711.2697 	DATA 	Keypress: right
1712.6187 	EXP 	New trial (rep=0, index=30): <Trial 30 (30 in rep 0) data={'Index': 25, 'Scene': 'Scenes_Dataset/building_entrance_A.jpg', 'Scene_Size': (600, 400), 'Condition_Encode': 'Congruent', 'Object_Encode': 'Objects_Dataset/envelope_retouched.png', 'Object_Size': (250, 211), 'Condition_Old': 'old', 'Correct_Key_Old': 'left', 'Obj_Lure': 'Objects_Dataset/door_mat.png', 'Lure_size': (300, 300), 'Target_pos': (300, -200), 'Lure_pos': (300, 200), 'Correct_key_AFC': 'down', 'jitter_ITI': 3.2, 'thisN': 30, 'thisTrialN': 30, 'thisRepN': 0}>
1712.6345 	EXP 	image_old_new: autoDraw = False
1712.6345 	EXP 	text_item: autoDraw = False
1712.6345 	EXP 	image_blank: autoDraw = True
1714.8515 	EXP 	cross_25: autoDraw = True
1715.1012 	EXP 	cross_25: autoDraw = False
1715.8350 	INFO 	Keyboard events cleared
1715.8350 	EXP 	image_blank: autoDraw = False
1715.8350 	EXP 	cross_25: autoDraw = False
1715.8350 	EXP 	image_blank: autoDraw = False
1715.8350 	EXP 	image_old_new: image = 'Scenes_Dataset/building_entrance_A.jpg'
1715.8350 	EXP 	image_old_new: autoDraw = True
1715.8350 	EXP 	text_item: autoDraw = True
1716.7372 	DATA 	Keypress: left
1718.8195 	EXP 	New trial (rep=0, index=31): <Trial 31 (31 in rep 0) data={'Index': 45, 'Scene': 'Scenes_Dataset/factory_B.jpg', 'Scene_Size': (600, 415), 'Condition_Encode': 'Incongruent', 'Object_Encode': 'Objects_Dataset/shield.png', 'Object_Size': (199, 300), 'Condition_Old': 'old', 'Correct_Key_Old': 'left', 'Obj_Lure': 'Objects_Dataset/trumpet_retouched.png', 'Lure_size': (300, 122), 'Target_pos': (300, 200), 'Lure_pos': (300, -200), 'Correct_key_AFC': 'up', 'jitter_ITI': 2.9, 'thisN': 31, 'thisTrialN': 31, 'thisRepN': 0}>
1718.8348 	EXP 	image_old_new: autoDraw = False
1718.8348 	EXP 	text_item: autoDraw = False
1718.8348 	EXP 	image_old_new: autoDraw = False
1718.8348 	EXP 	text_item: autoDraw = False
1718.8348 	EXP 	image_blank: autoDraw = True
1721.0680 	EXP 	cross_25: autoDraw = True
1721.3181 	EXP 	cross_25: autoDraw = False
1721.7401 	INFO 	Keyboard events cleared
1721.7401 	EXP 	image_blank: autoDraw = False
1721.7401 	EXP 	cross_25: autoDraw = False
1721.7401 	EXP 	image_blank: autoDraw = False
1721.7401 	EXP 	image_old_new: image = 'Scenes_Dataset/factory_B.jpg'
1721.7401 	EXP 	image_old_new: autoDraw = True
1721.7401 	EXP 	text_item: autoDraw = True
1722.8539 	DATA 	Keypress: left
1724.7353 	EXP 	New trial (rep=0, index=32): <Trial 32 (32 in rep 0) data={'Index': 76, 'Scene': 'Scenes_Dataset/laboratory_A.jpg', 'Scene_Size': (600, 400), 'Condition_Encode': 'Lure', 'Object_Encode': None, 'Object_Size': None, 'Condition_Old': 'new', 'Correct_Key_Old': 'right', 'Obj_Lure': None, 'Lure_size': None, 'Target_pos': None, 'Lure_pos': None, 'Correct_key_AFC': None, 'jitter_ITI': 2.9, 'thisN': 32, 'thisTrialN': 32, 'thisRepN': 0}>
1724.7514 	EXP 	image_old_new: autoDraw = False
1724.7514 	EXP 	text_item: autoDraw = False
1724.7514 	EXP 	image_blank: autoDraw = True
1726.9681 	EXP 	cross_25: autoDraw = True
1727.2186 	EXP 	cross_25: autoDraw = False
1727.6536 	INFO 	Keyboard events cleared
1727.6536 	EXP 	image_blank: autoDraw = False
1727.6536 	EXP 	cross_25: autoDraw = False
1727.6536 	EXP 	image_blank: autoDraw = False
1727.6536 	EXP 	image_old_new: image = 'Scenes_Dataset/laboratory_A.jpg'
1727.6536 	EXP 	image_old_new: autoDraw = True
1727.6536 	EXP 	text_item: autoDraw = True
1729.6199 	DATA 	Keypress: right
1730.6522 	EXP 	New trial (rep=0, index=33): <Trial 33 (33 in rep 0) data={'Index': 14, 'Scene': 'Scenes_Dataset/palace_interior_A.jpg', 'Scene_Size': (600, 447), 'Condition_Encode': 'Congruent', 'Object_Encode': 'Objects_Dataset/chandelier_retouched.png', 'Object_Size': (250, 300), 'Condition_Old': 'old', 'Correct_Key_Old': 'left', 'Obj_Lure': 'Objects_Dataset/crown.png', 'Lure_size': (300, 249), 'Target_pos': (300, -200), 'Lure_pos': (300, 200), 'Correct_key_AFC': 'down', 'jitter_ITI': 2.65, 'thisN': 33, 'thisTrialN': 33, 'thisRepN': 0}>
1730.6684 	EXP 	image_old_new: autoDraw = False
1730.6684 	EXP 	text_item: autoDraw = False
1730.6684 	EXP 	image_blank: autoDraw = True
1732.8848 	EXP 	cross_25: autoDraw = True
1733.1351 	EXP 	cross_25: autoDraw = False
1733.3221 	INFO 	Keyboard events cleared
1733.3220 	EXP 	image_blank: autoDraw = False
1733.3220 	EXP 	cross_25: autoDraw = False
1733.3220 	EXP 	image_blank: autoDraw = False
1733.3220 	EXP 	image_old_new: image = 'Scenes_Dataset/palace_interior_A.jpg'
1733.3220 	EXP 	image_old_new: autoDraw = True
1733.3220 	EXP 	text_item: autoDraw = True
1734.4204 	DATA 	Keypress: left
1736.3191 	EXP 	New trial (rep=0, index=34): <Trial 34 (34 in rep 0) data={'Index': 12, 'Scene': 'Scenes_Dataset/castle_A.jpg', 'Scene_Size': (600, 450), 'Condition_Encode': 'Congruent', 'Object_Encode': 'Objects_Dataset/sword_retouched.png', 'Object_Size': (300, 300), 'Condition_Old': 'old', 'Correct_Key_Old': 'left', 'Obj_Lure': 'Objects_Dataset/shield.png', 'Lure_size': (199, 300), 'Target_pos': (300, -200), 'Lure_pos': (300, 200), 'Correct_key_AFC': 'down', 'jitter_ITI': 2.55, 'thisN': 34, 'thisTrialN': 34, 'thisRepN': 0}>
1736.3349 	EXP 	image_old_new: autoDraw = False
1736.3349 	EXP 	text_item: autoDraw = False
1736.3349 	EXP 	image_blank: autoDraw = True
1738.5516 	EXP 	cross_25: autoDraw = True
1738.8019 	EXP 	cross_25: autoDraw = False
1738.8911 	INFO 	Keyboard events cleared
1738.8911 	EXP 	image_blank: autoDraw = False
1738.8911 	EXP 	cross_25: autoDraw = False
1738.8911 	EXP 	image_blank: autoDraw = False
1738.8911 	EXP 	image_old_new: image = 'Scenes_Dataset/castle_A.jpg'
1738.8911 	EXP 	image_old_new: autoDraw = True
1738.8911 	EXP 	text_item: autoDraw = True
1739.7871 	DATA 	Keypress: left
1741.8863 	EXP 	New trial (rep=0, index=35): <Trial 35 (35 in rep 0) data={'Index': 66, 'Scene': 'Scenes_Dataset/vault_B.jpg', 'Scene_Size': (600, 400), 'Condition_Encode': 'Lure', 'Object_Encode': None, 'Object_Size': None, 'Condition_Old': 'new', 'Correct_Key_Old': 'right', 'Obj_Lure': None, 'Lure_size': None, 'Target_pos': None, 'Lure_pos': None, 'Correct_key_AFC': None, 'jitter_ITI': 2.4, 'thisN': 35, 'thisTrialN': 35, 'thisRepN': 0}>
1741.9018 	EXP 	image_old_new: autoDraw = False
1741.9018 	EXP 	text_item: autoDraw = False
1741.9018 	EXP 	image_blank: autoDraw = True
1744.1195 	EXP 	cross_25: autoDraw = True
1744.3017 	EXP 	image_blank: autoDraw = False
1744.3853 	INFO 	Keyboard events cleared
1744.3853 	EXP 	cross_25: autoDraw = False
1744.3853 	EXP 	cross_25: autoDraw = False
1744.3853 	EXP 	image_blank: autoDraw = False
1744.3853 	EXP 	image_old_new: image = 'Scenes_Dataset/vault_B.jpg'
1744.3853 	EXP 	image_old_new: autoDraw = True
1744.3853 	EXP 	text_item: autoDraw = True
1746.9205 	DATA 	Keypress: right
1747.3693 	EXP 	New trial (rep=0, index=36): <Trial 36 (36 in rep 0) data={'Index': 51, 'Scene': 'Scenes_Dataset/clinic_A.jpg', 'Scene_Size': (600, 400), 'Condition_Encode': 'Incongruent', 'Object_Encode': 'Objects_Dataset/juggling_balls_retouched.png', 'Object_Size': (350, 197), 'Condition_Old': 'old', 'Correct_Key_Old': 'left', 'Obj_Lure': 'Objects_Dataset/sled_retouched.png', 'Lure_size': (450, 286), 'Target_pos': (300, 200), 'Lure_pos': (300, -200), 'Correct_key_AFC': 'up', 'jitter_ITI': 3.2, 'thisN': 36, 'thisTrialN': 36, 'thisRepN': 0}>
1747.3850 	EXP 	image_old_new: autoDraw = False
1747.3850 	EXP 	text_item: autoDraw = False
1747.3850 	EXP 	image_old_new: autoDraw = False
1747.3850 	EXP 	text_item: autoDraw = False
1747.3850 	EXP 	image_blank: autoDraw = True
1749.6186 	EXP 	cross_25: autoDraw = True
1749.8684 	EXP 	cross_25: autoDraw = False
1750.5879 	INFO 	Keyboard events cleared
1750.5878 	EXP 	image_blank: autoDraw = False
1750.5878 	EXP 	cross_25: autoDraw = False
1750.5878 	EXP 	image_blank: autoDraw = False
1750.5878 	EXP 	image_old_new: image = 'Scenes_Dataset/clinic_A.jpg'
1750.5878 	EXP 	image_old_new: autoDraw = True
1750.5878 	EXP 	text_item: autoDraw = True
1752.8048 	DATA 	Keypress: right
1753.5859 	EXP 	New trial (rep=0, index=37): <Trial 37 (37 in rep 0) data={'Index': 2, 'Scene': 'Scenes_Dataset/waiting_room_A.jpg', 'Scene_Size': (600, 450), 'Condition_Encode': 'Congruent', 'Object_Encode': 'Objects_Dataset/clock.png', 'Object_Size': (250, 248), 'Condition_Old': 'old', 'Correct_Key_Old': 'left', 'Obj_Lure': 'Objects_Dataset/water_dispenser.png', 'Lure_size': (300, 300), 'Target_pos': (300, -200), 'Lure_pos': (300, 200), 'Correct_key_AFC': 'down', 'jitter_ITI': 2.05, 'thisN': 37, 'thisTrialN': 37, 'thisRepN': 0}>
1753.6018 	EXP 	image_old_new: autoDraw = False
1753.6018 	EXP 	text_item: autoDraw = False
1753.6018 	EXP 	image_blank: autoDraw = True
1755.6528 	EXP 	image_blank: autoDraw = False
1755.8186 	EXP 	cross_25: autoDraw = True
1756.0711 	INFO 	Keyboard events cleared
1756.0710 	EXP 	cross_25: autoDraw = False
1756.0710 	EXP 	cross_25: autoDraw = False
1756.0710 	EXP 	image_blank: autoDraw = False
1756.0710 	EXP 	image_old_new: image = 'Scenes_Dataset/waiting_room_A.jpg'
1756.0710 	EXP 	image_old_new: autoDraw = True
1756.0710 	EXP 	text_item: autoDraw = True
1756.9552 	DATA 	Keypress: left
1759.0696 	EXP 	New trial (rep=0, index=38): <Trial 38 (38 in rep 0) data={'Index': 53, 'Scene': 'Scenes_Dataset/operating_room_A.jpg', 'Scene_Size': (600, 416), 'Condition_Encode': 'Incongruent', 'Object_Encode': 'Objects_Dataset/rope.png', 'Object_Size': (300, 248), 'Condition_Old': 'old', 'Correct_Key_Old': 'left', 'Obj_Lure': 'Objects_Dataset/scooter_retouched.png', 'Lure_size': (311, 350), 'Target_pos': (300, 200), 'Lure_pos': (300, -200), 'Correct_key_AFC': 'up', 'jitter_ITI': 2, 'thisN': 38, 'thisTrialN': 38, 'thisRepN': 0}>
1759.0852 	EXP 	image_old_new: autoDraw = False
1759.0852 	EXP 	text_item: autoDraw = False
1759.0852 	EXP 	image_blank: autoDraw = True
1761.0852 	EXP 	image_blank: autoDraw = False
1761.3188 	EXP 	cross_25: autoDraw = True
1761.5693 	INFO 	Keyboard events cleared
1761.5693 	EXP 	cross_25: autoDraw = False
1761.5693 	EXP 	cross_25: autoDraw = False
1761.5693 	EXP 	image_blank: autoDraw = False
1761.5693 	EXP 	image_old_new: image = 'Scenes_Dataset/operating_room_A.jpg'
1761.5693 	EXP 	image_old_new: autoDraw = True
1761.5693 	EXP 	text_item: autoDraw = True
1763.8548 	DATA 	Keypress: right
1764.5542 	EXP 	New trial (rep=0, index=39): <Trial 39 (39 in rep 0) data={'Index': 56, 'Scene': 'Scenes_Dataset/fountain_A.jpg', 'Scene_Size': (600, 443), 'Condition_Encode': 'Incongruent', 'Object_Encode': 'Objects_Dataset/plasticine.png', 'Object_Size': (250, 167), 'Condition_Old': 'old', 'Correct_Key_Old': 'left', 'Obj_Lure': 'Objects_Dataset/hands_dryer.png', 'Lure_size': (350, 267), 'Target_pos': (300, 200), 'Lure_pos': (300, -200), 'Correct_key_AFC': 'up', 'jitter_ITI': 2.15, 'thisN': 39, 'thisTrialN': 39, 'thisRepN': 0}>
1764.5689 	EXP 	image_old_new: autoDraw = False
1764.5689 	EXP 	text_item: autoDraw = False
1764.5689 	EXP 	image_old_new: autoDraw = False
1764.5689 	EXP 	text_item: autoDraw = False
1764.5689 	EXP 	image_blank: autoDraw = True
1766.7191 	EXP 	image_blank: autoDraw = False
1766.8022 	EXP 	cross_25: autoDraw = True
1767.0556 	INFO 	Keyboard events cleared
1767.0555 	EXP 	cross_25: autoDraw = False
1767.0555 	EXP 	cross_25: autoDraw = False
1767.0555 	EXP 	image_blank: autoDraw = False
1767.0555 	EXP 	image_old_new: image = 'Scenes_Dataset/fountain_A.jpg'
1767.0555 	EXP 	image_old_new: autoDraw = True
1767.0555 	EXP 	text_item: autoDraw = True
1768.0374 	DATA 	Keypress: left
1770.0530 	EXP 	New trial (rep=0, index=40): <Trial 40 (40 in rep 0) data={'Index': 64, 'Scene': 'Scenes_Dataset/building_entrance_B.jpg', 'Scene_Size': (600, 398), 'Condition_Encode': 'Lure', 'Object_Encode': None, 'Object_Size': None, 'Condition_Old': 'new', 'Correct_Key_Old': 'right', 'Obj_Lure': None, 'Lure_size': None, 'Target_pos': None, 'Lure_pos': None, 'Correct_key_AFC': None, 'jitter_ITI': 2.3, 'thisN': 40, 'thisTrialN': 40, 'thisRepN': 0}>
1770.0688 	EXP 	image_old_new: autoDraw = False
1770.0688 	EXP 	text_item: autoDraw = False
1770.0688 	EXP 	image_blank: autoDraw = True
1772.2854 	EXP 	cross_25: autoDraw = True
1772.3688 	EXP 	image_blank: autoDraw = False
1772.5362 	INFO 	Keyboard events cleared
1772.5362 	EXP 	cross_25: autoDraw = False
1772.5362 	EXP 	cross_25: autoDraw = False
1772.5362 	EXP 	image_blank: autoDraw = False
1772.5362 	EXP 	image_old_new: image = 'Scenes_Dataset/building_entrance_B.jpg'
1772.5362 	EXP 	image_old_new: autoDraw = True
1772.5362 	EXP 	text_item: autoDraw = True
1774.9545 	DATA 	Keypress: right
1775.5203 	EXP 	New trial (rep=0, index=41): <Trial 41 (41 in rep 0) data={'Index': 15, 'Scene': 'Scenes_Dataset/river_A.jpg', 'Scene_Size': (600, 450), 'Condition_Encode': 'Congruent', 'Object_Encode': 'Objects_Dataset/kayak.png', 'Object_Size': (450, 338), 'Condition_Old': 'old', 'Correct_Key_Old': 'left', 'Obj_Lure': 'Objects_Dataset/paddle.png', 'Lure_size': (300, 299), 'Target_pos': (300, -200), 'Lure_pos': (300, 200), 'Correct_key_AFC': 'down', 'jitter_ITI': 2.7, 'thisN': 41, 'thisTrialN': 41, 'thisRepN': 0}>
1775.5356 	EXP 	image_old_new: autoDraw = False
1775.5356 	EXP 	text_item: autoDraw = False
1775.5356 	EXP 	image_blank: autoDraw = True
1777.7692 	EXP 	cross_25: autoDraw = True
1778.0187 	EXP 	cross_25: autoDraw = False
1778.2417 	INFO 	Keyboard events cleared
1778.2417 	EXP 	image_blank: autoDraw = False
1778.2417 	EXP 	cross_25: autoDraw = False
1778.2417 	EXP 	image_blank: autoDraw = False
1778.2417 	EXP 	image_old_new: image = 'Scenes_Dataset/river_A.jpg'
1778.2417 	EXP 	image_old_new: autoDraw = True
1778.2417 	EXP 	text_item: autoDraw = True
1779.0890 	DATA 	Keypress: left
1781.2362 	EXP 	New trial (rep=0, index=42): <Trial 42 (42 in rep 0) data={'Index': 47, 'Scene': 'Scenes_Dataset/entrance_hall_B.jpg', 'Scene_Size': (600, 421), 'Condition_Encode': 'Incongruent', 'Object_Encode': 'Objects_Dataset/movie_reels.png', 'Object_Size': (350, 268), 'Condition_Old': 'old', 'Correct_Key_Old': 'left', 'Obj_Lure': 'Objects_Dataset/payment_terminal.png', 'Lure_size': (285, 300), 'Target_pos': (300, 200), 'Lure_pos': (300, -200), 'Correct_key_AFC': 'up', 'jitter_ITI': 3, 'thisN': 42, 'thisTrialN': 42, 'thisRepN': 0}>
1781.2523 	EXP 	image_old_new: autoDraw = False
1781.2523 	EXP 	text_item: autoDraw = False
1781.2523 	EXP 	image_blank: autoDraw = True
1783.4694 	EXP 	cross_25: autoDraw = True
1783.7190 	EXP 	cross_25: autoDraw = False
1784.2546 	INFO 	Keyboard events cleared
1784.2546 	EXP 	image_blank: autoDraw = False
1784.2546 	EXP 	cross_25: autoDraw = False
1784.2546 	EXP 	image_blank: autoDraw = False
1784.2546 	EXP 	image_old_new: image = 'Scenes_Dataset/entrance_hall_B.jpg'
1784.2546 	EXP 	image_old_new: autoDraw = True
1784.2546 	EXP 	text_item: autoDraw = True
1785.2380 	DATA 	Keypress: left
1787.2531 	EXP 	New trial (rep=0, index=43): <Trial 43 (43 in rep 0) data={'Index': 90, 'Scene': 'Scenes_Dataset/laundry_A.jpg', 'Scene_Size': (600, 408), 'Condition_Encode': 'Lure', 'Object_Encode': None, 'Object_Size': None, 'Condition_Old': 'new', 'Correct_Key_Old': 'right', 'Obj_Lure': None, 'Lure_size': None, 'Target_pos': None, 'Lure_pos': None, 'Correct_key_AFC': None, 'jitter_ITI': 2.3, 'thisN': 43, 'thisTrialN': 43, 'thisRepN': 0}>
1787.2691 	EXP 	image_old_new: autoDraw = False
1787.2691 	EXP 	text_item: autoDraw = False
1787.2691 	EXP 	image_blank: autoDraw = True
1789.4858 	EXP 	cross_25: autoDraw = True
1789.5694 	EXP 	image_blank: autoDraw = False
1789.7356 	INFO 	Keyboard events cleared
1789.7356 	EXP 	cross_25: autoDraw = False
1789.7356 	EXP 	cross_25: autoDraw = False
1789.7356 	EXP 	image_blank: autoDraw = False
1789.7356 	EXP 	image_old_new: image = 'Scenes_Dataset/laundry_A.jpg'
1789.7356 	EXP 	image_old_new: autoDraw = True
1789.7356 	EXP 	text_item: autoDraw = True
1792.7221 	EXP 	New trial (rep=0, index=44): <Trial 44 (44 in rep 0) data={'Index': 10, 'Scene': 'Scenes_Dataset/toy_store_B.jpg', 'Scene_Size': (600, 415), 'Condition_Encode': 'Congruent', 'Object_Encode': 'Objects_Dataset/doll.png', 'Object_Size': (191, 300), 'Condition_Old': 'old', 'Correct_Key_Old': 'left', 'Obj_Lure': 'Objects_Dataset/abacus.png', 'Lure_size': (185, 200), 'Target_pos': (300, -200), 'Lure_pos': (300, 200), 'Correct_key_AFC': 'down', 'jitter_ITI': 2.45, 'thisN': 44, 'thisTrialN': 44, 'thisRepN': 0}>
1792.7358 	EXP 	image_old_new: autoDraw = False
1792.7358 	EXP 	text_item: autoDraw = False
1792.7358 	EXP 	image_blank: autoDraw = True
1792.8038 	DATA 	Keypress: right
1794.9693 	EXP 	cross_25: autoDraw = True
1795.1861 	EXP 	image_blank: autoDraw = False
1795.2229 	INFO 	Keyboard events cleared
1795.2229 	EXP 	cross_25: autoDraw = False
1795.2229 	EXP 	cross_25: autoDraw = False
1795.2229 	EXP 	image_blank: autoDraw = False
1795.2229 	EXP 	image_old_new: image = 'Scenes_Dataset/toy_store_B.jpg'
1795.2229 	EXP 	image_old_new: autoDraw = True
1795.2229 	EXP 	text_item: autoDraw = True
1797.8710 	DATA 	Keypress: left
1798.2202 	EXP 	New trial (rep=0, index=45): <Trial 45 (45 in rep 0) data={'Index': 37, 'Scene': 'Scenes_Dataset/vault_A.jpg', 'Scene_Size': (600, 398), 'Condition_Encode': 'Incongruent', 'Object_Encode': 'Objects_Dataset/fan.png', 'Object_Size': (350, 350), 'Condition_Old': 'old', 'Correct_Key_Old': 'left', 'Obj_Lure': 'Objects_Dataset/cactus.png', 'Lure_size': (300, 248), 'Target_pos': (300, 200), 'Lure_pos': (300, -200), 'Correct_key_AFC': 'up', 'jitter_ITI': 2.5, 'thisN': 45, 'thisTrialN': 45, 'thisRepN': 0}>
1798.2362 	EXP 	image_old_new: autoDraw = False
1798.2362 	EXP 	text_item: autoDraw = False
1798.2362 	EXP 	image_blank: autoDraw = True
1800.4527 	EXP 	cross_25: autoDraw = True
1800.7027 	EXP 	cross_25: autoDraw = False
1800.7369 	INFO 	Keyboard events cleared
1800.7369 	EXP 	image_blank: autoDraw = False
1800.7369 	EXP 	cross_25: autoDraw = False
1800.7369 	EXP 	image_blank: autoDraw = False
1800.7369 	EXP 	image_old_new: image = 'Scenes_Dataset/vault_A.jpg'
1800.7369 	EXP 	image_old_new: autoDraw = True
1800.7369 	EXP 	text_item: autoDraw = True
1802.1049 	DATA 	Keypress: left
1803.7201 	EXP 	New trial (rep=0, index=46): <Trial 46 (46 in rep 0) data={'Index': 82, 'Scene': 'Scenes_Dataset/classroom_A.jpg', 'Scene_Size': (600, 450), 'Condition_Encode': 'Lure', 'Object_Encode': None, 'Object_Size': None, 'Condition_Old': 'new', 'Correct_Key_Old': 'right', 'Obj_Lure': None, 'Lure_size': None, 'Target_pos': None, 'Lure_pos': None, 'Correct_key_AFC': None, 'jitter_ITI': 3.2, 'thisN': 46, 'thisTrialN': 46, 'thisRepN': 0}>
1803.7379 	EXP 	image_old_new: autoDraw = False
1803.7379 	EXP 	text_item: autoDraw = False
1803.7379 	EXP 	image_old_new: autoDraw = False
1803.7379 	EXP 	text_item: autoDraw = False
1803.7379 	EXP 	image_blank: autoDraw = True
1805.9696 	EXP 	cross_25: autoDraw = True
1806.2197 	EXP 	cross_25: autoDraw = False
1806.9555 	INFO 	Keyboard events cleared
1806.9554 	EXP 	image_blank: autoDraw = False
1806.9554 	EXP 	cross_25: autoDraw = False
1806.9554 	EXP 	image_blank: autoDraw = False
1806.9554 	EXP 	image_old_new: image = 'Scenes_Dataset/classroom_A.jpg'
1806.9554 	EXP 	image_old_new: autoDraw = True
1806.9554 	EXP 	text_item: autoDraw = True
1808.6884 	DATA 	Keypress: right
1809.9537 	EXP 	New trial (rep=0, index=47): <Trial 47 (47 in rep 0) data={'Index': 33, 'Scene': 'Scenes_Dataset/ice_rink_A.jpg', 'Scene_Size': (600, 450), 'Condition_Encode': 'Incongruent', 'Object_Encode': 'Objects_Dataset/paper_towel_dispenser.png', 'Object_Size': (300, 400), 'Condition_Old': 'old', 'Correct_Key_Old': 'left', 'Obj_Lure': 'Objects_Dataset/saxophone.png', 'Lure_size': (250, 250), 'Target_pos': (300, 200), 'Lure_pos': (300, -200), 'Correct_key_AFC': 'up', 'jitter_ITI': 2.3, 'thisN': 47, 'thisTrialN': 47, 'thisRepN': 0}>
1809.9697 	EXP 	image_old_new: autoDraw = False
1809.9697 	EXP 	text_item: autoDraw = False
1809.9697 	EXP 	image_blank: autoDraw = True
1812.1864 	EXP 	cross_25: autoDraw = True
1812.2698 	EXP 	image_blank: autoDraw = False
1812.4360 	INFO 	Keyboard events cleared
1812.4359 	EXP 	cross_25: autoDraw = False
1812.4359 	EXP 	cross_25: autoDraw = False
1812.4359 	EXP 	image_blank: autoDraw = False
1812.4359 	EXP 	image_old_new: image = 'Scenes_Dataset/ice_rink_A.jpg'
1812.4359 	EXP 	image_old_new: autoDraw = True
1812.4359 	EXP 	text_item: autoDraw = True
1813.9715 	DATA 	Keypress: left
1815.4207 	EXP 	New trial (rep=0, index=48): <Trial 48 (48 in rep 0) data={'Index': 30, 'Scene': 'Scenes_Dataset/locker_room_B.jpg', 'Scene_Size': (600, 399), 'Condition_Encode': 'Congruent', 'Object_Encode': 'Objects_Dataset/locker.png', 'Object_Size': (264, 400), 'Condition_Old': 'old', 'Correct_Key_Old': 'left', 'Obj_Lure': 'Objects_Dataset/slippers.png', 'Lure_size': (280, 300), 'Target_pos': (300, -200), 'Lure_pos': (300, 200), 'Correct_key_AFC': 'down', 'jitter_ITI': 2.15, 'thisN': 48, 'thisTrialN': 48, 'thisRepN': 0}>
1815.4362 	EXP 	image_old_new: autoDraw = False
1815.4362 	EXP 	text_item: autoDraw = False
1815.4362 	EXP 	image_old_new: autoDraw = False
1815.4362 	EXP 	text_item: autoDraw = False
1815.4362 	EXP 	image_blank: autoDraw = True
1817.5861 	EXP 	image_blank: autoDraw = False
1817.6725 	EXP 	cross_25: autoDraw = True
1817.9372 	INFO 	Keyboard events cleared
1817.9371 	EXP 	cross_25: autoDraw = False
1817.9371 	EXP 	cross_25: autoDraw = False
1817.9371 	EXP 	image_blank: autoDraw = False
1817.9371 	EXP 	image_old_new: image = 'Scenes_Dataset/locker_room_B.jpg'
1817.9371 	EXP 	image_old_new: autoDraw = True
1817.9371 	EXP 	text_item: autoDraw = True
1818.7551 	DATA 	Keypress: left
1820.9204 	EXP 	New trial (rep=0, index=49): <Trial 49 (49 in rep 0) data={'Index': 3, 'Scene': 'Scenes_Dataset/car_interior_A.jpg', 'Scene_Size': (600, 389), 'Condition_Encode': 'Congruent', 'Object_Encode': 'Objects_Dataset/car_mat.png', 'Object_Size': (230, 258), 'Condition_Old': 'old', 'Correct_Key_Old': 'left', 'Obj_Lure': 'Objects_Dataset/car_key.png', 'Lure_size': (300, 125), 'Target_pos': (300, -200), 'Lure_pos': (300, 200), 'Correct_key_AFC': 'down', 'jitter_ITI': 2.1, 'thisN': 49, 'thisTrialN': 49, 'thisRepN': 0}>
1820.9362 	EXP 	image_old_new: autoDraw = False
1820.9362 	EXP 	text_item: autoDraw = False
1820.9362 	EXP 	image_old_new: autoDraw = False
1820.9362 	EXP 	text_item: autoDraw = False
1820.9362 	EXP 	image_blank: autoDraw = True
1823.0362 	EXP 	image_blank: autoDraw = False
1823.1704 	EXP 	cross_25: autoDraw = True
1823.4202 	INFO 	Keyboard events cleared
1823.4202 	EXP 	cross_25: autoDraw = False
1823.4202 	EXP 	cross_25: autoDraw = False
1823.4202 	EXP 	image_blank: autoDraw = False
1823.4202 	EXP 	image_old_new: image = 'Scenes_Dataset/car_interior_A.jpg'
1823.4202 	EXP 	image_old_new: autoDraw = True
1823.4202 	EXP 	text_item: autoDraw = True
1826.2379 	DATA 	Keypress: left
1826.4038 	EXP 	New trial (rep=0, index=50): <Trial 50 (50 in rep 0) data={'Index': 35, 'Scene': 'Scenes_Dataset/dentist_A.jpg', 'Scene_Size': (600, 400), 'Condition_Encode': 'Incongruent', 'Object_Encode': 'Objects_Dataset/basketball.png', 'Object_Size': (282, 300), 'Condition_Old': 'old', 'Correct_Key_Old': 'left', 'Obj_Lure': 'Objects_Dataset/chandelier_retouched.png', 'Lure_size': (250, 300), 'Target_pos': (300, 200), 'Lure_pos': (300, -200), 'Correct_key_AFC': 'up', 'jitter_ITI': 2.4, 'thisN': 50, 'thisTrialN': 50, 'thisRepN': 0}>
1826.4197 	EXP 	image_old_new: autoDraw = False
1826.4197 	EXP 	text_item: autoDraw = False
1826.4197 	EXP 	image_old_new: autoDraw = False
1826.4197 	EXP 	text_item: autoDraw = False
1826.4197 	EXP 	image_blank: autoDraw = True
1828.6528 	EXP 	cross_25: autoDraw = True
1828.8194 	EXP 	image_blank: autoDraw = False
1828.9051 	INFO 	Keyboard events cleared
1828.9051 	EXP 	cross_25: autoDraw = False
1828.9051 	EXP 	cross_25: autoDraw = False
1828.9051 	EXP 	image_blank: autoDraw = False
1828.9051 	EXP 	image_old_new: image = 'Scenes_Dataset/dentist_A.jpg'
1828.9051 	EXP 	image_old_new: autoDraw = True
1828.9051 	EXP 	text_item: autoDraw = True
1829.6714 	DATA 	Keypress: left
1831.8885 	EXP 	New trial (rep=0, index=51): <Trial 51 (51 in rep 0) data={'Index': 46, 'Scene': 'Scenes_Dataset/skate_park_A.jpg', 'Scene_Size': (600, 450), 'Condition_Encode': 'Incongruent', 'Object_Encode': 'Objects_Dataset/paddle.png', 'Object_Size': (300, 299), 'Condition_Old': 'old', 'Correct_Key_Old': 'left', 'Obj_Lure': 'Objects_Dataset/fan.png', 'Lure_size': (350, 350), 'Target_pos': (300, 200), 'Lure_pos': (300, -200), 'Correct_key_AFC': 'up', 'jitter_ITI': 2.95, 'thisN': 51, 'thisTrialN': 51, 'thisRepN': 0}>
1831.9028 	EXP 	image_old_new: autoDraw = False
1831.9028 	EXP 	text_item: autoDraw = False
1831.9028 	EXP 	image_blank: autoDraw = True
1834.1529 	EXP 	cross_25: autoDraw = True
1834.4029 	EXP 	cross_25: autoDraw = False
1834.8572 	INFO 	Keyboard events cleared
1834.8571 	EXP 	image_blank: autoDraw = False
1834.8571 	EXP 	cross_25: autoDraw = False
1834.8571 	EXP 	image_blank: autoDraw = False
1834.8571 	EXP 	image_old_new: image = 'Scenes_Dataset/skate_park_A.jpg'
1834.8571 	EXP 	image_old_new: autoDraw = True
1834.8571 	EXP 	text_item: autoDraw = True
1835.8214 	DATA 	Keypress: left
1837.8537 	EXP 	New trial (rep=0, index=52): <Trial 52 (52 in rep 0) data={'Index': 31, 'Scene': 'Scenes_Dataset/balcony.jpg', 'Scene_Size': (600, 450), 'Condition_Encode': 'Incongruent', 'Object_Encode': 'Objects_Dataset/car_key.png', 'Object_Size': (300, 125), 'Condition_Old': 'old', 'Correct_Key_Old': 'left', 'Obj_Lure': 'Objects_Dataset/staple_puller_retouched.png', 'Lure_size': (400, 400), 'Target_pos': (300, 200), 'Lure_pos': (300, -200), 'Correct_key_AFC': 'up', 'jitter_ITI': 2.2, 'thisN': 52, 'thisTrialN': 52, 'thisRepN': 0}>
1837.8696 	EXP 	image_old_new: autoDraw = False
1837.8696 	EXP 	text_item: autoDraw = False
1837.8696 	EXP 	image_blank: autoDraw = True
1840.0697 	EXP 	image_blank: autoDraw = False
1840.0863 	EXP 	cross_25: autoDraw = True
1840.3361 	INFO 	Keyboard events cleared
1840.3360 	EXP 	cross_25: autoDraw = False
1840.3360 	EXP 	cross_25: autoDraw = False
1840.3360 	EXP 	image_blank: autoDraw = False
1840.3360 	EXP 	image_old_new: image = 'Scenes_Dataset/balcony.jpg'
1840.3360 	EXP 	image_old_new: autoDraw = True
1840.3360 	EXP 	text_item: autoDraw = True
1842.2055 	DATA 	Keypress: left
1843.3209 	EXP 	New trial (rep=0, index=53): <Trial 53 (53 in rep 0) data={'Index': 23, 'Scene': 'Scenes_Dataset/desert_A.jpg', 'Scene_Size': (600, 375), 'Condition_Encode': 'Congruent', 'Object_Encode': 'Objects_Dataset/cactus.png', 'Object_Size': (300, 248), 'Condition_Old': 'old', 'Correct_Key_Old': 'left', 'Obj_Lure': 'Objects_Dataset/canteen.png', 'Lure_size': (150, 250), 'Target_pos': (300, -200), 'Lure_pos': (300, 200), 'Correct_key_AFC': 'down', 'jitter_ITI': 3.1, 'thisN': 53, 'thisTrialN': 53, 'thisRepN': 0}>
1843.3364 	EXP 	image_old_new: autoDraw = False
1843.3364 	EXP 	text_item: autoDraw = False
1843.3364 	EXP 	image_old_new: autoDraw = False
1843.3364 	EXP 	text_item: autoDraw = False
1843.3364 	EXP 	image_blank: autoDraw = True
1845.5698 	EXP 	cross_25: autoDraw = True
1845.8203 	EXP 	cross_25: autoDraw = False
1846.4368 	INFO 	Keyboard events cleared
1846.4368 	EXP 	image_blank: autoDraw = False
1846.4368 	EXP 	cross_25: autoDraw = False
1846.4368 	EXP 	image_blank: autoDraw = False
1846.4368 	EXP 	image_old_new: image = 'Scenes_Dataset/desert_A.jpg'
1846.4368 	EXP 	image_old_new: autoDraw = True
1846.4368 	EXP 	text_item: autoDraw = True
1847.2718 	DATA 	Keypress: left
1849.4208 	EXP 	New trial (rep=0, index=54): <Trial 54 (54 in rep 0) data={'Index': 27, 'Scene': 'Scenes_Dataset/toilet_A.jpg', 'Scene_Size': (600, 450), 'Condition_Encode': 'Congruent', 'Object_Encode': 'Objects_Dataset/toothbrush.png', 'Object_Size': (300, 215), 'Condition_Old': 'old', 'Correct_Key_Old': 'left', 'Obj_Lure': 'Objects_Dataset/hairdryer_retouched.png', 'Lure_size': (250, 241), 'Target_pos': (300, -200), 'Lure_pos': (300, 200), 'Correct_key_AFC': 'down', 'jitter_ITI': 2, 'thisN': 54, 'thisTrialN': 54, 'thisRepN': 0}>
1849.4367 	EXP 	image_old_new: autoDraw = False
1849.4367 	EXP 	text_item: autoDraw = False
1849.4367 	EXP 	image_old_new: autoDraw = False
1849.4367 	EXP 	text_item: autoDraw = False
1849.4367 	EXP 	image_blank: autoDraw = True
1851.4367 	EXP 	image_blank: autoDraw = False
1851.6698 	EXP 	cross_25: autoDraw = True
1851.9207 	INFO 	Keyboard events cleared
1851.9207 	EXP 	cross_25: autoDraw = False
1851.9207 	EXP 	cross_25: autoDraw = False
1851.9207 	EXP 	image_blank: autoDraw = False
1851.9207 	EXP 	image_old_new: image = 'Scenes_Dataset/toilet_A.jpg'
1851.9207 	EXP 	image_old_new: autoDraw = True
1851.9207 	EXP 	text_item: autoDraw = True
1852.9216 	DATA 	Keypress: left
1854.9040 	EXP 	New trial (rep=0, index=55): <Trial 55 (55 in rep 0) data={'Index': 7, 'Scene': 'Scenes_Dataset/snow_B.jpg', 'Scene_Size': (600, 450), 'Condition_Encode': 'Congruent', 'Object_Encode': 'Objects_Dataset/wool_cap.png', 'Object_Size': (250, 250), 'Condition_Old': 'old', 'Correct_Key_Old': 'left', 'Obj_Lure': 'Objects_Dataset/eskimo_coat.png', 'Lure_size': (300, 300), 'Target_pos': (300, -200), 'Lure_pos': (300, 200), 'Correct_key_AFC': 'down', 'jitter_ITI': 2.3, 'thisN': 55, 'thisTrialN': 55, 'thisRepN': 0}>
1854.9202 	EXP 	image_old_new: autoDraw = False
1854.9202 	EXP 	text_item: autoDraw = False
1854.9202 	EXP 	image_old_new: autoDraw = False
1854.9202 	EXP 	text_item: autoDraw = False
1854.9202 	EXP 	image_blank: autoDraw = True
1857.1535 	EXP 	cross_25: autoDraw = True
1857.2199 	EXP 	image_blank: autoDraw = False
1857.4031 	INFO 	Keyboard events cleared
1857.4031 	EXP 	cross_25: autoDraw = False
1857.4031 	EXP 	cross_25: autoDraw = False
1857.4031 	EXP 	image_blank: autoDraw = False
1857.4031 	EXP 	image_old_new: image = 'Scenes_Dataset/snow_B.jpg'
1857.4031 	EXP 	image_old_new: autoDraw = True
1857.4031 	EXP 	text_item: autoDraw = True
1858.2563 	DATA 	Keypress: left
1860.3879 	EXP 	New trial (rep=0, index=56): <Trial 56 (56 in rep 0) data={'Index': 21, 'Scene': 'Scenes_Dataset/pharmacy_A.jpg', 'Scene_Size': (600, 461), 'Condition_Encode': 'Congruent', 'Object_Encode': 'Objects_Dataset/pills.png', 'Object_Size': (216, 250), 'Condition_Old': 'old', 'Correct_Key_Old': 'left', 'Obj_Lure': 'Objects_Dataset/thermometer.png', 'Lure_size': (300, 199), 'Target_pos': (300, -200), 'Lure_pos': (300, 200), 'Correct_key_AFC': 'down', 'jitter_ITI': 3, 'thisN': 56, 'thisTrialN': 56, 'thisRepN': 0}>
1860.4033 	EXP 	image_old_new: autoDraw = False
1860.4033 	EXP 	text_item: autoDraw = False
1860.4033 	EXP 	image_blank: autoDraw = True
1862.6368 	EXP 	cross_25: autoDraw = True
1862.8867 	EXP 	cross_25: autoDraw = False
1863.4069 	INFO 	Keyboard events cleared
1863.4069 	EXP 	image_blank: autoDraw = False
1863.4069 	EXP 	cross_25: autoDraw = False
1863.4069 	EXP 	image_blank: autoDraw = False
1863.4069 	EXP 	image_old_new: image = 'Scenes_Dataset/pharmacy_A.jpg'
1863.4069 	EXP 	image_old_new: autoDraw = True
1863.4069 	EXP 	text_item: autoDraw = True
1864.4066 	DATA 	Keypress: left
1866.4045 	EXP 	New trial (rep=0, index=57): <Trial 57 (57 in rep 0) data={'Index': 77, 'Scene': 'Scenes_Dataset/trash_A.jpg', 'Scene_Size': (600, 424), 'Condition_Encode': 'Lure', 'Object_Encode': None, 'Object_Size': None, 'Condition_Old': 'new', 'Correct_Key_Old': 'right', 'Obj_Lure': None, 'Lure_size': None, 'Target_pos': None, 'Lure_pos': None, 'Correct_key_AFC': None, 'jitter_ITI': 2.95, 'thisN': 57, 'thisTrialN': 57, 'thisRepN': 0}>
1866.4203 	EXP 	image_old_new: autoDraw = False
1866.4203 	EXP 	text_item: autoDraw = False
1866.4203 	EXP 	image_blank: autoDraw = True
1868.6372 	EXP 	cross_25: autoDraw = True
1868.8868 	EXP 	cross_25: autoDraw = False
1869.3764 	INFO 	Keyboard events cleared
1869.3763 	EXP 	image_blank: autoDraw = False
1869.3763 	EXP 	cross_25: autoDraw = False
1869.3763 	EXP 	image_blank: autoDraw = False
1869.3763 	EXP 	image_old_new: image = 'Scenes_Dataset/trash_A.jpg'
1869.3763 	EXP 	image_old_new: autoDraw = True
1869.3763 	EXP 	text_item: autoDraw = True
1872.0061 	DATA 	Keypress: right
1872.3739 	EXP 	New trial (rep=0, index=58): <Trial 58 (58 in rep 0) data={'Index': 49, 'Scene': 'Scenes_Dataset/restaurant_A.jpg', 'Scene_Size': (600, 400), 'Condition_Encode': 'Incongruent', 'Object_Encode': 'Objects_Dataset/comb.png', 'Object_Size': (250, 250), 'Condition_Old': 'old', 'Correct_Key_Old': 'left', 'Obj_Lure': 'Objects_Dataset/football_boots.png', 'Lure_size': (300, 300), 'Target_pos': (300, 200), 'Lure_pos': (300, -200), 'Correct_key_AFC': 'up', 'jitter_ITI': 3.1, 'thisN': 58, 'thisTrialN': 58, 'thisRepN': 0}>
1872.3869 	EXP 	image_old_new: autoDraw = False
1872.3869 	EXP 	text_item: autoDraw = False
1872.3869 	EXP 	image_blank: autoDraw = True
1874.6036 	EXP 	cross_25: autoDraw = True
1874.8537 	EXP 	cross_25: autoDraw = False
1875.4878 	INFO 	Keyboard events cleared
1875.4877 	EXP 	image_blank: autoDraw = False
1875.4877 	EXP 	cross_25: autoDraw = False
1875.4877 	EXP 	image_blank: autoDraw = False
1875.4877 	EXP 	image_old_new: image = 'Scenes_Dataset/restaurant_A.jpg'
1875.4877 	EXP 	image_old_new: autoDraw = True
1875.4877 	EXP 	text_item: autoDraw = True
1877.7559 	DATA 	Keypress: right
1878.4722 	EXP 	New trial (rep=0, index=59): <Trial 59 (59 in rep 0) data={'Index': 20, 'Scene': 'Scenes_Dataset/basketball_field_A.jpg', 'Scene_Size': (600, 399), 'Condition_Encode': 'Congruent', 'Object_Encode': 'Objects_Dataset/whistle.png', 'Object_Size': (200, 151), 'Condition_Old': 'old', 'Correct_Key_Old': 'left', 'Obj_Lure': 'Objects_Dataset/basketball.png', 'Lure_size': (282, 300), 'Target_pos': (300, -200), 'Lure_pos': (300, 200), 'Correct_key_AFC': 'down', 'jitter_ITI': 2.95, 'thisN': 59, 'thisTrialN': 59, 'thisRepN': 0}>
1878.4870 	EXP 	image_old_new: autoDraw = False
1878.4870 	EXP 	text_item: autoDraw = False
1878.4870 	EXP 	image_old_new: autoDraw = False
1878.4870 	EXP 	text_item: autoDraw = False
1878.4870 	EXP 	image_blank: autoDraw = True
1880.7370 	EXP 	cross_25: autoDraw = True
1880.9896 	EXP 	cross_25: autoDraw = False
1881.4410 	INFO 	Keyboard events cleared
1881.4409 	EXP 	image_blank: autoDraw = False
1881.4409 	EXP 	cross_25: autoDraw = False
1881.4409 	EXP 	image_blank: autoDraw = False
1881.4409 	EXP 	image_old_new: image = 'Scenes_Dataset/basketball_field_A.jpg'
1881.4409 	EXP 	image_old_new: autoDraw = True
1881.4409 	EXP 	text_item: autoDraw = True
1882.2059 	DATA 	Keypress: left
1884.4377 	EXP 	New trial (rep=0, index=60): <Trial 60 (60 in rep 0) data={'Index': 11, 'Scene': 'Scenes_Dataset/airplane_interior_A.jpg', 'Scene_Size': (600, 480), 'Condition_Encode': 'Congruent', 'Object_Encode': 'Objects_Dataset/oxygen_mask_retouched.png', 'Object_Size': (300, 300), 'Condition_Old': 'old', 'Correct_Key_Old': 'left', 'Obj_Lure': 'Objects_Dataset/airplane_belt.png', 'Lure_size': (300, 249), 'Target_pos': (300, -200), 'Lure_pos': (300, 200), 'Correct_key_AFC': 'down', 'jitter_ITI': 2.5, 'thisN': 60, 'thisTrialN': 60, 'thisRepN': 0}>
1884.4537 	EXP 	image_old_new: autoDraw = False
1884.4537 	EXP 	text_item: autoDraw = False
1884.4537 	EXP 	image_blank: autoDraw = True
1886.6706 	EXP 	cross_25: autoDraw = True
1886.9204 	EXP 	cross_25: autoDraw = False
1886.9568 	INFO 	Keyboard events cleared
1886.9568 	EXP 	image_blank: autoDraw = False
1886.9568 	EXP 	cross_25: autoDraw = False
1886.9568 	EXP 	image_blank: autoDraw = False
1886.9568 	EXP 	image_old_new: image = 'Scenes_Dataset/airplane_interior_A.jpg'
1886.9568 	EXP 	image_old_new: autoDraw = True
1886.9568 	EXP 	text_item: autoDraw = True
1888.1723 	DATA 	Keypress: left
1889.9546 	EXP 	New trial (rep=0, index=61): <Trial 61 (61 in rep 0) data={'Index': 71, 'Scene': 'Scenes_Dataset/field_B.jpg', 'Scene_Size': (600, 381), 'Condition_Encode': 'Lure', 'Object_Encode': None, 'Object_Size': None, 'Condition_Old': 'new', 'Correct_Key_Old': 'right', 'Obj_Lure': None, 'Lure_size': None, 'Target_pos': None, 'Lure_pos': None, 'Correct_key_AFC': None, 'jitter_ITI': 2.65, 'thisN': 61, 'thisTrialN': 61, 'thisRepN': 0}>
1889.9705 	EXP 	image_old_new: autoDraw = False
1889.9705 	EXP 	text_item: autoDraw = False
1889.9705 	EXP 	image_blank: autoDraw = True
1892.1872 	EXP 	cross_25: autoDraw = True
1892.4372 	EXP 	cross_25: autoDraw = False
1892.6208 	INFO 	Keyboard events cleared
1892.6208 	EXP 	image_blank: autoDraw = False
1892.6208 	EXP 	cross_25: autoDraw = False
1892.6208 	EXP 	image_blank: autoDraw = False
1892.6208 	EXP 	image_old_new: image = 'Scenes_Dataset/field_B.jpg'
1892.6208 	EXP 	image_old_new: autoDraw = True
1892.6208 	EXP 	text_item: autoDraw = True
1894.4899 	DATA 	Keypress: right
1895.6048 	EXP 	New trial (rep=0, index=62): <Trial 62 (62 in rep 0) data={'Index': 34, 'Scene': 'Scenes_Dataset/flower_shop_A.jpg', 'Scene_Size': (600, 450), 'Condition_Encode': 'Incongruent', 'Object_Encode': 'Objects_Dataset/trumpet_retouched.png', 'Object_Size': (300, 122), 'Condition_Old': 'old', 'Correct_Key_Old': 'left', 'Obj_Lure': 'Objects_Dataset/sailor_hat.png', 'Lure_size': (300, 250), 'Target_pos': (300, 200), 'Lure_pos': (300, -200), 'Correct_key_AFC': 'up', 'jitter_ITI': 2.35, 'thisN': 62, 'thisTrialN': 62, 'thisRepN': 0}>
1895.6207 	EXP 	image_old_new: autoDraw = False
1895.6207 	EXP 	text_item: autoDraw = False
1895.6207 	EXP 	image_old_new: autoDraw = False
1895.6207 	EXP 	text_item: autoDraw = False
1895.6207 	EXP 	image_blank: autoDraw = True
1897.8539 	EXP 	cross_25: autoDraw = True
1897.9706 	EXP 	image_blank: autoDraw = False
1898.1105 	INFO 	Keyboard events cleared
1898.1105 	EXP 	cross_25: autoDraw = False
1898.1105 	EXP 	cross_25: autoDraw = False
1898.1105 	EXP 	image_blank: autoDraw = False
1898.1105 	EXP 	image_old_new: image = 'Scenes_Dataset/flower_shop_A.jpg'
1898.1105 	EXP 	image_old_new: autoDraw = True
1898.1105 	EXP 	text_item: autoDraw = True
1899.0395 	DATA 	Keypress: left
1901.1047 	EXP 	New trial (rep=0, index=63): <Trial 63 (63 in rep 0) data={'Index': 68, 'Scene': 'Scenes_Dataset/hut_B.jpg', 'Scene_Size': (600, 400), 'Condition_Encode': 'Lure', 'Object_Encode': None, 'Object_Size': None, 'Condition_Old': 'new', 'Correct_Key_Old': 'right', 'Obj_Lure': None, 'Lure_size': None, 'Target_pos': None, 'Lure_pos': None, 'Correct_key_AFC': None, 'jitter_ITI': 2.5, 'thisN': 63, 'thisTrialN': 63, 'thisRepN': 0}>
1901.1223 	EXP 	image_old_new: autoDraw = False
1901.1223 	EXP 	text_item: autoDraw = False
1901.1223 	EXP 	image_blank: autoDraw = True
1903.3374 	EXP 	cross_25: autoDraw = True
1903.5875 	EXP 	cross_25: autoDraw = False
1903.6406 	INFO 	Keyboard events cleared
1903.6406 	EXP 	image_blank: autoDraw = False
1903.6406 	EXP 	cross_25: autoDraw = False
1903.6406 	EXP 	image_blank: autoDraw = False
1903.6406 	EXP 	image_old_new: image = 'Scenes_Dataset/hut_B.jpg'
1903.6406 	EXP 	image_old_new: autoDraw = True
1903.6406 	EXP 	text_item: autoDraw = True
1906.0421 	DATA 	Keypress: right
1906.6409 	EXP 	New trial (rep=0, index=64): <Trial 64 (64 in rep 0) data={'Index': 9, 'Scene': 'Scenes_Dataset/childrens_room_A.jpg', 'Scene_Size': (600, 524), 'Condition_Encode': 'Congruent', 'Object_Encode': 'Objects_Dataset/abacus.png', 'Object_Size': (185, 200), 'Condition_Old': 'old', 'Correct_Key_Old': 'left', 'Obj_Lure': 'Objects_Dataset/doll.png', 'Lure_size': (191, 300), 'Target_pos': (300, -200), 'Lure_pos': (300, 200), 'Correct_key_AFC': 'down', 'jitter_ITI': 2.4, 'thisN': 64, 'thisTrialN': 64, 'thisRepN': 0}>
1906.6542 	EXP 	image_old_new: autoDraw = False
1906.6542 	EXP 	text_item: autoDraw = False
1906.6542 	EXP 	image_blank: autoDraw = True
1908.8709 	EXP 	cross_25: autoDraw = True
1909.0542 	EXP 	image_blank: autoDraw = False
1909.1277 	INFO 	Keyboard events cleared
1909.1277 	EXP 	cross_25: autoDraw = False
1909.1277 	EXP 	cross_25: autoDraw = False
1909.1277 	EXP 	image_blank: autoDraw = False
1909.1277 	EXP 	image_old_new: image = 'Scenes_Dataset/childrens_room_A.jpg'
1909.1277 	EXP 	image_old_new: autoDraw = True
1909.1277 	EXP 	text_item: autoDraw = True
1909.9230 	DATA 	Keypress: left
1912.1216 	EXP 	New trial (rep=0, index=65): <Trial 65 (65 in rep 0) data={'Index': 59, 'Scene': 'Scenes_Dataset/golf_course_A.jpg', 'Scene_Size': (600, 400), 'Condition_Encode': 'Incongruent', 'Object_Encode': 'Objects_Dataset/clothesline_retouched_2.png', 'Object_Size': (350, 231), 'Condition_Old': 'old', 'Correct_Key_Old': 'left', 'Obj_Lure': 'Objects_Dataset/computer_monitor.png', 'Lure_size': (300, 300), 'Target_pos': (300, 200), 'Lure_pos': (300, -200), 'Correct_key_AFC': 'up', 'jitter_ITI': 2.3, 'thisN': 65, 'thisTrialN': 65, 'thisRepN': 0}>
1912.1382 	EXP 	image_old_new: autoDraw = False
1912.1382 	EXP 	text_item: autoDraw = False
1912.1382 	EXP 	image_blank: autoDraw = True
1914.3543 	EXP 	cross_25: autoDraw = True
1914.4377 	EXP 	image_blank: autoDraw = False
1914.6049 	INFO 	Keyboard events cleared
1914.6049 	EXP 	cross_25: autoDraw = False
1914.6049 	EXP 	cross_25: autoDraw = False
1914.6049 	EXP 	image_blank: autoDraw = False
1914.6049 	EXP 	image_old_new: image = 'Scenes_Dataset/golf_course_A.jpg'
1914.6049 	EXP 	image_old_new: autoDraw = True
1914.6049 	EXP 	text_item: autoDraw = True
1915.3729 	DATA 	Keypress: left
1917.5885 	EXP 	New trial (rep=0, index=66): <Trial 66 (66 in rep 0) data={'Index': 18, 'Scene': 'Scenes_Dataset/soccer_stadium_B.jpg', 'Scene_Size': (600, 400), 'Condition_Encode': 'Congruent', 'Object_Encode': 'Objects_Dataset/football_boots.png', 'Object_Size': (300, 300), 'Condition_Old': 'old', 'Correct_Key_Old': 'left', 'Obj_Lure': 'Objects_Dataset/whistle.png', 'Lure_size': (200, 151), 'Target_pos': (300, -200), 'Lure_pos': (300, 200), 'Correct_key_AFC': 'down', 'jitter_ITI': 2.85, 'thisN': 66, 'thisTrialN': 66, 'thisRepN': 0}>
1917.6045 	EXP 	image_old_new: autoDraw = False
1917.6045 	EXP 	text_item: autoDraw = False
1917.6045 	EXP 	image_old_new: autoDraw = False
1917.6045 	EXP 	text_item: autoDraw = False
1917.6045 	EXP 	image_blank: autoDraw = True
1919.8377 	EXP 	cross_25: autoDraw = True
1920.0879 	EXP 	cross_25: autoDraw = False
1920.4566 	INFO 	Keyboard events cleared
1920.4565 	EXP 	image_blank: autoDraw = False
1920.4565 	EXP 	cross_25: autoDraw = False
1920.4565 	EXP 	image_blank: autoDraw = False
1920.4565 	EXP 	image_old_new: image = 'Scenes_Dataset/soccer_stadium_B.jpg'
1920.4565 	EXP 	image_old_new: autoDraw = True
1920.4565 	EXP 	text_item: autoDraw = True
1921.5230 	DATA 	Keypress: left
1923.4556 	EXP 	New trial (rep=0, index=67): <Trial 67 (67 in rep 0) data={'Index': 50, 'Scene': 'Scenes_Dataset/playground_A.jpg', 'Scene_Size': (600, 337), 'Condition_Encode': 'Incongruent', 'Object_Encode': 'Objects_Dataset/water_dispenser.png', 'Object_Size': (300, 300), 'Condition_Old': 'old', 'Correct_Key_Old': 'left', 'Obj_Lure': 'Objects_Dataset/wine_cork.png', 'Lure_size': (250, 163), 'Target_pos': (300, 200), 'Lure_pos': (300, -200), 'Correct_key_AFC': 'up', 'jitter_ITI': 3.15, 'thisN': 67, 'thisTrialN': 67, 'thisRepN': 0}>
1923.4711 	EXP 	image_old_new: autoDraw = False
1923.4711 	EXP 	text_item: autoDraw = False
1923.4711 	EXP 	image_blank: autoDraw = True
1925.6879 	EXP 	cross_25: autoDraw = True
1925.9378 	EXP 	cross_25: autoDraw = False
1926.6282 	INFO 	Keyboard events cleared
1926.6282 	EXP 	image_blank: autoDraw = False
1926.6282 	EXP 	cross_25: autoDraw = False
1926.6282 	EXP 	image_blank: autoDraw = False
1926.6282 	EXP 	image_old_new: image = 'Scenes_Dataset/playground_A.jpg'
1926.6282 	EXP 	image_old_new: autoDraw = True
1926.6282 	EXP 	text_item: autoDraw = True
1928.4396 	DATA 	Keypress: left
1929.6220 	EXP 	New trial (rep=0, index=68): <Trial 68 (68 in rep 0) data={'Index': 84, 'Scene': 'Scenes_Dataset/bedroom_A.jpg', 'Scene_Size': (600, 403), 'Condition_Encode': 'Lure', 'Object_Encode': None, 'Object_Size': None, 'Condition_Old': 'new', 'Correct_Key_Old': 'right', 'Obj_Lure': None, 'Lure_size': None, 'Target_pos': None, 'Lure_pos': None, 'Correct_key_AFC': None, 'jitter_ITI': 2, 'thisN': 68, 'thisTrialN': 68, 'thisRepN': 0}>
1929.6378 	EXP 	image_old_new: autoDraw = False
1929.6378 	EXP 	text_item: autoDraw = False
1929.6378 	EXP 	image_blank: autoDraw = True
1931.6379 	EXP 	image_blank: autoDraw = False
1931.8548 	EXP 	cross_25: autoDraw = True
1932.1086 	INFO 	Keyboard events cleared
1932.1085 	EXP 	cross_25: autoDraw = False
1932.1085 	EXP 	cross_25: autoDraw = False
1932.1085 	EXP 	image_blank: autoDraw = False
1932.1085 	EXP 	image_old_new: image = 'Scenes_Dataset/bedroom_A.jpg'
1932.1085 	EXP 	image_old_new: autoDraw = True
1932.1085 	EXP 	text_item: autoDraw = True
1934.0910 	DATA 	Keypress: right
1935.1056 	EXP 	New trial (rep=0, index=69): <Trial 69 (69 in rep 0) data={'Index': 6, 'Scene': 'Scenes_Dataset/stationary_store_A.jpg', 'Scene_Size': (600, 370), 'Condition_Encode': 'Congruent', 'Object_Encode': 'Objects_Dataset/stapler.png', 'Object_Size': (250, 178), 'Condition_Old': 'old', 'Correct_Key_Old': 'left', 'Obj_Lure': 'Objects_Dataset/envelope_retouched.png', 'Lure_size': (250, 211), 'Target_pos': (300, -200), 'Lure_pos': (300, 200), 'Correct_key_AFC': 'down', 'jitter_ITI': 2.25, 'thisN': 69, 'thisTrialN': 69, 'thisRepN': 0}>
1935.1213 	EXP 	image_old_new: autoDraw = False
1935.1213 	EXP 	text_item: autoDraw = False
1935.1213 	EXP 	image_blank: autoDraw = True
1937.3379 	EXP 	cross_25: autoDraw = True
1937.3710 	EXP 	image_blank: autoDraw = False
1937.5873 	INFO 	Keyboard events cleared
1937.5872 	EXP 	cross_25: autoDraw = False
1937.5872 	EXP 	cross_25: autoDraw = False
1937.5872 	EXP 	image_blank: autoDraw = False
1937.5872 	EXP 	image_old_new: image = 'Scenes_Dataset/stationary_store_A.jpg'
1937.5872 	EXP 	image_old_new: autoDraw = True
1937.5872 	EXP 	text_item: autoDraw = True
1938.6570 	DATA 	Keypress: left
1940.5711 	EXP 	New trial (rep=0, index=70): <Trial 70 (70 in rep 0) data={'Index': 19, 'Scene': 'Scenes_Dataset/island_A.jpg', 'Scene_Size': (600, 420), 'Condition_Encode': 'Congruent', 'Object_Encode': 'Objects_Dataset/message_bottle.png', 'Object_Size': (284, 177), 'Condition_Old': 'old', 'Correct_Key_Old': 'left', 'Obj_Lure': 'Objects_Dataset/kayak.png', 'Lure_size': (450, 338), 'Target_pos': (300, -200), 'Lure_pos': (300, 200), 'Correct_key_AFC': 'down', 'jitter_ITI': 2.9, 'thisN': 70, 'thisTrialN': 70, 'thisRepN': 0}>
1940.5876 	EXP 	image_old_new: autoDraw = False
1940.5876 	EXP 	text_item: autoDraw = False
1940.5876 	EXP 	image_old_new: autoDraw = False
1940.5876 	EXP 	text_item: autoDraw = False
1940.5876 	EXP 	image_blank: autoDraw = True
1942.8210 	EXP 	cross_25: autoDraw = True
1943.0710 	EXP 	cross_25: autoDraw = False
1943.4877 	INFO 	Keyboard events cleared
1943.4877 	EXP 	image_blank: autoDraw = False
1943.4877 	EXP 	cross_25: autoDraw = False
1943.4877 	EXP 	image_blank: autoDraw = False
1943.4877 	EXP 	image_old_new: image = 'Scenes_Dataset/island_A.jpg'
1943.4877 	EXP 	image_old_new: autoDraw = True
1943.4877 	EXP 	text_item: autoDraw = True
1944.6406 	DATA 	Keypress: left
1946.4725 	EXP 	New trial (rep=0, index=71): <Trial 71 (71 in rep 0) data={'Index': 26, 'Scene': 'Scenes_Dataset/hospital_room_B.jpg', 'Scene_Size': (600, 400), 'Condition_Encode': 'Congruent', 'Object_Encode': 'Objects_Dataset/saline_retouched.png', 'Object_Size': (300, 225), 'Condition_Old': 'old', 'Correct_Key_Old': 'left', 'Obj_Lure': 'Objects_Dataset/pills.png', 'Lure_size': (216, 250), 'Target_pos': (300, -200), 'Lure_pos': (300, 200), 'Correct_key_AFC': 'down', 'jitter_ITI': 3.25, 'thisN': 71, 'thisTrialN': 71, 'thisRepN': 0}>
1946.4882 	EXP 	image_old_new: autoDraw = False
1946.4882 	EXP 	text_item: autoDraw = False
1946.4882 	EXP 	image_blank: autoDraw = True
1948.7213 	EXP 	cross_25: autoDraw = True
1948.9714 	EXP 	cross_25: autoDraw = False
1949.7392 	INFO 	Keyboard events cleared
1949.7392 	EXP 	image_blank: autoDraw = False
1949.7392 	EXP 	cross_25: autoDraw = False
1949.7392 	EXP 	image_blank: autoDraw = False
1949.7392 	EXP 	image_old_new: image = 'Scenes_Dataset/hospital_room_B.jpg'
1949.7392 	EXP 	image_old_new: autoDraw = True
1949.7392 	EXP 	text_item: autoDraw = True
1951.2896 	DATA 	Keypress: left
1952.7241 	EXP 	New trial (rep=0, index=72): <Trial 72 (72 in rep 0) data={'Index': 44, 'Scene': 'Scenes_Dataset/boat_interior_A.jpg', 'Scene_Size': (600, 400), 'Condition_Encode': 'Incongruent', 'Object_Encode': 'Objects_Dataset/scooter_retouched.png', 'Object_Size': (311, 350), 'Condition_Old': 'old', 'Correct_Key_Old': 'left', 'Obj_Lure': 'Objects_Dataset/car_mat.png', 'Lure_size': (230, 258), 'Target_pos': (300, 200), 'Lure_pos': (300, -200), 'Correct_key_AFC': 'up', 'jitter_ITI': 2.85, 'thisN': 72, 'thisTrialN': 72, 'thisRepN': 0}>
1952.7385 	EXP 	image_old_new: autoDraw = False
1952.7385 	EXP 	text_item: autoDraw = False
1952.7385 	EXP 	image_blank: autoDraw = True
1954.9715 	EXP 	cross_25: autoDraw = True
1955.2228 	EXP 	cross_25: autoDraw = False
1955.5881 	INFO 	Keyboard events cleared
1955.5880 	EXP 	image_blank: autoDraw = False
1955.5880 	EXP 	cross_25: autoDraw = False
1955.5880 	EXP 	image_blank: autoDraw = False
1955.5880 	EXP 	image_old_new: image = 'Scenes_Dataset/boat_interior_A.jpg'
1955.5880 	EXP 	image_old_new: autoDraw = True
1955.5880 	EXP 	text_item: autoDraw = True
1956.3891 	DATA 	Keypress: left
1958.5721 	EXP 	New trial (rep=0, index=73): <Trial 73 (73 in rep 0) data={'Index': 32, 'Scene': 'Scenes_Dataset/elevator_A.jpg', 'Scene_Size': (600, 450), 'Condition_Encode': 'Incongruent', 'Object_Encode': 'Objects_Dataset/cake_tongs_retouched.png', 'Object_Size': (300, 75), 'Condition_Old': 'old', 'Correct_Key_Old': 'left', 'Obj_Lure': 'Objects_Dataset/3d_glasses_retouched.png', 'Lure_size': (300, 300), 'Target_pos': (300, 200), 'Lure_pos': (300, -200), 'Correct_key_AFC': 'up', 'jitter_ITI': 2.25, 'thisN': 73, 'thisTrialN': 73, 'thisRepN': 0}>
1958.5879 	EXP 	image_old_new: autoDraw = False
1958.5879 	EXP 	text_item: autoDraw = False
1958.5879 	EXP 	image_old_new: autoDraw = False
1958.5879 	EXP 	text_item: autoDraw = False
1958.5879 	EXP 	image_blank: autoDraw = True
1960.8216 	EXP 	cross_25: autoDraw = True
1960.8412 	EXP 	image_blank: autoDraw = False
1961.0717 	INFO 	Keyboard events cleared
1961.0717 	EXP 	cross_25: autoDraw = False
1961.0717 	EXP 	cross_25: autoDraw = False
1961.0717 	EXP 	image_blank: autoDraw = False
1961.0717 	EXP 	image_old_new: image = 'Scenes_Dataset/elevator_A.jpg'
1961.0717 	EXP 	image_old_new: autoDraw = True
1961.0717 	EXP 	text_item: autoDraw = True
1962.0894 	DATA 	Keypress: left
1964.0558 	EXP 	New trial (rep=0, index=74): <Trial 74 (74 in rep 0) data={'Index': 70, 'Scene': 'Scenes_Dataset/ballet_room_B.jpg', 'Scene_Size': (600, 400), 'Condition_Encode': 'Lure', 'Object_Encode': None, 'Object_Size': None, 'Condition_Old': 'new', 'Correct_Key_Old': 'right', 'Obj_Lure': None, 'Lure_size': None, 'Target_pos': None, 'Lure_pos': None, 'Correct_key_AFC': None, 'jitter_ITI': 2.6, 'thisN': 74, 'thisTrialN': 74, 'thisRepN': 0}>
1964.0717 	EXP 	image_old_new: autoDraw = False
1964.0717 	EXP 	text_item: autoDraw = False
1964.0717 	EXP 	image_blank: autoDraw = True
1966.3052 	EXP 	cross_25: autoDraw = True
1966.5551 	EXP 	cross_25: autoDraw = False
1966.6713 	INFO 	Keyboard events cleared
1966.6712 	EXP 	image_blank: autoDraw = False
1966.6712 	EXP 	cross_25: autoDraw = False
1966.6712 	EXP 	image_blank: autoDraw = False
1966.6712 	EXP 	image_old_new: image = 'Scenes_Dataset/ballet_room_B.jpg'
1966.6712 	EXP 	image_old_new: autoDraw = True
1966.6712 	EXP 	text_item: autoDraw = True
1968.3894 	DATA 	Keypress: left
1969.6582 	EXP 	New trial (rep=0, index=75): <Trial 75 (75 in rep 0) data={'Index': 72, 'Scene': 'Scenes_Dataset/underwater_A.jpg', 'Scene_Size': (600, 450), 'Condition_Encode': 'Lure', 'Object_Encode': None, 'Object_Size': None, 'Condition_Old': 'new', 'Correct_Key_Old': 'right', 'Obj_Lure': None, 'Lure_size': None, 'Target_pos': None, 'Lure_pos': None, 'Correct_key_AFC': None, 'jitter_ITI': 2.7, 'thisN': 75, 'thisTrialN': 75, 'thisRepN': 0}>
1969.6720 	EXP 	image_old_new: autoDraw = False
1969.6720 	EXP 	text_item: autoDraw = False
1969.6720 	EXP 	image_blank: autoDraw = True
1971.9054 	EXP 	cross_25: autoDraw = True
1972.1564 	EXP 	cross_25: autoDraw = False
1972.3725 	INFO 	Keyboard events cleared
1972.3725 	EXP 	image_blank: autoDraw = False
1972.3725 	EXP 	cross_25: autoDraw = False
1972.3725 	EXP 	image_blank: autoDraw = False
1972.3725 	EXP 	image_old_new: image = 'Scenes_Dataset/underwater_A.jpg'
1972.3725 	EXP 	image_old_new: autoDraw = True
1972.3725 	EXP 	text_item: autoDraw = True
1974.7737 	DATA 	Keypress: right
1975.3567 	EXP 	New trial (rep=0, index=76): <Trial 76 (76 in rep 0) data={'Index': 88, 'Scene': 'Scenes_Dataset/library_A.jpg', 'Scene_Size': (600, 478), 'Condition_Encode': 'Lure', 'Object_Encode': None, 'Object_Size': None, 'Condition_Old': 'new', 'Correct_Key_Old': 'right', 'Obj_Lure': None, 'Lure_size': None, 'Target_pos': None, 'Lure_pos': None, 'Correct_key_AFC': None, 'jitter_ITI': 2.2, 'thisN': 76, 'thisTrialN': 76, 'thisRepN': 0}>
1975.3722 	EXP 	image_old_new: autoDraw = False
1975.3722 	EXP 	text_item: autoDraw = False
1975.3722 	EXP 	image_old_new: autoDraw = False
1975.3722 	EXP 	text_item: autoDraw = False
1975.3722 	EXP 	image_blank: autoDraw = True
1977.5727 	EXP 	image_blank: autoDraw = False
1977.6220 	EXP 	cross_25: autoDraw = True
1977.8739 	INFO 	Keyboard events cleared
1977.8739 	EXP 	cross_25: autoDraw = False
1977.8739 	EXP 	cross_25: autoDraw = False
1977.8739 	EXP 	image_blank: autoDraw = False
1977.8739 	EXP 	image_old_new: image = 'Scenes_Dataset/library_A.jpg'
1977.8739 	EXP 	image_old_new: autoDraw = True
1977.8739 	EXP 	text_item: autoDraw = True
1980.4061 	DATA 	Keypress: left
1980.8719 	EXP 	New trial (rep=0, index=77): <Trial 77 (77 in rep 0) data={'Index': 80, 'Scene': 'Scenes_Dataset/amusement_park_A.jpg', 'Scene_Size': (600, 400), 'Condition_Encode': 'Lure', 'Object_Encode': None, 'Object_Size': None, 'Condition_Old': 'new', 'Correct_Key_Old': 'right', 'Obj_Lure': None, 'Lure_size': None, 'Target_pos': None, 'Lure_pos': None, 'Correct_key_AFC': None, 'jitter_ITI': 3.1, 'thisN': 77, 'thisTrialN': 77, 'thisRepN': 0}>
1980.8887 	EXP 	image_old_new: autoDraw = False
1980.8887 	EXP 	text_item: autoDraw = False
1980.8887 	EXP 	image_blank: autoDraw = True
1983.1054 	EXP 	cross_25: autoDraw = True
1983.3553 	EXP 	cross_25: autoDraw = False
1983.9884 	INFO 	Keyboard events cleared
1983.9883 	EXP 	image_blank: autoDraw = False
1983.9883 	EXP 	cross_25: autoDraw = False
1983.9883 	EXP 	image_blank: autoDraw = False
1983.9883 	EXP 	image_old_new: image = 'Scenes_Dataset/amusement_park_A.jpg'
1983.9883 	EXP 	image_old_new: autoDraw = True
1983.9883 	EXP 	text_item: autoDraw = True
1985.3232 	DATA 	Keypress: left
1986.9724 	EXP 	New trial (rep=0, index=78): <Trial 78 (78 in rep 0) data={'Index': 8, 'Scene': 'Scenes_Dataset/igloo_A.jpg', 'Scene_Size': (600, 450), 'Condition_Encode': 'Congruent', 'Object_Encode': 'Objects_Dataset/eskimo_coat.png', 'Object_Size': (300, 300), 'Condition_Old': 'old', 'Correct_Key_Old': 'left', 'Obj_Lure': 'Objects_Dataset/wool_cap.png', 'Lure_size': (250, 250), 'Target_pos': (300, -200), 'Lure_pos': (300, 200), 'Correct_key_AFC': 'down', 'jitter_ITI': 2.35, 'thisN': 78, 'thisTrialN': 78, 'thisRepN': 0}>
1986.9887 	EXP 	image_old_new: autoDraw = False
1986.9887 	EXP 	text_item: autoDraw = False
1986.9887 	EXP 	image_old_new: autoDraw = False
1986.9887 	EXP 	text_item: autoDraw = False
1986.9887 	EXP 	image_blank: autoDraw = True
1989.2221 	EXP 	cross_25: autoDraw = True
1989.3386 	EXP 	image_blank: autoDraw = False
1989.4729 	INFO 	Keyboard events cleared
1989.4729 	EXP 	cross_25: autoDraw = False
1989.4729 	EXP 	cross_25: autoDraw = False
1989.4729 	EXP 	image_blank: autoDraw = False
1989.4729 	EXP 	image_old_new: image = 'Scenes_Dataset/igloo_A.jpg'
1989.4729 	EXP 	image_old_new: autoDraw = True
1989.4729 	EXP 	text_item: autoDraw = True
1990.3730 	DATA 	Keypress: left
1992.4564 	EXP 	New trial (rep=0, index=79): <Trial 79 (79 in rep 0) data={'Index': 63, 'Scene': 'Scenes_Dataset/desert_B.jpg', 'Scene_Size': (600, 381), 'Condition_Encode': 'Lure', 'Object_Encode': None, 'Object_Size': None, 'Condition_Old': 'new', 'Correct_Key_Old': 'right', 'Obj_Lure': None, 'Lure_size': None, 'Target_pos': None, 'Lure_pos': None, 'Correct_key_AFC': None, 'jitter_ITI': 2.25, 'thisN': 79, 'thisTrialN': 79, 'thisRepN': 0}>
1992.4721 	EXP 	image_old_new: autoDraw = False
1992.4721 	EXP 	text_item: autoDraw = False
1992.4721 	EXP 	image_old_new: autoDraw = False
1992.4721 	EXP 	text_item: autoDraw = False
1992.4721 	EXP 	image_blank: autoDraw = True
1994.7070 	EXP 	cross_25: autoDraw = True
1994.7224 	EXP 	image_blank: autoDraw = False
1994.9713 	INFO 	Keyboard events cleared
1994.9713 	EXP 	cross_25: autoDraw = False
1994.9713 	EXP 	cross_25: autoDraw = False
1994.9713 	EXP 	image_blank: autoDraw = False
1994.9713 	EXP 	image_old_new: image = 'Scenes_Dataset/desert_B.jpg'
1994.9713 	EXP 	image_old_new: autoDraw = True
1994.9713 	EXP 	text_item: autoDraw = True
1996.4916 	DATA 	Keypress: left
1997.9564 	EXP 	New trial (rep=0, index=80): <Trial 80 (80 in rep 0) data={'Index': 40, 'Scene': 'Scenes_Dataset/kindergarten_A.jpg', 'Scene_Size': (600, 338), 'Condition_Encode': 'Incongruent', 'Object_Encode': 'Objects_Dataset/payment_terminal.png', 'Object_Size': (285, 300), 'Condition_Old': 'old', 'Correct_Key_Old': 'left', 'Obj_Lure': 'Objects_Dataset/message_bottle.png', 'Lure_size': (284, 177), 'Target_pos': (300, 200), 'Lure_pos': (300, -200), 'Correct_key_AFC': 'up', 'jitter_ITI': 2.65, 'thisN': 80, 'thisTrialN': 80, 'thisRepN': 0}>
1997.9723 	EXP 	image_old_new: autoDraw = False
1997.9723 	EXP 	text_item: autoDraw = False
1997.9723 	EXP 	image_old_new: autoDraw = False
1997.9723 	EXP 	text_item: autoDraw = False
1997.9723 	EXP 	image_blank: autoDraw = True
2000.2061 	EXP 	cross_25: autoDraw = True
2000.4559 	EXP 	cross_25: autoDraw = False
2000.6228 	INFO 	Keyboard events cleared
2000.6227 	EXP 	image_blank: autoDraw = False
2000.6227 	EXP 	cross_25: autoDraw = False
2000.6227 	EXP 	image_blank: autoDraw = False
2000.6227 	EXP 	image_old_new: image = 'Scenes_Dataset/kindergarten_A.jpg'
2000.6227 	EXP 	image_old_new: autoDraw = True
2000.6227 	EXP 	text_item: autoDraw = True
2001.7907 	DATA 	Keypress: left
2003.6071 	EXP 	New trial (rep=0, index=81): <Trial 81 (81 in rep 0) data={'Index': 42, 'Scene': 'Scenes_Dataset/hut_A.jpg', 'Scene_Size': (600, 384), 'Condition_Encode': 'Incongruent', 'Object_Encode': 'Objects_Dataset/sled_retouched.png', 'Object_Size': (450, 286), 'Condition_Old': 'old', 'Correct_Key_Old': 'left', 'Obj_Lure': 'Objects_Dataset/stapler.png', 'Lure_size': (250, 178), 'Target_pos': (300, 200), 'Lure_pos': (300, -200), 'Correct_key_AFC': 'up', 'jitter_ITI': 2.75, 'thisN': 81, 'thisTrialN': 81, 'thisRepN': 0}>
2003.6224 	EXP 	image_old_new: autoDraw = False
2003.6224 	EXP 	text_item: autoDraw = False
2003.6224 	EXP 	image_old_new: autoDraw = False
2003.6224 	EXP 	text_item: autoDraw = False
2003.6224 	EXP 	image_blank: autoDraw = True
2005.8558 	EXP 	cross_25: autoDraw = True
2006.1057 	EXP 	cross_25: autoDraw = False
2006.3750 	INFO 	Keyboard events cleared
2006.3749 	EXP 	image_blank: autoDraw = False
2006.3749 	EXP 	cross_25: autoDraw = False
2006.3749 	EXP 	image_blank: autoDraw = False
2006.3749 	EXP 	image_old_new: image = 'Scenes_Dataset/hut_A.jpg'
2006.3749 	EXP 	image_old_new: autoDraw = True
2006.3749 	EXP 	text_item: autoDraw = True
2007.7264 	DATA 	Keypress: left
2009.3732 	EXP 	New trial (rep=0, index=82): <Trial 82 (82 in rep 0) data={'Index': 69, 'Scene': 'Scenes_Dataset/museum_B.jpg', 'Scene_Size': (600, 400), 'Condition_Encode': 'Lure', 'Object_Encode': None, 'Object_Size': None, 'Condition_Old': 'new', 'Correct_Key_Old': 'right', 'Obj_Lure': None, 'Lure_size': None, 'Target_pos': None, 'Lure_pos': None, 'Correct_key_AFC': None, 'jitter_ITI': 2.55, 'thisN': 82, 'thisTrialN': 82, 'thisRepN': 0}>
2009.3890 	EXP 	image_old_new: autoDraw = False
2009.3890 	EXP 	text_item: autoDraw = False
2009.3890 	EXP 	image_blank: autoDraw = True
2011.6057 	EXP 	cross_25: autoDraw = True
2011.8558 	EXP 	cross_25: autoDraw = False
2011.9444 	INFO 	Keyboard events cleared
2011.9444 	EXP 	image_blank: autoDraw = False
2011.9444 	EXP 	cross_25: autoDraw = False
2011.9444 	EXP 	image_blank: autoDraw = False
2011.9444 	EXP 	image_old_new: image = 'Scenes_Dataset/museum_B.jpg'
2011.9444 	EXP 	image_old_new: autoDraw = True
2011.9444 	EXP 	text_item: autoDraw = True
2014.5576 	DATA 	Keypress: left
2014.9421 	EXP 	New trial (rep=0, index=83): <Trial 83 (83 in rep 0) data={'Index': 74, 'Scene': 'Scenes_Dataset/terrace_A.jpg', 'Scene_Size': (600, 451), 'Condition_Encode': 'Lure', 'Object_Encode': None, 'Object_Size': None, 'Condition_Old': 'new', 'Correct_Key_Old': 'right', 'Obj_Lure': None, 'Lure_size': None, 'Target_pos': None, 'Lure_pos': None, 'Correct_key_AFC': None, 'jitter_ITI': 2.8, 'thisN': 83, 'thisTrialN': 83, 'thisRepN': 0}>
2014.9557 	EXP 	image_old_new: autoDraw = False
2014.9557 	EXP 	text_item: autoDraw = False
2014.9557 	EXP 	image_blank: autoDraw = True
2017.1726 	EXP 	cross_25: autoDraw = True
2017.4226 	EXP 	cross_25: autoDraw = False
2017.7622 	INFO 	Keyboard events cleared
2017.7622 	EXP 	image_blank: autoDraw = False
2017.7622 	EXP 	cross_25: autoDraw = False
2017.7622 	EXP 	image_blank: autoDraw = False
2017.7622 	EXP 	image_old_new: image = 'Scenes_Dataset/terrace_A.jpg'
2017.7622 	EXP 	image_old_new: autoDraw = True
2017.7622 	EXP 	text_item: autoDraw = True
2019.5420 	DATA 	Keypress: right
2020.7569 	EXP 	New trial (rep=0, index=84): <Trial 84 (84 in rep 0) data={'Index': 48, 'Scene': 'Scenes_Dataset/ballet_room_A.jpg', 'Scene_Size': (600, 398), 'Condition_Encode': 'Incongruent', 'Object_Encode': 'Objects_Dataset/hiking_boots.png', 'Object_Size': (300, 300), 'Condition_Old': 'old', 'Correct_Key_Old': 'left', 'Obj_Lure': 'Objects_Dataset/bicycle_bell.png', 'Lure_size': (250, 210), 'Target_pos': (300, 200), 'Lure_pos': (300, -200), 'Correct_key_AFC': 'up', 'jitter_ITI': 3.05, 'thisN': 84, 'thisTrialN': 84, 'thisRepN': 0}>
2020.7730 	EXP 	image_old_new: autoDraw = False
2020.7730 	EXP 	text_item: autoDraw = False
2020.7730 	EXP 	image_blank: autoDraw = True
2023.0062 	EXP 	cross_25: autoDraw = True
2023.2563 	EXP 	cross_25: autoDraw = False
2023.8230 	INFO 	Keyboard events cleared
2023.8230 	EXP 	image_blank: autoDraw = False
2023.8230 	EXP 	cross_25: autoDraw = False
2023.8230 	EXP 	image_blank: autoDraw = False
2023.8230 	EXP 	image_old_new: image = 'Scenes_Dataset/ballet_room_A.jpg'
2023.8230 	EXP 	image_old_new: autoDraw = True
2023.8230 	EXP 	text_item: autoDraw = True
2025.8912 	DATA 	Keypress: right
2026.8074 	EXP 	New trial (rep=0, index=85): <Trial 85 (85 in rep 0) data={'Index': 61, 'Scene': 'Scenes_Dataset/office_work_B.jpg', 'Scene_Size': (600, 402), 'Condition_Encode': 'Lure', 'Object_Encode': None, 'Object_Size': None, 'Condition_Old': 'new', 'Correct_Key_Old': 'right', 'Obj_Lure': None, 'Lure_size': None, 'Target_pos': None, 'Lure_pos': None, 'Correct_key_AFC': None, 'jitter_ITI': 2.15, 'thisN': 85, 'thisTrialN': 85, 'thisRepN': 0}>
2026.8229 	EXP 	image_old_new: autoDraw = False
2026.8229 	EXP 	text_item: autoDraw = False
2026.8229 	EXP 	image_old_new: autoDraw = False
2026.8229 	EXP 	text_item: autoDraw = False
2026.8229 	EXP 	image_blank: autoDraw = True
2028.9731 	EXP 	image_blank: autoDraw = False
2029.0561 	EXP 	cross_25: autoDraw = True
2029.3095 	INFO 	Keyboard events cleared
2029.3095 	EXP 	cross_25: autoDraw = False
2029.3095 	EXP 	cross_25: autoDraw = False
2029.3095 	EXP 	image_blank: autoDraw = False
2029.3095 	EXP 	image_old_new: image = 'Scenes_Dataset/office_work_B.jpg'
2029.3095 	EXP 	image_old_new: autoDraw = True
2029.3095 	EXP 	text_item: autoDraw = True
2032.2420 	DATA 	Keypress: right
2032.3072 	EXP 	New trial (rep=0, index=86): <Trial 86 (86 in rep 0) data={'Index': 65, 'Scene': 'Scenes_Dataset/toy_store_A.jpg', 'Scene_Size': (600, 399), 'Condition_Encode': 'Lure', 'Object_Encode': None, 'Object_Size': None, 'Condition_Old': 'new', 'Correct_Key_Old': 'right', 'Obj_Lure': None, 'Lure_size': None, 'Target_pos': None, 'Lure_pos': None, 'Correct_key_AFC': None, 'jitter_ITI': 2.35, 'thisN': 86, 'thisTrialN': 86, 'thisRepN': 0}>
2032.3230 	EXP 	image_old_new: autoDraw = False
2032.3230 	EXP 	text_item: autoDraw = False
2032.3230 	EXP 	image_blank: autoDraw = True
2034.5396 	EXP 	cross_25: autoDraw = True
2034.6744 	EXP 	image_blank: autoDraw = False
2034.7916 	INFO 	Keyboard events cleared
2034.7915 	EXP 	cross_25: autoDraw = False
2034.7915 	EXP 	cross_25: autoDraw = False
2034.7915 	EXP 	image_blank: autoDraw = False
2034.7915 	EXP 	image_old_new: image = 'Scenes_Dataset/toy_store_A.jpg'
2034.7915 	EXP 	image_old_new: autoDraw = True
2034.7915 	EXP 	text_item: autoDraw = True
2036.0248 	DATA 	Keypress: left
2037.7907 	EXP 	New trial (rep=0, index=87): <Trial 87 (87 in rep 0) data={'Index': 36, 'Scene': 'Scenes_Dataset/stable_A.jpg', 'Scene_Size': (600, 450), 'Condition_Encode': 'Incongruent', 'Object_Encode': 'Objects_Dataset/remote_control.png', 'Object_Size': (300, 293), 'Condition_Old': 'old', 'Correct_Key_Old': 'left', 'Obj_Lure': 'Objects_Dataset/sword_retouched.png', 'Lure_size': (300, 300), 'Target_pos': (300, 200), 'Lure_pos': (300, -200), 'Correct_key_AFC': 'up', 'jitter_ITI': 2.45, 'thisN': 87, 'thisTrialN': 87, 'thisRepN': 0}>
2037.8063 	EXP 	image_old_new: autoDraw = False
2037.8063 	EXP 	text_item: autoDraw = False
2037.8063 	EXP 	image_blank: autoDraw = True
2040.0399 	EXP 	cross_25: autoDraw = True
2040.2563 	EXP 	image_blank: autoDraw = False
2040.2945 	INFO 	Keyboard events cleared
2040.2945 	EXP 	cross_25: autoDraw = False
2040.2945 	EXP 	cross_25: autoDraw = False
2040.2945 	EXP 	image_blank: autoDraw = False
2040.2945 	EXP 	image_old_new: image = 'Scenes_Dataset/stable_A.jpg'
2040.2945 	EXP 	image_old_new: autoDraw = True
2040.2945 	EXP 	text_item: autoDraw = True
2041.9931 	DATA 	Keypress: right
2043.2905 	EXP 	New trial (rep=0, index=88): <Trial 88 (88 in rep 0) data={'Index': 24, 'Scene': 'Scenes_Dataset/marina_A.jpg', 'Scene_Size': (600, 450), 'Condition_Encode': 'Congruent', 'Object_Encode': 'Objects_Dataset/sailor_hat.png', 'Object_Size': (300, 250), 'Condition_Old': 'old', 'Correct_Key_Old': 'left', 'Obj_Lure': 'Objects_Dataset/rope.png', 'Lure_size': (300, 248), 'Target_pos': (300, -200), 'Lure_pos': (300, 200), 'Correct_key_AFC': 'down', 'jitter_ITI': 3.15, 'thisN': 88, 'thisTrialN': 88, 'thisRepN': 0}>
2043.3065 	EXP 	image_old_new: autoDraw = False
2043.3065 	EXP 	text_item: autoDraw = False
2043.3065 	EXP 	image_blank: autoDraw = True
2045.5232 	EXP 	cross_25: autoDraw = True
2045.7734 	EXP 	cross_25: autoDraw = False
2046.4561 	INFO 	Keyboard events cleared
2046.4560 	EXP 	image_blank: autoDraw = False
2046.4560 	EXP 	cross_25: autoDraw = False
2046.4560 	EXP 	image_blank: autoDraw = False
2046.4560 	EXP 	image_old_new: image = 'Scenes_Dataset/marina_A.jpg'
2046.4560 	EXP 	image_old_new: autoDraw = True
2046.4560 	EXP 	text_item: autoDraw = True
2047.5755 	DATA 	Keypress: left
2049.4408 	EXP 	New trial (rep=0, index=89): <Trial 89 (89 in rep 0) data={'Index': 22, 'Scene': 'Scenes_Dataset/cavern_A.jpg', 'Scene_Size': (600, 410), 'Condition_Encode': 'Congruent', 'Object_Encode': 'Objects_Dataset/canteen.png', 'Object_Size': (150, 250), 'Condition_Old': 'old', 'Correct_Key_Old': 'left', 'Obj_Lure': 'Objects_Dataset/hiking_boots.png', 'Lure_size': (300, 300), 'Target_pos': (300, -200), 'Lure_pos': (300, 200), 'Correct_key_AFC': 'down', 'jitter_ITI': 3.05, 'thisN': 89, 'thisTrialN': 89, 'thisRepN': 0}>
2049.4566 	EXP 	image_old_new: autoDraw = False
2049.4566 	EXP 	text_item: autoDraw = False
2049.4566 	EXP 	image_old_new: autoDraw = False
2049.4566 	EXP 	text_item: autoDraw = False
2049.4566 	EXP 	image_blank: autoDraw = True
2051.6899 	EXP 	cross_25: autoDraw = True
2051.9397 	EXP 	cross_25: autoDraw = False
2052.5081 	INFO 	Keyboard events cleared
2052.5080 	EXP 	image_blank: autoDraw = False
2052.5080 	EXP 	cross_25: autoDraw = False
2052.5080 	EXP 	image_blank: autoDraw = False
2052.5080 	EXP 	image_old_new: image = 'Scenes_Dataset/cavern_A.jpg'
2052.5080 	EXP 	image_old_new: autoDraw = True
2052.5080 	EXP 	text_item: autoDraw = True
2053.8249 	DATA 	Keypress: left
2055.5069 	INFO 	Keyboard events cleared
2055.5068 	EXP 	image_old_new: autoDraw = False
2055.5068 	EXP 	text_item: autoDraw = False
2055.5068 	EXP 	text_end_item: autoDraw = True
2065.1451 	DATA 	Keypress: space
2065.1567 	INFO 	Keyboard events cleared
2065.1565 	EXP 	text_end_item: autoDraw = False
2065.1565 	EXP 	text_explain_2afc: autoDraw = True
2094.9006 	EXP 	Imported Exemplo_encode.xlsx as conditions, 4 conditions, 13 params
2094.9008 	EXP 	New trial (rep=0, index=0): <Trial 0 (0 in rep 0) data={'Index': 'Ex4', 'ex_scene_encode': 'Scenes_Dataset/river_B.jpg', 'ex_scene_size': (600, 450), 'ex_object_encode': 'Objects_Dataset/drone.png', 'ex_object_size': (300, 144), 'ex_target_pos': (300, 200), 'ex_condition_encode': 'congruent', 'ex_lure': 'Objects_Dataset/fish_hook.png', 'ex_lure_size': (130, 200), 'ex_lure_pos': (300, -200), 'ex_new': None, 'ex_new_scene_size': None, 'jitter_ITI': 2.5, 'thisN': 0, 'thisTrialN': 0, 'thisRepN': 0}>
2094.9011 	DATA 	Keypress: space
2094.9066 	EXP 	text_explain_2afc: autoDraw = False
2094.9066 	EXP 	image_blank: autoDraw = True
2097.1572 	EXP 	cross_25: autoDraw = True
2097.4130 	INFO 	Keyboard events cleared
2097.4129 	EXP 	cross_25: autoDraw = False
2097.4129 	EXP 	image_blank: autoDraw = False
2097.4129 	EXP 	cross_25: autoDraw = False
2097.4129 	EXP 	image_blank: autoDraw = False
2097.4129 	EXP 	image_ex_2AFC: image = 'Scenes_Dataset/river_B.jpg'
2097.4129 	EXP 	image_ex_target: image = 'Objects_Dataset/drone.png'
2097.4129 	EXP 	image_ex_lure: image = 'Objects_Dataset/fish_hook.png'
2097.4129 	EXP 	image_ex_2AFC: autoDraw = True
2097.4129 	EXP 	image_ex_target: autoDraw = True
2097.4129 	EXP 	image_ex_lure: autoDraw = True
2098.7262 	DATA 	Keypress: up
2100.4080 	EXP 	New trial (rep=0, index=1): <Trial 1 (1 in rep 0) data={'Index': 'Ex1', 'ex_scene_encode': 'Scenes_Dataset/sky_A.jpg', 'ex_scene_size': (600, 398), 'ex_object_encode': 'Objects_Dataset/hang_glider.png', 'ex_object_size': (450, 275), 'ex_target_pos': (300, -200), 'ex_condition_encode': 'congruent', 'ex_lure': 'Objects_Dataset/drone.png', 'ex_lure_size': (300, 144), 'ex_lure_pos': (300, 200), 'ex_new': 'Scenes_Dataset/temple_A.jpg', 'ex_new_scene_size': (600, 358), 'jitter_ITI': 2, 'thisN': 1, 'thisTrialN': 1, 'thisRepN': 0}>
2100.4237 	EXP 	image_ex_2AFC: autoDraw = False
2100.4237 	EXP 	image_ex_target: autoDraw = False
2100.4237 	EXP 	image_ex_lure: autoDraw = False
2100.4237 	EXP 	image_blank: autoDraw = True
2102.4240 	EXP 	image_blank: autoDraw = False
2102.6575 	EXP 	cross_25: autoDraw = True
2102.9186 	INFO 	Keyboard events cleared
2102.9185 	EXP 	cross_25: autoDraw = False
2102.9185 	EXP 	cross_25: autoDraw = False
2102.9185 	EXP 	image_blank: autoDraw = False
2102.9185 	EXP 	image_ex_2AFC: image = 'Scenes_Dataset/sky_A.jpg'
2102.9185 	EXP 	image_ex_target: image = 'Objects_Dataset/hang_glider.png'
2102.9185 	EXP 	image_ex_lure: image = 'Objects_Dataset/drone.png'
2102.9185 	EXP 	image_ex_2AFC: autoDraw = True
2102.9185 	EXP 	image_ex_target: autoDraw = True
2102.9185 	EXP 	image_ex_lure: autoDraw = True
2105.0256 	DATA 	Keypress: down
2105.9087 	EXP 	New trial (rep=0, index=2): <Trial 2 (2 in rep 0) data={'Index': 'Ex3', 'ex_scene_encode': 'Scenes_Dataset/cellars_A.jpg', 'ex_scene_size': (600, 399), 'ex_object_encode': 'Objects_Dataset/barrier.png', 'ex_object_size': (300, 300), 'ex_target_pos': (300, -200), 'ex_condition_encode': 'incongruent', 'ex_lure': 'Objects_Dataset/hang_glider.png', 'ex_lure_size': (450, 275), 'ex_lure_pos': (300, 200), 'ex_new': None, 'ex_new_scene_size': None, 'jitter_ITI': 3, 'thisN': 2, 'thisTrialN': 2, 'thisRepN': 0}>
2105.9240 	EXP 	image_ex_2AFC: autoDraw = False
2105.9240 	EXP 	image_ex_target: autoDraw = False
2105.9240 	EXP 	image_ex_lure: autoDraw = False
2105.9240 	EXP 	image_blank: autoDraw = True
2108.1405 	EXP 	cross_25: autoDraw = True
2108.3911 	EXP 	cross_25: autoDraw = False
2108.9347 	INFO 	Keyboard events cleared
2108.9347 	EXP 	image_blank: autoDraw = False
2108.9347 	EXP 	cross_25: autoDraw = False
2108.9347 	EXP 	image_blank: autoDraw = False
2108.9347 	EXP 	image_ex_2AFC: image = 'Scenes_Dataset/cellars_A.jpg'
2108.9347 	EXP 	image_ex_target: image = 'Objects_Dataset/barrier.png'
2108.9347 	EXP 	image_ex_lure: image = 'Objects_Dataset/hang_glider.png'
2108.9347 	EXP 	image_ex_2AFC: autoDraw = True
2108.9347 	EXP 	image_ex_target: autoDraw = True
2108.9347 	EXP 	image_ex_lure: autoDraw = True
2110.5426 	DATA 	Keypress: down
2111.9251 	EXP 	New trial (rep=0, index=3): <Trial 3 (3 in rep 0) data={'Index': 'Ex2', 'ex_scene_encode': 'Scenes_Dataset/painting_workshop_A.jpg', 'ex_scene_size': (600, 450), 'ex_object_encode': 'Objects_Dataset/fish_hook.png', 'ex_object_size': (130, 200), 'ex_target_pos': (300, 200), 'ex_condition_encode': 'incongruent', 'ex_lure': 'Objects_Dataset/barrier.png', 'ex_lure_size': (300, 300), 'ex_lure_pos': (300, -200), 'ex_new': 'Scenes_Dataset/athletics_track_A', 'ex_new_scene_size': (600, 450), 'jitter_ITI': 2.5, 'thisN': 3, 'thisTrialN': 3, 'thisRepN': 0}>
2111.9409 	EXP 	image_ex_2AFC: autoDraw = False
2111.9409 	EXP 	image_ex_target: autoDraw = False
2111.9409 	EXP 	image_ex_lure: autoDraw = False
2111.9409 	EXP 	image_blank: autoDraw = True
2114.1574 	EXP 	cross_25: autoDraw = True
2114.4075 	EXP 	cross_25: autoDraw = False
2114.4516 	INFO 	Keyboard events cleared
2114.4516 	EXP 	image_blank: autoDraw = False
2114.4516 	EXP 	cross_25: autoDraw = False
2114.4516 	EXP 	image_blank: autoDraw = False
2114.4516 	EXP 	image_ex_2AFC: image = 'Scenes_Dataset/painting_workshop_A.jpg'
2114.4516 	EXP 	image_ex_target: image = 'Objects_Dataset/fish_hook.png'
2114.4516 	EXP 	image_ex_lure: image = 'Objects_Dataset/barrier.png'
2114.4516 	EXP 	image_ex_2AFC: autoDraw = True
2114.4516 	EXP 	image_ex_target: autoDraw = True
2114.4516 	EXP 	image_ex_lure: autoDraw = True
2116.1091 	DATA 	Keypress: up
2117.4408 	INFO 	Keyboard events cleared
2117.4407 	EXP 	image_ex_2AFC: autoDraw = False
2117.4407 	EXP 	image_ex_target: autoDraw = False
2117.4407 	EXP 	image_ex_lure: autoDraw = False
2117.4407 	EXP 	text_start_recall: autoDraw = True
2149.3609 	DATA 	Keypress: space
2149.3995 	EXP 	Imported Encode_Pairs.xlsx as conditions, 60 conditions, 14 params
2149.4003 	EXP 	New trial (rep=0, index=0): <Trial 0 (0 in rep 0) data={'Index': 31, 'Scene': 'Scenes_Dataset/balcony.jpg', 'Scene_Size': (600, 450), 'Condition_Encode': 'Incongruent', 'Object_Encode': 'Objects_Dataset/car_key.png', 'Object_Size': (300, 125), 'Condition_Old': 'old', 'Correct_Key_Old': 'left', 'Obj_Lure': 'Objects_Dataset/staple_puller_retouched.png', 'Lure_size': (400, 400), 'Target_pos': (300, 200), 'Lure_pos': (300, -200), 'Correct_key_AFC': 'up', 'jitter_ITI': 2.2, 'thisN': 0, 'thisTrialN': 0, 'thisRepN': 0}>
2149.4020 	EXP 	text_start_recall: autoDraw = False
2149.4020 	EXP 	image_blank: autoDraw = True
2151.6085 	EXP 	image_blank: autoDraw = False
2151.6248 	EXP 	cross_25: autoDraw = True
2151.8835 	INFO 	Keyboard events cleared
2151.8835 	EXP 	cross_25: autoDraw = False
2151.8835 	EXP 	cross_25: autoDraw = False
2151.8835 	EXP 	image_blank: autoDraw = False
2151.8835 	EXP 	image_scene_2AFC: image = 'Scenes_Dataset/balcony.jpg'
2151.8835 	EXP 	image_target: image = 'Objects_Dataset/car_key.png'
2151.8835 	EXP 	image_lure: image = 'Objects_Dataset/staple_puller_retouched.png'
2151.8835 	EXP 	image_scene_2AFC: autoDraw = True
2151.8835 	EXP 	image_target: autoDraw = True
2151.8835 	EXP 	image_lure: autoDraw = True
2153.8600 	DATA 	Keypress: up
2154.8752 	EXP 	New trial (rep=0, index=1): <Trial 1 (1 in rep 0) data={'Index': 57, 'Scene': 'Scenes_Dataset/road_A.jpg', 'Scene_Size': (600, 450), 'Condition_Encode': 'Incongruent', 'Object_Encode': 'Objects_Dataset/wine_cork.png', 'Object_Size': (250, 163), 'Condition_Old': 'old', 'Correct_Key_Old': 'left', 'Obj_Lure': 'Objects_Dataset/locker.png', 'Lure_size': (264, 400), 'Target_pos': (300, 200), 'Lure_pos': (300, -200), 'Correct_key_AFC': 'up', 'jitter_ITI': 2.2, 'thisN': 1, 'thisTrialN': 1, 'thisRepN': 0}>
2154.8913 	EXP 	image_scene_2AFC: autoDraw = False
2154.8913 	EXP 	image_target: autoDraw = False
2154.8913 	EXP 	image_lure: autoDraw = False
2154.8913 	EXP 	image_blank: autoDraw = True
2157.0916 	EXP 	image_blank: autoDraw = False
2157.1099 	EXP 	cross_25: autoDraw = True
2157.3800 	INFO 	Keyboard events cleared
2157.3800 	EXP 	cross_25: autoDraw = False
2157.3800 	EXP 	cross_25: autoDraw = False
2157.3800 	EXP 	image_blank: autoDraw = False
2157.3800 	EXP 	image_scene_2AFC: image = 'Scenes_Dataset/road_A.jpg'
2157.3800 	EXP 	image_target: image = 'Objects_Dataset/wine_cork.png'
2157.3800 	EXP 	image_lure: image = 'Objects_Dataset/locker.png'
2157.3800 	EXP 	image_scene_2AFC: autoDraw = True
2157.3800 	EXP 	image_target: autoDraw = True
2157.3800 	EXP 	image_lure: autoDraw = True
2158.5934 	DATA 	Keypress: up
2160.3757 	EXP 	New trial (rep=0, index=2): <Trial 2 (2 in rep 0) data={'Index': 10, 'Scene': 'Scenes_Dataset/toy_store_B.jpg', 'Scene_Size': (600, 415), 'Condition_Encode': 'Congruent', 'Object_Encode': 'Objects_Dataset/doll.png', 'Object_Size': (191, 300), 'Condition_Old': 'old', 'Correct_Key_Old': 'left', 'Obj_Lure': 'Objects_Dataset/abacus.png', 'Lure_size': (185, 200), 'Target_pos': (300, -200), 'Lure_pos': (300, 200), 'Correct_key_AFC': 'down', 'jitter_ITI': 2.45, 'thisN': 2, 'thisTrialN': 2, 'thisRepN': 0}>
2160.3915 	EXP 	image_scene_2AFC: autoDraw = False
2160.3915 	EXP 	image_target: autoDraw = False
2160.3915 	EXP 	image_lure: autoDraw = False
2160.3915 	EXP 	image_blank: autoDraw = True
2162.6082 	EXP 	cross_25: autoDraw = True
2162.8415 	EXP 	image_blank: autoDraw = False
2162.8686 	INFO 	Keyboard events cleared
2162.8686 	EXP 	cross_25: autoDraw = False
2162.8686 	EXP 	cross_25: autoDraw = False
2162.8686 	EXP 	image_blank: autoDraw = False
2162.8686 	EXP 	image_scene_2AFC: image = 'Scenes_Dataset/toy_store_B.jpg'
2162.8686 	EXP 	image_target: image = 'Objects_Dataset/doll.png'
2162.8686 	EXP 	image_lure: image = 'Objects_Dataset/abacus.png'
2162.8686 	EXP 	image_scene_2AFC: autoDraw = True
2162.8686 	EXP 	image_target: autoDraw = True
2162.8686 	EXP 	image_lure: autoDraw = True
2164.5596 	DATA 	Keypress: down
2165.8590 	EXP 	New trial (rep=0, index=3): <Trial 3 (3 in rep 0) data={'Index': 56, 'Scene': 'Scenes_Dataset/fountain_A.jpg', 'Scene_Size': (600, 443), 'Condition_Encode': 'Incongruent', 'Object_Encode': 'Objects_Dataset/plasticine.png', 'Object_Size': (250, 167), 'Condition_Old': 'old', 'Correct_Key_Old': 'left', 'Obj_Lure': 'Objects_Dataset/hands_dryer.png', 'Lure_size': (350, 267), 'Target_pos': (300, 200), 'Lure_pos': (300, -200), 'Correct_key_AFC': 'up', 'jitter_ITI': 2.15, 'thisN': 3, 'thisTrialN': 3, 'thisRepN': 0}>
2165.8747 	EXP 	image_scene_2AFC: autoDraw = False
2165.8747 	EXP 	image_target: autoDraw = False
2165.8747 	EXP 	image_lure: autoDraw = False
2165.8747 	EXP 	image_blank: autoDraw = True
2168.0262 	EXP 	image_blank: autoDraw = False
2168.0916 	EXP 	cross_25: autoDraw = True
2168.3553 	INFO 	Keyboard events cleared
2168.3553 	EXP 	cross_25: autoDraw = False
2168.3553 	EXP 	cross_25: autoDraw = False
2168.3553 	EXP 	image_blank: autoDraw = False
2168.3553 	EXP 	image_scene_2AFC: image = 'Scenes_Dataset/fountain_A.jpg'
2168.3553 	EXP 	image_target: image = 'Objects_Dataset/plasticine.png'
2168.3553 	EXP 	image_lure: image = 'Objects_Dataset/hands_dryer.png'
2168.3553 	EXP 	image_scene_2AFC: autoDraw = True
2168.3553 	EXP 	image_target: autoDraw = True
2168.3553 	EXP 	image_lure: autoDraw = True
2169.9602 	DATA 	Keypress: up
2171.3423 	EXP 	New trial (rep=0, index=4): <Trial 4 (4 in rep 0) data={'Index': 44, 'Scene': 'Scenes_Dataset/boat_interior_A.jpg', 'Scene_Size': (600, 400), 'Condition_Encode': 'Incongruent', 'Object_Encode': 'Objects_Dataset/scooter_retouched.png', 'Object_Size': (311, 350), 'Condition_Old': 'old', 'Correct_Key_Old': 'left', 'Obj_Lure': 'Objects_Dataset/car_mat.png', 'Lure_size': (230, 258), 'Target_pos': (300, 200), 'Lure_pos': (300, -200), 'Correct_key_AFC': 'up', 'jitter_ITI': 2.85, 'thisN': 4, 'thisTrialN': 4, 'thisRepN': 0}>
2171.3581 	EXP 	image_scene_2AFC: autoDraw = False
2171.3581 	EXP 	image_target: autoDraw = False
2171.3581 	EXP 	image_lure: autoDraw = False
2171.3581 	EXP 	image_blank: autoDraw = True
2173.5915 	EXP 	cross_25: autoDraw = True
2173.8439 	EXP 	cross_25: autoDraw = False
2174.2225 	INFO 	Keyboard events cleared
2174.2225 	EXP 	image_blank: autoDraw = False
2174.2225 	EXP 	cross_25: autoDraw = False
2174.2225 	EXP 	image_blank: autoDraw = False
2174.2225 	EXP 	image_scene_2AFC: image = 'Scenes_Dataset/boat_interior_A.jpg'
2174.2225 	EXP 	image_target: image = 'Objects_Dataset/scooter_retouched.png'
2174.2225 	EXP 	image_lure: image = 'Objects_Dataset/car_mat.png'
2174.2225 	EXP 	image_scene_2AFC: autoDraw = True
2174.2225 	EXP 	image_target: autoDraw = True
2174.2225 	EXP 	image_lure: autoDraw = True
2175.5768 	DATA 	Keypress: up
2177.2088 	EXP 	New trial (rep=0, index=5): <Trial 5 (5 in rep 0) data={'Index': 50, 'Scene': 'Scenes_Dataset/playground_A.jpg', 'Scene_Size': (600, 337), 'Condition_Encode': 'Incongruent', 'Object_Encode': 'Objects_Dataset/water_dispenser.png', 'Object_Size': (300, 300), 'Condition_Old': 'old', 'Correct_Key_Old': 'left', 'Obj_Lure': 'Objects_Dataset/wine_cork.png', 'Lure_size': (250, 163), 'Target_pos': (300, 200), 'Lure_pos': (300, -200), 'Correct_key_AFC': 'up', 'jitter_ITI': 3.15, 'thisN': 5, 'thisTrialN': 5, 'thisRepN': 0}>
2177.2248 	EXP 	image_scene_2AFC: autoDraw = False
2177.2248 	EXP 	image_target: autoDraw = False
2177.2248 	EXP 	image_lure: autoDraw = False
2177.2248 	EXP 	image_blank: autoDraw = True
2179.4416 	EXP 	cross_25: autoDraw = True
2179.6915 	EXP 	cross_25: autoDraw = False
2180.3815 	INFO 	Keyboard events cleared
2180.3815 	EXP 	image_blank: autoDraw = False
2180.3815 	EXP 	cross_25: autoDraw = False
2180.3815 	EXP 	image_blank: autoDraw = False
2180.3815 	EXP 	image_scene_2AFC: image = 'Scenes_Dataset/playground_A.jpg'
2180.3815 	EXP 	image_target: image = 'Objects_Dataset/water_dispenser.png'
2180.3815 	EXP 	image_lure: image = 'Objects_Dataset/wine_cork.png'
2180.3815 	EXP 	image_scene_2AFC: autoDraw = True
2180.3815 	EXP 	image_target: autoDraw = True
2180.3815 	EXP 	image_lure: autoDraw = True
2181.8429 	DATA 	Keypress: up
2183.3755 	EXP 	New trial (rep=0, index=6): <Trial 6 (6 in rep 0) data={'Index': 7, 'Scene': 'Scenes_Dataset/snow_B.jpg', 'Scene_Size': (600, 450), 'Condition_Encode': 'Congruent', 'Object_Encode': 'Objects_Dataset/wool_cap.png', 'Object_Size': (250, 250), 'Condition_Old': 'old', 'Correct_Key_Old': 'left', 'Obj_Lure': 'Objects_Dataset/eskimo_coat.png', 'Lure_size': (300, 300), 'Target_pos': (300, -200), 'Lure_pos': (300, 200), 'Correct_key_AFC': 'down', 'jitter_ITI': 2.3, 'thisN': 6, 'thisTrialN': 6, 'thisRepN': 0}>
2183.3915 	EXP 	image_scene_2AFC: autoDraw = False
2183.3915 	EXP 	image_target: autoDraw = False
2183.3915 	EXP 	image_lure: autoDraw = False
2183.3915 	EXP 	image_blank: autoDraw = True
2185.6084 	EXP 	cross_25: autoDraw = True
2185.6917 	EXP 	image_blank: autoDraw = False
2185.8735 	INFO 	Keyboard events cleared
2185.8735 	EXP 	cross_25: autoDraw = False
2185.8735 	EXP 	cross_25: autoDraw = False
2185.8735 	EXP 	image_blank: autoDraw = False
2185.8735 	EXP 	image_scene_2AFC: image = 'Scenes_Dataset/snow_B.jpg'
2185.8735 	EXP 	image_target: image = 'Objects_Dataset/wool_cap.png'
2185.8735 	EXP 	image_lure: image = 'Objects_Dataset/eskimo_coat.png'
2185.8735 	EXP 	image_scene_2AFC: autoDraw = True
2185.8735 	EXP 	image_target: autoDraw = True
2185.8735 	EXP 	image_lure: autoDraw = True
2186.8434 	DATA 	Keypress: down
2188.8596 	EXP 	New trial (rep=0, index=7): <Trial 7 (7 in rep 0) data={'Index': 19, 'Scene': 'Scenes_Dataset/island_A.jpg', 'Scene_Size': (600, 420), 'Condition_Encode': 'Congruent', 'Object_Encode': 'Objects_Dataset/message_bottle.png', 'Object_Size': (284, 177), 'Condition_Old': 'old', 'Correct_Key_Old': 'left', 'Obj_Lure': 'Objects_Dataset/kayak.png', 'Lure_size': (450, 338), 'Target_pos': (300, -200), 'Lure_pos': (300, 200), 'Correct_key_AFC': 'down', 'jitter_ITI': 2.9, 'thisN': 7, 'thisTrialN': 7, 'thisRepN': 0}>
2188.8751 	EXP 	image_scene_2AFC: autoDraw = False
2188.8751 	EXP 	image_target: autoDraw = False
2188.8751 	EXP 	image_lure: autoDraw = False
2188.8751 	EXP 	image_blank: autoDraw = True
2191.0917 	EXP 	cross_25: autoDraw = True
2191.3418 	EXP 	cross_25: autoDraw = False
2191.7933 	INFO 	Keyboard events cleared
2191.7933 	EXP 	image_blank: autoDraw = False
2191.7933 	EXP 	cross_25: autoDraw = False
2191.7933 	EXP 	image_blank: autoDraw = False
2191.7933 	EXP 	image_scene_2AFC: image = 'Scenes_Dataset/island_A.jpg'
2191.7933 	EXP 	image_target: image = 'Objects_Dataset/message_bottle.png'
2191.7933 	EXP 	image_lure: image = 'Objects_Dataset/kayak.png'
2191.7933 	EXP 	image_scene_2AFC: autoDraw = True
2191.7933 	EXP 	image_target: autoDraw = True
2191.7933 	EXP 	image_lure: autoDraw = True
2192.9932 	DATA 	Keypress: down
2194.7772 	EXP 	New trial (rep=0, index=8): <Trial 8 (8 in rep 0) data={'Index': 26, 'Scene': 'Scenes_Dataset/hospital_room_B.jpg', 'Scene_Size': (600, 400), 'Condition_Encode': 'Congruent', 'Object_Encode': 'Objects_Dataset/saline_retouched.png', 'Object_Size': (300, 225), 'Condition_Old': 'old', 'Correct_Key_Old': 'left', 'Obj_Lure': 'Objects_Dataset/pills.png', 'Lure_size': (216, 250), 'Target_pos': (300, -200), 'Lure_pos': (300, 200), 'Correct_key_AFC': 'down', 'jitter_ITI': 3.25, 'thisN': 8, 'thisTrialN': 8, 'thisRepN': 0}>
2194.7919 	EXP 	image_scene_2AFC: autoDraw = False
2194.7919 	EXP 	image_target: autoDraw = False
2194.7919 	EXP 	image_lure: autoDraw = False
2194.7919 	EXP 	image_blank: autoDraw = True
2197.0086 	EXP 	cross_25: autoDraw = True
2197.2587 	EXP 	cross_25: autoDraw = False
2198.0521 	INFO 	Keyboard events cleared
2198.0521 	EXP 	image_blank: autoDraw = False
2198.0521 	EXP 	cross_25: autoDraw = False
2198.0521 	EXP 	image_blank: autoDraw = False
2198.0521 	EXP 	image_scene_2AFC: image = 'Scenes_Dataset/hospital_room_B.jpg'
2198.0521 	EXP 	image_target: image = 'Objects_Dataset/saline_retouched.png'
2198.0521 	EXP 	image_lure: image = 'Objects_Dataset/pills.png'
2198.0521 	EXP 	image_scene_2AFC: autoDraw = True
2198.0521 	EXP 	image_target: autoDraw = True
2198.0521 	EXP 	image_lure: autoDraw = True
2199.6439 	DATA 	Keypress: down
2201.0427 	EXP 	New trial (rep=0, index=9): <Trial 9 (9 in rep 0) data={'Index': 5, 'Scene': 'Scenes_Dataset/movie_theater_A.jpg', 'Scene_Size': (600, 364), 'Condition_Encode': 'Congruent', 'Object_Encode': 'Objects_Dataset/3d_glasses_retouched.png', 'Object_Size': (300, 300), 'Condition_Old': 'old', 'Correct_Key_Old': 'left', 'Obj_Lure': 'Objects_Dataset/movie_reels.png', 'Lure_size': (350, 268), 'Target_pos': (300, -200), 'Lure_pos': (300, 200), 'Correct_key_AFC': 'down', 'jitter_ITI': 2.2, 'thisN': 9, 'thisTrialN': 9, 'thisRepN': 0}>
2201.0587 	EXP 	image_scene_2AFC: autoDraw = False
2201.0587 	EXP 	image_target: autoDraw = False
2201.0587 	EXP 	image_lure: autoDraw = False
2201.0587 	EXP 	image_blank: autoDraw = True
2203.2588 	EXP 	image_blank: autoDraw = False
2203.2754 	EXP 	cross_25: autoDraw = True
2203.5289 	INFO 	Keyboard events cleared
2203.5288 	EXP 	cross_25: autoDraw = False
2203.5288 	EXP 	cross_25: autoDraw = False
2203.5288 	EXP 	image_blank: autoDraw = False
2203.5288 	EXP 	image_scene_2AFC: image = 'Scenes_Dataset/movie_theater_A.jpg'
2203.5288 	EXP 	image_target: image = 'Objects_Dataset/3d_glasses_retouched.png'
2203.5288 	EXP 	image_lure: image = 'Objects_Dataset/movie_reels.png'
2203.5288 	EXP 	image_scene_2AFC: autoDraw = True
2203.5288 	EXP 	image_target: autoDraw = True
2203.5288 	EXP 	image_lure: autoDraw = True
2204.4769 	DATA 	Keypress: down
2206.5260 	EXP 	New trial (rep=0, index=10): <Trial 10 (10 in rep 0) data={'Index': 6, 'Scene': 'Scenes_Dataset/stationary_store_A.jpg', 'Scene_Size': (600, 370), 'Condition_Encode': 'Congruent', 'Object_Encode': 'Objects_Dataset/stapler.png', 'Object_Size': (250, 178), 'Condition_Old': 'old', 'Correct_Key_Old': 'left', 'Obj_Lure': 'Objects_Dataset/envelope_retouched.png', 'Lure_size': (250, 211), 'Target_pos': (300, -200), 'Lure_pos': (300, 200), 'Correct_key_AFC': 'down', 'jitter_ITI': 2.25, 'thisN': 10, 'thisTrialN': 10, 'thisRepN': 0}>
2206.5420 	EXP 	image_scene_2AFC: autoDraw = False
2206.5420 	EXP 	image_target: autoDraw = False
2206.5420 	EXP 	image_lure: autoDraw = False
2206.5420 	EXP 	image_blank: autoDraw = True
2208.7587 	EXP 	cross_25: autoDraw = True
2208.7921 	EXP 	image_blank: autoDraw = False
2209.0119 	INFO 	Keyboard events cleared
2209.0119 	EXP 	cross_25: autoDraw = False
2209.0119 	EXP 	cross_25: autoDraw = False
2209.0119 	EXP 	image_blank: autoDraw = False
2209.0119 	EXP 	image_scene_2AFC: image = 'Scenes_Dataset/stationary_store_A.jpg'
2209.0119 	EXP 	image_target: image = 'Objects_Dataset/stapler.png'
2209.0119 	EXP 	image_lure: image = 'Objects_Dataset/envelope_retouched.png'
2209.0119 	EXP 	image_scene_2AFC: autoDraw = True
2209.0119 	EXP 	image_target: autoDraw = True
2209.0119 	EXP 	image_lure: autoDraw = True
2210.7434 	DATA 	Keypress: down
2212.0096 	EXP 	New trial (rep=0, index=11): <Trial 11 (11 in rep 0) data={'Index': 25, 'Scene': 'Scenes_Dataset/building_entrance_A.jpg', 'Scene_Size': (600, 400), 'Condition_Encode': 'Congruent', 'Object_Encode': 'Objects_Dataset/envelope_retouched.png', 'Object_Size': (250, 211), 'Condition_Old': 'old', 'Correct_Key_Old': 'left', 'Obj_Lure': 'Objects_Dataset/door_mat.png', 'Lure_size': (300, 300), 'Target_pos': (300, -200), 'Lure_pos': (300, 200), 'Correct_key_AFC': 'down', 'jitter_ITI': 3.2, 'thisN': 11, 'thisTrialN': 11, 'thisRepN': 0}>
2212.0254 	EXP 	image_scene_2AFC: autoDraw = False
2212.0254 	EXP 	image_target: autoDraw = False
2212.0254 	EXP 	image_lure: autoDraw = False
2212.0254 	EXP 	image_blank: autoDraw = True
2214.2421 	EXP 	cross_25: autoDraw = True
2214.4922 	EXP 	cross_25: autoDraw = False
2215.2345 	INFO 	Keyboard events cleared
2215.2344 	EXP 	image_blank: autoDraw = False
2215.2344 	EXP 	cross_25: autoDraw = False
2215.2344 	EXP 	image_blank: autoDraw = False
2215.2344 	EXP 	image_scene_2AFC: image = 'Scenes_Dataset/building_entrance_A.jpg'
2215.2344 	EXP 	image_target: image = 'Objects_Dataset/envelope_retouched.png'
2215.2344 	EXP 	image_lure: image = 'Objects_Dataset/door_mat.png'
2215.2344 	EXP 	image_scene_2AFC: autoDraw = True
2215.2344 	EXP 	image_target: autoDraw = True
2215.2344 	EXP 	image_lure: autoDraw = True
2216.4442 	DATA 	Keypress: down
2218.2270 	EXP 	New trial (rep=0, index=12): <Trial 12 (12 in rep 0) data={'Index': 27, 'Scene': 'Scenes_Dataset/toilet_A.jpg', 'Scene_Size': (600, 450), 'Condition_Encode': 'Congruent', 'Object_Encode': 'Objects_Dataset/toothbrush.png', 'Object_Size': (300, 215), 'Condition_Old': 'old', 'Correct_Key_Old': 'left', 'Obj_Lure': 'Objects_Dataset/hairdryer_retouched.png', 'Lure_size': (250, 241), 'Target_pos': (300, -200), 'Lure_pos': (300, 200), 'Correct_key_AFC': 'down', 'jitter_ITI': 2, 'thisN': 12, 'thisTrialN': 12, 'thisRepN': 0}>
2218.2423 	EXP 	image_scene_2AFC: autoDraw = False
2218.2423 	EXP 	image_target: autoDraw = False
2218.2423 	EXP 	image_lure: autoDraw = False
2218.2423 	EXP 	image_blank: autoDraw = True
2220.2428 	EXP 	image_blank: autoDraw = False
2220.4593 	EXP 	cross_25: autoDraw = True
2220.7159 	INFO 	Keyboard events cleared
2220.7158 	EXP 	cross_25: autoDraw = False
2220.7158 	EXP 	cross_25: autoDraw = False
2220.7158 	EXP 	image_blank: autoDraw = False
2220.7158 	EXP 	image_scene_2AFC: image = 'Scenes_Dataset/toilet_A.jpg'
2220.7158 	EXP 	image_target: image = 'Objects_Dataset/toothbrush.png'
2220.7158 	EXP 	image_lure: image = 'Objects_Dataset/hairdryer_retouched.png'
2220.7158 	EXP 	image_scene_2AFC: autoDraw = True
2220.7158 	EXP 	image_target: autoDraw = True
2220.7158 	EXP 	image_lure: autoDraw = True
2222.0771 	DATA 	Keypress: down
2223.7097 	EXP 	New trial (rep=0, index=13): <Trial 13 (13 in rep 0) data={'Index': 45, 'Scene': 'Scenes_Dataset/factory_B.jpg', 'Scene_Size': (600, 415), 'Condition_Encode': 'Incongruent', 'Object_Encode': 'Objects_Dataset/shield.png', 'Object_Size': (199, 300), 'Condition_Old': 'old', 'Correct_Key_Old': 'left', 'Obj_Lure': 'Objects_Dataset/trumpet_retouched.png', 'Lure_size': (300, 122), 'Target_pos': (300, 200), 'Lure_pos': (300, -200), 'Correct_key_AFC': 'up', 'jitter_ITI': 2.9, 'thisN': 13, 'thisTrialN': 13, 'thisRepN': 0}>
2223.7258 	EXP 	image_scene_2AFC: autoDraw = False
2223.7258 	EXP 	image_target: autoDraw = False
2223.7258 	EXP 	image_lure: autoDraw = False
2223.7258 	EXP 	image_blank: autoDraw = True
2225.9425 	EXP 	cross_25: autoDraw = True
2226.1925 	EXP 	cross_25: autoDraw = False
2226.6369 	INFO 	Keyboard events cleared
2226.6369 	EXP 	image_blank: autoDraw = False
2226.6369 	EXP 	cross_25: autoDraw = False
2226.6369 	EXP 	image_blank: autoDraw = False
2226.6369 	EXP 	image_scene_2AFC: image = 'Scenes_Dataset/factory_B.jpg'
2226.6369 	EXP 	image_target: image = 'Objects_Dataset/shield.png'
2226.6369 	EXP 	image_lure: image = 'Objects_Dataset/trumpet_retouched.png'
2226.6369 	EXP 	image_scene_2AFC: autoDraw = True
2226.6369 	EXP 	image_target: autoDraw = True
2226.6369 	EXP 	image_lure: autoDraw = True
2228.3463 	DATA 	Keypress: up
2229.6264 	EXP 	New trial (rep=0, index=14): <Trial 14 (14 in rep 0) data={'Index': 14, 'Scene': 'Scenes_Dataset/palace_interior_A.jpg', 'Scene_Size': (600, 447), 'Condition_Encode': 'Congruent', 'Object_Encode': 'Objects_Dataset/chandelier_retouched.png', 'Object_Size': (250, 300), 'Condition_Old': 'old', 'Correct_Key_Old': 'left', 'Obj_Lure': 'Objects_Dataset/crown.png', 'Lure_size': (300, 249), 'Target_pos': (300, -200), 'Lure_pos': (300, 200), 'Correct_key_AFC': 'down', 'jitter_ITI': 2.65, 'thisN': 14, 'thisTrialN': 14, 'thisRepN': 0}>
2229.6439 	EXP 	image_scene_2AFC: autoDraw = False
2229.6439 	EXP 	image_target: autoDraw = False
2229.6439 	EXP 	image_lure: autoDraw = False
2229.6439 	EXP 	image_blank: autoDraw = True
2231.8592 	EXP 	cross_25: autoDraw = True
2232.1090 	EXP 	cross_25: autoDraw = False
2232.3272 	INFO 	Keyboard events cleared
2232.3272 	EXP 	image_blank: autoDraw = False
2232.3272 	EXP 	cross_25: autoDraw = False
2232.3272 	EXP 	image_blank: autoDraw = False
2232.3272 	EXP 	image_scene_2AFC: image = 'Scenes_Dataset/palace_interior_A.jpg'
2232.3272 	EXP 	image_target: image = 'Objects_Dataset/chandelier_retouched.png'
2232.3272 	EXP 	image_lure: image = 'Objects_Dataset/crown.png'
2232.3272 	EXP 	image_scene_2AFC: autoDraw = True
2232.3272 	EXP 	image_target: autoDraw = True
2232.3272 	EXP 	image_lure: autoDraw = True
2233.3940 	DATA 	Keypress: down
2235.3097 	EXP 	New trial (rep=0, index=15): <Trial 15 (15 in rep 0) data={'Index': 34, 'Scene': 'Scenes_Dataset/flower_shop_A.jpg', 'Scene_Size': (600, 450), 'Condition_Encode': 'Incongruent', 'Object_Encode': 'Objects_Dataset/trumpet_retouched.png', 'Object_Size': (300, 122), 'Condition_Old': 'old', 'Correct_Key_Old': 'left', 'Obj_Lure': 'Objects_Dataset/sailor_hat.png', 'Lure_size': (300, 250), 'Target_pos': (300, 200), 'Lure_pos': (300, -200), 'Correct_key_AFC': 'up', 'jitter_ITI': 2.35, 'thisN': 15, 'thisTrialN': 15, 'thisRepN': 0}>
2235.3257 	EXP 	image_scene_2AFC: autoDraw = False
2235.3257 	EXP 	image_target: autoDraw = False
2235.3257 	EXP 	image_lure: autoDraw = False
2235.3257 	EXP 	image_blank: autoDraw = True
2237.5426 	EXP 	cross_25: autoDraw = True
2237.6758 	EXP 	image_blank: autoDraw = False
2237.8056 	INFO 	Keyboard events cleared
2237.8055 	EXP 	cross_25: autoDraw = False
2237.8055 	EXP 	cross_25: autoDraw = False
2237.8055 	EXP 	image_blank: autoDraw = False
2237.8055 	EXP 	image_scene_2AFC: image = 'Scenes_Dataset/flower_shop_A.jpg'
2237.8055 	EXP 	image_target: image = 'Objects_Dataset/trumpet_retouched.png'
2237.8055 	EXP 	image_lure: image = 'Objects_Dataset/sailor_hat.png'
2237.8055 	EXP 	image_scene_2AFC: autoDraw = True
2237.8055 	EXP 	image_target: autoDraw = True
2237.8055 	EXP 	image_lure: autoDraw = True
2239.2605 	DATA 	Keypress: up
2240.7933 	EXP 	New trial (rep=0, index=16): <Trial 16 (16 in rep 0) data={'Index': 23, 'Scene': 'Scenes_Dataset/desert_A.jpg', 'Scene_Size': (600, 375), 'Condition_Encode': 'Congruent', 'Object_Encode': 'Objects_Dataset/cactus.png', 'Object_Size': (300, 248), 'Condition_Old': 'old', 'Correct_Key_Old': 'left', 'Obj_Lure': 'Objects_Dataset/canteen.png', 'Lure_size': (150, 250), 'Target_pos': (300, -200), 'Lure_pos': (300, 200), 'Correct_key_AFC': 'down', 'jitter_ITI': 3.1, 'thisN': 16, 'thisTrialN': 16, 'thisRepN': 0}>
2240.8088 	EXP 	image_scene_2AFC: autoDraw = False
2240.8088 	EXP 	image_target: autoDraw = False
2240.8088 	EXP 	image_lure: autoDraw = False
2240.8088 	EXP 	image_blank: autoDraw = True
2243.0259 	EXP 	cross_25: autoDraw = True
2243.2768 	EXP 	cross_25: autoDraw = False
2243.9263 	INFO 	Keyboard events cleared
2243.9263 	EXP 	image_blank: autoDraw = False
2243.9263 	EXP 	cross_25: autoDraw = False
2243.9263 	EXP 	image_blank: autoDraw = False
2243.9263 	EXP 	image_scene_2AFC: image = 'Scenes_Dataset/desert_A.jpg'
2243.9263 	EXP 	image_target: image = 'Objects_Dataset/cactus.png'
2243.9263 	EXP 	image_lure: image = 'Objects_Dataset/canteen.png'
2243.9263 	EXP 	image_scene_2AFC: autoDraw = True
2243.9263 	EXP 	image_target: autoDraw = True
2243.9263 	EXP 	image_lure: autoDraw = True
2245.4783 	DATA 	Keypress: down
2246.9100 	EXP 	New trial (rep=0, index=17): <Trial 17 (17 in rep 0) data={'Index': 46, 'Scene': 'Scenes_Dataset/skate_park_A.jpg', 'Scene_Size': (600, 450), 'Condition_Encode': 'Incongruent', 'Object_Encode': 'Objects_Dataset/paddle.png', 'Object_Size': (300, 299), 'Condition_Old': 'old', 'Correct_Key_Old': 'left', 'Obj_Lure': 'Objects_Dataset/fan.png', 'Lure_size': (350, 350), 'Target_pos': (300, 200), 'Lure_pos': (300, -200), 'Correct_key_AFC': 'up', 'jitter_ITI': 2.95, 'thisN': 17, 'thisTrialN': 17, 'thisRepN': 0}>
2246.9260 	EXP 	image_scene_2AFC: autoDraw = False
2246.9260 	EXP 	image_target: autoDraw = False
2246.9260 	EXP 	image_lure: autoDraw = False
2246.9260 	EXP 	image_blank: autoDraw = True
2249.1428 	EXP 	cross_25: autoDraw = True
2249.3929 	EXP 	cross_25: autoDraw = False
2249.8952 	INFO 	Keyboard events cleared
2249.8951 	EXP 	image_blank: autoDraw = False
2249.8951 	EXP 	cross_25: autoDraw = False
2249.8951 	EXP 	image_blank: autoDraw = False
2249.8951 	EXP 	image_scene_2AFC: image = 'Scenes_Dataset/skate_park_A.jpg'
2249.8951 	EXP 	image_target: image = 'Objects_Dataset/paddle.png'
2249.8951 	EXP 	image_lure: image = 'Objects_Dataset/fan.png'
2249.8951 	EXP 	image_scene_2AFC: autoDraw = True
2249.8951 	EXP 	image_target: autoDraw = True
2249.8951 	EXP 	image_lure: autoDraw = True
2251.9946 	DATA 	Keypress: down
2252.8772 	EXP 	New trial (rep=0, index=18): <Trial 18 (18 in rep 0) data={'Index': 16, 'Scene': 'Scenes_Dataset/hair_salon_A.jpg', 'Scene_Size': (600, 386), 'Condition_Encode': 'Congruent', 'Object_Encode': 'Objects_Dataset/hairdryer_retouched.png', 'Object_Size': (250, 241), 'Condition_Old': 'old', 'Correct_Key_Old': 'left', 'Obj_Lure': 'Objects_Dataset/comb.png', 'Lure_size': (250, 250), 'Target_pos': (300, -200), 'Lure_pos': (300, 200), 'Correct_key_AFC': 'down', 'jitter_ITI': 2.75, 'thisN': 18, 'thisTrialN': 18, 'thisRepN': 0}>
2252.8928 	EXP 	image_scene_2AFC: autoDraw = False
2252.8928 	EXP 	image_target: autoDraw = False
2252.8928 	EXP 	image_lure: autoDraw = False
2252.8928 	EXP 	image_blank: autoDraw = True
2255.1095 	EXP 	cross_25: autoDraw = True
2255.3597 	EXP 	cross_25: autoDraw = False
2255.6496 	INFO 	Keyboard events cleared
2255.6496 	EXP 	image_blank: autoDraw = False
2255.6496 	EXP 	cross_25: autoDraw = False
2255.6496 	EXP 	image_blank: autoDraw = False
2255.6496 	EXP 	image_scene_2AFC: image = 'Scenes_Dataset/hair_salon_A.jpg'
2255.6496 	EXP 	image_target: image = 'Objects_Dataset/hairdryer_retouched.png'
2255.6496 	EXP 	image_lure: image = 'Objects_Dataset/comb.png'
2255.6496 	EXP 	image_scene_2AFC: autoDraw = True
2255.6496 	EXP 	image_target: autoDraw = True
2255.6496 	EXP 	image_lure: autoDraw = True
2257.7111 	DATA 	Keypress: down
2258.6438 	EXP 	New trial (rep=0, index=19): <Trial 19 (19 in rep 0) data={'Index': 59, 'Scene': 'Scenes_Dataset/golf_course_A.jpg', 'Scene_Size': (600, 400), 'Condition_Encode': 'Incongruent', 'Object_Encode': 'Objects_Dataset/clothesline_retouched_2.png', 'Object_Size': (350, 231), 'Condition_Old': 'old', 'Correct_Key_Old': 'left', 'Obj_Lure': 'Objects_Dataset/computer_monitor.png', 'Lure_size': (300, 300), 'Target_pos': (300, 200), 'Lure_pos': (300, -200), 'Correct_key_AFC': 'up', 'jitter_ITI': 2.3, 'thisN': 19, 'thisTrialN': 19, 'thisRepN': 0}>
2258.6595 	EXP 	image_scene_2AFC: autoDraw = False
2258.6595 	EXP 	image_target: autoDraw = False
2258.6595 	EXP 	image_lure: autoDraw = False
2258.6595 	EXP 	image_blank: autoDraw = True
2260.8764 	EXP 	cross_25: autoDraw = True
2260.9598 	EXP 	image_blank: autoDraw = False
2261.1391 	INFO 	Keyboard events cleared
2261.1391 	EXP 	cross_25: autoDraw = False
2261.1391 	EXP 	cross_25: autoDraw = False
2261.1391 	EXP 	image_blank: autoDraw = False
2261.1391 	EXP 	image_scene_2AFC: image = 'Scenes_Dataset/golf_course_A.jpg'
2261.1391 	EXP 	image_target: image = 'Objects_Dataset/clothesline_retouched_2.png'
2261.1391 	EXP 	image_lure: image = 'Objects_Dataset/computer_monitor.png'
2261.1391 	EXP 	image_scene_2AFC: autoDraw = True
2261.1391 	EXP 	image_target: autoDraw = True
2261.1391 	EXP 	image_lure: autoDraw = True
2263.1277 	DATA 	Keypress: down
2264.1277 	EXP 	New trial (rep=0, index=20): <Trial 20 (20 in rep 0) data={'Index': 21, 'Scene': 'Scenes_Dataset/pharmacy_A.jpg', 'Scene_Size': (600, 461), 'Condition_Encode': 'Congruent', 'Object_Encode': 'Objects_Dataset/pills.png', 'Object_Size': (216, 250), 'Condition_Old': 'old', 'Correct_Key_Old': 'left', 'Obj_Lure': 'Objects_Dataset/thermometer.png', 'Lure_size': (300, 199), 'Target_pos': (300, -200), 'Lure_pos': (300, 200), 'Correct_key_AFC': 'down', 'jitter_ITI': 3, 'thisN': 20, 'thisTrialN': 20, 'thisRepN': 0}>
2264.1432 	EXP 	image_scene_2AFC: autoDraw = False
2264.1432 	EXP 	image_target: autoDraw = False
2264.1432 	EXP 	image_lure: autoDraw = False
2264.1432 	EXP 	image_blank: autoDraw = True
2266.3766 	EXP 	cross_25: autoDraw = True
2266.6269 	EXP 	cross_25: autoDraw = False
2267.1522 	INFO 	Keyboard events cleared
2267.1522 	EXP 	image_blank: autoDraw = False
2267.1522 	EXP 	cross_25: autoDraw = False
2267.1522 	EXP 	image_blank: autoDraw = False
2267.1522 	EXP 	image_scene_2AFC: image = 'Scenes_Dataset/pharmacy_A.jpg'
2267.1522 	EXP 	image_target: image = 'Objects_Dataset/pills.png'
2267.1522 	EXP 	image_lure: image = 'Objects_Dataset/thermometer.png'
2267.1522 	EXP 	image_scene_2AFC: autoDraw = True
2267.1522 	EXP 	image_target: autoDraw = True
2267.1522 	EXP 	image_lure: autoDraw = True
2268.7115 	DATA 	Keypress: down
2270.1303 	EXP 	New trial (rep=0, index=21): <Trial 21 (21 in rep 0) data={'Index': 33, 'Scene': 'Scenes_Dataset/ice_rink_A.jpg', 'Scene_Size': (600, 450), 'Condition_Encode': 'Incongruent', 'Object_Encode': 'Objects_Dataset/paper_towel_dispenser.png', 'Object_Size': (300, 400), 'Condition_Old': 'old', 'Correct_Key_Old': 'left', 'Obj_Lure': 'Objects_Dataset/saxophone.png', 'Lure_size': (250, 250), 'Target_pos': (300, 200), 'Lure_pos': (300, -200), 'Correct_key_AFC': 'up', 'jitter_ITI': 2.3, 'thisN': 21, 'thisTrialN': 21, 'thisRepN': 0}>
2270.1431 	EXP 	image_scene_2AFC: autoDraw = False
2270.1431 	EXP 	image_target: autoDraw = False
2270.1431 	EXP 	image_lure: autoDraw = False
2270.1431 	EXP 	image_blank: autoDraw = True
2272.3766 	EXP 	cross_25: autoDraw = True
2272.4435 	EXP 	image_blank: autoDraw = False
2272.6377 	INFO 	Keyboard events cleared
2272.6377 	EXP 	cross_25: autoDraw = False
2272.6377 	EXP 	cross_25: autoDraw = False
2272.6377 	EXP 	image_blank: autoDraw = False
2272.6377 	EXP 	image_scene_2AFC: image = 'Scenes_Dataset/ice_rink_A.jpg'
2272.6377 	EXP 	image_target: image = 'Objects_Dataset/paper_towel_dispenser.png'
2272.6377 	EXP 	image_lure: image = 'Objects_Dataset/saxophone.png'
2272.6377 	EXP 	image_scene_2AFC: autoDraw = True
2272.6377 	EXP 	image_target: autoDraw = True
2272.6377 	EXP 	image_lure: autoDraw = True
2274.5947 	DATA 	Keypress: up
2275.6106 	EXP 	New trial (rep=0, index=22): <Trial 22 (22 in rep 0) data={'Index': 9, 'Scene': 'Scenes_Dataset/childrens_room_A.jpg', 'Scene_Size': (600, 524), 'Condition_Encode': 'Congruent', 'Object_Encode': 'Objects_Dataset/abacus.png', 'Object_Size': (185, 200), 'Condition_Old': 'old', 'Correct_Key_Old': 'left', 'Obj_Lure': 'Objects_Dataset/doll.png', 'Lure_size': (191, 300), 'Target_pos': (300, -200), 'Lure_pos': (300, 200), 'Correct_key_AFC': 'down', 'jitter_ITI': 2.4, 'thisN': 22, 'thisTrialN': 22, 'thisRepN': 0}>
2275.6272 	EXP 	image_scene_2AFC: autoDraw = False
2275.6272 	EXP 	image_target: autoDraw = False
2275.6272 	EXP 	image_lure: autoDraw = False
2275.6272 	EXP 	image_blank: autoDraw = True
2277.8599 	EXP 	cross_25: autoDraw = True
2278.0267 	EXP 	image_blank: autoDraw = False
2278.1225 	INFO 	Keyboard events cleared
2278.1225 	EXP 	cross_25: autoDraw = False
2278.1225 	EXP 	cross_25: autoDraw = False
2278.1225 	EXP 	image_blank: autoDraw = False
2278.1225 	EXP 	image_scene_2AFC: image = 'Scenes_Dataset/childrens_room_A.jpg'
2278.1225 	EXP 	image_target: image = 'Objects_Dataset/abacus.png'
2278.1225 	EXP 	image_lure: image = 'Objects_Dataset/doll.png'
2278.1225 	EXP 	image_scene_2AFC: autoDraw = True
2278.1225 	EXP 	image_target: autoDraw = True
2278.1225 	EXP 	image_lure: autoDraw = True
2280.0282 	DATA 	Keypress: down
2281.0941 	EXP 	New trial (rep=0, index=23): <Trial 23 (23 in rep 0) data={'Index': 60, 'Scene': 'Scenes_Dataset/field_A.jpg', 'Scene_Size': (600, 403), 'Condition_Encode': 'Incongruent', 'Object_Encode': 'Objects_Dataset/computer_monitor.png', 'Object_Size': (300, 300), 'Condition_Old': 'old', 'Correct_Key_Old': 'left', 'Obj_Lure': 'Objects_Dataset/plasticine.png', 'Lure_size': (250, 167), 'Target_pos': (300, 200), 'Lure_pos': (300, -200), 'Correct_key_AFC': 'up', 'jitter_ITI': 2.35, 'thisN': 23, 'thisTrialN': 23, 'thisRepN': 0}>
2281.1100 	EXP 	image_scene_2AFC: autoDraw = False
2281.1100 	EXP 	image_target: autoDraw = False
2281.1100 	EXP 	image_lure: autoDraw = False
2281.1100 	EXP 	image_blank: autoDraw = True
2283.3443 	EXP 	cross_25: autoDraw = True
2283.4601 	EXP 	image_blank: autoDraw = False
2283.6023 	INFO 	Keyboard events cleared
2283.6023 	EXP 	cross_25: autoDraw = False
2283.6023 	EXP 	cross_25: autoDraw = False
2283.6023 	EXP 	image_blank: autoDraw = False
2283.6023 	EXP 	image_scene_2AFC: image = 'Scenes_Dataset/field_A.jpg'
2283.6023 	EXP 	image_target: image = 'Objects_Dataset/computer_monitor.png'
2283.6023 	EXP 	image_lure: image = 'Objects_Dataset/plasticine.png'
2283.6023 	EXP 	image_scene_2AFC: autoDraw = True
2283.6023 	EXP 	image_target: autoDraw = True
2283.6023 	EXP 	image_lure: autoDraw = True
2285.2283 	DATA 	Keypress: up
2286.5776 	EXP 	New trial (rep=0, index=24): <Trial 24 (24 in rep 0) data={'Index': 47, 'Scene': 'Scenes_Dataset/entrance_hall_B.jpg', 'Scene_Size': (600, 421), 'Condition_Encode': 'Incongruent', 'Object_Encode': 'Objects_Dataset/movie_reels.png', 'Object_Size': (350, 268), 'Condition_Old': 'old', 'Correct_Key_Old': 'left', 'Obj_Lure': 'Objects_Dataset/payment_terminal.png', 'Lure_size': (285, 300), 'Target_pos': (300, 200), 'Lure_pos': (300, -200), 'Correct_key_AFC': 'up', 'jitter_ITI': 3, 'thisN': 24, 'thisTrialN': 24, 'thisRepN': 0}>
2286.5934 	EXP 	image_scene_2AFC: autoDraw = False
2286.5934 	EXP 	image_target: autoDraw = False
2286.5934 	EXP 	image_lure: autoDraw = False
2286.5934 	EXP 	image_blank: autoDraw = True
2288.8268 	EXP 	cross_25: autoDraw = True
2289.0769 	EXP 	cross_25: autoDraw = False
2289.6023 	INFO 	Keyboard events cleared
2289.6023 	EXP 	image_blank: autoDraw = False
2289.6023 	EXP 	cross_25: autoDraw = False
2289.6023 	EXP 	image_blank: autoDraw = False
2289.6023 	EXP 	image_scene_2AFC: image = 'Scenes_Dataset/entrance_hall_B.jpg'
2289.6023 	EXP 	image_target: image = 'Objects_Dataset/movie_reels.png'
2289.6023 	EXP 	image_lure: image = 'Objects_Dataset/payment_terminal.png'
2289.6023 	EXP 	image_scene_2AFC: autoDraw = True
2289.6023 	EXP 	image_target: autoDraw = True
2289.6023 	EXP 	image_lure: autoDraw = True
2290.7121 	DATA 	Keypress: up
2292.5941 	EXP 	New trial (rep=0, index=25): <Trial 25 (25 in rep 0) data={'Index': 43, 'Scene': 'Scenes_Dataset/home_office_A.jpg', 'Scene_Size': (600, 399), 'Condition_Encode': 'Incongruent', 'Object_Encode': 'Objects_Dataset/bicycle_bell.png', 'Object_Size': (250, 210), 'Condition_Old': 'old', 'Correct_Key_Old': 'left', 'Obj_Lure': 'Objects_Dataset/unicycle_retouched.png', 'Lure_size': (159, 300), 'Target_pos': (300, 200), 'Lure_pos': (300, -200), 'Correct_key_AFC': 'up', 'jitter_ITI': 2.8, 'thisN': 25, 'thisTrialN': 25, 'thisRepN': 0}>
2292.6101 	EXP 	image_scene_2AFC: autoDraw = False
2292.6101 	EXP 	image_target: autoDraw = False
2292.6101 	EXP 	image_lure: autoDraw = False
2292.6101 	EXP 	image_blank: autoDraw = True
2294.8269 	EXP 	cross_25: autoDraw = True
2295.0769 	EXP 	cross_25: autoDraw = False
2295.4169 	INFO 	Keyboard events cleared
2295.4169 	EXP 	image_blank: autoDraw = False
2295.4169 	EXP 	cross_25: autoDraw = False
2295.4169 	EXP 	image_blank: autoDraw = False
2295.4169 	EXP 	image_scene_2AFC: image = 'Scenes_Dataset/home_office_A.jpg'
2295.4169 	EXP 	image_target: image = 'Objects_Dataset/bicycle_bell.png'
2295.4169 	EXP 	image_lure: image = 'Objects_Dataset/unicycle_retouched.png'
2295.4169 	EXP 	image_scene_2AFC: autoDraw = True
2295.4169 	EXP 	image_target: autoDraw = True
2295.4169 	EXP 	image_lure: autoDraw = True
2296.9617 	DATA 	Keypress: up
2298.4101 	EXP 	New trial (rep=0, index=26): <Trial 26 (26 in rep 0) data={'Index': 35, 'Scene': 'Scenes_Dataset/dentist_A.jpg', 'Scene_Size': (600, 400), 'Condition_Encode': 'Incongruent', 'Object_Encode': 'Objects_Dataset/basketball.png', 'Object_Size': (282, 300), 'Condition_Old': 'old', 'Correct_Key_Old': 'left', 'Obj_Lure': 'Objects_Dataset/chandelier_retouched.png', 'Lure_size': (250, 300), 'Target_pos': (300, 200), 'Lure_pos': (300, -200), 'Correct_key_AFC': 'up', 'jitter_ITI': 2.4, 'thisN': 26, 'thisTrialN': 26, 'thisRepN': 0}>
2298.4265 	EXP 	image_scene_2AFC: autoDraw = False
2298.4265 	EXP 	image_target: autoDraw = False
2298.4265 	EXP 	image_lure: autoDraw = False
2298.4265 	EXP 	image_blank: autoDraw = True
2300.6437 	EXP 	cross_25: autoDraw = True
2300.8270 	EXP 	image_blank: autoDraw = False
2300.8997 	INFO 	Keyboard events cleared
2300.8997 	EXP 	cross_25: autoDraw = False
2300.8997 	EXP 	cross_25: autoDraw = False
2300.8997 	EXP 	image_blank: autoDraw = False
2300.8997 	EXP 	image_scene_2AFC: image = 'Scenes_Dataset/dentist_A.jpg'
2300.8997 	EXP 	image_target: image = 'Objects_Dataset/basketball.png'
2300.8997 	EXP 	image_lure: image = 'Objects_Dataset/chandelier_retouched.png'
2300.8997 	EXP 	image_scene_2AFC: autoDraw = True
2300.8997 	EXP 	image_target: autoDraw = True
2300.8997 	EXP 	image_lure: autoDraw = True
2303.4952 	DATA 	Keypress: up
2303.8974 	EXP 	New trial (rep=0, index=27): <Trial 27 (27 in rep 0) data={'Index': 48, 'Scene': 'Scenes_Dataset/ballet_room_A.jpg', 'Scene_Size': (600, 398), 'Condition_Encode': 'Incongruent', 'Object_Encode': 'Objects_Dataset/hiking_boots.png', 'Object_Size': (300, 300), 'Condition_Old': 'old', 'Correct_Key_Old': 'left', 'Obj_Lure': 'Objects_Dataset/bicycle_bell.png', 'Lure_size': (250, 210), 'Target_pos': (300, 200), 'Lure_pos': (300, -200), 'Correct_key_AFC': 'up', 'jitter_ITI': 3.05, 'thisN': 27, 'thisTrialN': 27, 'thisRepN': 0}>
2303.9102 	EXP 	image_scene_2AFC: autoDraw = False
2303.9102 	EXP 	image_target: autoDraw = False
2303.9102 	EXP 	image_lure: autoDraw = False
2303.9102 	EXP 	image_blank: autoDraw = True
2306.1273 	EXP 	cross_25: autoDraw = True
2306.3774 	EXP 	cross_25: autoDraw = False
2306.9665 	INFO 	Keyboard events cleared
2306.9664 	EXP 	image_blank: autoDraw = False
2306.9664 	EXP 	cross_25: autoDraw = False
2306.9664 	EXP 	image_blank: autoDraw = False
2306.9664 	EXP 	image_scene_2AFC: image = 'Scenes_Dataset/ballet_room_A.jpg'
2306.9664 	EXP 	image_target: image = 'Objects_Dataset/hiking_boots.png'
2306.9664 	EXP 	image_lure: image = 'Objects_Dataset/bicycle_bell.png'
2306.9664 	EXP 	image_scene_2AFC: autoDraw = True
2306.9664 	EXP 	image_target: autoDraw = True
2306.9664 	EXP 	image_lure: autoDraw = True
2308.4789 	DATA 	Keypress: up
2309.9446 	EXP 	New trial (rep=0, index=28): <Trial 28 (28 in rep 0) data={'Index': 8, 'Scene': 'Scenes_Dataset/igloo_A.jpg', 'Scene_Size': (600, 450), 'Condition_Encode': 'Congruent', 'Object_Encode': 'Objects_Dataset/eskimo_coat.png', 'Object_Size': (300, 300), 'Condition_Old': 'old', 'Correct_Key_Old': 'left', 'Obj_Lure': 'Objects_Dataset/wool_cap.png', 'Lure_size': (250, 250), 'Target_pos': (300, -200), 'Lure_pos': (300, 200), 'Correct_key_AFC': 'down', 'jitter_ITI': 2.35, 'thisN': 28, 'thisTrialN': 28, 'thisRepN': 0}>
2309.9604 	EXP 	image_scene_2AFC: autoDraw = False
2309.9604 	EXP 	image_target: autoDraw = False
2309.9604 	EXP 	image_lure: autoDraw = False
2309.9604 	EXP 	image_blank: autoDraw = True
2312.1939 	EXP 	cross_25: autoDraw = True
2312.3108 	EXP 	image_blank: autoDraw = False
2312.4543 	INFO 	Keyboard events cleared
2312.4542 	EXP 	cross_25: autoDraw = False
2312.4542 	EXP 	cross_25: autoDraw = False
2312.4542 	EXP 	image_blank: autoDraw = False
2312.4542 	EXP 	image_scene_2AFC: image = 'Scenes_Dataset/igloo_A.jpg'
2312.4542 	EXP 	image_target: image = 'Objects_Dataset/eskimo_coat.png'
2312.4542 	EXP 	image_lure: image = 'Objects_Dataset/wool_cap.png'
2312.4542 	EXP 	image_scene_2AFC: autoDraw = True
2312.4542 	EXP 	image_target: autoDraw = True
2312.4542 	EXP 	image_lure: autoDraw = True
2313.7799 	DATA 	Keypress: down
2315.4445 	EXP 	New trial (rep=0, index=29): <Trial 29 (29 in rep 0) data={'Index': 32, 'Scene': 'Scenes_Dataset/elevator_A.jpg', 'Scene_Size': (600, 450), 'Condition_Encode': 'Incongruent', 'Object_Encode': 'Objects_Dataset/cake_tongs_retouched.png', 'Object_Size': (300, 75), 'Condition_Old': 'old', 'Correct_Key_Old': 'left', 'Obj_Lure': 'Objects_Dataset/3d_glasses_retouched.png', 'Lure_size': (300, 300), 'Target_pos': (300, 200), 'Lure_pos': (300, -200), 'Correct_key_AFC': 'up', 'jitter_ITI': 2.25, 'thisN': 29, 'thisTrialN': 29, 'thisRepN': 0}>
2315.4605 	EXP 	image_scene_2AFC: autoDraw = False
2315.4605 	EXP 	image_target: autoDraw = False
2315.4605 	EXP 	image_lure: autoDraw = False
2315.4605 	EXP 	image_blank: autoDraw = True
2317.6774 	EXP 	cross_25: autoDraw = True
2317.7125 	EXP 	image_blank: autoDraw = False
2317.9278 	INFO 	Keyboard events cleared
2317.9278 	EXP 	cross_25: autoDraw = False
2317.9278 	EXP 	cross_25: autoDraw = False
2317.9278 	EXP 	image_blank: autoDraw = False
2317.9278 	EXP 	image_scene_2AFC: image = 'Scenes_Dataset/elevator_A.jpg'
2317.9278 	EXP 	image_target: image = 'Objects_Dataset/cake_tongs_retouched.png'
2317.9278 	EXP 	image_lure: image = 'Objects_Dataset/3d_glasses_retouched.png'
2317.9278 	EXP 	image_scene_2AFC: autoDraw = True
2317.9278 	EXP 	image_target: autoDraw = True
2317.9278 	EXP 	image_lure: autoDraw = True
2319.2789 	DATA 	Keypress: up
2320.9125 	EXP 	New trial (rep=0, index=30): <Trial 30 (30 in rep 0) data={'Index': 51, 'Scene': 'Scenes_Dataset/clinic_A.jpg', 'Scene_Size': (600, 400), 'Condition_Encode': 'Incongruent', 'Object_Encode': 'Objects_Dataset/juggling_balls_retouched.png', 'Object_Size': (350, 197), 'Condition_Old': 'old', 'Correct_Key_Old': 'left', 'Obj_Lure': 'Objects_Dataset/sled_retouched.png', 'Lure_size': (450, 286), 'Target_pos': (300, 200), 'Lure_pos': (300, -200), 'Correct_key_AFC': 'up', 'jitter_ITI': 3.2, 'thisN': 30, 'thisTrialN': 30, 'thisRepN': 0}>
2320.9273 	EXP 	image_scene_2AFC: autoDraw = False
2320.9273 	EXP 	image_target: autoDraw = False
2320.9273 	EXP 	image_lure: autoDraw = False
2320.9273 	EXP 	image_scene_2AFC: autoDraw = False
2320.9273 	EXP 	image_target: autoDraw = False
2320.9273 	EXP 	image_lure: autoDraw = False
2320.9273 	EXP 	image_blank: autoDraw = True
2323.1776 	EXP 	cross_25: autoDraw = True
2323.4298 	EXP 	cross_25: autoDraw = False
2324.1368 	INFO 	Keyboard events cleared
2324.1368 	EXP 	image_blank: autoDraw = False
2324.1368 	EXP 	cross_25: autoDraw = False
2324.1368 	EXP 	image_blank: autoDraw = False
2324.1368 	EXP 	image_scene_2AFC: image = 'Scenes_Dataset/clinic_A.jpg'
2324.1368 	EXP 	image_target: image = 'Objects_Dataset/juggling_balls_retouched.png'
2324.1368 	EXP 	image_lure: image = 'Objects_Dataset/sled_retouched.png'
2324.1368 	EXP 	image_scene_2AFC: autoDraw = True
2324.1368 	EXP 	image_target: autoDraw = True
2324.1368 	EXP 	image_lure: autoDraw = True
2325.9306 	DATA 	Keypress: up
2327.1291 	EXP 	New trial (rep=0, index=31): <Trial 31 (31 in rep 0) data={'Index': 55, 'Scene': 'Scenes_Dataset/lake_A.jpg', 'Scene_Size': (600, 442), 'Condition_Encode': 'Incongruent', 'Object_Encode': 'Objects_Dataset/thermometer.png', 'Object_Size': (300, 199), 'Condition_Old': 'old', 'Correct_Key_Old': 'left', 'Obj_Lure': 'Objects_Dataset/ticket_machine.png', 'Lure_size': (200, 300), 'Target_pos': (300, 200), 'Lure_pos': (300, -200), 'Correct_key_AFC': 'up', 'jitter_ITI': 2.1, 'thisN': 31, 'thisTrialN': 31, 'thisRepN': 0}>
2327.1439 	EXP 	image_scene_2AFC: autoDraw = False
2327.1439 	EXP 	image_target: autoDraw = False
2327.1439 	EXP 	image_lure: autoDraw = False
2327.1439 	EXP 	image_blank: autoDraw = True
2329.2441 	EXP 	image_blank: autoDraw = False
2329.3605 	EXP 	cross_25: autoDraw = True
2329.6184 	INFO 	Keyboard events cleared
2329.6184 	EXP 	cross_25: autoDraw = False
2329.6184 	EXP 	cross_25: autoDraw = False
2329.6184 	EXP 	image_blank: autoDraw = False
2329.6184 	EXP 	image_scene_2AFC: image = 'Scenes_Dataset/lake_A.jpg'
2329.6184 	EXP 	image_target: image = 'Objects_Dataset/thermometer.png'
2329.6184 	EXP 	image_lure: image = 'Objects_Dataset/ticket_machine.png'
2329.6184 	EXP 	image_scene_2AFC: autoDraw = True
2329.6184 	EXP 	image_target: autoDraw = True
2329.6184 	EXP 	image_lure: autoDraw = True
2331.4623 	DATA 	Keypress: up
2332.6118 	EXP 	New trial (rep=0, index=32): <Trial 32 (32 in rep 0) data={'Index': 12, 'Scene': 'Scenes_Dataset/castle_A.jpg', 'Scene_Size': (600, 450), 'Condition_Encode': 'Congruent', 'Object_Encode': 'Objects_Dataset/sword_retouched.png', 'Object_Size': (300, 300), 'Condition_Old': 'old', 'Correct_Key_Old': 'left', 'Obj_Lure': 'Objects_Dataset/shield.png', 'Lure_size': (199, 300), 'Target_pos': (300, -200), 'Lure_pos': (300, 200), 'Correct_key_AFC': 'down', 'jitter_ITI': 2.55, 'thisN': 32, 'thisTrialN': 32, 'thisRepN': 0}>
2332.6275 	EXP 	image_scene_2AFC: autoDraw = False
2332.6275 	EXP 	image_target: autoDraw = False
2332.6275 	EXP 	image_lure: autoDraw = False
2332.6275 	EXP 	image_blank: autoDraw = True
2334.8444 	EXP 	cross_25: autoDraw = True
2335.0943 	EXP 	cross_25: autoDraw = False
2335.1920 	INFO 	Keyboard events cleared
2335.1920 	EXP 	image_blank: autoDraw = False
2335.1920 	EXP 	cross_25: autoDraw = False
2335.1920 	EXP 	image_blank: autoDraw = False
2335.1920 	EXP 	image_scene_2AFC: image = 'Scenes_Dataset/castle_A.jpg'
2335.1920 	EXP 	image_target: image = 'Objects_Dataset/sword_retouched.png'
2335.1920 	EXP 	image_lure: image = 'Objects_Dataset/shield.png'
2335.1920 	EXP 	image_scene_2AFC: autoDraw = True
2335.1920 	EXP 	image_target: autoDraw = True
2335.1920 	EXP 	image_lure: autoDraw = True
2336.6459 	DATA 	Keypress: down
2338.1783 	EXP 	New trial (rep=0, index=33): <Trial 33 (33 in rep 0) data={'Index': 20, 'Scene': 'Scenes_Dataset/basketball_field_A.jpg', 'Scene_Size': (600, 399), 'Condition_Encode': 'Congruent', 'Object_Encode': 'Objects_Dataset/whistle.png', 'Object_Size': (200, 151), 'Condition_Old': 'old', 'Correct_Key_Old': 'left', 'Obj_Lure': 'Objects_Dataset/basketball.png', 'Lure_size': (282, 300), 'Target_pos': (300, -200), 'Lure_pos': (300, 200), 'Correct_key_AFC': 'down', 'jitter_ITI': 2.95, 'thisN': 33, 'thisTrialN': 33, 'thisRepN': 0}>
2338.1945 	EXP 	image_scene_2AFC: autoDraw = False
2338.1945 	EXP 	image_target: autoDraw = False
2338.1945 	EXP 	image_lure: autoDraw = False
2338.1945 	EXP 	image_blank: autoDraw = True
2340.4109 	EXP 	cross_25: autoDraw = True
2340.6610 	EXP 	cross_25: autoDraw = False
2341.1564 	INFO 	Keyboard events cleared
2341.1564 	EXP 	image_blank: autoDraw = False
2341.1564 	EXP 	cross_25: autoDraw = False
2341.1564 	EXP 	image_blank: autoDraw = False
2341.1564 	EXP 	image_scene_2AFC: image = 'Scenes_Dataset/basketball_field_A.jpg'
2341.1564 	EXP 	image_target: image = 'Objects_Dataset/whistle.png'
2341.1564 	EXP 	image_lure: image = 'Objects_Dataset/basketball.png'
2341.1564 	EXP 	image_scene_2AFC: autoDraw = True
2341.1564 	EXP 	image_target: autoDraw = True
2341.1564 	EXP 	image_lure: autoDraw = True
2342.3293 	DATA 	Keypress: down
2344.1451 	EXP 	New trial (rep=0, index=34): <Trial 34 (34 in rep 0) data={'Index': 2, 'Scene': 'Scenes_Dataset/waiting_room_A.jpg', 'Scene_Size': (600, 450), 'Condition_Encode': 'Congruent', 'Object_Encode': 'Objects_Dataset/clock.png', 'Object_Size': (250, 248), 'Condition_Old': 'old', 'Correct_Key_Old': 'left', 'Obj_Lure': 'Objects_Dataset/water_dispenser.png', 'Lure_size': (300, 300), 'Target_pos': (300, -200), 'Lure_pos': (300, 200), 'Correct_key_AFC': 'down', 'jitter_ITI': 2.05, 'thisN': 34, 'thisTrialN': 34, 'thisRepN': 0}>
2344.1609 	EXP 	image_scene_2AFC: autoDraw = False
2344.1609 	EXP 	image_target: autoDraw = False
2344.1609 	EXP 	image_lure: autoDraw = False
2344.1609 	EXP 	image_blank: autoDraw = True
2346.2110 	EXP 	image_blank: autoDraw = False
2346.3781 	EXP 	cross_25: autoDraw = True
2346.6393 	INFO 	Keyboard events cleared
2346.6392 	EXP 	cross_25: autoDraw = False
2346.6392 	EXP 	cross_25: autoDraw = False
2346.6392 	EXP 	image_blank: autoDraw = False
2346.6392 	EXP 	image_scene_2AFC: image = 'Scenes_Dataset/waiting_room_A.jpg'
2346.6392 	EXP 	image_target: image = 'Objects_Dataset/clock.png'
2346.6392 	EXP 	image_lure: image = 'Objects_Dataset/water_dispenser.png'
2346.6392 	EXP 	image_scene_2AFC: autoDraw = True
2346.6392 	EXP 	image_target: autoDraw = True
2346.6392 	EXP 	image_lure: autoDraw = True
2347.6631 	DATA 	Keypress: down
2349.6286 	EXP 	New trial (rep=0, index=35): <Trial 35 (35 in rep 0) data={'Index': 1, 'Scene': 'Scenes_Dataset/office_work_A.jpg', 'Scene_Size': (600, 470), 'Condition_Encode': 'Congruent', 'Object_Encode': 'Objects_Dataset/staple_puller_retouched.png', 'Object_Size': (400, 400), 'Condition_Old': 'old', 'Correct_Key_Old': 'left', 'Obj_Lure': 'Objects_Dataset/clock.png', 'Lure_size': (250, 248), 'Target_pos': (300, -200), 'Lure_pos': (300, 200), 'Correct_key_AFC': 'down', 'jitter_ITI': 2, 'thisN': 35, 'thisTrialN': 35, 'thisRepN': 0}>
2349.6443 	EXP 	image_scene_2AFC: autoDraw = False
2349.6443 	EXP 	image_target: autoDraw = False
2349.6443 	EXP 	image_lure: autoDraw = False
2349.6443 	EXP 	image_blank: autoDraw = True
2351.6444 	EXP 	image_blank: autoDraw = False
2351.8611 	EXP 	cross_25: autoDraw = True
2352.1218 	INFO 	Keyboard events cleared
2352.1217 	EXP 	cross_25: autoDraw = False
2352.1217 	EXP 	cross_25: autoDraw = False
2352.1217 	EXP 	image_blank: autoDraw = False
2352.1217 	EXP 	image_scene_2AFC: image = 'Scenes_Dataset/office_work_A.jpg'
2352.1217 	EXP 	image_target: image = 'Objects_Dataset/staple_puller_retouched.png'
2352.1217 	EXP 	image_lure: image = 'Objects_Dataset/clock.png'
2352.1217 	EXP 	image_scene_2AFC: autoDraw = True
2352.1217 	EXP 	image_target: autoDraw = True
2352.1217 	EXP 	image_lure: autoDraw = True
2353.1634 	DATA 	Keypress: down
2355.1118 	EXP 	New trial (rep=0, index=36): <Trial 36 (36 in rep 0) data={'Index': 17, 'Scene': 'Scenes_Dataset/stage_A.jpg', 'Scene_Size': (600, 396), 'Condition_Encode': 'Congruent', 'Object_Encode': 'Objects_Dataset/saxophone.png', 'Object_Size': (250, 250), 'Condition_Old': 'old', 'Correct_Key_Old': 'left', 'Obj_Lure': 'Objects_Dataset/digital_piano_retouched.png', 'Lure_size': (350, 350), 'Target_pos': (300, -200), 'Lure_pos': (300, 200), 'Correct_key_AFC': 'down', 'jitter_ITI': 2.8, 'thisN': 36, 'thisTrialN': 36, 'thisRepN': 0}>
2355.1278 	EXP 	image_scene_2AFC: autoDraw = False
2355.1278 	EXP 	image_target: autoDraw = False
2355.1278 	EXP 	image_lure: autoDraw = False
2355.1278 	EXP 	image_blank: autoDraw = True
2357.3443 	EXP 	cross_25: autoDraw = True
2357.5946 	EXP 	cross_25: autoDraw = False
2357.9383 	INFO 	Keyboard events cleared
2357.9383 	EXP 	image_blank: autoDraw = False
2357.9383 	EXP 	cross_25: autoDraw = False
2357.9383 	EXP 	image_blank: autoDraw = False
2357.9383 	EXP 	image_scene_2AFC: image = 'Scenes_Dataset/stage_A.jpg'
2357.9383 	EXP 	image_target: image = 'Objects_Dataset/saxophone.png'
2357.9383 	EXP 	image_lure: image = 'Objects_Dataset/digital_piano_retouched.png'
2357.9383 	EXP 	image_scene_2AFC: autoDraw = True
2357.9383 	EXP 	image_target: autoDraw = True
2357.9383 	EXP 	image_lure: autoDraw = True
2359.8130 	DATA 	Keypress: down
2360.9126 	EXP 	New trial (rep=0, index=37): <Trial 37 (37 in rep 0) data={'Index': 42, 'Scene': 'Scenes_Dataset/hut_A.jpg', 'Scene_Size': (600, 384), 'Condition_Encode': 'Incongruent', 'Object_Encode': 'Objects_Dataset/sled_retouched.png', 'Object_Size': (450, 286), 'Condition_Old': 'old', 'Correct_Key_Old': 'left', 'Obj_Lure': 'Objects_Dataset/stapler.png', 'Lure_size': (250, 178), 'Target_pos': (300, 200), 'Lure_pos': (300, -200), 'Correct_key_AFC': 'up', 'jitter_ITI': 2.75, 'thisN': 37, 'thisTrialN': 37, 'thisRepN': 0}>
2360.9278 	EXP 	image_scene_2AFC: autoDraw = False
2360.9278 	EXP 	image_target: autoDraw = False
2360.9278 	EXP 	image_lure: autoDraw = False
2360.9278 	EXP 	image_blank: autoDraw = True
2363.1611 	EXP 	cross_25: autoDraw = True
2363.4115 	EXP 	cross_25: autoDraw = False
2363.6869 	INFO 	Keyboard events cleared
2363.6868 	EXP 	image_blank: autoDraw = False
2363.6868 	EXP 	cross_25: autoDraw = False
2363.6868 	EXP 	image_blank: autoDraw = False
2363.6868 	EXP 	image_scene_2AFC: image = 'Scenes_Dataset/hut_A.jpg'
2363.6868 	EXP 	image_target: image = 'Objects_Dataset/sled_retouched.png'
2363.6868 	EXP 	image_lure: image = 'Objects_Dataset/stapler.png'
2363.6868 	EXP 	image_scene_2AFC: autoDraw = True
2363.6868 	EXP 	image_target: autoDraw = True
2363.6868 	EXP 	image_lure: autoDraw = True
2366.0297 	DATA 	Keypress: down
2366.6792 	EXP 	New trial (rep=0, index=38): <Trial 38 (38 in rep 0) data={'Index': 3, 'Scene': 'Scenes_Dataset/car_interior_A.jpg', 'Scene_Size': (600, 389), 'Condition_Encode': 'Congruent', 'Object_Encode': 'Objects_Dataset/car_mat.png', 'Object_Size': (230, 258), 'Condition_Old': 'old', 'Correct_Key_Old': 'left', 'Obj_Lure': 'Objects_Dataset/car_key.png', 'Lure_size': (300, 125), 'Target_pos': (300, -200), 'Lure_pos': (300, 200), 'Correct_key_AFC': 'down', 'jitter_ITI': 2.1, 'thisN': 38, 'thisTrialN': 38, 'thisRepN': 0}>
2366.6948 	EXP 	image_scene_2AFC: autoDraw = False
2366.6948 	EXP 	image_target: autoDraw = False
2366.6948 	EXP 	image_lure: autoDraw = False
2366.6948 	EXP 	image_blank: autoDraw = True
2368.7947 	EXP 	image_blank: autoDraw = False
2368.9134 	EXP 	cross_25: autoDraw = True
2369.1874 	INFO 	Keyboard events cleared
2369.1873 	EXP 	cross_25: autoDraw = False
2369.1873 	EXP 	cross_25: autoDraw = False
2369.1873 	EXP 	image_blank: autoDraw = False
2369.1873 	EXP 	image_scene_2AFC: image = 'Scenes_Dataset/car_interior_A.jpg'
2369.1873 	EXP 	image_target: image = 'Objects_Dataset/car_mat.png'
2369.1873 	EXP 	image_lure: image = 'Objects_Dataset/car_key.png'
2369.1873 	EXP 	image_scene_2AFC: autoDraw = True
2369.1873 	EXP 	image_target: autoDraw = True
2369.1873 	EXP 	image_lure: autoDraw = True
2370.3143 	DATA 	Keypress: down
2372.1790 	EXP 	New trial (rep=0, index=39): <Trial 39 (39 in rep 0) data={'Index': 40, 'Scene': 'Scenes_Dataset/kindergarten_A.jpg', 'Scene_Size': (600, 338), 'Condition_Encode': 'Incongruent', 'Object_Encode': 'Objects_Dataset/payment_terminal.png', 'Object_Size': (285, 300), 'Condition_Old': 'old', 'Correct_Key_Old': 'left', 'Obj_Lure': 'Objects_Dataset/message_bottle.png', 'Lure_size': (284, 177), 'Target_pos': (300, 200), 'Lure_pos': (300, -200), 'Correct_key_AFC': 'up', 'jitter_ITI': 2.65, 'thisN': 39, 'thisTrialN': 39, 'thisRepN': 0}>
2372.1948 	EXP 	image_scene_2AFC: autoDraw = False
2372.1948 	EXP 	image_target: autoDraw = False
2372.1948 	EXP 	image_lure: autoDraw = False
2372.1948 	EXP 	image_blank: autoDraw = True
2374.4117 	EXP 	cross_25: autoDraw = True
2374.6616 	EXP 	cross_25: autoDraw = False
2374.8495 	INFO 	Keyboard events cleared
2374.8495 	EXP 	image_blank: autoDraw = False
2374.8495 	EXP 	cross_25: autoDraw = False
2374.8495 	EXP 	image_blank: autoDraw = False
2374.8495 	EXP 	image_scene_2AFC: image = 'Scenes_Dataset/kindergarten_A.jpg'
2374.8495 	EXP 	image_target: image = 'Objects_Dataset/payment_terminal.png'
2374.8495 	EXP 	image_lure: image = 'Objects_Dataset/message_bottle.png'
2374.8495 	EXP 	image_scene_2AFC: autoDraw = True
2374.8495 	EXP 	image_target: autoDraw = True
2374.8495 	EXP 	image_lure: autoDraw = True
2376.2980 	DATA 	Keypress: up
2377.8456 	EXP 	New trial (rep=0, index=40): <Trial 40 (40 in rep 0) data={'Index': 28, 'Scene': 'Scenes_Dataset/public_toilet_A.jpg', 'Scene_Size': (600, 375), 'Condition_Encode': 'Congruent', 'Object_Encode': 'Objects_Dataset/hands_dryer.png', 'Object_Size': (350, 267), 'Condition_Old': 'old', 'Correct_Key_Old': 'left', 'Obj_Lure': 'Objects_Dataset/paper_towel_dispenser.png', 'Lure_size': (300, 400), 'Target_pos': (300, -200), 'Lure_pos': (300, 200), 'Correct_key_AFC': 'down', 'jitter_ITI': 2.05, 'thisN': 40, 'thisTrialN': 40, 'thisRepN': 0}>
2377.8617 	EXP 	image_scene_2AFC: autoDraw = False
2377.8617 	EXP 	image_target: autoDraw = False
2377.8617 	EXP 	image_lure: autoDraw = False
2377.8617 	EXP 	image_blank: autoDraw = True
2379.9117 	EXP 	image_blank: autoDraw = False
2380.0949 	EXP 	cross_25: autoDraw = True
2380.3557 	INFO 	Keyboard events cleared
2380.3557 	EXP 	cross_25: autoDraw = False
2380.3557 	EXP 	cross_25: autoDraw = False
2380.3557 	EXP 	image_blank: autoDraw = False
2380.3557 	EXP 	image_scene_2AFC: image = 'Scenes_Dataset/public_toilet_A.jpg'
2380.3557 	EXP 	image_target: image = 'Objects_Dataset/hands_dryer.png'
2380.3557 	EXP 	image_lure: image = 'Objects_Dataset/paper_towel_dispenser.png'
2380.3557 	EXP 	image_scene_2AFC: autoDraw = True
2380.3557 	EXP 	image_target: autoDraw = True
2380.3557 	EXP 	image_lure: autoDraw = True
2382.4298 	DATA 	Keypress: down
2383.3460 	EXP 	New trial (rep=0, index=41): <Trial 41 (41 in rep 0) data={'Index': 22, 'Scene': 'Scenes_Dataset/cavern_A.jpg', 'Scene_Size': (600, 410), 'Condition_Encode': 'Congruent', 'Object_Encode': 'Objects_Dataset/canteen.png', 'Object_Size': (150, 250), 'Condition_Old': 'old', 'Correct_Key_Old': 'left', 'Obj_Lure': 'Objects_Dataset/hiking_boots.png', 'Lure_size': (300, 300), 'Target_pos': (300, -200), 'Lure_pos': (300, 200), 'Correct_key_AFC': 'down', 'jitter_ITI': 3.05, 'thisN': 41, 'thisTrialN': 41, 'thisRepN': 0}>
2383.3617 	EXP 	image_scene_2AFC: autoDraw = False
2383.3617 	EXP 	image_target: autoDraw = False
2383.3617 	EXP 	image_lure: autoDraw = False
2383.3617 	EXP 	image_blank: autoDraw = True
2385.5784 	EXP 	cross_25: autoDraw = True
2385.8283 	EXP 	cross_25: autoDraw = False
2386.4190 	INFO 	Keyboard events cleared
2386.4190 	EXP 	image_blank: autoDraw = False
2386.4190 	EXP 	cross_25: autoDraw = False
2386.4190 	EXP 	image_blank: autoDraw = False
2386.4190 	EXP 	image_scene_2AFC: image = 'Scenes_Dataset/cavern_A.jpg'
2386.4190 	EXP 	image_target: image = 'Objects_Dataset/canteen.png'
2386.4190 	EXP 	image_lure: image = 'Objects_Dataset/hiking_boots.png'
2386.4190 	EXP 	image_scene_2AFC: autoDraw = True
2386.4190 	EXP 	image_target: autoDraw = True
2386.4190 	EXP 	image_lure: autoDraw = True
2388.6799 	DATA 	Keypress: down
2389.4126 	EXP 	New trial (rep=0, index=42): <Trial 42 (42 in rep 0) data={'Index': 39, 'Scene': 'Scenes_Dataset/garage_A.jpg', 'Scene_Size': (600, 397), 'Condition_Encode': 'Incongruent', 'Object_Encode': 'Objects_Dataset/crown.png', 'Object_Size': (300, 249), 'Condition_Old': 'old', 'Correct_Key_Old': 'left', 'Obj_Lure': 'Objects_Dataset/oxygen_mask_retouched.png', 'Lure_size': (300, 300), 'Target_pos': (300, 200), 'Lure_pos': (300, -200), 'Correct_key_AFC': 'up', 'jitter_ITI': 2.6, 'thisN': 42, 'thisTrialN': 42, 'thisRepN': 0}>
2389.4285 	EXP 	image_scene_2AFC: autoDraw = False
2389.4285 	EXP 	image_target: autoDraw = False
2389.4285 	EXP 	image_lure: autoDraw = False
2389.4285 	EXP 	image_blank: autoDraw = True
2391.6454 	EXP 	cross_25: autoDraw = True
2391.8954 	EXP 	cross_25: autoDraw = False
2392.0376 	INFO 	Keyboard events cleared
2392.0376 	EXP 	image_blank: autoDraw = False
2392.0376 	EXP 	cross_25: autoDraw = False
2392.0376 	EXP 	image_blank: autoDraw = False
2392.0376 	EXP 	image_scene_2AFC: image = 'Scenes_Dataset/garage_A.jpg'
2392.0376 	EXP 	image_target: image = 'Objects_Dataset/crown.png'
2392.0376 	EXP 	image_lure: image = 'Objects_Dataset/oxygen_mask_retouched.png'
2392.0376 	EXP 	image_scene_2AFC: autoDraw = True
2392.0376 	EXP 	image_target: autoDraw = True
2392.0376 	EXP 	image_lure: autoDraw = True
2393.6967 	DATA 	Keypress: up
2395.0135 	EXP 	New trial (rep=0, index=43): <Trial 43 (43 in rep 0) data={'Index': 30, 'Scene': 'Scenes_Dataset/locker_room_B.jpg', 'Scene_Size': (600, 399), 'Condition_Encode': 'Congruent', 'Object_Encode': 'Objects_Dataset/locker.png', 'Object_Size': (264, 400), 'Condition_Old': 'old', 'Correct_Key_Old': 'left', 'Obj_Lure': 'Objects_Dataset/slippers.png', 'Lure_size': (280, 300), 'Target_pos': (300, -200), 'Lure_pos': (300, 200), 'Correct_key_AFC': 'down', 'jitter_ITI': 2.15, 'thisN': 43, 'thisTrialN': 43, 'thisRepN': 0}>
2395.0291 	EXP 	image_scene_2AFC: autoDraw = False
2395.0291 	EXP 	image_target: autoDraw = False
2395.0291 	EXP 	image_lure: autoDraw = False
2395.0291 	EXP 	image_blank: autoDraw = True
2397.1785 	EXP 	image_blank: autoDraw = False
2397.2632 	EXP 	cross_25: autoDraw = True
2397.5215 	INFO 	Keyboard events cleared
2397.5214 	EXP 	cross_25: autoDraw = False
2397.5214 	EXP 	cross_25: autoDraw = False
2397.5214 	EXP 	image_blank: autoDraw = False
2397.5214 	EXP 	image_scene_2AFC: image = 'Scenes_Dataset/locker_room_B.jpg'
2397.5214 	EXP 	image_target: image = 'Objects_Dataset/locker.png'
2397.5214 	EXP 	image_lure: image = 'Objects_Dataset/slippers.png'
2397.5214 	EXP 	image_scene_2AFC: autoDraw = True
2397.5214 	EXP 	image_target: autoDraw = True
2397.5214 	EXP 	image_lure: autoDraw = True
2399.2309 	DATA 	Keypress: down
2400.5128 	EXP 	New trial (rep=0, index=44): <Trial 44 (44 in rep 0) data={'Index': 18, 'Scene': 'Scenes_Dataset/soccer_stadium_B.jpg', 'Scene_Size': (600, 400), 'Condition_Encode': 'Congruent', 'Object_Encode': 'Objects_Dataset/football_boots.png', 'Object_Size': (300, 300), 'Condition_Old': 'old', 'Correct_Key_Old': 'left', 'Obj_Lure': 'Objects_Dataset/whistle.png', 'Lure_size': (200, 151), 'Target_pos': (300, -200), 'Lure_pos': (300, 200), 'Correct_key_AFC': 'down', 'jitter_ITI': 2.85, 'thisN': 44, 'thisTrialN': 44, 'thisRepN': 0}>
2400.5286 	EXP 	image_scene_2AFC: autoDraw = False
2400.5286 	EXP 	image_target: autoDraw = False
2400.5286 	EXP 	image_lure: autoDraw = False
2400.5286 	EXP 	image_blank: autoDraw = True
2402.7454 	EXP 	cross_25: autoDraw = True
2402.9953 	EXP 	cross_25: autoDraw = False
2403.3830 	INFO 	Keyboard events cleared
2403.3829 	EXP 	image_blank: autoDraw = False
2403.3829 	EXP 	cross_25: autoDraw = False
2403.3829 	EXP 	image_blank: autoDraw = False
2403.3829 	EXP 	image_scene_2AFC: image = 'Scenes_Dataset/soccer_stadium_B.jpg'
2403.3829 	EXP 	image_target: image = 'Objects_Dataset/football_boots.png'
2403.3829 	EXP 	image_lure: image = 'Objects_Dataset/whistle.png'
2403.3829 	EXP 	image_scene_2AFC: autoDraw = True
2403.3829 	EXP 	image_target: autoDraw = True
2403.3829 	EXP 	image_lure: autoDraw = True
2405.1473 	DATA 	Keypress: down
2406.3810 	EXP 	New trial (rep=0, index=45): <Trial 45 (45 in rep 0) data={'Index': 38, 'Scene': 'Scenes_Dataset/garden_A.jpg', 'Scene_Size': (600, 446), 'Condition_Encode': 'Incongruent', 'Object_Encode': 'Objects_Dataset/airplane_belt.png', 'Object_Size': (300, 249), 'Condition_Old': 'old', 'Correct_Key_Old': 'left', 'Obj_Lure': 'Objects_Dataset/saline_retouched.png', 'Lure_size': (300, 225), 'Target_pos': (300, 200), 'Lure_pos': (300, -200), 'Correct_key_AFC': 'up', 'jitter_ITI': 2.55, 'thisN': 45, 'thisTrialN': 45, 'thisRepN': 0}>
2406.3956 	EXP 	image_scene_2AFC: autoDraw = False
2406.3956 	EXP 	image_target: autoDraw = False
2406.3956 	EXP 	image_lure: autoDraw = False
2406.3956 	EXP 	image_blank: autoDraw = True
2408.6121 	EXP 	cross_25: autoDraw = True
2408.8622 	EXP 	cross_25: autoDraw = False
2408.9573 	INFO 	Keyboard events cleared
2408.9573 	EXP 	image_blank: autoDraw = False
2408.9573 	EXP 	cross_25: autoDraw = False
2408.9573 	EXP 	image_blank: autoDraw = False
2408.9573 	EXP 	image_scene_2AFC: image = 'Scenes_Dataset/garden_A.jpg'
2408.9573 	EXP 	image_target: image = 'Objects_Dataset/airplane_belt.png'
2408.9573 	EXP 	image_lure: image = 'Objects_Dataset/saline_retouched.png'
2408.9573 	EXP 	image_scene_2AFC: autoDraw = True
2408.9573 	EXP 	image_target: autoDraw = True
2408.9573 	EXP 	image_lure: autoDraw = True
2410.7135 	DATA 	Keypress: up
2411.9460 	EXP 	New trial (rep=0, index=46): <Trial 46 (46 in rep 0) data={'Index': 58, 'Scene': 'Scenes_Dataset/museum_A.jpg', 'Scene_Size': (600, 337), 'Condition_Encode': 'Incongruent', 'Object_Encode': 'Objects_Dataset/bikini.png', 'Object_Size': (350, 350), 'Condition_Old': 'old', 'Correct_Key_Old': 'left', 'Obj_Lure': 'Objects_Dataset/clothesline_retouched_2.png', 'Lure_size': (350, 231), 'Target_pos': (300, 200), 'Lure_pos': (300, -200), 'Correct_key_AFC': 'up', 'jitter_ITI': 2.25, 'thisN': 46, 'thisTrialN': 46, 'thisRepN': 0}>
2411.9618 	EXP 	image_scene_2AFC: autoDraw = False
2411.9618 	EXP 	image_target: autoDraw = False
2411.9618 	EXP 	image_lure: autoDraw = False
2411.9618 	EXP 	image_blank: autoDraw = True
2414.1970 	EXP 	cross_25: autoDraw = True
2414.2123 	EXP 	image_blank: autoDraw = False
2414.4756 	INFO 	Keyboard events cleared
2414.4756 	EXP 	cross_25: autoDraw = False
2414.4756 	EXP 	cross_25: autoDraw = False
2414.4756 	EXP 	image_blank: autoDraw = False
2414.4756 	EXP 	image_scene_2AFC: image = 'Scenes_Dataset/museum_A.jpg'
2414.4756 	EXP 	image_target: image = 'Objects_Dataset/bikini.png'
2414.4756 	EXP 	image_lure: image = 'Objects_Dataset/clothesline_retouched_2.png'
2414.4756 	EXP 	image_scene_2AFC: autoDraw = True
2414.4756 	EXP 	image_target: autoDraw = True
2414.4756 	EXP 	image_lure: autoDraw = True
2416.2974 	DATA 	Keypress: up
2417.4628 	EXP 	New trial (rep=0, index=47): <Trial 47 (47 in rep 0) data={'Index': 49, 'Scene': 'Scenes_Dataset/restaurant_A.jpg', 'Scene_Size': (600, 400), 'Condition_Encode': 'Incongruent', 'Object_Encode': 'Objects_Dataset/comb.png', 'Object_Size': (250, 250), 'Condition_Old': 'old', 'Correct_Key_Old': 'left', 'Obj_Lure': 'Objects_Dataset/football_boots.png', 'Lure_size': (300, 300), 'Target_pos': (300, 200), 'Lure_pos': (300, -200), 'Correct_key_AFC': 'up', 'jitter_ITI': 3.1, 'thisN': 47, 'thisTrialN': 47, 'thisRepN': 0}>
2417.4786 	EXP 	image_scene_2AFC: autoDraw = False
2417.4786 	EXP 	image_target: autoDraw = False
2417.4786 	EXP 	image_lure: autoDraw = False
2417.4786 	EXP 	image_blank: autoDraw = True
2419.6955 	EXP 	cross_25: autoDraw = True
2419.9457 	EXP 	cross_25: autoDraw = False
2420.5855 	INFO 	Keyboard events cleared
2420.5854 	EXP 	image_blank: autoDraw = False
2420.5854 	EXP 	cross_25: autoDraw = False
2420.5854 	EXP 	image_blank: autoDraw = False
2420.5854 	EXP 	image_scene_2AFC: image = 'Scenes_Dataset/restaurant_A.jpg'
2420.5854 	EXP 	image_target: image = 'Objects_Dataset/comb.png'
2420.5854 	EXP 	image_lure: image = 'Objects_Dataset/football_boots.png'
2420.5854 	EXP 	image_scene_2AFC: autoDraw = True
2420.5854 	EXP 	image_target: autoDraw = True
2420.5854 	EXP 	image_lure: autoDraw = True
2423.2809 	DATA 	Keypress: up
2423.5796 	EXP 	New trial (rep=0, index=48): <Trial 48 (48 in rep 0) data={'Index': 36, 'Scene': 'Scenes_Dataset/stable_A.jpg', 'Scene_Size': (600, 450), 'Condition_Encode': 'Incongruent', 'Object_Encode': 'Objects_Dataset/remote_control.png', 'Object_Size': (300, 293), 'Condition_Old': 'old', 'Correct_Key_Old': 'left', 'Obj_Lure': 'Objects_Dataset/sword_retouched.png', 'Lure_size': (300, 300), 'Target_pos': (300, 200), 'Lure_pos': (300, -200), 'Correct_key_AFC': 'up', 'jitter_ITI': 2.45, 'thisN': 48, 'thisTrialN': 48, 'thisRepN': 0}>
2423.5954 	EXP 	image_scene_2AFC: autoDraw = False
2423.5954 	EXP 	image_target: autoDraw = False
2423.5954 	EXP 	image_lure: autoDraw = False
2423.5954 	EXP 	image_blank: autoDraw = True
2425.8123 	EXP 	cross_25: autoDraw = True
2426.0457 	EXP 	image_blank: autoDraw = False
2426.0720 	INFO 	Keyboard events cleared
2426.0719 	EXP 	cross_25: autoDraw = False
2426.0719 	EXP 	cross_25: autoDraw = False
2426.0719 	EXP 	image_blank: autoDraw = False
2426.0719 	EXP 	image_scene_2AFC: image = 'Scenes_Dataset/stable_A.jpg'
2426.0719 	EXP 	image_target: image = 'Objects_Dataset/remote_control.png'
2426.0719 	EXP 	image_lure: image = 'Objects_Dataset/sword_retouched.png'
2426.0719 	EXP 	image_scene_2AFC: autoDraw = True
2426.0719 	EXP 	image_target: autoDraw = True
2426.0719 	EXP 	image_lure: autoDraw = True
2428.7645 	DATA 	Keypress: up
2429.0631 	EXP 	New trial (rep=0, index=49): <Trial 49 (49 in rep 0) data={'Index': 13, 'Scene': 'Scenes_Dataset/circus_A.jpg', 'Scene_Size': (600, 421), 'Condition_Encode': 'Congruent', 'Object_Encode': 'Objects_Dataset/unicycle_retouched.png', 'Object_Size': (159, 300), 'Condition_Old': 'old', 'Correct_Key_Old': 'left', 'Obj_Lure': 'Objects_Dataset/juggling_balls_retouched.png', 'Lure_size': (350, 197), 'Target_pos': (300, -200), 'Lure_pos': (300, 200), 'Correct_key_AFC': 'down', 'jitter_ITI': 2.6, 'thisN': 49, 'thisTrialN': 49, 'thisRepN': 0}>
2429.0789 	EXP 	image_scene_2AFC: autoDraw = False
2429.0789 	EXP 	image_target: autoDraw = False
2429.0789 	EXP 	image_lure: autoDraw = False
2429.0789 	EXP 	image_blank: autoDraw = True
2431.2959 	EXP 	cross_25: autoDraw = True
2431.5456 	EXP 	cross_25: autoDraw = False
2431.6883 	INFO 	Keyboard events cleared
2431.6882 	EXP 	image_blank: autoDraw = False
2431.6882 	EXP 	cross_25: autoDraw = False
2431.6882 	EXP 	image_blank: autoDraw = False
2431.6882 	EXP 	image_scene_2AFC: image = 'Scenes_Dataset/circus_A.jpg'
2431.6882 	EXP 	image_target: image = 'Objects_Dataset/unicycle_retouched.png'
2431.6882 	EXP 	image_lure: image = 'Objects_Dataset/juggling_balls_retouched.png'
2431.6882 	EXP 	image_scene_2AFC: autoDraw = True
2431.6882 	EXP 	image_target: autoDraw = True
2431.6882 	EXP 	image_lure: autoDraw = True
2433.7807 	DATA 	Keypress: down
2434.6639 	EXP 	New trial (rep=0, index=50): <Trial 50 (50 in rep 0) data={'Index': 37, 'Scene': 'Scenes_Dataset/vault_A.jpg', 'Scene_Size': (600, 398), 'Condition_Encode': 'Incongruent', 'Object_Encode': 'Objects_Dataset/fan.png', 'Object_Size': (350, 350), 'Condition_Old': 'old', 'Correct_Key_Old': 'left', 'Obj_Lure': 'Objects_Dataset/cactus.png', 'Lure_size': (300, 248), 'Target_pos': (300, 200), 'Lure_pos': (300, -200), 'Correct_key_AFC': 'up', 'jitter_ITI': 2.5, 'thisN': 50, 'thisTrialN': 50, 'thisRepN': 0}>
2434.6790 	EXP 	image_scene_2AFC: autoDraw = False
2434.6790 	EXP 	image_target: autoDraw = False
2434.6790 	EXP 	image_lure: autoDraw = False
2434.6790 	EXP 	image_blank: autoDraw = True
2436.9123 	EXP 	cross_25: autoDraw = True
2437.1624 	EXP 	cross_25: autoDraw = False
2437.1874 	INFO 	Keyboard events cleared
2437.1874 	EXP 	image_blank: autoDraw = False
2437.1874 	EXP 	cross_25: autoDraw = False
2437.1874 	EXP 	image_blank: autoDraw = False
2437.1874 	EXP 	image_scene_2AFC: image = 'Scenes_Dataset/vault_A.jpg'
2437.1874 	EXP 	image_target: image = 'Objects_Dataset/fan.png'
2437.1874 	EXP 	image_lure: image = 'Objects_Dataset/cactus.png'
2437.1874 	EXP 	image_scene_2AFC: autoDraw = True
2437.1874 	EXP 	image_target: autoDraw = True
2437.1874 	EXP 	image_lure: autoDraw = True
2438.5494 	DATA 	Keypress: up
2440.1802 	EXP 	New trial (rep=0, index=51): <Trial 51 (51 in rep 0) data={'Index': 4, 'Scene': 'Scenes_Dataset/pastry_shop_A.jpg', 'Scene_Size': (600, 400), 'Condition_Encode': 'Congruent', 'Object_Encode': 'Objects_Dataset/cake_holder.png', 'Object_Size': (300, 209), 'Condition_Old': 'old', 'Correct_Key_Old': 'left', 'Obj_Lure': 'Objects_Dataset/cake_tongs_retouched.png', 'Lure_size': (300, 75), 'Target_pos': (300, -200), 'Lure_pos': (300, 200), 'Correct_key_AFC': 'down', 'jitter_ITI': 2.15, 'thisN': 51, 'thisTrialN': 51, 'thisRepN': 0}>
2440.1959 	EXP 	image_scene_2AFC: autoDraw = False
2440.1959 	EXP 	image_target: autoDraw = False
2440.1959 	EXP 	image_lure: autoDraw = False
2440.1959 	EXP 	image_blank: autoDraw = True
2442.3457 	EXP 	image_blank: autoDraw = False
2442.4124 	EXP 	cross_25: autoDraw = True
2442.6638 	INFO 	Keyboard events cleared
2442.6638 	EXP 	cross_25: autoDraw = False
2442.6638 	EXP 	cross_25: autoDraw = False
2442.6638 	EXP 	image_blank: autoDraw = False
2442.6638 	EXP 	image_scene_2AFC: image = 'Scenes_Dataset/pastry_shop_A.jpg'
2442.6638 	EXP 	image_target: image = 'Objects_Dataset/cake_holder.png'
2442.6638 	EXP 	image_lure: image = 'Objects_Dataset/cake_tongs_retouched.png'
2442.6638 	EXP 	image_scene_2AFC: autoDraw = True
2442.6638 	EXP 	image_target: autoDraw = True
2442.6638 	EXP 	image_lure: autoDraw = True
2444.0637 	DATA 	Keypress: down
2445.6632 	EXP 	New trial (rep=0, index=52): <Trial 52 (52 in rep 0) data={'Index': 24, 'Scene': 'Scenes_Dataset/marina_A.jpg', 'Scene_Size': (600, 450), 'Condition_Encode': 'Congruent', 'Object_Encode': 'Objects_Dataset/sailor_hat.png', 'Object_Size': (300, 250), 'Condition_Old': 'old', 'Correct_Key_Old': 'left', 'Obj_Lure': 'Objects_Dataset/rope.png', 'Lure_size': (300, 248), 'Target_pos': (300, -200), 'Lure_pos': (300, 200), 'Correct_key_AFC': 'down', 'jitter_ITI': 3.15, 'thisN': 52, 'thisTrialN': 52, 'thisRepN': 0}>
2445.6790 	EXP 	image_scene_2AFC: autoDraw = False
2445.6790 	EXP 	image_target: autoDraw = False
2445.6790 	EXP 	image_lure: autoDraw = False
2445.6790 	EXP 	image_blank: autoDraw = True
2447.9124 	EXP 	cross_25: autoDraw = True
2448.1635 	EXP 	cross_25: autoDraw = False
2448.8365 	INFO 	Keyboard events cleared
2448.8365 	EXP 	image_blank: autoDraw = False
2448.8365 	EXP 	cross_25: autoDraw = False
2448.8365 	EXP 	image_blank: autoDraw = False
2448.8365 	EXP 	image_scene_2AFC: image = 'Scenes_Dataset/marina_A.jpg'
2448.8365 	EXP 	image_target: image = 'Objects_Dataset/sailor_hat.png'
2448.8365 	EXP 	image_lure: image = 'Objects_Dataset/rope.png'
2448.8365 	EXP 	image_scene_2AFC: autoDraw = True
2448.8365 	EXP 	image_target: autoDraw = True
2448.8365 	EXP 	image_lure: autoDraw = True
2450.5309 	DATA 	Keypress: down
2451.8301 	EXP 	New trial (rep=0, index=53): <Trial 53 (53 in rep 0) data={'Index': 15, 'Scene': 'Scenes_Dataset/river_A.jpg', 'Scene_Size': (600, 450), 'Condition_Encode': 'Congruent', 'Object_Encode': 'Objects_Dataset/kayak.png', 'Object_Size': (450, 338), 'Condition_Old': 'old', 'Correct_Key_Old': 'left', 'Obj_Lure': 'Objects_Dataset/paddle.png', 'Lure_size': (300, 299), 'Target_pos': (300, -200), 'Lure_pos': (300, 200), 'Correct_key_AFC': 'down', 'jitter_ITI': 2.7, 'thisN': 53, 'thisTrialN': 53, 'thisRepN': 0}>
2451.8459 	EXP 	image_scene_2AFC: autoDraw = False
2451.8459 	EXP 	image_target: autoDraw = False
2451.8459 	EXP 	image_lure: autoDraw = False
2451.8459 	EXP 	image_blank: autoDraw = True
2454.0632 	EXP 	cross_25: autoDraw = True
2454.3127 	EXP 	cross_25: autoDraw = False
2454.5606 	INFO 	Keyboard events cleared
2454.5606 	EXP 	image_blank: autoDraw = False
2454.5606 	EXP 	cross_25: autoDraw = False
2454.5606 	EXP 	image_blank: autoDraw = False
2454.5606 	EXP 	image_scene_2AFC: image = 'Scenes_Dataset/river_A.jpg'
2454.5606 	EXP 	image_target: image = 'Objects_Dataset/kayak.png'
2454.5606 	EXP 	image_lure: image = 'Objects_Dataset/paddle.png'
2454.5606 	EXP 	image_scene_2AFC: autoDraw = True
2454.5606 	EXP 	image_target: autoDraw = True
2454.5606 	EXP 	image_lure: autoDraw = True
2455.5823 	DATA 	Keypress: down
2457.5473 	EXP 	New trial (rep=0, index=54): <Trial 54 (54 in rep 0) data={'Index': 29, 'Scene': 'Scenes_Dataset/pool_B.jpg', 'Scene_Size': (600, 450), 'Condition_Encode': 'Congruent', 'Object_Encode': 'Objects_Dataset/slippers.png', 'Object_Size': (280, 300), 'Condition_Old': 'old', 'Correct_Key_Old': 'left', 'Obj_Lure': 'Objects_Dataset/bikini.png', 'Lure_size': (350, 350), 'Target_pos': (300, -200), 'Lure_pos': (300, 200), 'Correct_key_AFC': 'down', 'jitter_ITI': 2.1, 'thisN': 54, 'thisTrialN': 54, 'thisRepN': 0}>
2457.5627 	EXP 	image_scene_2AFC: autoDraw = False
2457.5627 	EXP 	image_target: autoDraw = False
2457.5627 	EXP 	image_lure: autoDraw = False
2457.5627 	EXP 	image_blank: autoDraw = True
2459.6627 	EXP 	image_blank: autoDraw = False
2459.7794 	EXP 	cross_25: autoDraw = True
2460.0335 	INFO 	Keyboard events cleared
2460.0334 	EXP 	cross_25: autoDraw = False
2460.0334 	EXP 	cross_25: autoDraw = False
2460.0334 	EXP 	image_blank: autoDraw = False
2460.0334 	EXP 	image_scene_2AFC: image = 'Scenes_Dataset/pool_B.jpg'
2460.0334 	EXP 	image_target: image = 'Objects_Dataset/slippers.png'
2460.0334 	EXP 	image_lure: image = 'Objects_Dataset/bikini.png'
2460.0334 	EXP 	image_scene_2AFC: autoDraw = True
2460.0334 	EXP 	image_target: autoDraw = True
2460.0334 	EXP 	image_lure: autoDraw = True
2460.9311 	DATA 	Keypress: down
2463.0301 	EXP 	New trial (rep=0, index=55): <Trial 55 (55 in rep 0) data={'Index': 54, 'Scene': 'Scenes_Dataset/campsite_A.jpg', 'Scene_Size': (600, 402), 'Condition_Encode': 'Incongruent', 'Object_Encode': 'Objects_Dataset/door_mat.png', 'Object_Size': (300, 300), 'Condition_Old': 'old', 'Correct_Key_Old': 'left', 'Obj_Lure': 'Objects_Dataset/remote_control.png', 'Lure_size': (300, 293), 'Target_pos': (300, 200), 'Lure_pos': (300, -200), 'Correct_key_AFC': 'up', 'jitter_ITI': 2.05, 'thisN': 55, 'thisTrialN': 55, 'thisRepN': 0}>
2463.0461 	EXP 	image_scene_2AFC: autoDraw = False
2463.0461 	EXP 	image_target: autoDraw = False
2463.0461 	EXP 	image_lure: autoDraw = False
2463.0461 	EXP 	image_blank: autoDraw = True
2465.0968 	EXP 	image_blank: autoDraw = False
2465.2628 	EXP 	cross_25: autoDraw = True
2465.5194 	INFO 	Keyboard events cleared
2465.5194 	EXP 	cross_25: autoDraw = False
2465.5194 	EXP 	cross_25: autoDraw = False
2465.5194 	EXP 	image_blank: autoDraw = False
2465.5194 	EXP 	image_scene_2AFC: image = 'Scenes_Dataset/campsite_A.jpg'
2465.5194 	EXP 	image_target: image = 'Objects_Dataset/door_mat.png'
2465.5194 	EXP 	image_lure: image = 'Objects_Dataset/remote_control.png'
2465.5194 	EXP 	image_scene_2AFC: autoDraw = True
2465.5194 	EXP 	image_target: autoDraw = True
2465.5194 	EXP 	image_lure: autoDraw = True
2467.0813 	DATA 	Keypress: up
2468.5138 	EXP 	New trial (rep=0, index=56): <Trial 56 (56 in rep 0) data={'Index': 11, 'Scene': 'Scenes_Dataset/airplane_interior_A.jpg', 'Scene_Size': (600, 480), 'Condition_Encode': 'Congruent', 'Object_Encode': 'Objects_Dataset/oxygen_mask_retouched.png', 'Object_Size': (300, 300), 'Condition_Old': 'old', 'Correct_Key_Old': 'left', 'Obj_Lure': 'Objects_Dataset/airplane_belt.png', 'Lure_size': (300, 249), 'Target_pos': (300, -200), 'Lure_pos': (300, 200), 'Correct_key_AFC': 'down', 'jitter_ITI': 2.5, 'thisN': 56, 'thisTrialN': 56, 'thisRepN': 0}>
2468.5295 	EXP 	image_scene_2AFC: autoDraw = False
2468.5295 	EXP 	image_target: autoDraw = False
2468.5295 	EXP 	image_lure: autoDraw = False
2468.5295 	EXP 	image_blank: autoDraw = True
2470.7462 	EXP 	cross_25: autoDraw = True
2470.9964 	EXP 	cross_25: autoDraw = False
2471.0424 	INFO 	Keyboard events cleared
2471.0423 	EXP 	image_blank: autoDraw = False
2471.0423 	EXP 	cross_25: autoDraw = False
2471.0423 	EXP 	image_blank: autoDraw = False
2471.0423 	EXP 	image_scene_2AFC: image = 'Scenes_Dataset/airplane_interior_A.jpg'
2471.0423 	EXP 	image_target: image = 'Objects_Dataset/oxygen_mask_retouched.png'
2471.0423 	EXP 	image_lure: image = 'Objects_Dataset/airplane_belt.png'
2471.0423 	EXP 	image_scene_2AFC: autoDraw = True
2471.0423 	EXP 	image_target: autoDraw = True
2471.0423 	EXP 	image_lure: autoDraw = True
2471.8811 	DATA 	Keypress: down
2474.0161 	EXP 	New trial (rep=0, index=57): <Trial 57 (57 in rep 0) data={'Index': 41, 'Scene': 'Scenes_Dataset/attic_A.jpg', 'Scene_Size': (600, 400), 'Condition_Encode': 'Incongruent', 'Object_Encode': 'Objects_Dataset/ticket_machine.png', 'Object_Size': (200, 300), 'Condition_Old': 'old', 'Correct_Key_Old': 'left', 'Obj_Lure': 'Objects_Dataset/cake_holder.png', 'Lure_size': (300, 209), 'Target_pos': (300, 200), 'Lure_pos': (300, -200), 'Correct_key_AFC': 'up', 'jitter_ITI': 2.7, 'thisN': 57, 'thisTrialN': 57, 'thisRepN': 0}>
2474.0295 	EXP 	image_scene_2AFC: autoDraw = False
2474.0295 	EXP 	image_target: autoDraw = False
2474.0295 	EXP 	image_lure: autoDraw = False
2474.0295 	EXP 	image_blank: autoDraw = True
2476.2629 	EXP 	cross_25: autoDraw = True
2476.5149 	EXP 	cross_25: autoDraw = False
2476.7431 	INFO 	Keyboard events cleared
2476.7430 	EXP 	image_blank: autoDraw = False
2476.7430 	EXP 	cross_25: autoDraw = False
2476.7430 	EXP 	image_blank: autoDraw = False
2476.7430 	EXP 	image_scene_2AFC: image = 'Scenes_Dataset/attic_A.jpg'
2476.7430 	EXP 	image_target: image = 'Objects_Dataset/ticket_machine.png'
2476.7430 	EXP 	image_lure: image = 'Objects_Dataset/cake_holder.png'
2476.7430 	EXP 	image_scene_2AFC: autoDraw = True
2476.7430 	EXP 	image_target: autoDraw = True
2476.7430 	EXP 	image_lure: autoDraw = True
2478.9480 	DATA 	Keypress: up
2479.7305 	EXP 	New trial (rep=0, index=58): <Trial 58 (58 in rep 0) data={'Index': 52, 'Scene': 'Scenes_Dataset/parking_lot_A.jpg', 'Scene_Size': (600, 397), 'Condition_Encode': 'Incongruent', 'Object_Encode': 'Objects_Dataset/digital_piano_retouched.png', 'Object_Size': (350, 350), 'Condition_Old': 'old', 'Correct_Key_Old': 'left', 'Obj_Lure': 'Objects_Dataset/toothbrush.png', 'Lure_size': (300, 215), 'Target_pos': (300, 200), 'Lure_pos': (300, -200), 'Correct_key_AFC': 'up', 'jitter_ITI': 3.25, 'thisN': 58, 'thisTrialN': 58, 'thisRepN': 0}>
2479.7465 	EXP 	image_scene_2AFC: autoDraw = False
2479.7465 	EXP 	image_target: autoDraw = False
2479.7465 	EXP 	image_lure: autoDraw = False
2479.7465 	EXP 	image_blank: autoDraw = True
2481.9632 	EXP 	cross_25: autoDraw = True
2482.2131 	EXP 	cross_25: autoDraw = False
2483.0067 	INFO 	Keyboard events cleared
2483.0066 	EXP 	image_blank: autoDraw = False
2483.0066 	EXP 	cross_25: autoDraw = False
2483.0066 	EXP 	image_blank: autoDraw = False
2483.0066 	EXP 	image_scene_2AFC: image = 'Scenes_Dataset/parking_lot_A.jpg'
2483.0066 	EXP 	image_target: image = 'Objects_Dataset/digital_piano_retouched.png'
2483.0066 	EXP 	image_lure: image = 'Objects_Dataset/toothbrush.png'
2483.0066 	EXP 	image_scene_2AFC: autoDraw = True
2483.0066 	EXP 	image_target: autoDraw = True
2483.0066 	EXP 	image_lure: autoDraw = True
2485.1478 	DATA 	Keypress: up
2485.9971 	EXP 	New trial (rep=0, index=59): <Trial 59 (59 in rep 0) data={'Index': 53, 'Scene': 'Scenes_Dataset/operating_room_A.jpg', 'Scene_Size': (600, 416), 'Condition_Encode': 'Incongruent', 'Object_Encode': 'Objects_Dataset/rope.png', 'Object_Size': (300, 248), 'Condition_Old': 'old', 'Correct_Key_Old': 'left', 'Obj_Lure': 'Objects_Dataset/scooter_retouched.png', 'Lure_size': (311, 350), 'Target_pos': (300, 200), 'Lure_pos': (300, -200), 'Correct_key_AFC': 'up', 'jitter_ITI': 2, 'thisN': 59, 'thisTrialN': 59, 'thisRepN': 0}>
2486.0131 	EXP 	image_scene_2AFC: autoDraw = False
2486.0131 	EXP 	image_target: autoDraw = False
2486.0131 	EXP 	image_lure: autoDraw = False
2486.0131 	EXP 	image_blank: autoDraw = True
2488.0133 	EXP 	image_blank: autoDraw = False
2488.2304 	EXP 	cross_25: autoDraw = True
2488.4872 	INFO 	Keyboard events cleared
2488.4871 	EXP 	cross_25: autoDraw = False
2488.4871 	EXP 	cross_25: autoDraw = False
2488.4871 	EXP 	image_blank: autoDraw = False
2488.4871 	EXP 	image_scene_2AFC: image = 'Scenes_Dataset/operating_room_A.jpg'
2488.4871 	EXP 	image_target: image = 'Objects_Dataset/rope.png'
2488.4871 	EXP 	image_lure: image = 'Objects_Dataset/scooter_retouched.png'
2488.4871 	EXP 	image_scene_2AFC: autoDraw = True
2488.4871 	EXP 	image_target: autoDraw = True
2488.4871 	EXP 	image_lure: autoDraw = True
2490.5147 	DATA 	Keypress: up
2491.4965 	EXP 	image_scene_2AFC: autoDraw = False
2491.4965 	EXP 	image_target: autoDraw = False
2491.4965 	EXP 	image_lure: autoDraw = False
2491.4965 	EXP 	text_end: autoDraw = True
2501.4801 	EXP 	text_end: autoDraw = False
2501.4802 	EXP 	SEED: status = STOPPED
2501.5300 	INFO 	saved data to 'C:\\Users\\IBEB\\Documents\\GitHub\\SEED\\data/LP2804_SEED_2026-04-28_11h04.03.029.csv'
2501.5317 	INFO 	saved data to C:\Users\IBEB\Documents\GitHub\SEED\data/LP2804_SEED_2026-04-28_11h04.03.029.psydat
2501.5553 	WARNING 	Stopping key buffers but this could be dangerous ifother keyboards rely on the same.
2501.5573 	WARNING 	Stopping key buffers but this could be dangerous ifother keyboards rely on the same.
2501.5573 	WARNING 	Stopping key buffers but this could be dangerous ifother keyboards rely on the same.
2501.5573 	WARNING 	Stopping key buffers but this could be dangerous ifother keyboards rely on the same.
2501.5573 	WARNING 	Stopping key buffers but this could be dangerous ifother keyboards rely on the same.
2501.5573 	WARNING 	Stopping key buffers but this could be dangerous ifother keyboards rely on the same.
2501.5573 	WARNING 	Stopping key buffers but this could be dangerous ifother keyboards rely on the same.
2501.5573 	WARNING 	Stopping key buffers but this could be dangerous ifother keyboards rely on the same.
2501.5573 	WARNING 	Stopping key buffers but this could be dangerous ifother keyboards rely on the same.
2501.5573 	WARNING 	Stopping key buffers but this could be dangerous ifother keyboards rely on the same.
2501.5573 	WARNING 	Stopping key buffers but this could be dangerous ifother keyboards rely on the same.
2501.5573 	WARNING 	Stopping key buffers but this could be dangerous ifother keyboards rely on the same.
2501.5573 	WARNING 	Stopping key buffers but this could be dangerous ifother keyboards rely on the same.
2501.5573 	WARNING 	Stopping key buffers but this could be dangerous ifother keyboards rely on the same.
2501.5573 	WARNING 	Stopping key buffers but this could be dangerous ifother keyboards rely on the same.
2501.5573 	WARNING 	Stopping key buffers but this could be dangerous ifother keyboards rely on the same.
2501.5573 	WARNING 	Stopping key buffers but this could be dangerous ifother keyboards rely on the same.
2501.5573 	WARNING 	Stopping key buffers but this could be dangerous ifother keyboards rely on the same.
2501.5573 	WARNING 	Stopping key buffers but this could be dangerous ifother keyboards rely on the same.
