Index,ex_scene_encode,ex_scene_size,ex_object_encode,ex_object_size,ex_target_pos,ex_condition_encode,ex_lure,ex_lure_size,ex_lure_pos,ex_new,ex_new_scene_size,jitter_ITI,thisN,thisTrialN,thisRepN,slider_example.response,slider_example.rt,key_ex_rate.keys,key_ex_rate.rt,key_ex_rate.duration,Scene,Scene_Size,Condition_Encode,Object_Encode,Object_Size,Condition_Old,Correct_Key_Old,Obj_Lure,Lure_size,Target_pos,Lure_pos,Correct_key_AFC,slider_cong.response,slider_cong.rt,key_rate.keys,key_rate.rt,key_rate.duration,ex_scene_old_new,scene_size,condition_encode,key_ex_old.keys,key_ex_old.rt,key_ex_old.duration,key_item.keys,key_item.corr,key_item.rt,key_item.duration,key_ex_2AFC.keys,key_ex_2AFC.rt,key_ex_2AFC.duration,key_2AFC.keys,key_2AFC.corr,key_2AFC.rt,key_2AFC.duration,exemplo_PAL.thisRepN,exemplo_PAL.thisTrialN,exemplo_PAL.thisN,exemplo_PAL.thisIndex,trial_encode.thisRepN,trial_encode.thisTrialN,trial_encode.thisN,trial_encode.thisIndex,trial_ex_old.thisRepN,trial_ex_old.thisTrialN,trial_ex_old.thisN,trial_ex_old.thisIndex,trial_item.thisRepN,trial_item.thisTrialN,trial_item.thisN,trial_item.thisIndex,trial_ex_2AFC.thisRepN,trial_ex_2AFC.thisTrialN,trial_ex_2AFC.thisN,trial_ex_2AFC.thisIndex,trial_asso.thisRepN,trial_asso.thisTrialN,trial_asso.thisN,trial_asso.thisIndex,thisRow.t,notes,Welcome.started,text_hi.started,key_welcome.started,Welcome.stopped,Explanation_PAL.started,text_Explain_PAL.started,key_explain_PAL.started,Explanation_PAL.stopped,Explain_Rating.started,text_explain_rate.started,key_explain_rate.started,Explain_Rating.stopped,blank.started,image_blank.started,cross_25.started,cross_25.stopped,image_blank.stopped,blank.stopped,Example_PAL.started,image_ex_scene.started,image_ex_object.started,slider_example.started,text_example.started,key_ex_rate.started,slider_example.stopped,text_example.stopped,key_ex_rate.stopped,Example_PAL.stopped,exemplo_PAL.slider_example.response,exemplo_PAL.slider_example.rt,exemplo_PAL.key_ex_rate.keys,exemplo_PAL.key_ex_rate.rt,exemplo_PAL.key_ex_rate.duration,Start_PAL.started,text_end_ex.started,text_start_PAL.started,key_start_PAL.started,text_end_ex.stopped,Start_PAL.stopped,key_start_PAL.keys,key_start_PAL.rt,key_start_PAL.duration,Encode.started,image_scene_encode.started,image_object_encode.started,text_rating.started,slider_cong.started,key_rate.started,text_rating.stopped,slider_cong.stopped,key_rate.stopped,Encode.stopped,trial_encode.slider_cong.response,trial_encode.slider_cong.rt,trial_encode.key_rate.keys,trial_encode.key_rate.rt,trial_encode.key_rate.duration,image_scene_encode.stopped,image_object_encode.stopped,Pause_1.started,text_pausa1.started,Pause_1.stopped,n_trials_total,n_go,n_nogo,hits,misses,correct_rejections,false_alarms,go_accuracy_percent,nogo_accuracy_percent,mean_rt_go_correct,Go_Nogo_task.started,Go_Nogo_task.stopped,Cog_Oral.started,text_endGo.started,text_call.started,text_endGo.stopped,key_end_cog.started,text_call.stopped,Cog_Oral.stopped,key_end_cog.keys,key_end_cog.rt,key_end_cog.duration,Retomar.started,text_retomar.started,key_resp.started,Retomar.stopped,key_resp.keys,key_resp.rt,key_resp.duration,Explanation_Recall.started,text_explain_recall.started,key_continue.started,Explanation_Recall.stopped,Explain_Old_New.started,text_explain_old_new.started,key_explain_old.started,Explain_Old_New.stopped,key_explain_old.keys,key_explain_old.rt,key_explain_old.duration,Exemplo_old.started,image_exemplo_old_new.started,key_ex_old.started,text_ex_old.started,image_exemplo_old_new.stopped,key_ex_old.stopped,text_ex_old.stopped,Exemplo_old.stopped,trial_ex_old.key_ex_old.keys,trial_ex_old.key_ex_old.rt,trial_ex_old.key_ex_old.duration,Start_Recall.started,text_start_recall.started,key_start_recall.started,Start_Recall.stopped,key_start_recall.keys,key_start_recall.rt,key_start_recall.duration,Old_New_Task.started,image_old_new.started,key_item.started,text_item.started,image_old_new.stopped,key_item.stopped,text_item.stopped,Old_New_Task.stopped,trial_item.key_item.keys,trial_item.key_item.corr,trial_item.key_item.rt,trial_item.key_item.duration,End_Old_New.started,text_end_item.started,key_resp_2.started,End_Old_New.stopped,key_resp_2.keys,key_resp_2.rt,key_resp_2.duration,Explain_2AFC.started,text_explain_2afc.started,key_end_explain_2afc.started,Explain_2AFC.stopped,key_end_explain_2afc.keys,key_end_explain_2afc.rt,key_end_explain_2afc.duration,Exemplo_2AFC.started,image_ex_2AFC.started,image_ex_target.started,image_ex_lure.started,key_ex_2AFC.started,Exemplo_2AFC.stopped,trial_ex_2AFC.key_ex_2AFC.keys,trial_ex_2AFC.key_ex_2AFC.rt,trial_ex_2AFC.key_ex_2AFC.duration,trial_2AFC.started,image_scene_2AFC.started,key_2AFC.started,image_target.started,image_lure.started,trial_2AFC.stopped,trial_asso.key_2AFC.keys,trial_asso.key_2AFC.corr,trial_asso.key_2AFC.rt,trial_asso.key_2AFC.duration,image_scene_2AFC.stopped,key_2AFC.stopped,image_target.stopped,image_lure.stopped,end.started,text_end.started,end.stopped,participant,session,date,expName,psychopyVersion,frameRate,expStart,
,,,,,,,,,,,,,,,,,,,,,,,,,,,,,,,,,,,,,,,,,,,,,,,,,,,,,,,,,,,,,,,,,,,,,,,,,,,,,,,,,0.030735399999684887,0.03319519999968179,0.03319519999968179,2.4268811000001733,,,,,,,,,,,,,,,,,,,,,,,,,,,,,,,,,,,,,,,,,,,,,,,,,,,,,,,,,,,,,,,,,,,,,,,,,,,,,,,,,,,,,,,,,,,,,,,,,,,,,,,,,,,,,,,,,,,,,,,,,,,,,,,,,,,,,,,,,,,,,,,,,,,,,,,,,,,,,,,,,,,,,,,,,LP2804,001,2026-04-28_11h04.03.029,SEED,2024.2.5,None,2026-04-28 11h07.28.089256 +0100,
,,,,,,,,,,,,,,,,,,,,,,,,,,,,,,,,,,,,,,,,,,,,,,,,,,,,,,,,,,,,,,,,,,,,,,,,,,,,,,,,,,,,,2.4269039999999222,2.4412929000000076,4.429494199999681,28.57809670000006,,,,,,,,,,,,,,,,,,,,,,,,,,,,,,,,,,,,,,,,,,,,,,,,,,,,,,,,,,,,,,,,,,,,,,,,,,,,,,,,,,,,,,,,,,,,,,,,,,,,,,,,,,,,,,,,,,,,,,,,,,,,,,,,,,,,,,,,,,,,,,,,,,,,,,,,,,,,,,,,,,,,,LP2804,001,2026-04-28_11h04.03.029,SEED,2024.2.5,None,2026-04-28 11h07.28.089256 +0100,
,,,,,,,,,,,,,,,,,,,,,,,,,,,,,,,,,,,,,,,,,,,,,,,,,,,,,,,,,,,,,,,,,,,,,,,,,,,,,,,,,,,,,,,,,28.578115700000126,28.594601499999953,30.591651499999898,47.761619099999734,,,,,,,,,,,,,,,,,,,,,,,,,,,,,,,,,,,,,,,,,,,,,,,,,,,,,,,,,,,,,,,,,,,,,,,,,,,,,,,,,,,,,,,,,,,,,,,,,,,,,,,,,,,,,,,,,,,,,,,,,,,,,,,,,,,,,,,,,,,,,,,,,,,,,,,,,,,,,,,,,LP2804,001,2026-04-28_11h04.03.029,SEED,2024.2.5,None,2026-04-28 11h07.28.089256 +0100,
Ex3,Scenes_Dataset/cellars_A.jpg,"(600, 399)",Objects_Dataset/barrier.png,"(300, 300)","(300, -200)",incongruent,Objects_Dataset/hang_glider.png,"(450, 275)","(300, 200)",None,None,3,0,0,0,None,None,None,,,,,,,,,,,,,,,,,,,,,,,,,,,,,,,,,,,,,0,0,0,2,,,,,,,,,,,,,,,,,,,,,47.778112500000134,,,,,,,,,,,,,,47.765817499999685,47.778112500000134,50.01305589999993,50.277670800000124,50.778375799999594,50.76109699999961,50.7749915000004,50.778375799999594,50.778375799999594,53.27858399999968,53.27858399999968,53.27858399999968,55.77559670000028,55.77559670000028,55.77559670000028,55.77669419999984,None,None,None,,,,,,,,,,,,,,,,,,,,,,,,,,,,,,,,,,,,,,,,,,,,,,,,,,,,,,,,,,,,,,,,,,,,,,,,,,,,,,,,,,,,,,,,,,,,,,,,,,,,,,,,,,,,,,,,,,,,,,,,,,,,,,,,,,,,,,,,,,,,,,LP2804,001,2026-04-28_11h04.03.029,SEED,2024.2.5,None,2026-04-28 11h07.28.089256 +0100,
Ex1,Scenes_Dataset/sky_A.jpg,"(600, 398)",Objects_Dataset/hang_glider.png,"(450, 275)","(300, -200)",congruent,Objects_Dataset/drone.png,"(300, 144)","(300, 200)",Scenes_Dataset/temple_A.jpg,"(600, 358)",2,1,1,0,None,None,num_3,0.8290370000004259,0.10411859999931039,,,,,,,,,,,,,,,,,,,,,,,,,,,,,,,,,,,0,1,1,0,,,,,,,,,,,,,,,,,,,,,55.79243349999979,,,,,,,,,,,,,,55.77704199999971,55.79243349999979,58.02786829999968,58.29589610000039,57.7923651000001,58.27614209999956,58.292839699999604,58.29589610000039,58.29589610000039,60.77863799999977,60.77863799999977,60.77863799999977,63.275754100000086,63.275754100000086,63.275754100000086,63.29414480000014,None,None,num_3,0.8290370000004259,0.10411859999931039,,,,,,,,,,,,,,,,,,,,,,,,,,,,,,,,,,,,,,,,,,,,,,,,,,,,,,,,,,,,,,,,,,,,,,,,,,,,,,,,,,,,,,,,,,,,,,,,,,,,,,,,,,,,,,,,,,,,,,,,,,,,,,,,,,,,,,,,,,,,LP2804,001,2026-04-28_11h04.03.029,SEED,2024.2.5,None,2026-04-28 11h07.28.089256 +0100,
Ex4,Scenes_Dataset/river_B.jpg,"(600, 450)",Objects_Dataset/drone.png,"(300, 144)","(300, 200)",congruent,Objects_Dataset/fish_hook.png,"(130, 200)","(300, -200)",None,None,2.5,2,2,0,None,None,num_2,0.8107511999996859,0.14426610000009532,,,,,,,,,,,,,,,,,,,,,,,,,,,,,,,,,,,0,2,2,3,,,,,,,,,,,,,,,,,,,,,63.30912819999958,,,,,,,,,,,,,,63.29459380000026,63.30912819999958,65.5259188,65.77612669999962,65.81217300000026,65.79343750000044,65.80943519999983,65.81217300000026,65.81217300000026,68.30887429999984,68.30887429999984,68.30887429999984,70.79280730000028,70.79280730000028,70.79280730000028,70.81054500000027,None,None,num_2,0.8107511999996859,0.14426610000009532,,,,,,,,,,,,,,,,,,,,,,,,,,,,,,,,,,,,,,,,,,,,,,,,,,,,,,,,,,,,,,,,,,,,,,,,,,,,,,,,,,,,,,,,,,,,,,,,,,,,,,,,,,,,,,,,,,,,,,,,,,,,,,,,,,,,,,,,,,,,LP2804,001,2026-04-28_11h04.03.029,SEED,2024.2.5,None,2026-04-28 11h07.28.089256 +0100,
Ex2,Scenes_Dataset/painting_workshop_A.jpg,"(600, 450)",Objects_Dataset/fish_hook.png,"(130, 200)","(300, 200)",incongruent,Objects_Dataset/barrier.png,"(300, 300)","(300, -200)",Scenes_Dataset/athletics_track_A,"(600, 450)",2.5,3,3,0,None,None,num_1,1.1028253000004042,0.12781079999967915,,,,,,,,,,,,,,,,,,,,,,,,,,,,,,,,,,,0,3,3,1,,,,,,,,,,,,,,,,,,,,,70.82609909999974,,,,,,,,,,,,,,70.8109985000001,70.82609909999974,73.0425722,73.29254729999957,73.33600469999965,73.30956779999997,73.33336169999984,73.33600469999965,73.33600469999965,75.8089057999996,75.8089057999996,75.8089057999996,78.30919840000024,78.30919840000024,78.30919840000024,78.32696599999963,None,None,num_1,1.1028253000004042,0.12781079999967915,,,,,,,,,,,,,,,,,,,,,,,,,,,,,,,,,,,,,,,,,,,,,,,,,,,,,,,,,,,,,,,,,,,,,,,,,,,,,,,,,,,,,,,,,,,,,,,,,,,,,,,,,,,,,,,,,,,,,,,,,,,,,,,,,,,,,,,,,,,,LP2804,001,2026-04-28_11h04.03.029,SEED,2024.2.5,None,2026-04-28 11h07.28.089256 +0100,
,,,,,,,,,,,,,,,,,,,,,,,,,,,,,,,,,,,,,,,,,,,,,,,,,,,,,,,,,,,,,,,,,,,,,,,,,,,,,,,,,,,,,,,,,,,,,,,,,,,,,,,,,,,,,,,,,,78.32730970000011,78.34261659999993,79.8097816999998,79.8097816999998,79.8428584000003,142.11140390000037,space,62.29409050000049,None,,,,,,,,,,,,,,,,,,,,,,,,,,,,,,,,,,,,,,,,,,,,,,,,,,,,,,,,,,,,,,,,,,,,,,,,,,,,,,,,,,,,,,,,,,,,,,,,,,,,,,,,,,,,,,,,,,,,,,,,,,,,,,,,,,,LP2804,001,2026-04-28_11h04.03.029,SEED,2024.2.5,None,2026-04-28 11h07.28.089256 +0100,
42,,,,,,,,,,,,2.75,0,0,0,,,,,,Scenes_Dataset/hut_A.jpg,"(600, 384)",Incongruent,Objects_Dataset/sled_retouched.png,"(450, 286)",old,left,Objects_Dataset/stapler.png,"(250, 178)","(300, 200)","(300, -200)",up,None,None,None,,,,,,,,,,,,,,,,,,,,,,,,0,0,0,41,,,,,,,,,,,,,,,,,142.1395220000004,,,,,,,,,,,,,,142.1376105999998,142.1395220000004,144.36058539999976,144.61039110000002,144.9003885000002,144.87774050000007,,,,,,,,,,,,,,,,,,,,,,,,,144.8964388000004,144.9003885000002,144.9003885000002,147.37665509999988,147.37665509999988,147.37665509999988,149.8772067,149.8772067,149.8772067,149.8965301999997,None,None,None,,,,,,,,,,,,,,,,,,,,,,,,,,,,,,,,,,,,,,,,,,,,,,,,,,,,,,,,,,,,,,,,,,,,,,,,,,,,,,,,,,,,,,,,,,,,,,,,,,,,,,,,,,,,,,,,,,,,,,LP2804,001,2026-04-28_11h04.03.029,SEED,2024.2.5,None,2026-04-28 11h07.28.089256 +0100,
16,,,,,,,,,,,,2.75,1,1,0,,,,,,Scenes_Dataset/hair_salon_A.jpg,"(600, 386)",Congruent,Objects_Dataset/hairdryer_retouched.png,"(250, 241)",old,left,Objects_Dataset/comb.png,"(250, 250)","(300, -200)","(300, 200)",down,None,None,num_3,0.8959740000000238,0.13592110000081448,,,,,,,,,,,,,,,,,,,,,,0,1,1,15,,,,,,,,,,,,,,,,,149.91082189999997,,,,,,,,,,,,,,149.8970061,149.91082189999997,152.12758060000033,152.37750210000013,152.66974039999968,152.64487069999996,,,,,,,,,,,,,,,,,,,,,,,,,152.66530460000013,152.66974039999968,152.66974039999968,155.1436162,155.1436162,155.1436162,157.66061509999963,157.66061509999963,157.66061509999963,157.66144650000024,None,None,num_3,0.8959740000000238,0.13592110000081448,,,,,,,,,,,,,,,,,,,,,,,,,,,,,,,,,,,,,,,,,,,,,,,,,,,,,,,,,,,,,,,,,,,,,,,,,,,,,,,,,,,,,,,,,,,,,,,,,,,,,,,,,,,,,,,,,,,,LP2804,001,2026-04-28_11h04.03.029,SEED,2024.2.5,None,2026-04-28 11h07.28.089256 +0100,
52,,,,,,,,,,,,3.25,2,2,0,,,,,,Scenes_Dataset/parking_lot_A.jpg,"(600, 397)",Incongruent,Objects_Dataset/digital_piano_retouched.png,"(350, 350)",old,left,Objects_Dataset/toothbrush.png,"(300, 215)","(300, 200)","(300, -200)",up,None,None,num_1,1.1247161000001142,0.12800070000048436,,,,,,,,,,,,,,,,,,,,,,0,2,2,51,,,,,,,,,,,,,,,,,157.67734349999955,,,,,,,,,,,,,,157.66183230000024,157.67734349999955,159.89406289999988,160.1440808999996,160.93564499999957,160.9112025000004,,,,,,,,,,,,,,,,,,,,,,,,,160.93251669999972,160.93564499999957,160.93564499999957,163.41088239999954,163.41088239999954,163.41088239999954,165.91067719999955,165.91067719999955,165.91067719999955,165.92920369999956,None,None,num_1,1.1247161000001142,0.12800070000048436,,,,,,,,,,,,,,,,,,,,,,,,,,,,,,,,,,,,,,,,,,,,,,,,,,,,,,,,,,,,,,,,,,,,,,,,,,,,,,,,,,,,,,,,,,,,,,,,,,,,,,,,,,,,,,,,,,,,LP2804,001,2026-04-28_11h04.03.029,SEED,2024.2.5,None,2026-04-28 11h07.28.089256 +0100,
30,,,,,,,,,,,,2.15,3,3,0,,,,,,Scenes_Dataset/locker_room_B.jpg,"(600, 399)",Congruent,Objects_Dataset/locker.png,"(264, 400)",old,left,Objects_Dataset/slippers.png,"(280, 300)","(300, -200)","(300, 200)",down,None,None,num_3,1.0896223999998256,0.1281118000006245,,,,,,,,,,,,,,,,,,,,,,0,3,3,29,,,,,,,,,,,,,,,,,165.9440439,,,,,,,,,,,,,,165.9297370000004,165.9440439,168.16087499999958,168.41813060000004,168.09442060000038,168.39482789999965,,,,,,,,,,,,,,,,,,,,,,,,,168.41502029999992,168.41813060000004,168.41813060000004,170.89387019999958,170.89387019999958,170.89387019999958,173.39418190000015,173.39418190000015,173.39418190000015,173.41249439999956,None,None,num_3,1.0896223999998256,0.1281118000006245,,,,,,,,,,,,,,,,,,,,,,,,,,,,,,,,,,,,,,,,,,,,,,,,,,,,,,,,,,,,,,,,,,,,,,,,,,,,,,,,,,,,,,,,,,,,,,,,,,,,,,,,,,,,,,,,,,,,LP2804,001,2026-04-28_11h04.03.029,SEED,2024.2.5,None,2026-04-28 11h07.28.089256 +0100,
19,,,,,,,,,,,,2.9,4,4,0,,,,,,Scenes_Dataset/island_A.jpg,"(600, 420)",Congruent,Objects_Dataset/message_bottle.png,"(284, 177)",old,left,Objects_Dataset/kayak.png,"(450, 338)","(300, -200)","(300, 200)",down,None,None,num_3,0.9246761000003971,0.1359746999996787,,,,,,,,,,,,,,,,,,,,,,0,4,4,18,,,,,,,,,,,,,,,,,173.42757879999954,,,,,,,,,,,,,,173.41303979999975,173.42757879999954,175.6443006999998,175.89428839999982,176.33227890000035,176.3116043,,,,,,,,,,,,,,,,,,,,,,,,,176.3295930000004,176.33227890000035,176.33227890000035,178.8108241,178.8108241,178.8108241,181.31118950000018,181.31118950000018,181.31118950000018,181.3291425999996,None,None,num_3,0.9246761000003971,0.1359746999996787,,,,,,,,,,,,,,,,,,,,,,,,,,,,,,,,,,,,,,,,,,,,,,,,,,,,,,,,,,,,,,,,,,,,,,,,,,,,,,,,,,,,,,,,,,,,,,,,,,,,,,,,,,,,,,,,,,,,LP2804,001,2026-04-28_11h04.03.029,SEED,2024.2.5,None,2026-04-28 11h07.28.089256 +0100,
21,,,,,,,,,,,,3,5,5,0,,,,,,Scenes_Dataset/pharmacy_A.jpg,"(600, 461)",Congruent,Objects_Dataset/pills.png,"(216, 250)",old,left,Objects_Dataset/thermometer.png,"(300, 199)","(300, -200)","(300, 200)",down,None,None,num_3,1.0841610999996192,0.1598980999997366,,,,,,,,,,,,,,,,,,,,,,0,5,5,20,,,,,,,,,,,,,,,,,181.3443887000003,,,,,,,,,,,,,,181.33030299999973,181.3443887000003,183.56244119999974,183.82772469999964,184.34983900000043,184.3281723,,,,,,,,,,,,,,,,,,,,,,,,,184.34718109999994,184.34983900000043,184.34983900000043,186.8275266999999,186.8275266999999,186.8275266999999,189.32776439999998,189.32776439999998,189.32776439999998,189.3460299999997,None,None,num_3,1.0841610999996192,0.1598980999997366,,,,,,,,,,,,,,,,,,,,,,,,,,,,,,,,,,,,,,,,,,,,,,,,,,,,,,,,,,,,,,,,,,,,,,,,,,,,,,,,,,,,,,,,,,,,,,,,,,,,,,,,,,,,,,,,,,,,LP2804,001,2026-04-28_11h04.03.029,SEED,2024.2.5,None,2026-04-28 11h07.28.089256 +0100,
23,,,,,,,,,,,,3.1,6,6,0,,,,,,Scenes_Dataset/desert_A.jpg,"(600, 375)",Congruent,Objects_Dataset/cactus.png,"(300, 248)",old,left,Objects_Dataset/canteen.png,"(150, 250)","(300, -200)","(300, 200)",down,None,None,num_3,1.0394127000008666,0.13585169999987556,,,,,,,,,,,,,,,,,,,,,,0,6,6,22,,,,,,,,,,,,,,,,,189.36193840000033,,,,,,,,,,,,,,189.34695329999977,189.36193840000033,191.57962119999956,191.84487220000028,192.4662490999999,192.44499129999986,,,,,,,,,,,,,,,,,,,,,,,,,192.46362539999973,192.4662490999999,192.4662490999999,194.9441866999996,194.9441866999996,194.9441866999996,197.44460479999998,197.44460479999998,197.44460479999998,197.4624305999996,None,None,num_3,1.0394127000008666,0.13585169999987556,,,,,,,,,,,,,,,,,,,,,,,,,,,,,,,,,,,,,,,,,,,,,,,,,,,,,,,,,,,,,,,,,,,,,,,,,,,,,,,,,,,,,,,,,,,,,,,,,,,,,,,,,,,,,,,,,,,,LP2804,001,2026-04-28_11h04.03.029,SEED,2024.2.5,None,2026-04-28 11h07.28.089256 +0100,
33,,,,,,,,,,,,2.3,7,7,0,,,,,,Scenes_Dataset/ice_rink_A.jpg,"(600, 450)",Incongruent,Objects_Dataset/paper_towel_dispenser.png,"(300, 400)",old,left,Objects_Dataset/saxophone.png,"(250, 250)","(300, 200)","(300, -200)",up,None,None,num_1,1.131253700000343,0.12780500000008033,,,,,,,,,,,,,,,,,,,,,,0,7,7,32,,,,,,,,,,,,,,,,,197.47801580000032,,,,,,,,,,,,,,197.46290750000026,197.47801580000032,199.69650720000027,199.97054079999998,199.77846930000032,199.94511090000015,,,,,,,,,,,,,,,,,,,,,,,,,199.9672902000002,199.97054079999998,199.97054079999998,202.4444136000002,202.4444136000002,202.4444136000002,204.94451910000043,204.94451910000043,204.94451910000043,204.9630890999997,None,None,num_1,1.131253700000343,0.12780500000008033,,,,,,,,,,,,,,,,,,,,,,,,,,,,,,,,,,,,,,,,,,,,,,,,,,,,,,,,,,,,,,,,,,,,,,,,,,,,,,,,,,,,,,,,,,,,,,,,,,,,,,,,,,,,,,,,,,,,LP2804,001,2026-04-28_11h04.03.029,SEED,2024.2.5,None,2026-04-28 11h07.28.089256 +0100,
54,,,,,,,,,,,,2.05,8,8,0,,,,,,Scenes_Dataset/campsite_A.jpg,"(600, 402)",Incongruent,Objects_Dataset/door_mat.png,"(300, 300)",old,left,Objects_Dataset/remote_control.png,"(300, 293)","(300, 200)","(300, -200)",up,None,None,num_1,1.2716543999995338,0.11192790000040986,,,,,,,,,,,,,,,,,,,,,,0,8,8,53,,,,,,,,,,,,,,,,,204.9780638000002,,,,,,,,,,,,,,204.96380219999992,204.9780638000002,207.19478020000042,207.45325740000044,207.02807159999975,207.42858090000027,,,,,,,,,,,,,,,,,,,,,,,,,207.45039429999997,207.45325740000044,207.45325740000044,209.92796429999999,209.92796429999999,209.92796429999999,212.4283193000001,212.4283193000001,212.4283193000001,212.4461121000004,None,None,num_1,1.2716543999995338,0.11192790000040986,,,,,,,,,,,,,,,,,,,,,,,,,,,,,,,,,,,,,,,,,,,,,,,,,,,,,,,,,,,,,,,,,,,,,,,,,,,,,,,,,,,,,,,,,,,,,,,,,,,,,,,,,,,,,,,,,,,,LP2804,001,2026-04-28_11h04.03.029,SEED,2024.2.5,None,2026-04-28 11h07.28.089256 +0100,
26,,,,,,,,,,,,3.25,9,9,0,,,,,,Scenes_Dataset/hospital_room_B.jpg,"(600, 400)",Congruent,Objects_Dataset/saline_retouched.png,"(300, 225)",old,left,Objects_Dataset/pills.png,"(216, 250)","(300, -200)","(300, 200)",down,None,None,num_3,1.052935499999876,0.11192010000013397,,,,,,,,,,,,,,,,,,,,,,0,9,9,25,,,,,,,,,,,,,,,,,212.46167460000015,,,,,,,,,,,,,,212.44656190000023,212.46167460000015,214.67842120000023,214.92847090000032,215.71836900000017,215.69526250000035,,,,,,,,,,,,,,,,,,,,,,,,,215.71521680000023,215.71836900000017,215.71836900000017,218.19460450000042,218.19460450000042,218.19460450000042,220.69485689999965,220.69485689999965,220.69485689999965,220.71344959999988,None,None,num_3,1.052935499999876,0.11192010000013397,,,,,,,,,,,,,,,,,,,,,,,,,,,,,,,,,,,,,,,,,,,,,,,,,,,,,,,,,,,,,,,,,,,,,,,,,,,,,,,,,,,,,,,,,,,,,,,,,,,,,,,,,,,,,,,,,,,,LP2804,001,2026-04-28_11h04.03.029,SEED,2024.2.5,None,2026-04-28 11h07.28.089256 +0100,
12,,,,,,,,,,,,2.55,10,10,0,,,,,,Scenes_Dataset/castle_A.jpg,"(600, 450)",Congruent,Objects_Dataset/sword_retouched.png,"(300, 300)",old,left,Objects_Dataset/shield.png,"(199, 300)","(300, -200)","(300, 200)",down,None,None,num_3,0.9341553000003842,0.14396469999974215,,,,,,,,,,,,,,,,,,,,,,0,10,10,11,,,,,,,,,,,,,,,,,220.7282312999996,,,,,,,,,,,,,,220.71425960000033,220.7282312999996,222.94501310000032,223.19507330000033,223.28986929999974,223.26255169999968,,,,,,,,,,,,,,,,,,,,,,,,,223.28401719999965,223.28986929999974,223.28986929999974,225.76139160000002,225.76139160000002,225.76139160000002,228.2618080000002,228.2618080000002,228.2618080000002,228.2803144999998,None,None,num_3,0.9341553000003842,0.14396469999974215,,,,,,,,,,,,,,,,,,,,,,,,,,,,,,,,,,,,,,,,,,,,,,,,,,,,,,,,,,,,,,,,,,,,,,,,,,,,,,,,,,,,,,,,,,,,,,,,,,,,,,,,,,,,,,,,,,,,LP2804,001,2026-04-28_11h04.03.029,SEED,2024.2.5,None,2026-04-28 11h07.28.089256 +0100,
13,,,,,,,,,,,,2.6,11,11,0,,,,,,Scenes_Dataset/circus_A.jpg,"(600, 421)",Congruent,Objects_Dataset/unicycle_retouched.png,"(159, 300)",old,left,Objects_Dataset/juggling_balls_retouched.png,"(350, 197)","(300, -200)","(300, 200)",down,None,None,num_3,0.9174439999997048,0.13608939999994618,,,,,,,,,,,,,,,,,,,,,,0,11,11,12,,,,,,,,,,,,,,,,,228.2953182000001,,,,,,,,,,,,,,228.28098229999978,228.2953182000001,230.51196249999975,230.76182119999976,230.90466839999954,230.8791314,,,,,,,,,,,,,,,,,,,,,,,,,230.90178490000017,230.90466839999954,230.90466839999954,233.37814940000044,233.37814940000044,233.37814940000044,235.8788040999998,235.8788040999998,235.8788040999998,235.89666810000017,None,None,num_3,0.9174439999997048,0.13608939999994618,,,,,,,,,,,,,,,,,,,,,,,,,,,,,,,,,,,,,,,,,,,,,,,,,,,,,,,,,,,,,,,,,,,,,,,,,,,,,,,,,,,,,,,,,,,,,,,,,,,,,,,,,,,,,,,,,,,,LP2804,001,2026-04-28_11h04.03.029,SEED,2024.2.5,None,2026-04-28 11h07.28.089256 +0100,
39,,,,,,,,,,,,2.6,12,12,0,,,,,,Scenes_Dataset/garage_A.jpg,"(600, 397)",Incongruent,Objects_Dataset/crown.png,"(300, 249)",old,left,Objects_Dataset/oxygen_mask_retouched.png,"(300, 300)","(300, 200)","(300, -200)",up,None,None,num_1,0.7645811000002141,0.12000649999936286,,,,,,,,,,,,,,,,,,,,,,0,12,12,38,,,,,,,,,,,,,,,,,235.91207169999961,,,,,,,,,,,,,,235.8972131999999,235.91207169999961,238.1287996000001,238.37886549999985,238.5158362000002,238.4956073000003,,,,,,,,,,,,,,,,,,,,,,,,,238.5131551000004,238.5158362000002,238.5158362000002,240.99498459999995,240.99498459999995,240.99498459999995,243.49530719999984,243.49530719999984,243.49530719999984,243.51364809999995,None,None,num_1,0.7645811000002141,0.12000649999936286,,,,,,,,,,,,,,,,,,,,,,,,,,,,,,,,,,,,,,,,,,,,,,,,,,,,,,,,,,,,,,,,,,,,,,,,,,,,,,,,,,,,,,,,,,,,,,,,,,,,,,,,,,,,,,,,,,,,LP2804,001,2026-04-28_11h04.03.029,SEED,2024.2.5,None,2026-04-28 11h07.28.089256 +0100,
32,,,,,,,,,,,,2.25,13,13,0,,,,,,Scenes_Dataset/elevator_A.jpg,"(600, 450)",Incongruent,Objects_Dataset/cake_tongs_retouched.png,"(300, 75)",old,left,Objects_Dataset/3d_glasses_retouched.png,"(300, 300)","(300, 200)","(300, -200)",up,None,None,num_1,0.8644724000005226,0.11177729999963049,,,,,,,,,,,,,,,,,,,,,,0,13,13,31,,,,,,,,,,,,,,,,,243.52887550000014,,,,,,,,,,,,,,243.51417899999979,243.52887550000014,245.74569299999985,246.00032250000004,245.7790525999999,245.98032479999983,,,,,,,,,,,,,,,,,,,,,,,,,245.99793959999988,246.00032250000004,246.00032250000004,248.49523080000017,248.49523080000017,248.49523080000017,250.99608489999991,250.99608489999991,250.99608489999991,250.9973845000004,None,None,num_1,0.8644724000005226,0.11177729999963049,,,,,,,,,,,,,,,,,,,,,,,,,,,,,,,,,,,,,,,,,,,,,,,,,,,,,,,,,,,,,,,,,,,,,,,,,,,,,,,,,,,,,,,,,,,,,,,,,,,,,,,,,,,,,,,,,,,,LP2804,001,2026-04-28_11h04.03.029,SEED,2024.2.5,None,2026-04-28 11h07.28.089256 +0100,
55,,,,,,,,,,,,2.1,14,14,0,,,,,,Scenes_Dataset/lake_A.jpg,"(600, 442)",Incongruent,Objects_Dataset/thermometer.png,"(300, 199)",old,left,Objects_Dataset/ticket_machine.png,"(200, 300)","(300, 200)","(300, -200)",up,None,None,num_1,1.3410297999998875,0.09576259999994363,,,,,,,,,,,,,,,,,,,,,,0,14,14,54,,,,,,,,,,,,,,,,,251.01215239999965,,,,,,,,,,,,,,250.9979215000003,251.01215239999965,253.24564230000033,253.5019352999998,253.1126723999996,253.47949289999997,,,,,,,,,,,,,,,,,,,,,,,,,253.4993231999997,253.5019352999998,253.5019352999998,255.97867330000008,255.97867330000008,255.97867330000008,258.47882579999987,258.47882579999987,258.47882579999987,258.4973608,None,None,num_1,1.3410297999998875,0.09576259999994363,,,,,,,,,,,,,,,,,,,,,,,,,,,,,,,,,,,,,,,,,,,,,,,,,,,,,,,,,,,,,,,,,,,,,,,,,,,,,,,,,,,,,,,,,,,,,,,,,,,,,,,,,,,,,,,,,,,,LP2804,001,2026-04-28_11h04.03.029,SEED,2024.2.5,None,2026-04-28 11h07.28.089256 +0100,
22,,,,,,,,,,,,3.05,15,15,0,,,,,,Scenes_Dataset/cavern_A.jpg,"(600, 410)",Congruent,Objects_Dataset/canteen.png,"(150, 250)",old,left,Objects_Dataset/hiking_boots.png,"(300, 300)","(300, -200)","(300, 200)",down,None,None,num_2,0.7060817000001407,0.1200661000002583,,,,,,,,,,,,,,,,,,,,,,0,15,15,21,,,,,,,,,,,,,,,,,258.5122406999999,,,,,,,,,,,,,,258.4982054000002,258.5122406999999,260.7289348000004,260.97898989999976,261.56760719999966,261.54596630000015,,,,,,,,,,,,,,,,,,,,,,,,,261.56475320000027,261.56760719999966,261.56760719999966,264.0453802000002,264.0453802000002,264.0453802000002,266.5456457999999,266.5456457999999,266.5456457999999,266.5638933,None,None,num_2,0.7060817000001407,0.1200661000002583,,,,,,,,,,,,,,,,,,,,,,,,,,,,,,,,,,,,,,,,,,,,,,,,,,,,,,,,,,,,,,,,,,,,,,,,,,,,,,,,,,,,,,,,,,,,,,,,,,,,,,,,,,,,,,,,,,,,LP2804,001,2026-04-28_11h04.03.029,SEED,2024.2.5,None,2026-04-28 11h07.28.089256 +0100,
37,,,,,,,,,,,,2.5,16,16,0,,,,,,Scenes_Dataset/vault_A.jpg,"(600, 398)",Incongruent,Objects_Dataset/fan.png,"(350, 350)",old,left,Objects_Dataset/cactus.png,"(300, 248)","(300, 200)","(300, -200)",up,None,None,num_1,0.7254624000006515,0.09605529999953433,,,,,,,,,,,,,,,,,,,,,,0,16,16,36,,,,,,,,,,,,,,,,,266.5793560000002,,,,,,,,,,,,,,266.5644771999996,266.5793560000002,268.79590480000024,269.04560909999964,269.0839575,269.06281769999987,,,,,,,,,,,,,,,,,,,,,,,,,269.08117289999973,269.0839575,269.0839575,271.5620227999998,271.5620227999998,271.5620227999998,274.06235259999994,274.06235259999994,274.06235259999994,274.0807848000004,None,None,num_1,0.7254624000006515,0.09605529999953433,,,,,,,,,,,,,,,,,,,,,,,,,,,,,,,,,,,,,,,,,,,,,,,,,,,,,,,,,,,,,,,,,,,,,,,,,,,,,,,,,,,,,,,,,,,,,,,,,,,,,,,,,,,,,,,,,,,,LP2804,001,2026-04-28_11h04.03.029,SEED,2024.2.5,None,2026-04-28 11h07.28.089256 +0100,
51,,,,,,,,,,,,3.2,17,17,0,,,,,,Scenes_Dataset/clinic_A.jpg,"(600, 400)",Incongruent,Objects_Dataset/juggling_balls_retouched.png,"(350, 197)",old,left,Objects_Dataset/sled_retouched.png,"(450, 286)","(300, 200)","(300, -200)",up,None,None,num_1,0.9326517999998032,0.10391870000057679,,,,,,,,,,,,,,,,,,,,,,0,17,17,50,,,,,,,,,,,,,,,,,274.09579510000003,,,,,,,,,,,,,,274.08174770000005,274.09579510000003,276.3125901000003,276.5625788999996,277.29600049999954,277.2797373000003,,,,,,,,,,,,,,,,,,,,,,,,,277.2926074999996,277.29600049999954,277.29600049999954,279.7789220000004,279.7789220000004,279.7789220000004,282.2791293,282.2791293,282.2791293,282.28005010000015,None,None,num_1,0.9326517999998032,0.10391870000057679,282.2959837999997,282.2959837999997,,,,,,,,,,,,,,,,,,,,,,,,,,,,,,,,,,,,,,,,,,,,,,,,,,,,,,,,,,,,,,,,,,,,,,,,,,,,,,,,,,,,,,,,,,,,,,,,,,,,,,,,,,,,,,,,,,LP2804,001,2026-04-28_11h04.03.029,SEED,2024.2.5,None,2026-04-28 11h07.28.089256 +0100,
40,,,,,,,,,,,,2.65,18,18,0,,,,,,Scenes_Dataset/kindergarten_A.jpg,"(600, 338)",Incongruent,Objects_Dataset/payment_terminal.png,"(285, 300)",old,left,Objects_Dataset/message_bottle.png,"(284, 177)","(300, 200)","(300, -200)",up,None,None,num_1,0.698665599999913,0.11200519999965763,,,,,,,,,,,,,,,,,,,,,,0,18,18,39,,,,,,,,,,,,,,,,,282.2959837999997,,,,,,,,,,,,,,282.2803758,282.2959837999997,284.5293776999997,284.7793836000001,284.95073070000035,284.93015300000025,,,,,,,,,,,,,,,,,,,,,,,,,284.9482379000001,284.95073070000035,284.95073070000035,287.4289467999997,287.4289467999997,287.4289467999997,289.94604270000036,289.94604270000036,289.94604270000036,289.9477530000004,None,None,num_1,0.698665599999913,0.11200519999965763,,,,,,,,,,,,,,,,,,,,,,,,,,,,,,,,,,,,,,,,,,,,,,,,,,,,,,,,,,,,,,,,,,,,,,,,,,,,,,,,,,,,,,,,,,,,,,,,,,,,,,,,,,,,,,,,,,,,LP2804,001,2026-04-28_11h04.03.029,SEED,2024.2.5,None,2026-04-28 11h07.28.089256 +0100,
6,,,,,,,,,,,,2.25,19,19,0,,,,,,Scenes_Dataset/stationary_store_A.jpg,"(600, 370)",Congruent,Objects_Dataset/stapler.png,"(250, 178)",old,left,Objects_Dataset/envelope_retouched.png,"(250, 211)","(300, -200)","(300, 200)",down,None,None,num_3,0.9271929999995336,0.13592530000005354,,,,,,,,,,,,,,,,,,,,,,0,19,19,5,,,,,,,,,,,,,,,,,289.9642866000004,,,,,,,,,,,,,,289.9482313999997,289.9642866000004,292.1793981999999,292.43157210000027,292.2295415999997,292.4133990999999,,,,,,,,,,,,,,,,,,,,,,,,,292.4287482,292.43157210000027,292.43157210000027,294.91239419999965,294.91239419999965,294.91239419999965,297.41281510000044,297.41281510000044,297.41281510000044,297.43119019999995,None,None,num_3,0.9271929999995336,0.13592530000005354,,,,,,,,,,,,,,,,,,,,,,,,,,,,,,,,,,,,,,,,,,,,,,,,,,,,,,,,,,,,,,,,,,,,,,,,,,,,,,,,,,,,,,,,,,,,,,,,,,,,,,,,,,,,,,,,,,,,LP2804,001,2026-04-28_11h04.03.029,SEED,2024.2.5,None,2026-04-28 11h07.28.089256 +0100,
53,,,,,,,,,,,,2,20,20,0,,,,,,Scenes_Dataset/operating_room_A.jpg,"(600, 416)",Incongruent,Objects_Dataset/rope.png,"(300, 248)",old,left,Objects_Dataset/scooter_retouched.png,"(311, 350)","(300, 200)","(300, -200)",up,None,None,num_1,0.6516492999999173,0.11188040000070032,,,,,,,,,,,,,,,,,,,,,,0,20,20,52,,,,,,,,,,,,,,,,,297.44613200000003,,,,,,,,,,,,,,297.43184199999996,297.44613200000003,299.66325620000043,299.9210347999997,299.4462374000004,299.8970409000003,,,,,,,,,,,,,,,,,,,,,,,,,299.91879009999957,299.9210347999997,299.9210347999997,302.3960132000002,302.3960132000002,302.3960132000002,304.89642790000016,304.89642790000016,304.89642790000016,304.914436,None,None,num_1,0.6516492999999173,0.11188040000070032,,,,,,,,,,,,,,,,,,,,,,,,,,,,,,,,,,,,,,,,,,,,,,,,,,,,,,,,,,,,,,,,,,,,,,,,,,,,,,,,,,,,,,,,,,,,,,,,,,,,,,,,,,,,,,,,,,,,LP2804,001,2026-04-28_11h04.03.029,SEED,2024.2.5,None,2026-04-28 11h07.28.089256 +0100,
4,,,,,,,,,,,,2.15,21,21,0,,,,,,Scenes_Dataset/pastry_shop_A.jpg,"(600, 400)",Congruent,Objects_Dataset/cake_holder.png,"(300, 209)",old,left,Objects_Dataset/cake_tongs_retouched.png,"(300, 75)","(300, -200)","(300, 200)",down,None,None,num_3,1.3260641000006217,0.12784999999985303,,,,,,,,,,,,,,,,,,,,,,0,21,21,3,,,,,,,,,,,,,,,,,304.9296574,,,,,,,,,,,,,,304.9149844000003,304.9296574,307.1464328000002,307.4026018000004,307.07981610000024,307.38169629999993,,,,,,,,,,,,,,,,,,,,,,,,,307.3998945000003,307.4026018000004,307.4026018000004,309.8974890999998,309.8974890999998,309.8974890999998,312.3964431000004,312.3964431000004,312.3964431000004,312.3972590000003,None,None,num_3,1.3260641000006217,0.12784999999985303,,,,,,,,,,,,,,,,,,,,,,,,,,,,,,,,,,,,,,,,,,,,,,,,,,,,,,,,,,,,,,,,,,,,,,,,,,,,,,,,,,,,,,,,,,,,,,,,,,,,,,,,,,,,,,,,,,,,LP2804,001,2026-04-28_11h04.03.029,SEED,2024.2.5,None,2026-04-28 11h07.28.089256 +0100,
29,,,,,,,,,,,,2.1,22,22,0,,,,,,Scenes_Dataset/pool_B.jpg,"(600, 450)",Congruent,Objects_Dataset/slippers.png,"(280, 300)",old,left,Objects_Dataset/bikini.png,"(350, 350)","(300, -200)","(300, 200)",down,None,None,num_3,0.9170027999998638,0.12768659999983356,,,,,,,,,,,,,,,,,,,,,,0,22,22,28,,,,,,,,,,,,,,,,,312.41593040000043,,,,,,,,,,,,,,312.39763669999957,312.41593040000043,314.62979730000006,314.88528680000036,314.5298554000001,314.8635390999998,,,,,,,,,,,,,,,,,,,,,,,,,314.8824833999997,314.88528680000036,314.88528680000036,317.36280329999954,317.36280329999954,317.36280329999954,319.8630801999998,319.8630801999998,319.8630801999998,319.88171989999955,None,None,num_3,0.9170027999998638,0.12768659999983356,,,,,,,,,,,,,,,,,,,,,,,,,,,,,,,,,,,,,,,,,,,,,,,,,,,,,,,,,,,,,,,,,,,,,,,,,,,,,,,,,,,,,,,,,,,,,,,,,,,,,,,,,,,,,,,,,,,,LP2804,001,2026-04-28_11h04.03.029,SEED,2024.2.5,None,2026-04-28 11h07.28.089256 +0100,
28,,,,,,,,,,,,2.05,23,23,0,,,,,,Scenes_Dataset/public_toilet_A.jpg,"(600, 375)",Congruent,Objects_Dataset/hands_dryer.png,"(350, 267)",old,left,Objects_Dataset/paper_towel_dispenser.png,"(300, 400)","(300, -200)","(300, 200)",down,None,None,num_3,0.6650765999993382,0.13591100000030565,,,,,,,,,,,,,,,,,,,,,,0,23,23,27,,,,,,,,,,,,,,,,,319.8965973000004,,,,,,,,,,,,,,319.8827276000002,319.8965973000004,322.11337530000037,322.3770754999996,321.94633630000044,322.34799999999996,,,,,,,,,,,,,,,,,,,,,,,,,322.37416440000015,322.3770754999996,322.3770754999996,324.8464990000002,324.8464990000002,324.8464990000002,327.34926389999964,327.34926389999964,327.34926389999964,327.3500047999996,None,None,num_3,0.6650765999993382,0.13591100000030565,,,,,,,,,,,,,,,,,,,,,,,,,,,,,,,,,,,,,,,,,,,,,,,,,,,,,,,,,,,,,,,,,,,,,,,,,,,,,,,,,,,,,,,,,,,,,,,,,,,,,,,,,,,,,,,,,,,,LP2804,001,2026-04-28_11h04.03.029,SEED,2024.2.5,None,2026-04-28 11h07.28.089256 +0100,
38,,,,,,,,,,,,2.55,24,24,0,,,,,,Scenes_Dataset/garden_A.jpg,"(600, 446)",Incongruent,Objects_Dataset/airplane_belt.png,"(300, 249)",old,left,Objects_Dataset/saline_retouched.png,"(300, 225)","(300, 200)","(300, -200)",up,None,None,num_1,0.47429710000051273,0.12799699999959557,,,,,,,,,,,,,,,,,,,,,,0,24,24,37,,,,,,,,,,,,,,,,,327.36569150000014,,,,,,,,,,,,,,327.3502580000004,327.36569150000014,329.61353119999967,329.8635327000002,329.9356832000003,329.9139863999999,,,,,,,,,,,,,,,,,,,,,,,,,329.93305280000004,329.9356832000003,329.9356832000003,332.41324369999984,332.41324369999984,332.41324369999984,334.9159036000001,334.9159036000001,334.9159036000001,334.91649739999957,None,None,num_1,0.47429710000051273,0.12799699999959557,,,,,,,,,,,,,,,,,,,,,,,,,,,,,,,,,,,,,,,,,,,,,,,,,,,,,,,,,,,,,,,,,,,,,,,,,,,,,,,,,,,,,,,,,,,,,,,,,,,,,,,,,,,,,,,,,,,,LP2804,001,2026-04-28_11h04.03.029,SEED,2024.2.5,None,2026-04-28 11h07.28.089256 +0100,
10,,,,,,,,,,,,2.45,25,25,0,,,,,,Scenes_Dataset/toy_store_B.jpg,"(600, 415)",Congruent,Objects_Dataset/doll.png,"(191, 300)",old,left,Objects_Dataset/abacus.png,"(185, 200)","(300, -200)","(300, 200)",down,None,None,num_3,1.2390974999998434,0.14421190000030037,,,,,,,,,,,,,,,,,,,,,,0,25,25,9,,,,,,,,,,,,,,,,,334.9300105000002,,,,,,,,,,,,,,334.9167484999998,334.9300105000002,337.16380219999974,337.4201058999997,337.3800173999998,337.39735779999955,,,,,,,,,,,,,,,,,,,,,,,,,337.4173047000004,337.4201058999997,337.4201058999997,339.8964211000002,339.8964211000002,339.8964211000002,342.39689329999965,342.39689329999965,342.39689329999965,342.4148581999998,None,None,num_3,1.2390974999998434,0.14421190000030037,,,,,,,,,,,,,,,,,,,,,,,,,,,,,,,,,,,,,,,,,,,,,,,,,,,,,,,,,,,,,,,,,,,,,,,,,,,,,,,,,,,,,,,,,,,,,,,,,,,,,,,,,,,,,,,,,,,,LP2804,001,2026-04-28_11h04.03.029,SEED,2024.2.5,None,2026-04-28 11h07.28.089256 +0100,
1,,,,,,,,,,,,2,26,26,0,,,,,,Scenes_Dataset/office_work_A.jpg,"(600, 470)",Congruent,Objects_Dataset/staple_puller_retouched.png,"(400, 400)",old,left,Objects_Dataset/clock.png,"(250, 248)","(300, -200)","(300, 200)",down,None,None,num_3,0.8996111999995264,0.13587749999987864,,,,,,,,,,,,,,,,,,,,,,0,26,26,0,,,,,,,,,,,,,,,,,342.4301839,,,,,,,,,,,,,,342.4154316000004,342.4301839,344.64680940000017,344.9031057000002,344.4304093999999,344.8808863000004,,,,,,,,,,,,,,,,,,,,,,,,,344.9003800999999,344.9031057000002,344.9031057000002,347.38005580000026,347.38005580000026,347.38005580000026,349.8825445000002,349.8825445000002,349.8825445000002,349.8838391999998,None,None,num_3,0.8996111999995264,0.13587749999987864,,,,,,,,,,,,,,,,,,,,,,,,,,,,,,,,,,,,,,,,,,,,,,,,,,,,,,,,,,,,,,,,,,,,,,,,,,,,,,,,,,,,,,,,,,,,,,,,,,,,,,,,,,,,,,,,,,,,LP2804,001,2026-04-28_11h04.03.029,SEED,2024.2.5,None,2026-04-28 11h07.28.089256 +0100,
48,,,,,,,,,,,,3.05,27,27,0,,,,,,Scenes_Dataset/ballet_room_A.jpg,"(600, 398)",Incongruent,Objects_Dataset/hiking_boots.png,"(300, 300)",old,left,Objects_Dataset/bicycle_bell.png,"(250, 210)","(300, 200)","(300, -200)",up,None,None,num_1,0.8415271000003486,0.1359229999998206,,,,,,,,,,,,,,,,,,,,,,0,27,27,47,,,,,,,,,,,,,,,,,349.8973818000004,,,,,,,,,,,,,,349.8843360000001,349.8973818000004,352.1305900999996,352.38033780000023,352.95040679999966,352.9308106999997,,,,,,,,,,,,,,,,,,,,,,,,,352.94770549999976,352.95040679999966,352.95040679999966,355.43002720000004,355.43002720000004,355.43002720000004,357.93043620000026,357.93043620000026,357.93043620000026,357.94840920000024,None,None,num_1,0.8415271000003486,0.1359229999998206,,,,,,,,,,,,,,,,,,,,,,,,,,,,,,,,,,,,,,,,,,,,,,,,,,,,,,,,,,,,,,,,,,,,,,,,,,,,,,,,,,,,,,,,,,,,,,,,,,,,,,,,,,,,,,,,,,,,LP2804,001,2026-04-28_11h04.03.029,SEED,2024.2.5,None,2026-04-28 11h07.28.089256 +0100,
49,,,,,,,,,,,,3.1,28,28,0,,,,,,Scenes_Dataset/restaurant_A.jpg,"(600, 400)",Incongruent,Objects_Dataset/comb.png,"(250, 250)",old,left,Objects_Dataset/football_boots.png,"(300, 300)","(300, 200)","(300, -200)",up,None,None,num_1,1.044697599999381,0.12003340000046592,,,,,,,,,,,,,,,,,,,,,,0,28,28,48,,,,,,,,,,,,,,,,,357.96379439999964,,,,,,,,,,,,,,357.94894399999976,357.96379439999964,360.1805049000004,360.4306233999996,361.06794919999993,361.04758180000044,,,,,,,,,,,,,,,,,,,,,,,,,361.0653288000003,361.06794919999993,361.06794919999993,363.5467778000002,363.5467778000002,363.5467778000002,366.0472257000001,366.0472257000001,366.0472257000001,366.0650787000004,None,None,num_1,1.044697599999381,0.12003340000046592,,,,,,,,,,,,,,,,,,,,,,,,,,,,,,,,,,,,,,,,,,,,,,,,,,,,,,,,,,,,,,,,,,,,,,,,,,,,,,,,,,,,,,,,,,,,,,,,,,,,,,,,,,,,,,,,,,,,LP2804,001,2026-04-28_11h04.03.029,SEED,2024.2.5,None,2026-04-28 11h07.28.089256 +0100,
20,,,,,,,,,,,,2.95,29,29,0,,,,,,Scenes_Dataset/basketball_field_A.jpg,"(600, 399)",Congruent,Objects_Dataset/whistle.png,"(200, 151)",old,left,Objects_Dataset/basketball.png,"(282, 300)","(300, -200)","(300, 200)",down,None,None,num_3,1.789420300000529,0.1278069999998479,,,,,,,,,,,,,,,,,,,,,,0,29,29,19,,,,,,,,,,,,,,,,,366.0805683999997,,,,,,,,,,,,,,366.0655913999999,366.0805683999997,368.29742819999956,368.54725979999967,369.0380705999996,369.01653369999985,,,,,,,,,,,,,,,,,,,,,,,,,369.0355185999997,369.0380705999996,369.0380705999996,371.5302155999998,371.5302155999998,371.5302155999998,374.03082319999976,374.03082319999976,374.03082319999976,374.0321584000003,None,None,num_3,1.789420300000529,0.1278069999998479,,,,,,,,,,,,,,,,,,,,,,,,,,,,,,,,,,,,,,,,,,,,,,,,,,,,,,,,,,,,,,,,,,,,,,,,,,,,,,,,,,,,,,,,,,,,,,,,,,,,,,,,,,,,,,,,,,,,LP2804,001,2026-04-28_11h04.03.029,SEED,2024.2.5,None,2026-04-28 11h07.28.089256 +0100,
45,,,,,,,,,,,,2.9,30,30,0,,,,,,Scenes_Dataset/factory_B.jpg,"(600, 415)",Incongruent,Objects_Dataset/shield.png,"(199, 300)",old,left,Objects_Dataset/trumpet_retouched.png,"(300, 122)","(300, 200)","(300, -200)",up,None,None,num_1,1.1606269000003522,0.1358870999993087,,,,,,,,,,,,,,,,,,,,,,0,30,30,44,,,,,,,,,,,,,,,,,374.0472937000004,,,,,,,,,,,,,,374.0326409999998,374.0472937000004,376.2806819999996,376.5327434000001,376.95757440000034,376.9331081,,,,,,,,,,,,,,,,,,,,,,,,,376.9545562000003,376.95757440000034,376.95757440000034,379.44697519999954,379.44697519999954,379.44697519999954,381.94737350000014,381.94737350000014,381.94737350000014,381.94868119999956,None,None,num_1,1.1606269000003522,0.1358870999993087,,,,,,,,,,,,,,,,,,,,,,,,,,,,,,,,,,,,,,,,,,,,,,,,,,,,,,,,,,,,,,,,,,,,,,,,,,,,,,,,,,,,,,,,,,,,,,,,,,,,,,,,,,,,,,,,,,,,LP2804,001,2026-04-28_11h04.03.029,SEED,2024.2.5,None,2026-04-28 11h07.28.089256 +0100,
43,,,,,,,,,,,,2.8,31,31,0,,,,,,Scenes_Dataset/home_office_A.jpg,"(600, 399)",Incongruent,Objects_Dataset/bicycle_bell.png,"(250, 210)",old,left,Objects_Dataset/unicycle_retouched.png,"(159, 300)","(300, 200)","(300, -200)",up,None,None,num_1,1.624340200000006,0.1440068000001702,,,,,,,,,,,,,,,,,,,,,,0,31,31,42,,,,,,,,,,,,,,,,,381.9640264999998,,,,,,,,,,,,,,381.9491968000002,381.9640264999998,384.1976168000001,384.4479809000004,384.77184020000004,384.7483886,,,,,,,,,,,,,,,,,,,,,,,,,384.76924130000043,384.77184020000004,384.77184020000004,387.24713280000014,387.24713280000014,387.24713280000014,389.76419689999966,389.76419689999966,389.76419689999966,389.76555610000014,None,None,num_1,1.624340200000006,0.1440068000001702,,,,,,,,,,,,,,,,,,,,,,,,,,,,,,,,,,,,,,,,,,,,,,,,,,,,,,,,,,,,,,,,,,,,,,,,,,,,,,,,,,,,,,,,,,,,,,,,,,,,,,,,,,,,,,,,,,,,LP2804,001,2026-04-28_11h04.03.029,SEED,2024.2.5,None,2026-04-28 11h07.28.089256 +0100,
27,,,,,,,,,,,,2,32,32,0,,,,,,Scenes_Dataset/toilet_A.jpg,"(600, 450)",Congruent,Objects_Dataset/toothbrush.png,"(300, 215)",old,left,Objects_Dataset/hairdryer_retouched.png,"(250, 241)","(300, -200)","(300, 200)",down,None,None,num_3,0.8682339999995747,0.13614349999988917,,,,,,,,,,,,,,,,,,,,,,0,32,32,26,,,,,,,,,,,,,,,,,389.7808908999996,,,,,,,,,,,,,,389.765899,389.7808908999996,391.9976403999999,392.25751539999965,391.78096189999997,392.2319656999998,,,,,,,,,,,,,,,,,,,,,,,,,392.25496790000034,392.25751539999965,392.25751539999965,394.7472452000002,394.7472452000002,394.7472452000002,397.2478008999997,397.2478008999997,397.2478008999997,397.2489408000001,None,None,num_3,0.8682339999995747,0.13614349999988917,,,,,,,,,,,,,,,,,,,,,,,,,,,,,,,,,,,,,,,,,,,,,,,,,,,,,,,,,,,,,,,,,,,,,,,,,,,,,,,,,,,,,,,,,,,,,,,,,,,,,,,,,,,,,,,,,,,,LP2804,001,2026-04-28_11h04.03.029,SEED,2024.2.5,None,2026-04-28 11h07.28.089256 +0100,
34,,,,,,,,,,,,2.35,33,33,0,,,,,,Scenes_Dataset/flower_shop_A.jpg,"(600, 450)",Incongruent,Objects_Dataset/trumpet_retouched.png,"(300, 122)",old,left,Objects_Dataset/sailor_hat.png,"(300, 250)","(300, 200)","(300, -200)",up,None,None,num_2,1.273557699999401,0.12035980000018753,,,,,,,,,,,,,,,,,,,,,,0,33,33,33,,,,,,,,,,,,,,,,,397.2643342000001,,,,,,,,,,,,,,397.24933559999954,397.2643342000001,399.4809967000001,399.73105099999975,399.6142116000001,399.7150273999996,,,,,,,,,,,,,,,,,,,,,,,,,399.72815530000025,399.73105099999975,399.73105099999975,402.21394750000036,402.21394750000036,402.21394750000036,404.7309898000003,404.7309898000003,404.7309898000003,404.71528339999986,None,None,num_2,1.273557699999401,0.12035980000018753,404.7309898000003,404.7309898000003,,,,,,,,,,,,,,,,,,,,,,,,,,,,,,,,,,,,,,,,,,,,,,,,,,,,,,,,,,,,,,,,,,,,,,,,,,,,,,,,,,,,,,,,,,,,,,,,,,,,,,,,,,,,,,,,,,LP2804,001,2026-04-28_11h04.03.029,SEED,2024.2.5,None,2026-04-28 11h07.28.089256 +0100,
3,,,,,,,,,,,,2.1,34,34,0,,,,,,Scenes_Dataset/car_interior_A.jpg,"(600, 389)",Congruent,Objects_Dataset/car_mat.png,"(230, 258)",old,left,Objects_Dataset/car_key.png,"(300, 125)","(300, -200)","(300, 200)",down,None,None,num_3,0.6300517999998192,0.14396860000033485,,,,,,,,,,,,,,,,,,,,,,0,34,34,2,,,,,,,,,,,,,,,,,404.7309898000003,,,,,,,,,,,,,,404.7155211999998,404.7309898000003,406.9647523000003,407.2244166999999,406.83117609999954,407.1982478,,,,,,,,,,,,,,,,,,,,,,,,,407.2213013999999,407.2244166999999,407.2244166999999,409.6975045999998,409.6975045999998,409.6975045999998,412.2002488999997,412.2002488999997,412.2002488999997,412.20149239999955,None,None,num_3,0.6300517999998192,0.14396860000033485,,,,,,,,,,,,,,,,,,,,,,,,,,,,,,,,,,,,,,,,,,,,,,,,,,,,,,,,,,,,,,,,,,,,,,,,,,,,,,,,,,,,,,,,,,,,,,,,,,,,,,,,,,,,,,,,,,,,LP2804,001,2026-04-28_11h04.03.029,SEED,2024.2.5,None,2026-04-28 11h07.28.089256 +0100,
14,,,,,,,,,,,,2.65,35,35,0,,,,,,Scenes_Dataset/palace_interior_A.jpg,"(600, 447)",Congruent,Objects_Dataset/chandelier_retouched.png,"(250, 300)",old,left,Objects_Dataset/crown.png,"(300, 249)","(300, -200)","(300, 200)",down,None,None,num_3,0.7720267999993666,0.12009219999981724,,,,,,,,,,,,,,,,,,,,,,0,35,35,13,,,,,,,,,,,,,,,,,412.21452560000034,,,,,,,,,,,,,,412.20193409999956,412.21452560000034,414.4480506,414.69803219999994,414.87582120000025,414.8486396999997,,,,,,,,,,,,,,,,,,,,,,,,,414.8728979999996,414.87582120000025,414.87582120000025,417.34750150000036,417.34750150000036,417.34750150000036,419.86480519999986,419.86480519999986,419.86480519999986,419.8664778000002,None,None,num_3,0.7720267999993666,0.12009219999981724,,,,,,,,,,,,,,,,,,,,,,,,,,,,,,,,,,,,,,,,,,,,,,,,,,,,,,,,,,,,,,,,,,,,,,,,,,,,,,,,,,,,,,,,,,,,,,,,,,,,,,,,,,,,,,,,,,,,LP2804,001,2026-04-28_11h04.03.029,SEED,2024.2.5,None,2026-04-28 11h07.28.089256 +0100,
24,,,,,,,,,,,,3.15,36,36,0,,,,,,Scenes_Dataset/marina_A.jpg,"(600, 450)",Congruent,Objects_Dataset/sailor_hat.png,"(300, 250)",old,left,Objects_Dataset/rope.png,"(300, 248)","(300, -200)","(300, 200)",down,None,None,num_3,0.7326138999997056,0.13594170000033046,,,,,,,,,,,,,,,,,,,,,,0,36,36,23,,,,,,,,,,,,,,,,,419.88128119999965,,,,,,,,,,,,,,419.8669675000001,419.88128119999965,422.09796749999987,422.34809140000016,423.03675289999956,423.01631,,,,,,,,,,,,,,,,,,,,,,,,,423.0340908999997,423.03675289999956,423.03675289999956,425.5311365999996,425.5311365999996,425.5311365999996,428.0320921000002,428.0320921000002,428.0320921000002,428.03306619999967,None,None,num_3,0.7326138999997056,0.13594170000033046,,,,,,,,,,,,,,,,,,,,,,,,,,,,,,,,,,,,,,,,,,,,,,,,,,,,,,,,,,,,,,,,,,,,,,,,,,,,,,,,,,,,,,,,,,,,,,,,,,,,,,,,,,,,,,,,,,,,LP2804,001,2026-04-28_11h04.03.029,SEED,2024.2.5,None,2026-04-28 11h07.28.089256 +0100,
41,,,,,,,,,,,,2.7,37,37,0,,,,,,Scenes_Dataset/attic_A.jpg,"(600, 400)",Incongruent,Objects_Dataset/ticket_machine.png,"(200, 300)",old,left,Objects_Dataset/cake_holder.png,"(300, 209)","(300, 200)","(300, -200)",up,None,None,num_1,0.840345000000525,0.14398309999978665,,,,,,,,,,,,,,,,,,,,,,0,37,37,40,,,,,,,,,,,,,,,,,428.0480980000002,,,,,,,,,,,,,,428.03348259999984,428.0480980000002,430.2817369000004,430.53151179999986,430.7557391999999,430.73200670000006,,,,,,,,,,,,,,,,,,,,,,,,,430.7507155000003,430.7557391999999,430.7557391999999,433.2311676999998,433.2311676999998,433.2311676999998,435.7314970999996,435.7314970999996,435.7314970999996,435.7499541999996,None,None,num_1,0.840345000000525,0.14398309999978665,,,,,,,,,,,,,,,,,,,,,,,,,,,,,,,,,,,,,,,,,,,,,,,,,,,,,,,,,,,,,,,,,,,,,,,,,,,,,,,,,,,,,,,,,,,,,,,,,,,,,,,,,,,,,,,,,,,,LP2804,001,2026-04-28_11h04.03.029,SEED,2024.2.5,None,2026-04-28 11h07.28.089256 +0100,
8,,,,,,,,,,,,2.35,38,38,0,,,,,,Scenes_Dataset/igloo_A.jpg,"(600, 450)",Congruent,Objects_Dataset/eskimo_coat.png,"(300, 300)",old,left,Objects_Dataset/wool_cap.png,"(250, 250)","(300, -200)","(300, 200)",down,None,None,num_3,0.7810581000003367,0.15206659999967087,,,,,,,,,,,,,,,,,,,,,,0,38,38,7,,,,,,,,,,,,,,,,,435.7649580999996,,,,,,,,,,,,,,435.7504898999996,435.7649580999996,437.98146149999957,438.23937579999983,438.11495000000014,438.2153330000001,,,,,,,,,,,,,,,,,,,,,,,,,438.2363164999997,438.23937579999983,438.23937579999983,440.71455220000007,440.71455220000007,440.71455220000007,443.21487999999954,443.21487999999954,443.21487999999954,443.2330261999996,None,None,num_3,0.7810581000003367,0.15206659999967087,,,,,,,,,,,,,,,,,,,,,,,,,,,,,,,,,,,,,,,,,,,,,,,,,,,,,,,,,,,,,,,,,,,,,,,,,,,,,,,,,,,,,,,,,,,,,,,,,,,,,,,,,,,,,,,,,,,,LP2804,001,2026-04-28_11h04.03.029,SEED,2024.2.5,None,2026-04-28 11h07.28.089256 +0100,
5,,,,,,,,,,,,2.2,39,39,0,,,,,,Scenes_Dataset/movie_theater_A.jpg,"(600, 364)",Congruent,Objects_Dataset/3d_glasses_retouched.png,"(300, 300)",old,left,Objects_Dataset/movie_reels.png,"(350, 268)","(300, -200)","(300, 200)",down,None,None,num_3,0.8087560000003577,0.1440296999999191,,,,,,,,,,,,,,,,,,,,,,0,39,39,4,,,,,,,,,,,,,,,,,443.24833729999955,,,,,,,,,,,,,,443.2334828000003,443.24833729999955,445.4678206999997,445.73488089999955,445.4483398000002,445.71534109999993,,,,,,,,,,,,,,,,,,,,,,,,,445.73238459999993,445.73488089999955,445.73488089999955,448.2147308000003,448.2147308000003,448.2147308000003,450.7150554,450.7150554,450.7150554,450.73303810000016,None,None,num_3,0.8087560000003577,0.1440296999999191,,,,,,,,,,,,,,,,,,,,,,,,,,,,,,,,,,,,,,,,,,,,,,,,,,,,,,,,,,,,,,,,,,,,,,,,,,,,,,,,,,,,,,,,,,,,,,,,,,,,,,,,,,,,,,,,,,,,LP2804,001,2026-04-28_11h04.03.029,SEED,2024.2.5,None,2026-04-28 11h07.28.089256 +0100,
58,,,,,,,,,,,,2.25,40,40,0,,,,,,Scenes_Dataset/museum_A.jpg,"(600, 337)",Incongruent,Objects_Dataset/bikini.png,"(350, 350)",old,left,Objects_Dataset/clothesline_retouched_2.png,"(350, 231)","(300, 200)","(300, -200)",up,None,None,num_1,0.6933120999992752,0.16033880000031786,,,,,,,,,,,,,,,,,,,,,,0,40,40,57,,,,,,,,,,,,,,,,,450.74841670000023,,,,,,,,,,,,,,450.73358410000037,450.74841670000023,452.96520210000017,453.22187229999963,452.99841769999966,453.1988160000001,,,,,,,,,,,,,,,,,,,,,,,,,453.2191079000004,453.22187229999963,453.22187229999963,455.69812490000004,455.69812490000004,455.69812490000004,458.19863970000006,458.19863970000006,458.19863970000006,458.21657380000033,None,None,num_1,0.6933120999992752,0.16033880000031786,,,,,,,,,,,,,,,,,,,,,,,,,,,,,,,,,,,,,,,,,,,,,,,,,,,,,,,,,,,,,,,,,,,,,,,,,,,,,,,,,,,,,,,,,,,,,,,,,,,,,,,,,,,,,,,,,,,,LP2804,001,2026-04-28_11h04.03.029,SEED,2024.2.5,None,2026-04-28 11h07.28.089256 +0100,
50,,,,,,,,,,,,3.15,41,41,0,,,,,,Scenes_Dataset/playground_A.jpg,"(600, 337)",Incongruent,Objects_Dataset/water_dispenser.png,"(300, 300)",old,left,Objects_Dataset/wine_cork.png,"(250, 163)","(300, 200)","(300, -200)",up,None,None,num_1,1.1262572000005093,0.14412109999921086,,,,,,,,,,,,,,,,,,,,,,0,41,41,49,,,,,,,,,,,,,,,,,458.23184370000035,,,,,,,,,,,,,,458.21724149999955,458.23184370000035,460.44865219999974,460.6986657999996,461.38537110000016,461.3658488000001,,,,,,,,,,,,,,,,,,,,,,,,,461.3796089999996,461.38537110000016,461.38537110000016,463.86519080000016,463.86519080000016,463.86519080000016,466.36547020000035,466.36547020000035,466.36547020000035,466.38393989999986,None,None,num_1,1.1262572000005093,0.14412109999921086,,,,,,,,,,,,,,,,,,,,,,,,,,,,,,,,,,,,,,,,,,,,,,,,,,,,,,,,,,,,,,,,,,,,,,,,,,,,,,,,,,,,,,,,,,,,,,,,,,,,,,,,,,,,,,,,,,,,LP2804,001,2026-04-28_11h04.03.029,SEED,2024.2.5,None,2026-04-28 11h07.28.089256 +0100,
9,,,,,,,,,,,,2.4,42,42,0,,,,,,Scenes_Dataset/childrens_room_A.jpg,"(600, 524)",Congruent,Objects_Dataset/abacus.png,"(185, 200)",old,left,Objects_Dataset/doll.png,"(191, 300)","(300, -200)","(300, 200)",down,None,None,num_2,1.3229638000002524,0.12813129999995,,,,,,,,,,,,,,,,,,,,,,0,42,42,8,,,,,,,,,,,,,,,,,466.4002491000001,,,,,,,,,,,,,,466.38447579999956,466.4002491000001,468.6156351999998,468.87729709999985,468.8155549000003,468.8492749999996,,,,,,,,,,,,,,,,,,,,,,,,,468.87185899999986,468.87729709999985,468.87729709999985,471.34853660000044,471.34853660000044,471.34853660000044,473.8491141000004,473.8491141000004,473.8491141000004,473.8504509000004,None,None,num_2,1.3229638000002524,0.12813129999995,,,,,,,,,,,,,,,,,,,,,,,,,,,,,,,,,,,,,,,,,,,,,,,,,,,,,,,,,,,,,,,,,,,,,,,,,,,,,,,,,,,,,,,,,,,,,,,,,,,,,,,,,,,,,,,,,,,,LP2804,001,2026-04-28_11h04.03.029,SEED,2024.2.5,None,2026-04-28 11h07.28.089256 +0100,
44,,,,,,,,,,,,2.85,43,43,0,,,,,,Scenes_Dataset/boat_interior_A.jpg,"(600, 400)",Incongruent,Objects_Dataset/scooter_retouched.png,"(311, 350)",old,left,Objects_Dataset/car_mat.png,"(230, 258)","(300, 200)","(300, -200)",up,None,None,num_1,0.8487653000001956,0.11189250000006723,,,,,,,,,,,,,,,,,,,,,,0,43,43,43,,,,,,,,,,,,,,,,,473.8658621000004,,,,,,,,,,,,,,473.85097769999993,473.8658621000004,476.09897920000003,476.34898090000024,476.72229510000034,476.69930769999974,,,,,,,,,,,,,,,,,,,,,,,,,476.7150848000001,476.72229510000034,476.72229510000034,479.1987804999999,479.1987804999999,479.1987804999999,481.69910400000026,481.69910400000026,481.69910400000026,481.7169428999996,None,None,num_1,0.8487653000001956,0.11189250000006723,,,,,,,,,,,,,,,,,,,,,,,,,,,,,,,,,,,,,,,,,,,,,,,,,,,,,,,,,,,,,,,,,,,,,,,,,,,,,,,,,,,,,,,,,,,,,,,,,,,,,,,,,,,,,,,,,,,,LP2804,001,2026-04-28_11h04.03.029,SEED,2024.2.5,None,2026-04-28 11h07.28.089256 +0100,
35,,,,,,,,,,,,2.4,44,44,0,,,,,,Scenes_Dataset/dentist_A.jpg,"(600, 400)",Incongruent,Objects_Dataset/basketball.png,"(282, 300)",old,left,Objects_Dataset/chandelier_retouched.png,"(250, 300)","(300, 200)","(300, -200)",up,None,None,num_1,0.4531729999998788,0.13611849999961123,,,,,,,,,,,,,,,,,,,,,,0,44,44,34,,,,,,,,,,,,,,,,,481.73336070000005,,,,,,,,,,,,,,481.71755680000024,481.73336070000005,483.94941089999975,484.19944269999996,484.13246569999956,484.183051,,,,,,,,,,,,,,,,,,,,,,,,,484.19660550000026,484.19944269999996,484.19944269999996,486.6823940000004,486.6823940000004,486.6823940000004,489.1824779999997,489.1824779999997,489.1824779999997,489.1836862,None,None,num_1,0.4531729999998788,0.13611849999961123,489.19927050000024,489.19927050000024,,,,,,,,,,,,,,,,,,,,,,,,,,,,,,,,,,,,,,,,,,,,,,,,,,,,,,,,,,,,,,,,,,,,,,,,,,,,,,,,,,,,,,,,,,,,,,,,,,,,,,,,,,,,,,,,,,LP2804,001,2026-04-28_11h04.03.029,SEED,2024.2.5,None,2026-04-28 11h07.28.089256 +0100,
17,,,,,,,,,,,,2.8,45,45,0,,,,,,Scenes_Dataset/stage_A.jpg,"(600, 396)",Congruent,Objects_Dataset/saxophone.png,"(250, 250)",old,left,Objects_Dataset/digital_piano_retouched.png,"(350, 350)","(300, -200)","(300, 200)",down,None,None,num_3,0.7974519999997938,0.1437829000005877,,,,,,,,,,,,,,,,,,,,,,0,45,45,16,,,,,,,,,,,,,,,,,489.19927050000024,,,,,,,,,,,,,,489.1840308999999,489.19927050000024,491.43267639999976,491.68246,492.0030532999999,491.9833781999996,,,,,,,,,,,,,,,,,,,,,,,,,492.0003506000003,492.0030532999999,492.0030532999999,494.4822157999997,494.4822157999997,494.4822157999997,496.9823256999998,496.9823256999998,496.9823256999998,497.00107089999983,None,None,num_3,0.7974519999997938,0.1437829000005877,,,,,,,,,,,,,,,,,,,,,,,,,,,,,,,,,,,,,,,,,,,,,,,,,,,,,,,,,,,,,,,,,,,,,,,,,,,,,,,,,,,,,,,,,,,,,,,,,,,,,,,,,,,,,,,,,,,,LP2804,001,2026-04-28_11h04.03.029,SEED,2024.2.5,None,2026-04-28 11h07.28.089256 +0100,
36,,,,,,,,,,,,2.45,46,46,0,,,,,,Scenes_Dataset/stable_A.jpg,"(600, 450)",Incongruent,Objects_Dataset/remote_control.png,"(300, 293)",old,left,Objects_Dataset/sword_retouched.png,"(300, 300)","(300, 200)","(300, -200)",up,None,None,num_1,1.0809540999998717,0.12773500000002969,,,,,,,,,,,,,,,,,,,,,,0,46,46,35,,,,,,,,,,,,,,,,,497.01622849999967,,,,,,,,,,,,,,497.0016207999997,497.01622849999967,499.23286780000035,499.4899174000002,499.4684481000004,499.4688022999999,,,,,,,,,,,,,,,,,,,,,,,,,499.48692519999986,499.4899174000002,499.4899174000002,501.98273400000016,501.98273400000016,501.98273400000016,504.48263289999977,504.48263289999977,504.48263289999977,504.4834467999999,None,None,num_1,1.0809540999998717,0.12773500000002969,,,,,,,,,,,,,,,,,,,,,,,,,,,,,,,,,,,,,,,,,,,,,,,,,,,,,,,,,,,,,,,,,,,,,,,,,,,,,,,,,,,,,,,,,,,,,,,,,,,,,,,,,,,,,,,,,,,,LP2804,001,2026-04-28_11h04.03.029,SEED,2024.2.5,None,2026-04-28 11h07.28.089256 +0100,
46,,,,,,,,,,,,2.95,47,47,0,,,,,,Scenes_Dataset/skate_park_A.jpg,"(600, 450)",Incongruent,Objects_Dataset/paddle.png,"(300, 299)",old,left,Objects_Dataset/fan.png,"(350, 350)","(300, 200)","(300, -200)",up,None,None,num_1,0.5628444999993008,0.1440485000002809,,,,,,,,,,,,,,,,,,,,,,0,47,47,45,,,,,,,,,,,,,,,,,504.4992473000002,,,,,,,,,,,,,,504.48380590000033,504.4992473000002,506.7327363000004,506.9856884000001,507.4549637,507.4334079,,,,,,,,,,,,,,,,,,,,,,,,,507.4516653999999,507.4549637,507.4549637,509.9326271,509.9326271,509.9326271,512.4328607999996,512.4328607999996,512.4328607999996,512.450906,None,None,num_1,0.5628444999993008,0.1440485000002809,,,,,,,,,,,,,,,,,,,,,,,,,,,,,,,,,,,,,,,,,,,,,,,,,,,,,,,,,,,,,,,,,,,,,,,,,,,,,,,,,,,,,,,,,,,,,,,,,,,,,,,,,,,,,,,,,,,,LP2804,001,2026-04-28_11h04.03.029,SEED,2024.2.5,None,2026-04-28 11h07.28.089256 +0100,
2,,,,,,,,,,,,2.05,48,48,0,,,,,,Scenes_Dataset/waiting_room_A.jpg,"(600, 450)",Congruent,Objects_Dataset/clock.png,"(250, 248)",old,left,Objects_Dataset/water_dispenser.png,"(300, 300)","(300, -200)","(300, 200)",down,None,None,num_3,1.0161925000002157,0.14350959999956103,,,,,,,,,,,,,,,,,,,,,,0,48,48,1,,,,,,,,,,,,,,,,,512.4663066000003,,,,,,,,,,,,,,512.4513416999998,512.4663066000003,514.6831867000001,514.9323806000002,514.5161092999997,514.9169320999999,,,,,,,,,,,,,,,,,,,,,,,,,514.9283575,514.9323806000002,514.9323806000002,517.4158232999998,517.4158232999998,517.4158232999998,519.9163588000001,519.9163588000001,519.9163588000001,519.9175095,None,None,num_3,1.0161925000002157,0.14350959999956103,519.9331155,519.9331155,,,,,,,,,,,,,,,,,,,,,,,,,,,,,,,,,,,,,,,,,,,,,,,,,,,,,,,,,,,,,,,,,,,,,,,,,,,,,,,,,,,,,,,,,,,,,,,,,,,,,,,,,,,,,,,,,,LP2804,001,2026-04-28_11h04.03.029,SEED,2024.2.5,None,2026-04-28 11h07.28.089256 +0100,
57,,,,,,,,,,,,2.2,49,49,0,,,,,,Scenes_Dataset/road_A.jpg,"(600, 450)",Incongruent,Objects_Dataset/wine_cork.png,"(250, 163)",old,left,Objects_Dataset/locker.png,"(264, 400)","(300, 200)","(300, -200)",up,None,None,num_1,0.7400539000000208,0.12799140000061016,,,,,,,,,,,,,,,,,,,,,,0,49,49,56,,,,,,,,,,,,,,,,,519.9331155,,,,,,,,,,,,,,519.9177997999996,519.9331155,522.1662692,522.4158602999996,522.1331225000004,522.3998549999997,,,,,,,,,,,,,,,,,,,,,,,,,522.4120401999999,522.4158602999996,522.4158602999996,524.8993960999996,524.8993960999996,524.8993960999996,527.399754,527.399754,527.399754,527.4016009999996,None,None,num_1,0.7400539000000208,0.12799140000061016,,,,,,,,,,,,,,,,,,,,,,,,,,,,,,,,,,,,,,,,,,,,,,,,,,,,,,,,,,,,,,,,,,,,,,,,,,,,,,,,,,,,,,,,,,,,,,,,,,,,,,,,,,,,,,,,,,,,LP2804,001,2026-04-28_11h04.03.029,SEED,2024.2.5,None,2026-04-28 11h07.28.089256 +0100,
60,,,,,,,,,,,,2.35,50,50,0,,,,,,Scenes_Dataset/field_A.jpg,"(600, 403)",Incongruent,Objects_Dataset/computer_monitor.png,"(300, 300)",old,left,Objects_Dataset/plasticine.png,"(250, 167)","(300, 200)","(300, -200)",up,None,None,num_1,0.584813600000416,0.1360344000004261,,,,,,,,,,,,,,,,,,,,,,0,50,50,59,,,,,,,,,,,,,,,,,527.4165053999996,,,,,,,,,,,,,,527.4020287000003,527.4165053999996,529.6499640000002,529.9088258000002,529.7663302000001,529.8839795000004,,,,,,,,,,,,,,,,,,,,,,,,,529.9059858,529.9088258000002,529.9088258000002,532.3827946000001,532.3827946000001,532.3827946000001,534.8998222,534.8998222,534.8998222,534.9010480999996,None,None,num_1,0.584813600000416,0.1360344000004261,,,,,,,,,,,,,,,,,,,,,,,,,,,,,,,,,,,,,,,,,,,,,,,,,,,,,,,,,,,,,,,,,,,,,,,,,,,,,,,,,,,,,,,,,,,,,,,,,,,,,,,,,,,,,,,,,,,,LP2804,001,2026-04-28_11h04.03.029,SEED,2024.2.5,None,2026-04-28 11h07.28.089256 +0100,
7,,,,,,,,,,,,2.3,51,51,0,,,,,,Scenes_Dataset/snow_B.jpg,"(600, 450)",Congruent,Objects_Dataset/wool_cap.png,"(250, 250)",old,left,Objects_Dataset/eskimo_coat.png,"(300, 300)","(300, -200)","(300, 200)",down,None,None,num_2,1.5245647000001554,0.128000400000019,,,,,,,,,,,,,,,,,,,,,,0,51,51,6,,,,,,,,,,,,,,,,,534.9165272,,,,,,,,,,,,,,534.9016487999997,534.9165272,537.1347612,537.4046102000002,537.2165205000001,537.3836106999997,,,,,,,,,,,,,,,,,,,,,,,,,537.4015599000004,537.4046102000002,537.4046102000002,539.8829851999999,539.8829851999999,539.8829851999999,542.3832388999999,542.3832388999999,542.3832388999999,542.4017911000001,None,None,num_2,1.5245647000001554,0.128000400000019,,,,,,,,,,,,,,,,,,,,,,,,,,,,,,,,,,,,,,,,,,,,,,,,,,,,,,,,,,,,,,,,,,,,,,,,,,,,,,,,,,,,,,,,,,,,,,,,,,,,,,,,,,,,,,,,,,,,LP2804,001,2026-04-28_11h04.03.029,SEED,2024.2.5,None,2026-04-28 11h07.28.089256 +0100,
25,,,,,,,,,,,,3.2,52,52,0,,,,,,Scenes_Dataset/building_entrance_A.jpg,"(600, 400)",Congruent,Objects_Dataset/envelope_retouched.png,"(250, 211)",old,left,Objects_Dataset/door_mat.png,"(300, 300)","(300, -200)","(300, 200)",down,None,None,num_2,0.6672682000007626,0.11195469999984198,,,,,,,,,,,,,,,,,,,,,,0,52,52,24,,,,,,,,,,,,,,,,,542.4185230000003,,,,,,,,,,,,,,542.4028033000004,542.4185230000003,544.6333034999998,544.8833397999997,545.6380827000003,545.6171947000003,,,,,,,,,,,,,,,,,,,,,,,,,545.6352612000001,545.6380827000003,545.6380827000003,548.1163929000004,548.1163929000004,548.1163929000004,550.6169374000001,550.6169374000001,550.6169374000001,550.6349698000004,None,None,num_2,0.6672682000007626,0.11195469999984198,,,,,,,,,,,,,,,,,,,,,,,,,,,,,,,,,,,,,,,,,,,,,,,,,,,,,,,,,,,,,,,,,,,,,,,,,,,,,,,,,,,,,,,,,,,,,,,,,,,,,,,,,,,,,,,,,,,,LP2804,001,2026-04-28_11h04.03.029,SEED,2024.2.5,None,2026-04-28 11h07.28.089256 +0100,
11,,,,,,,,,,,,2.5,53,53,0,,,,,,Scenes_Dataset/airplane_interior_A.jpg,"(600, 480)",Congruent,Objects_Dataset/oxygen_mask_retouched.png,"(300, 300)",old,left,Objects_Dataset/airplane_belt.png,"(300, 249)","(300, -200)","(300, 200)",down,None,None,num_3,0.5984457000004113,0.15983649999998306,,,,,,,,,,,,,,,,,,,,,,0,53,53,10,,,,,,,,,,,,,,,,,550.6500738000004,,,,,,,,,,,,,,550.6359114999996,550.6500738000004,552.8691570999999,553.1334317999999,553.1566856999998,553.1341509000003,,,,,,,,,,,,,,,,,,,,,,,,,553.1537091,553.1566856999998,553.1566856999998,555.6331185999998,555.6331185999998,555.6331185999998,558.1333542000002,558.1333542000002,558.1333542000002,558.1519308999996,None,None,num_3,0.5984457000004113,0.15983649999998306,,,,,,,,,,,,,,,,,,,,,,,,,,,,,,,,,,,,,,,,,,,,,,,,,,,,,,,,,,,,,,,,,,,,,,,,,,,,,,,,,,,,,,,,,,,,,,,,,,,,,,,,,,,,,,,,,,,,LP2804,001,2026-04-28_11h04.03.029,SEED,2024.2.5,None,2026-04-28 11h07.28.089256 +0100,
47,,,,,,,,,,,,3,54,54,0,,,,,,Scenes_Dataset/entrance_hall_B.jpg,"(600, 421)",Incongruent,Objects_Dataset/movie_reels.png,"(350, 268)",old,left,Objects_Dataset/payment_terminal.png,"(285, 300)","(300, 200)","(300, -200)",up,None,None,num_1,1.1416994999999588,0.14384490000065853,,,,,,,,,,,,,,,,,,,,,,0,54,54,46,,,,,,,,,,,,,,,,,558.1672159,,,,,,,,,,,,,,558.1523679000002,558.1672159,560.3843884999997,560.6340025999998,561.1711939999996,561.1510287000001,,,,,,,,,,,,,,,,,,,,,,,,,561.1686250000002,561.1711939999996,561.1711939999996,563.6499482999998,563.6499482999998,563.6499482999998,566.1502705000003,566.1502705000003,566.1502705000003,566.1682817000001,None,None,num_1,1.1416994999999588,0.14384490000065853,,,,,,,,,,,,,,,,,,,,,,,,,,,,,,,,,,,,,,,,,,,,,,,,,,,,,,,,,,,,,,,,,,,,,,,,,,,,,,,,,,,,,,,,,,,,,,,,,,,,,,,,,,,,,,,,,,,,LP2804,001,2026-04-28_11h04.03.029,SEED,2024.2.5,None,2026-04-28 11h07.28.089256 +0100,
59,,,,,,,,,,,,2.3,55,55,0,,,,,,Scenes_Dataset/golf_course_A.jpg,"(600, 400)",Incongruent,Objects_Dataset/clothesline_retouched_2.png,"(350, 231)",old,left,Objects_Dataset/computer_monitor.png,"(300, 300)","(300, 200)","(300, -200)",up,None,None,num_1,0.5862820000002102,0.19188750000012078,,,,,,,,,,,,,,,,,,,,,,0,55,55,58,,,,,,,,,,,,,,,,,566.1836413999999,,,,,,,,,,,,,,566.1687511,566.1836413999999,568.4003241999999,568.6560755,568.4836966000003,568.6341208000003,,,,,,,,,,,,,,,,,,,,,,,,,568.6527839,568.6560755,568.6560755,571.1332650000004,571.1332650000004,571.1332650000004,573.6335523999996,573.6335523999996,573.6335523999996,573.6516233000002,None,None,num_1,0.5862820000002102,0.19188750000012078,,,,,,,,,,,,,,,,,,,,,,,,,,,,,,,,,,,,,,,,,,,,,,,,,,,,,,,,,,,,,,,,,,,,,,,,,,,,,,,,,,,,,,,,,,,,,,,,,,,,,,,,,,,,,,,,,,,,LP2804,001,2026-04-28_11h04.03.029,SEED,2024.2.5,None,2026-04-28 11h07.28.089256 +0100,
31,,,,,,,,,,,,2.2,56,56,0,,,,,,Scenes_Dataset/balcony.jpg,"(600, 450)",Incongruent,Objects_Dataset/car_key.png,"(300, 125)",old,left,Objects_Dataset/staple_puller_retouched.png,"(400, 400)","(300, 200)","(300, -200)",up,None,None,num_1,1.0119395000001532,0.12776620000022376,,,,,,,,,,,,,,,,,,,,,,0,56,56,30,,,,,,,,,,,,,,,,,573.6670512999999,,,,,,,,,,,,,,573.6520784000004,573.6670512999999,575.8836598999997,576.1373510000003,575.8669732999997,576.1176409,,,,,,,,,,,,,,,,,,,,,,,,,576.1347717999997,576.1373510000003,576.1373510000003,578.6198155000002,578.6198155000002,578.6198155000002,581.1188241,581.1188241,581.1188241,581.1195828999998,None,None,num_1,1.0119395000001532,0.12776620000022376,,,,,,,,,,,,,,,,,,,,,,,,,,,,,,,,,,,,,,,,,,,,,,,,,,,,,,,,,,,,,,,,,,,,,,,,,,,,,,,,,,,,,,,,,,,,,,,,,,,,,,,,,,,,,,,,,,,,LP2804,001,2026-04-28_11h04.03.029,SEED,2024.2.5,None,2026-04-28 11h07.28.089256 +0100,
56,,,,,,,,,,,,2.15,57,57,0,,,,,,Scenes_Dataset/fountain_A.jpg,"(600, 443)",Incongruent,Objects_Dataset/plasticine.png,"(250, 167)",old,left,Objects_Dataset/hands_dryer.png,"(350, 267)","(300, 200)","(300, -200)",up,None,None,num_1,0.41928899999948044,0.1599169000000984,,,,,,,,,,,,,,,,,,,,,,0,57,57,55,,,,,,,,,,,,,,,,,581.1338615000004,,,,,,,,,,,,,,581.1200023000001,581.1338615000004,583.3673060000001,583.6234496999996,583.2839304999998,583.6011210999995,,,,,,,,,,,,,,,,,,,,,,,,,583.6208511000004,583.6234496999996,583.6234496999996,586.1003091000002,586.1003091000002,586.1003091000002,588.6007659999996,588.6007659999996,588.6007659999996,588.6187037999998,None,None,num_1,0.41928899999948044,0.1599169000000984,,,,,,,,,,,,,,,,,,,,,,,,,,,,,,,,,,,,,,,,,,,,,,,,,,,,,,,,,,,,,,,,,,,,,,,,,,,,,,,,,,,,,,,,,,,,,,,,,,,,,,,,,,,,,,,,,,,,LP2804,001,2026-04-28_11h04.03.029,SEED,2024.2.5,None,2026-04-28 11h07.28.089256 +0100,
18,,,,,,,,,,,,2.85,58,58,0,,,,,,Scenes_Dataset/soccer_stadium_B.jpg,"(600, 400)",Congruent,Objects_Dataset/football_boots.png,"(300, 300)",old,left,Objects_Dataset/whistle.png,"(200, 151)","(300, -200)","(300, 200)",down,None,None,num_3,0.5117953999997553,0.1758812999996735,,,,,,,,,,,,,,,,,,,,,,0,58,58,17,,,,,,,,,,,,,,,,,588.6363514000004,,,,,,,,,,,,,,588.6192572,588.6363514000004,590.8508187999996,591.1007528,591.5050037000001,591.4849494,,,,,,,,,,,,,,,,,,,,,,,,,591.5024455000002,591.5050037000001,591.5050037000001,593.9837711,593.9837711,593.9837711,596.5008406999996,596.5008406999996,596.5008406999996,596.5019413,None,None,num_3,0.5117953999997553,0.1758812999996735,,,,,,,,,,,,,,,,,,,,,,,,,,,,,,,,,,,,,,,,,,,,,,,,,,,,,,,,,,,,,,,,,,,,,,,,,,,,,,,,,,,,,,,,,,,,,,,,,,,,,,,,,,,,,,,,,,,,LP2804,001,2026-04-28_11h04.03.029,SEED,2024.2.5,None,2026-04-28 11h07.28.089256 +0100,
15,,,,,,,,,,,,2.7,59,59,0,,,,,,Scenes_Dataset/river_A.jpg,"(600, 450)",Congruent,Objects_Dataset/kayak.png,"(450, 338)",old,left,Objects_Dataset/paddle.png,"(300, 299)","(300, -200)","(300, 200)",down,None,None,num_2,1.2989122999997562,0.13602429999991728,,,,,,,,,,,,,,,,,,,,,,0,59,59,14,,,,,,,,,,,,,,,,,596.5175178999998,,,,,,,,,,,,,,596.5023349000003,596.5175178999998,598.7342501000003,598.9842046000003,599.2287634000004,599.2013694999996,,,,,,,,,,,,,,,,,,,,,,,,,599.2255079999995,599.2287634000004,599.2287634000004,601.7005864000002,601.7005864000002,601.7005864000002,604.2012401000002,604.2012401000002,604.2012401000002,604.2023584999997,None,None,num_2,1.2989122999997562,0.13602429999991728,,,,,,,,,,,,,,,,,,,,,,,,,,,,,,,,,,,,,,,,,,,,,,,,,,,,,,,,,,,,,,,,,,,,,,,,,,,,,,,,,,,,,,,,,,,,,,,,,,,,,,,,,,,,,,,,,,,,LP2804,001,2026-04-28_11h04.03.029,SEED,2024.2.5,None,2026-04-28 11h07.28.089256 +0100,
,,,,,,,,,,,,,,,,,,,,,,,,,,,,,,,,,,,,,,,,,,,,,,,,,,,,,,,,,,,,,,,,,,,,,,,,,,,,,,,,,,,,,,,,,,,,,,,,,,,,,,,,,,,,,,,,,,,,,,,,,,,,,,,,,,,,,,,,,,,,604.2025684,604.2177138999996,611.7856003999996,,,,,,,,,,,,,,,,,,,,,,,,,,,,,,,,,,,,,,,,,,,,,,,,,,,,,,,,,,,,,,,,,,,,,,,,,,,,,,,,,,,,,,,,,,,,,,,,,,,,,,,,,,,,,,,LP2804,001,2026-04-28_11h04.03.029,SEED,2024.2.5,None,2026-04-28 11h07.28.089256 +0100,
,,,,,,,,,,,,,,,,,,,,,,,,,,,,,,,,,,,,,,,,,,,,,,,,,,,,,,,,,,,,,,,,,,,,,,,,,,,,,,,,,,,,,,,,,,,,,,,,,,,,,,,,,,,,,,,,,,,,,,,,,,,,,,,,,,,,,,,,,,,,,,,100,80,20,80,0,19,1,100.0,95.0,0.4514997824999341,827.7855806999996,827.7867686,,,,,,,,,,,,,,,,,,,,,,,,,,,,,,,,,,,,,,,,,,,,,,,,,,,,,,,,,,,,,,,,,,,,,,,,,,,,,,,,,,,,,,,,,,,,,,,,,,,LP2804,001,2026-04-28_11h04.03.029,SEED,2024.2.5,None,2026-04-28 11h07.28.089256 +0100,
,,,,,,,,,,,,,,,,,,,,,,,,,,,,,,,,,,,,,,,,,,,,,,,,,,,,,,,,,,,,,,,,,,,,,,,,,,,,,,,,,,,,,,,,,,,,,,,,,,,,,,,,,,,,,,,,,,,,,,,,,,,,,,,,,,,,,,,,,,,,,,,,,,,,,,,,,,,827.7867871999997,827.7905060000003,829.787953,829.8048933,837.7880139999997,839.7879166000002,1484.3150497999995,space,646.5239605999996,None,,,,,,,,,,,,,,,,,,,,,,,,,,,,,,,,,,,,,,,,,,,,,,,,,,,,,,,,,,,,,,,,,,,,,,,,,,,,,,,,,,,,,,,,,LP2804,001,2026-04-28_11h04.03.029,SEED,2024.2.5,None,2026-04-28 11h07.28.089256 +0100,
,,,,,,,,,,,,,,,,,,,,,,,,,,,,,,,,,,,,,,,,,,,,,,,,,,,,,,,,,,,,,,,,,,,,,,,,,,,,,,,,,,,,,,,,,,,,,,,,,,,,,,,,,,,,,,,,,,,,,,,,,,,,,,,,,,,,,,,,,,,,,,,,,,,,,,,,,,,,,,,,,,,,,1484.3152276,1484.3314772000003,1484.3314772000003,1489.8819893999998,space,5.540196100000685,None,,,,,,,,,,,,,,,,,,,,,,,,,,,,,,,,,,,,,,,,,,,,,,,,,,,,,,,,,,,,,,,,,,,,,,,,,,,,,,,,,,LP2804,001,2026-04-28_11h04.03.029,SEED,2024.2.5,None,2026-04-28 11h07.28.089256 +0100,
,,,,,,,,,,,,,,,,,,,,,,,,,,,,,,,,,,,,,,,,,,,,,,,,,,,,,,,,,,,,,,,,,,,,,,,,,,,,,,,,,,,,,,,,,,,,,,,,,,,,,,,,,,,,,,,,,,,,,,,,,,,,,,,,,,,,,,,,,,,,,,,,,,,,,,,,,,,,,,,,,,,,,,,,,,,,1489.8821125000004,1489.8977140999996,1489.8977140999996,1496.4985149000004,,,,,,,,,,,,,,,,,,,,,,,,,,,,,,,,,,,,,,,,,,,,,,,,,,,,,,,,,,,,,,,,,,,,,,,,,,,,,,LP2804,001,2026-04-28_11h04.03.029,SEED,2024.2.5,None,2026-04-28 11h07.28.089256 +0100,
,,,,,,,,,,,,,,,,,,,,,,,,,,,,,,,,,,,,,,,,,,,,,,,,,,,,,,,,,,,,,,,,,,,,,,,,,,,,,,,,,,,,,,,,,,,,,,,,,,,,,,,,,,,,,,,,,,,,,,,,,,,,,,,,,,,,,,,,,,,,,,,,,,,,,,,,,,,,,,,,,,,,,,,,,,,,,,,,1496.4986067999998,1496.5144609999998,1496.5144609999998,1515.1821395999996,space,18.65312509999967,None,,,,,,,,,,,,,,,,,,,,,,,,,,,,,,,,,,,,,,,,,,,,,,,,,,,,,,,,,,,,,,,,,,,,,,,LP2804,001,2026-04-28_11h04.03.029,SEED,2024.2.5,None,2026-04-28 11h07.28.089256 +0100,
3,,,,,,,,,,,,2.5,0,0,0,,,,,,,,,,,,,,,,,,,,,,,Scenes_Dataset/temple_A.jpg,"(600, 358)",new,left,2.124331699999857,0.08800969999992958,,,,,,,,,,,,,,,,,,,,0,0,0,2,,,,,,,,,,,,,1515.1978225000003,,,,,,,,,,,,,,1515.1923070000003,1515.1978225000003,1517.4320694999997,1517.6817680000004,1517.6993332000002,1517.6821837999996,,,,,,,,,,,,,,,,,,,,,,,,,,,,,,,,,,,,,,,,,,,,,,,,,,,,,,,,,,,,,,,,,,,,,,,,,,,,,,,,,,,,,1517.6949264000004,1517.6993332000002,1517.6993332000002,1517.6993332000002,1520.6997319000002,1520.6997319000002,1520.6997319000002,1520.6821859000001,left,2.124331699999857,0.08800969999992958,,,,,,,,,,,,,,,,,,,,,,,,,,,,,,,,,,,,,,,,,,,,,,,,,,,,,,,,,,,,LP2804,001,2026-04-28_11h04.03.029,SEED,2024.2.5,None,2026-04-28 11h07.28.089256 +0100,
4,,,,,,,,,,,,3.25,1,1,0,,,,,,,,,,,,,,,,,,,,,,,Scenes_Dataset/athletics_track_A,"(600, 450)",new,right,2.613573499999802,0.17581590000008873,,,,,,,,,,,,,,,,,,,,0,1,1,3,,,,,,,,,,,,,1520.6997319000002,,,,,,,,,,,,,,1520.6827672999998,1520.6997319000002,1522.9316182000002,1523.1817236999996,1523.9702311,1523.9488308,,,,,,,,,,,,,,,,,,,,,,,,,,,,,,,,,,,,,,,,,,,,,,,,,,,,,,,,,,,,,,,,,,,,,,,,,,,,,,,,,,,,,1523.9636474,1523.9702311,1523.9702311,1523.9702311,,,,1526.9658153,right,2.613573499999802,0.17581590000008873,,,,,,,,,,,,,,,,,,,,,,,,,,,,,,,,,,,,,,,,,,,,,,,,,,,,,,,,,,,,LP2804,001,2026-04-28_11h04.03.029,SEED,2024.2.5,None,2026-04-28 11h07.28.089256 +0100,
1,,,,,,,,,,,,2,2,2,0,,,,,,,,,,,,,,,,,,,,,,,Scenes_Dataset/sky_A.jpg,"(600, 398)", old,right,1.9672528999999486,0.12793899999996938,,,,,,,,,,,,,,,,,,,,0,2,2,0,,,,,,,,,,,,,1526.9816969000003,,,,,,,,,,,,,,1526.9664744000002,1526.9816969000003,1529.1983733999996,1529.4484313000003,1528.9817010999996,1529.4321323000004,,,,,,,,,,,,,,,,,,,,,,,,,,,,,,,,,,,,,,,,,,,,,,,,,,,,,,,,,,,,,,,,,,,,,,,,,,,,,,,,,,,,,1529.4445628000003,1529.4484313000003,1529.4484313000003,1529.4484313000003,1532.4484247999999,1532.4484247999999,1532.4484247999999,1532.4322918999997,right,1.9672528999999486,0.12793899999996938,,,,,,,,,,,,,,,,,,,,,,,,,,,,,,,,,,,,,,,,,,,,,,,,,,,,,,,,,,,,LP2804,001,2026-04-28_11h04.03.029,SEED,2024.2.5,None,2026-04-28 11h07.28.089256 +0100,
2,,,,,,,,,,,,3,3,3,0,,,,,,,,,,,,,,,,,,,,,,,Scenes_Dataset/painting_workshop_A.jpg,"(600, 450)",old,left,1.94903130000057,0.12789919999977428,,,,,,,,,,,,,,,,,,,,0,3,3,1,,,,,,,,,,,,,1532.4484247999999,,,,,,,,,,,,,,1532.4328182999998,1532.4484247999999,1534.6817623999996,1534.9325482000004,1535.4507144999998,1535.4327807,,,,,,,,,,,,,,,,,,,,,,,,,,,,,,,,,,,,,,,,,,,,,,,,,,,,,,,,,,,,,,,,,,,,,,,,,,,,,,,,,,,,,1535.4467795,1535.4507144999998,1535.4507144999998,1535.4507144999998,,,,1538.4487059000003,left,1.94903130000057,0.12789919999977428,,,,,,,,,,,,,,,,,,,,,,,,,,,,,,,,,,,,,,,,,,,,,,,,,,,,,,,,,,,,LP2804,001,2026-04-28_11h04.03.029,SEED,2024.2.5,None,2026-04-28 11h07.28.089256 +0100,
,,,,,,,,,,,,,,,,,,,,,,,,,,,,,,,,,,,,,,,,,,,,,,,,,,,,,,,,,,,,,,,,,,,,,,,,,,,,,,,,,,,,,,,,,,,,,,,,,,,,,,,,,,,,,,,,,,,,,,,,,,,,,,,,,,,,,,,,,,,,,,,,,,,,,,,,,,,,,,,,,,,,,,,,,,,,,,,,,,,,,,,,,,,,,,,,,,1538.4489550999997,1538.4653258999997,1538.4653258999997,1542.5660263999998,space,4.086252099999911,None,,,,,,,,,,,,,,,,,,,,,,,,,,,,,,,,,,,,,,,,,,,,,,,,,,,,,LP2804,001,2026-04-28_11h04.03.029,SEED,2024.2.5,None,2026-04-28 11h07.28.089256 +0100,
58,,,,,,,,,,,,2.25,0,0,0,,,,,,Scenes_Dataset/museum_A.jpg,"(600, 337)",Incongruent,Objects_Dataset/bikini.png,"(350, 350)",old,left,Objects_Dataset/clothesline_retouched_2.png,"(350, 231)","(300, 200)","(300, -200)",up,,,,,,,,,,,,left,1,1.725314299999809,0.12798039999961475,,,,,,,,,,,,,,,,,,,,0,0,0,57,,,,,,,,,1542.5981903000002,,,,,,,,,,,,,,1542.5934396000002,1542.5981903000002,1544.8154114999998,1545.0663328,1544.8511304000003,1545.0513363999999,,,,,,,,,,,,,,,,,,,,,,,,,,,,,,,,,,,,,,,,,,,,,,,,,,,,,,,,,,,,,,,,,,,,,,,,,,,,,,,,,,,,,,,,,,,,,,,,,,,,,,,1545.0619352000003,1545.0663328,1545.0663328,1545.0663328,1548.0656347000004,1548.0656347000004,1548.0656347000004,1548.0503629000004,left,1,1.725314299999809,0.12798039999961475,,,,,,,,,,,,,,,,,,,,,,,,,,,,,,,,,,,,,,,,,LP2804,001,2026-04-28_11h04.03.029,SEED,2024.2.5,None,2026-04-28 11h07.28.089256 +0100,
78,,,,,,,,,,,,3,1,1,0,,,,,,Scenes_Dataset/market_A.jpg,"(600, 455)",Lure,None,None,new,right,None,None,None,None,None,,,,,,,,,,,,right,1,1.7746881000002759,0.18393399999968096,,,,,,,,,,,,,,,,,,,,0,1,1,77,,,,,,,,,1548.0656347000004,,,,,,,,,,,,,,1548.0508977,1548.0656347000004,1550.3155872999996,1550.5655371000003,1551.0730789999998,1551.0490147,,,,,,,,,,,,,,,,,,,,,,,,,,,,,,,,,,,,,,,,,,,,,,,,,,,,,,,,,,,,,,,,,,,,,,,,,,,,,,,,,,,,,,,,,,,,,,,,,,,,,,,1551.0667348999996,1551.0730789999998,1551.0730789999998,1551.0730789999998,,,,1554.0677994999996,right,1,1.7746881000002759,0.18393399999968096,,,,,,,,,,,,,,,,,,,,,,,,,,,,,,,,,,,,,,,,,LP2804,001,2026-04-28_11h04.03.029,SEED,2024.2.5,None,2026-04-28 11h07.28.089256 +0100,
55,,,,,,,,,,,,2.1,2,2,0,,,,,,Scenes_Dataset/lake_A.jpg,"(600, 442)",Incongruent,Objects_Dataset/thermometer.png,"(300, 199)",old,left,Objects_Dataset/ticket_machine.png,"(200, 300)","(300, 200)","(300, -200)",up,,,,,,,,,,,,left,1,1.2943003999998837,0.1277748000002248,,,,,,,,,,,,,,,,,,,,0,2,2,54,,,,,,,,,1554.0822963,,,,,,,,,,,,,,1554.0683922999997,1554.0822963,1556.2987835000004,1556.5535178,1556.1823023999996,1556.5326433,,,,,,,,,,,,,,,,,,,,,,,,,,,,,,,,,,,,,,,,,,,,,,,,,,,,,,,,,,,,,,,,,,,,,,,,,,,,,,,,,,,,,,,,,,,,,,,,,,,,,,,1556.5498016000001,1556.5535178,1556.5535178,1556.5535178,,,,1559.5492614000004,left,1,1.2943003999998837,0.1277748000002248,,,,,,,,,,,,,,,,,,,,,,,,,,,,,,,,,,,,,,,,,LP2804,001,2026-04-28_11h04.03.029,SEED,2024.2.5,None,2026-04-28 11h07.28.089256 +0100,
52,,,,,,,,,,,,3.25,3,3,0,,,,,,Scenes_Dataset/parking_lot_A.jpg,"(600, 397)",Incongruent,Objects_Dataset/digital_piano_retouched.png,"(350, 350)",old,left,Objects_Dataset/toothbrush.png,"(300, 215)","(300, 200)","(300, -200)",up,,,,,,,,,,,,left,1,1.311182800000097,0.1680028000000675,,,,,,,,,,,,,,,,,,,,0,3,3,51,,,,,,,,,1559.565549,,,,,,,,,,,,,,1559.5499596,1559.565549,1561.7822680999998,1562.0321996000002,1562.8164583999996,1562.7993232,,,,,,,,,,,,,,,,,,,,,,,,,,,,,,,,,,,,,,,,,,,,,,,,,,,,,,,,,,,,,,,,,,,,,,,,,,,,,,,,,,,,,,,,,,,,,,,,,,,,,,,1562.8128617000002,1562.8164583999996,1562.8164583999996,1562.8164583999996,1565.8156059000003,1565.8156059000003,1565.8156059000003,1565.7995958000001,left,1,1.311182800000097,0.1680028000000675,,,,,,,,,,,,,,,,,,,,,,,,,,,,,,,,,,,,,,,,,LP2804,001,2026-04-28_11h04.03.029,SEED,2024.2.5,None,2026-04-28 11h07.28.089256 +0100,
85,,,,,,,,,,,,2.05,4,4,0,,,,,,Scenes_Dataset/forest_A.jpg,"(600, 375)",Lure,None,None,new,right,None,None,None,None,None,,,,,,,,,,,,right,1,1.2748632000002544,0.15193929999986722,,,,,,,,,,,,,,,,,,,,0,4,4,84,,,,,,,,,1565.8156059000003,,,,,,,,,,,,,,1565.8001485000004,1565.8156059000003,1568.0489556000002,1568.3008041000003,1567.8658631999997,1568.2830611,,,,,,,,,,,,,,,,,,,,,,,,,,,,,,,,,,,,,,,,,,,,,,,,,,,,,,,,,,,,,,,,,,,,,,,,,,,,,,,,,,,,,,,,,,,,,,,,,,,,,,,1568.2971748999998,1568.3008041000003,1568.3008041000003,1568.3008041000003,,,,1571.3017712,right,1,1.2748632000002544,0.15193929999986722,,,,,,,,,,,,,,,,,,,,,,,,,,,,,,,,,,,,,,,,,LP2804,001,2026-04-28_11h04.03.029,SEED,2024.2.5,None,2026-04-28 11h07.28.089256 +0100,
67,,,,,,,,,,,,2.45,5,5,0,,,,,,Scenes_Dataset/kindergarten_B.jpg,"(600, 401)",Lure,None,None,new,right,None,None,None,None,None,,,,,,,,,,,,right,1,1.925964500000191,0.1437327000003279,,,,,,,,,,,,,,,,,,,,0,5,5,66,,,,,,,,,1571.3155162000003,,,,,,,,,,,,,,1571.3024038000003,1571.3155162000003,1573.5322244,1573.7858958999996,1573.7657787999997,1573.7665244999998,,,,,,,,,,,,,,,,,,,,,,,,,,,,,,,,,,,,,,,,,,,,,,,,,,,,,,,,,,,,,,,,,,,,,,,,,,,,,,,,,,,,,,,,,,,,,,,,,,,,,,,1573.7822568000001,1573.7858958999996,1573.7858958999996,1573.7858958999996,,,,1576.7829379000004,right,1,1.925964500000191,0.1437327000003279,,,,,,,,,,,,,,,,,,,,,,,,,,,,,,,,,,,,,,,,,LP2804,001,2026-04-28_11h04.03.029,SEED,2024.2.5,None,2026-04-28 11h07.28.089256 +0100,
75,,,,,,,,,,,,2.85,6,6,0,,,,,,Scenes_Dataset/gymnasium_A.jpg,"(600, 399)",Lure,None,None,new,right,None,None,None,None,None,,,,,,,,,,,,None,0,,,,,,,,,,,,,,,,,,,,,,0,6,6,74,,,,,,,,,1576.7993565999996,,,,,,,,,,,,,,1576.7837339999996,1576.7993565999996,1579.0165395000004,1579.2656552999997,1579.6517855000002,1579.6329062000004,,,,,,,,,,,,,,,,,,,,,,,,,,,,,,,,,,,,,,,,,,,,,,,,,,,,,,,,,,,,,,,,,,,,,,,,,,,,,,,,,,,,,,,,,,,,,,,,,,,,,,,1579.6481832,1579.6517855000002,1579.6517855000002,1579.6517855000002,,,,1582.6330657999997,None,0,,,,,,,,,,,,,,,,,,,,,,,,,,,,,,,,,,,,,,,,,,,LP2804,001,2026-04-28_11h04.03.029,SEED,2024.2.5,None,2026-04-28 11h07.28.089256 +0100,
62,,,,,,,,,,,,2.2,7,7,0,,,,,,Scenes_Dataset/soccer_stadium_A.jpg,"(600, 400)",Lure,None,None,new,right,None,None,None,None,None,,,,,,,,,,,,right,1,1.155647399999907,0.14410719999978028,,,,,,,,,,,,,,,,,,,,0,7,7,61,,,,,,,,,1582.6491862000003,,,,,,,,,,,,,,1582.6337274999996,1582.6491862000003,1584.8825260000003,1585.1320581,1584.8491678999999,1585.1165435000003,,,,,,,,,,,,,,,,,,,,,,,,,,,,,,,,,,,,,,,,,,,,,,,,,,,,,,,,,,,,,,,,,,,,,,,,,,,,,,,,,,,,,,,,,,,,,,,,,,,,,,,1585.1272226,1585.1320581,1585.1320581,1585.1320581,1588.1324906,1588.1324906,1588.1324906,1588.1163435999997,right,1,1.155647399999907,0.14410719999978028,,,,,,,,,,,,,,,,,,,,,,,,,,,,,,,,,,,,,,,,,LP2804,001,2026-04-28_11h04.03.029,SEED,2024.2.5,None,2026-04-28 11h07.28.089256 +0100,
83,,,,,,,,,,,,3.25,8,8,0,,,,,,Scenes_Dataset/living_room_A.jpg,"(600, 436)",Lure,None,None,new,right,None,None,None,None,None,,,,,,,,,,,,left,0,2.001437099999748,0.09513729999980569,,,,,,,,,,,,,,,,,,,,0,8,8,82,,,,,,,,,1588.1324906,,,,,,,,,,,,,,1588.1169412999998,1588.1324906,1590.3659277999996,1590.6176008000002,1591.3990156,1591.3667937,,,,,,,,,,,,,,,,,,,,,,,,,,,,,,,,,,,,,,,,,,,,,,,,,,,,,,,,,,,,,,,,,,,,,,,,,,,,,,,,,,,,,,,,,,,,,,,,,,,,,,,1591.3807213999999,1591.3990156,1591.3990156,1591.3990156,,,,1594.3830809,left,0,2.001437099999748,0.09513729999980569,,,,,,,,,,,,,,,,,,,,,,,,,,,,,,,,,,,,,,,,,LP2804,001,2026-04-28_11h04.03.029,SEED,2024.2.5,None,2026-04-28 11h07.28.089256 +0100,
86,,,,,,,,,,,,2.1,9,9,0,,,,,,Scenes_Dataset/shopping_center_A.jpg,"(600, 405)",Lure,None,None,new,right,None,None,None,None,None,,,,,,,,,,,,right,1,1.0690709000000425,0.13587269999970886,,,,,,,,,,,,,,,,,,,,0,9,9,85,,,,,,,,,1594.3996017999998,,,,,,,,,,,,,,1594.3838746000001,1594.3996017999998,1596.6160541,1596.8665616999997,1596.4994241000004,1596.8511163000003,,,,,,,,,,,,,,,,,,,,,,,,,,,,,,,,,,,,,,,,,,,,,,,,,,,,,,,,,,,,,,,,,,,,,,,,,,,,,,,,,,,,,,,,,,,,,,,,,,,,,,,1596.8630117000002,1596.8665616999997,1596.8665616999997,1596.8665616999997,,,,1599.8512529999998,right,1,1.0690709000000425,0.13587269999970886,,,,,,,,,,,,,,,,,,,,,,,,,,,,,,,,,,,,,,,,,LP2804,001,2026-04-28_11h04.03.029,SEED,2024.2.5,None,2026-04-28 11h07.28.089256 +0100,
38,,,,,,,,,,,,2.55,10,10,0,,,,,,Scenes_Dataset/garden_A.jpg,"(600, 446)",Incongruent,Objects_Dataset/airplane_belt.png,"(300, 249)",old,left,Objects_Dataset/saline_retouched.png,"(300, 225)","(300, 200)","(300, -200)",up,,,,,,,,,,,,left,1,1.6042496000000028,0.12023689999932685,,,,,,,,,,,,,,,,,,,,0,10,10,37,,,,,,,,,1599.8661165000003,,,,,,,,,,,,,,1599.8518768000004,1599.8661165000003,1602.1161745,1602.3661032,1602.4194322000003,1602.3998490000004,,,,,,,,,,,,,,,,,,,,,,,,,,,,,,,,,,,,,,,,,,,,,,,,,,,,,,,,,,,,,,,,,,,,,,,,,,,,,,,,,,,,,,,,,,,,,,,,,,,,,,,1602.4156586999998,1602.4194322000003,1602.4194322000003,1602.4194322000003,,,,1605.4165795,left,1,1.6042496000000028,0.12023689999932685,,,,,,,,,,,,,,,,,,,,,,,,,,,,,,,,,,,,,,,,,LP2804,001,2026-04-28_11h04.03.029,SEED,2024.2.5,None,2026-04-28 11h07.28.089256 +0100,
16,,,,,,,,,,,,2.75,11,11,0,,,,,,Scenes_Dataset/hair_salon_A.jpg,"(600, 386)",Congruent,Objects_Dataset/hairdryer_retouched.png,"(250, 241)",old,left,Objects_Dataset/comb.png,"(250, 250)","(300, -200)","(300, 200)",down,,,,,,,,,,,,left,1,1.437500899999577,0.10411180000028253,,,,,,,,,,,,,,,,,,,,0,11,11,15,,,,,,,,,1605.4328924000001,,,,,,,,,,,,,,1605.4173621,1605.4328924000001,1607.6495066999996,1607.8995341,1608.1862389999997,1608.1690017,,,,,,,,,,,,,,,,,,,,,,,,,,,,,,,,,,,,,,,,,,,,,,,,,,,,,,,,,,,,,,,,,,,,,,,,,,,,,,,,,,,,,,,,,,,,,,,,,,,,,,,1608.1825423999999,1608.1862389999997,1608.1862389999997,1608.1862389999997,,,,1611.1832679999998,left,1,1.437500899999577,0.10411180000028253,,,,,,,,,,,,,,,,,,,,,,,,,,,,,,,,,,,,,,,,,LP2804,001,2026-04-28_11h04.03.029,SEED,2024.2.5,None,2026-04-28 11h07.28.089256 +0100,
87,,,,,,,,,,,,2.15,12,12,0,,,,,,Scenes_Dataset/train_station_A.jpg,"(600, 415)",Lure,None,None,new,right,None,None,None,None,None,,,,,,,,,,,,right,1,1.5007749000005788,0.17607159999988653,,,,,,,,,,,,,,,,,,,,0,12,12,86,,,,,,,,,1611.1996556000004,,,,,,,,,,,,,,1611.1839827000003,1611.1996556000004,1613.4332382000002,1613.6830184,1613.3496203000004,1613.6669031000001,,,,,,,,,,,,,,,,,,,,,,,,,,,,,,,,,,,,,,,,,,,,,,,,,,,,,,,,,,,,,,,,,,,,,,,,,,,,,,,,,,,,,,,,,,,,,,,,,,,,,,,1613.6793251,1613.6830184,1613.6830184,1613.6830184,1616.6849204,1616.6849204,1616.6849204,1616.6672067999998,right,1,1.5007749000005788,0.17607159999988653,,,,,,,,,,,,,,,,,,,,,,,,,,,,,,,,,,,,,,,,,LP2804,001,2026-04-28_11h04.03.029,SEED,2024.2.5,None,2026-04-28 11h07.28.089256 +0100,
5,,,,,,,,,,,,2.2,13,13,0,,,,,,Scenes_Dataset/movie_theater_A.jpg,"(600, 364)",Congruent,Objects_Dataset/3d_glasses_retouched.png,"(300, 300)",old,left,Objects_Dataset/movie_reels.png,"(350, 268)","(300, -200)","(300, 200)",down,,,,,,,,,,,,left,1,1.5019345999999132,0.1281066000001374,,,,,,,,,,,,,,,,,,,,0,13,13,4,,,,,,,,,1616.6849204,,,,,,,,,,,,,,1616.6678132999996,1616.6849204,1618.9164416000003,1619.1697648999998,1618.8997765000004,1619.1503346999998,,,,,,,,,,,,,,,,,,,,,,,,,,,,,,,,,,,,,,,,,,,,,,,,,,,,,,,,,,,,,,,,,,,,,,,,,,,,,,,,,,,,,,,,,,,,,,,,,,,,,,,1619.1662391999998,1619.1697648999998,1619.1697648999998,1619.1697648999998,,,,1622.1669187999996,left,1,1.5019345999999132,0.1281066000001374,,,,,,,,,,,,,,,,,,,,,,,,,,,,,,,,,,,,,,,,,LP2804,001,2026-04-28_11h04.03.029,SEED,2024.2.5,None,2026-04-28 11h07.28.089256 +0100,
79,,,,,,,,,,,,3.05,14,14,0,,,,,,Scenes_Dataset/construction_A.jpg,"(600, 440)",Lure,None,None,new,right,None,None,None,None,None,,,,,,,,,,,,right,1,1.5093108999999458,0.13599109999995562,,,,,,,,,,,,,,,,,,,,0,14,14,78,,,,,,,,,1622.1831320000001,,,,,,,,,,,,,,1622.1674964000003,1622.1831320000001,1624.4001990999996,1624.6499210000002,1625.234407,1625.2174941000003,,,,,,,,,,,,,,,,,,,,,,,,,,,,,,,,,,,,,,,,,,,,,,,,,,,,,,,,,,,,,,,,,,,,,,,,,,,,,,,,,,,,,,,,,,,,,,,,,,,,,,,1625.2306500000004,1625.234407,1625.234407,1625.234407,1628.2334553,1628.2334553,1628.2334553,1628.2176659999996,right,1,1.5093108999999458,0.13599109999995562,,,,,,,,,,,,,,,,,,,,,,,,,,,,,,,,,,,,,,,,,LP2804,001,2026-04-28_11h04.03.029,SEED,2024.2.5,None,2026-04-28 11h07.28.089256 +0100,
28,,,,,,,,,,,,2.05,15,15,0,,,,,,Scenes_Dataset/public_toilet_A.jpg,"(600, 375)",Congruent,Objects_Dataset/hands_dryer.png,"(350, 267)",old,left,Objects_Dataset/paper_towel_dispenser.png,"(300, 400)","(300, -200)","(300, 200)",down,,,,,,,,,,,,left,1,1.3864222000001973,0.12004150000029767,,,,,,,,,,,,,,,,,,,,0,15,15,27,,,,,,,,,1628.2334553,,,,,,,,,,,,,,1628.2182309,1628.2334553,1630.4663853000002,1630.7171642000003,1630.2832654000003,1630.7006135000001,,,,,,,,,,,,,,,,,,,,,,,,,,,,,,,,,,,,,,,,,,,,,,,,,,,,,,,,,,,,,,,,,,,,,,,,,,,,,,,,,,,,,,,,,,,,,,,,,,,,,,,1630.7135601,1630.7171642000003,1630.7171642000003,1630.7171642000003,1633.7188728,1633.7188728,1633.7188728,1633.7004206000001,left,1,1.3864222000001973,0.12004150000029767,,,,,,,,,,,,,,,,,,,,,,,,,,,,,,,,,,,,,,,,,LP2804,001,2026-04-28_11h04.03.029,SEED,2024.2.5,None,2026-04-28 11h07.28.089256 +0100,
43,,,,,,,,,,,,2.8,16,16,0,,,,,,Scenes_Dataset/home_office_A.jpg,"(600, 399)",Incongruent,Objects_Dataset/bicycle_bell.png,"(250, 210)",old,left,Objects_Dataset/unicycle_retouched.png,"(159, 300)","(300, 200)","(300, -200)",up,,,,,,,,,,,,left,1,1.2816828000004534,0.15996420000010403,,,,,,,,,,,,,,,,,,,,0,16,16,42,,,,,,,,,1633.7188728,,,,,,,,,,,,,,1633.7010157000004,1633.7188728,1635.9498838999998,1636.2000479999997,1636.5340179000004,1636.5175296999996,,,,,,,,,,,,,,,,,,,,,,,,,,,,,,,,,,,,,,,,,,,,,,,,,,,,,,,,,,,,,,,,,,,,,,,,,,,,,,,,,,,,,,,,,,,,,,,,,,,,,,,1636.5305166999997,1636.5340179000004,1636.5340179000004,1636.5340179000004,1639.5335171999996,1639.5335171999996,1639.5335171999996,1639.5173395000002,left,1,1.2816828000004534,0.15996420000010403,,,,,,,,,,,,,,,,,,,,,,,,,,,,,,,,,,,,,,,,,LP2804,001,2026-04-28_11h04.03.029,SEED,2024.2.5,None,2026-04-28 11h07.28.089256 +0100,
4,,,,,,,,,,,,2.15,17,17,0,,,,,,Scenes_Dataset/pastry_shop_A.jpg,"(600, 400)",Congruent,Objects_Dataset/cake_holder.png,"(300, 209)",old,left,Objects_Dataset/cake_tongs_retouched.png,"(300, 75)","(300, -200)","(300, 200)",down,,,,,,,,,,,,left,1,1.3246546999998827,0.17606059999980062,,,,,,,,,,,,,,,,,,,,0,17,17,3,,,,,,,,,1639.5335171999996,,,,,,,,,,,,,,1639.5180017000002,1639.5335171999996,1641.7667466000003,1642.0188815000001,1641.6834009000004,1642.000567,,,,,,,,,,,,,,,,,,,,,,,,,,,,,,,,,,,,,,,,,,,,,,,,,,,,,,,,,,,,,,,,,,,,,,,,,,,,,,,,,,,,,,,,,,,,,,,,,,,,,,,1642.0151094000003,1642.0188815000001,1642.0188815000001,1642.0188815000001,,,,1645.0173684000001,left,1,1.3246546999998827,0.17606059999980062,,,,,,,,,,,,,,,,,,,,,,,,,,,,,,,,,,,,,,,,,LP2804,001,2026-04-28_11h04.03.029,SEED,2024.2.5,None,2026-04-28 11h07.28.089256 +0100,
41,,,,,,,,,,,,2.7,18,18,0,,,,,,Scenes_Dataset/attic_A.jpg,"(600, 400)",Incongruent,Objects_Dataset/ticket_machine.png,"(200, 300)",old,left,Objects_Dataset/cake_holder.png,"(300, 209)","(300, 200)","(300, -200)",up,,,,,,,,,,,,left,1,1.3534989999998288,0.16790500000024622,,,,,,,,,,,,,,,,,,,,0,18,18,40,,,,,,,,,1645.0346219000003,,,,,,,,,,,,,,1645.0179798,1645.0346219000003,1647.2504793999997,1647.5001384999996,1647.7500946999999,1647.7341714000004,,,,,,,,,,,,,,,,,,,,,,,,,,,,,,,,,,,,,,,,,,,,,,,,,,,,,,,,,,,,,,,,,,,,,,,,,,,,,,,,,,,,,,,,,,,,,,,,,,,,,,,1647.7404331999996,1647.7500946999999,1647.7500946999999,1647.7500946999999,1650.7502187,1650.7502187,1650.7502187,1650.7340148000003,left,1,1.3534989999998288,0.16790500000024622,,,,,,,,,,,,,,,,,,,,,,,,,,,,,,,,,,,,,,,,,LP2804,001,2026-04-28_11h04.03.029,SEED,2024.2.5,None,2026-04-28 11h07.28.089256 +0100,
57,,,,,,,,,,,,2.2,19,19,0,,,,,,Scenes_Dataset/road_A.jpg,"(600, 450)",Incongruent,Objects_Dataset/wine_cork.png,"(250, 163)",old,left,Objects_Dataset/locker.png,"(264, 400)","(300, 200)","(300, -200)",up,,,,,,,,,,,,left,1,1.3157358999997086,0.2238908999997875,,,,,,,,,,,,,,,,,,,,0,19,19,56,,,,,,,,,1650.7502187,,,,,,,,,,,,,,1650.7347346999995,1650.7502187,1652.9835970000004,1653.2359838000002,1652.9524054000003,1653.2195451999996,,,,,,,,,,,,,,,,,,,,,,,,,,,,,,,,,,,,,,,,,,,,,,,,,,,,,,,,,,,,,,,,,,,,,,,,,,,,,,,,,,,,,,,,,,,,,,,,,,,,,,,1653.2321731000002,1653.2359838000002,1653.2359838000002,1653.2359838000002,,,,1656.2338645,left,1,1.3157358999997086,0.2238908999997875,,,,,,,,,,,,,,,,,,,,,,,,,,,,,,,,,,,,,,,,,LP2804,001,2026-04-28_11h04.03.029,SEED,2024.2.5,None,2026-04-28 11h07.28.089256 +0100,
29,,,,,,,,,,,,2.1,20,20,0,,,,,,Scenes_Dataset/pool_B.jpg,"(600, 450)",Congruent,Objects_Dataset/slippers.png,"(280, 300)",old,left,Objects_Dataset/bikini.png,"(350, 350)","(300, -200)","(300, 200)",down,,,,,,,,,,,,left,1,1.5063465999992331,0.167904400000225,,,,,,,,,,,,,,,,,,,,0,20,20,28,,,,,,,,,1656.2508845000002,,,,,,,,,,,,,,1656.2347192999996,1656.2508845000002,1658.4836429999996,1658.7333007999996,1658.3503945000002,1658.7175193000003,,,,,,,,,,,,,,,,,,,,,,,,,,,,,,,,,,,,,,,,,,,,,,,,,,,,,,,,,,,,,,,,,,,,,,,,,,,,,,,,,,,,,,,,,,,,,,,,,,,,,,,1658.7250668999995,1658.7333007999996,1658.7333007999996,1658.7333007999996,1661.7339374000003,1661.7339374000003,1661.7339374000003,1661.7176182000003,left,1,1.5063465999992331,0.167904400000225,,,,,,,,,,,,,,,,,,,,,,,,,,,,,,,,,,,,,,,,,LP2804,001,2026-04-28_11h04.03.029,SEED,2024.2.5,None,2026-04-28 11h07.28.089256 +0100,
39,,,,,,,,,,,,2.6,21,21,0,,,,,,Scenes_Dataset/garage_A.jpg,"(600, 397)",Incongruent,Objects_Dataset/crown.png,"(300, 249)",old,left,Objects_Dataset/oxygen_mask_retouched.png,"(300, 300)","(300, 200)","(300, -200)",up,,,,,,,,,,,,left,1,1.567090200000166,0.16833000000042375,,,,,,,,,,,,,,,,,,,,0,21,21,38,,,,,,,,,1661.7339374000003,,,,,,,,,,,,,,1661.7181704000004,1661.7339374000003,1663.9677846000004,1664.2171066,1664.3365254,1664.3178083000003,,,,,,,,,,,,,,,,,,,,,,,,,,,,,,,,,,,,,,,,,,,,,,,,,,,,,,,,,,,,,,,,,,,,,,,,,,,,,,,,,,,,,,,,,,,,,,,,,,,,,,,1664.3329998,1664.3365254,1664.3365254,1664.3365254,,,,1667.3344335000002,left,1,1.567090200000166,0.16833000000042375,,,,,,,,,,,,,,,,,,,,,,,,,,,,,,,,,,,,,,,,,LP2804,001,2026-04-28_11h04.03.029,SEED,2024.2.5,None,2026-04-28 11h07.28.089256 +0100,
60,,,,,,,,,,,,2.35,22,22,0,,,,,,Scenes_Dataset/field_A.jpg,"(600, 403)",Incongruent,Objects_Dataset/computer_monitor.png,"(300, 300)",old,left,Objects_Dataset/plasticine.png,"(250, 167)","(300, 200)","(300, -200)",up,,,,,,,,,,,,left,1,1.475180399999772,0.15198550000059186,,,,,,,,,,,,,,,,,,,,0,22,22,59,,,,,,,,,1667.3506717,,,,,,,,,,,,,,1667.3353518000004,1667.3506717,1669.5673797,1669.8204575999998,1669.7009500000004,1669.8014641,,,,,,,,,,,,,,,,,,,,,,,,,,,,,,,,,,,,,,,,,,,,,,,,,,,,,,,,,,,,,,,,,,,,,,,,,,,,,,,,,,,,,,,,,,,,,,,,,,,,,,,1669.8168315000003,1669.8204575999998,1669.8204575999998,1669.8204575999998,,,,1672.8176001000002,left,1,1.475180399999772,0.15198550000059186,,,,,,,,,,,,,,,,,,,,,,,,,,,,,,,,,,,,,,,,,LP2804,001,2026-04-28_11h04.03.029,SEED,2024.2.5,None,2026-04-28 11h07.28.089256 +0100,
54,,,,,,,,,,,,2.05,23,23,0,,,,,,Scenes_Dataset/campsite_A.jpg,"(600, 402)",Incongruent,Objects_Dataset/door_mat.png,"(300, 300)",old,left,Objects_Dataset/remote_control.png,"(300, 293)","(300, 200)","(300, -200)",up,,,,,,,,,,,,left,1,1.603231600000072,0.1440361999993911,,,,,,,,,,,,,,,,,,,,0,23,23,53,,,,,,,,,1672.8339910000004,,,,,,,,,,,,,,1672.8181714000002,1672.8339910000004,1675.0506920999997,1675.3003467999997,1674.884032,1675.2844524000002,,,,,,,,,,,,,,,,,,,,,,,,,,,,,,,,,,,,,,,,,,,,,,,,,,,,,,,,,,,,,,,,,,,,,,,,,,,,,,,,,,,,,,,,,,,,,,,,,,,,,,,1675.2936165,1675.3003467999997,1675.3003467999997,1675.3003467999997,,,,1678.2847281000004,left,1,1.603231600000072,0.1440361999993911,,,,,,,,,,,,,,,,,,,,,,,,,,,,,,,,,,,,,,,,,LP2804,001,2026-04-28_11h04.03.029,SEED,2024.2.5,None,2026-04-28 11h07.28.089256 +0100,
81,,,,,,,,,,,,3.15,24,24,0,,,,,,Scenes_Dataset/games_room_A.jpg,"(600, 371)",Lure,None,None,new,right,None,None,None,None,None,,,,,,,,,,,,None,0,,,,,,,,,,,,,,,,,,,,,,0,24,24,80,,,,,,,,,1678.3007896999998,,,,,,,,,,,,,,1678.2853708000002,1678.3007896999998,1680.5341682999997,1680.7842139000004,1681.4574420999998,1681.4343714999995,,,,,,,,,,,,,,,,,,,,,,,,,,,,,,,,,,,,,,,,,,,,,,,,,,,,,,,,,,,,,,,,,,,,,,,,,,,,,,,,,,,,,,,,,,,,,,,,,,,,,,,1681.4536662,1681.4574420999998,1681.4574420999998,1681.4574420999998,,,,1684.4515908000003,None,0,,,,,,,,,,,,,,,,,,,,,,,,,,,,,,,,,,,,,,,,,,,LP2804,001,2026-04-28_11h04.03.029,SEED,2024.2.5,None,2026-04-28 11h07.28.089256 +0100,
17,,,,,,,,,,,,2.8,25,25,0,,,,,,Scenes_Dataset/stage_A.jpg,"(600, 396)",Congruent,Objects_Dataset/saxophone.png,"(250, 250)",old,left,Objects_Dataset/digital_piano_retouched.png,"(350, 350)","(300, -200)","(300, 200)",down,,,,,,,,,,,,left,1,0.9952619000005143,0.14391129999967234,,,,,,,,,,,,,,,,,,,,0,25,25,16,,,,,,,,,1684.4675837000004,,,,,,,,,,,,,,1684.4523177,1684.4675837000004,1686.6840713000001,1686.9343485,1687.2685039999997,1687.2515845999997,,,,,,,,,,,,,,,,,,,,,,,,,,,,,,,,,,,,,,,,,,,,,,,,,,,,,,,,,,,,,,,,,,,,,,,,,,,,,,,,,,,,,,,,,,,,,,,,,,,,,,,1687.2649270000002,1687.2685039999997,1687.2685039999997,1687.2685039999997,1690.2675722000004,1690.2675722000004,1690.2675722000004,1690.2516587,left,1,0.9952619000005143,0.14391129999967234,,,,,,,,,,,,,,,,,,,,,,,,,,,,,,,,,,,,,,,,,LP2804,001,2026-04-28_11h04.03.029,SEED,2024.2.5,None,2026-04-28 11h07.28.089256 +0100,
1,,,,,,,,,,,,2,26,26,0,,,,,,Scenes_Dataset/office_work_A.jpg,"(600, 470)",Congruent,Objects_Dataset/staple_puller_retouched.png,"(400, 400)",old,left,Objects_Dataset/clock.png,"(250, 248)","(300, -200)","(300, 200)",down,,,,,,,,,,,,left,1,1.5102477000000363,0.12802909999936674,,,,,,,,,,,,,,,,,,,,0,26,26,0,,,,,,,,,1690.2675722000004,,,,,,,,,,,,,,1690.2522053000002,1690.2675722000004,1692.5010107999997,1692.7533998,1692.2678354999998,1692.7348894999996,,,,,,,,,,,,,,,,,,,,,,,,,,,,,,,,,,,,,,,,,,,,,,,,,,,,,,,,,,,,,,,,,,,,,,,,,,,,,,,,,,,,,,,,,,,,,,,,,,,,,,,1692.7491866,1692.7533998,1692.7533998,1692.7533998,,,,1695.7373352000004,left,1,1.5102477000000363,0.12802909999936674,,,,,,,,,,,,,,,,,,,,,,,,,,,,,,,,,,,,,,,,,LP2804,001,2026-04-28_11h04.03.029,SEED,2024.2.5,None,2026-04-28 11h07.28.089256 +0100,
13,,,,,,,,,,,,2.6,27,27,0,,,,,,Scenes_Dataset/circus_A.jpg,"(600, 421)",Congruent,Objects_Dataset/unicycle_retouched.png,"(159, 300)",old,left,Objects_Dataset/juggling_balls_retouched.png,"(350, 197)","(300, -200)","(300, 200)",down,,,,,,,,,,,,left,1,1.6231131999993522,0.15200370000002295,,,,,,,,,,,,,,,,,,,,0,27,27,12,,,,,,,,,1695.7510247999999,,,,,,,,,,,,,,1695.7379272999997,1695.7510247999999,1697.9844776,1698.2355734000002,1698.3525245,1698.3363063999996,,,,,,,,,,,,,,,,,,,,,,,,,,,,,,,,,,,,,,,,,,,,,,,,,,,,,,,,,,,,,,,,,,,,,,,,,,,,,,,,,,,,,,,,,,,,,,,,,,,,,,,1698.3488482000002,1698.3525245,1698.3525245,1698.3525245,1701.3512713,1701.3512713,1701.3512713,1701.3356070999998,left,1,1.6231131999993522,0.15200370000002295,,,,,,,,,,,,,,,,,,,,,,,,,,,,,,,,,,,,,,,,,LP2804,001,2026-04-28_11h04.03.029,SEED,2024.2.5,None,2026-04-28 11h07.28.089256 +0100,
89,,,,,,,,,,,,2.25,28,28,0,,,,,,Scenes_Dataset/beach_A.jpg,"(600, 450)",Lure,None,None,new,right,None,None,None,None,None,,,,,,,,,,,,right,1,1.7914684000006673,0.21593709999979183,,,,,,,,,,,,,,,,,,,,0,28,28,88,,,,,,,,,1701.3512713,,,,,,,,,,,,,,1701.3364396999996,1701.3512713,1703.6010775000004,1703.8561977999998,1703.6010775000004,1703.8355253,,,,,,,,,,,,,,,,,,,,,,,,,,,,,,,,,,,,,,,,,,,,,,,,,,,,,,,,,,,,,,,,,,,,,,,,,,,,,,,,,,,,,,,,,,,,,,,,,,,,,,,1703.8504826999997,1703.8561977999998,1703.8561977999998,1703.8561977999998,,,,1706.8517181999996,right,1,1.7914684000006673,0.21593709999979183,,,,,,,,,,,,,,,,,,,,,,,,,,,,,,,,,,,,,,,,,LP2804,001,2026-04-28_11h04.03.029,SEED,2024.2.5,None,2026-04-28 11h07.28.089256 +0100,
73,,,,,,,,,,,,2.75,29,29,0,,,,,,Scenes_Dataset/cemetery_A.jpg,"(600, 452)",Lure,None,None,new,right,None,None,None,None,None,,,,,,,,,,,,right,1,1.6350862999997844,0.16810980000082054,,,,,,,,,,,,,,,,,,,,0,29,29,72,,,,,,,,,1706.8677830999995,,,,,,,,,,,,,,1706.8523745000002,1706.8677830999995,1709.1011207000001,1709.3514931,1709.6204571999997,1709.6018076999999,,,,,,,,,,,,,,,,,,,,,,,,,,,,,,,,,,,,,,,,,,,,,,,,,,,,,,,,,,,,,,,,,,,,,,,,,,,,,,,,,,,,,,,,,,,,,,,,,,,,,,,1709.6163852,1709.6204571999997,1709.6204571999997,1709.6204571999997,,,,1712.6182992000004,right,1,1.6350862999997844,0.16810980000082054,,,,,,,,,,,,,,,,,,,,,,,,,,,,,,,,,,,,,,,,,LP2804,001,2026-04-28_11h04.03.029,SEED,2024.2.5,None,2026-04-28 11h07.28.089256 +0100,
25,,,,,,,,,,,,3.2,30,30,0,,,,,,Scenes_Dataset/building_entrance_A.jpg,"(600, 400)",Congruent,Objects_Dataset/envelope_retouched.png,"(250, 211)",old,left,Objects_Dataset/door_mat.png,"(300, 300)","(300, -200)","(300, 200)",down,,,,,,,,,,,,left,1,0.8926074000000881,0.16027459999986604,,,,,,,,,,,,,,,,,,,,0,30,30,24,,,,,,,,,1712.6345109000004,,,,,,,,,,,,,,1712.6189832999999,1712.6345109000004,1714.8514876999998,1715.1012091000002,1715.8350170000003,1715.8185452999996,,,,,,,,,,,,,,,,,,,,,,,,,,,,,,,,,,,,,,,,,,,,,,,,,,,,,,,,,,,,,,,,,,,,,,,,,,,,,,,,,,,,,,,,,,,,,,,,,,,,,,,1715.8310564000003,1715.8350170000003,1715.8350170000003,1715.8350170000003,1718.834817,1718.834817,1718.834817,1718.8187355999999,left,1,0.8926074000000881,0.16027459999986604,,,,,,,,,,,,,,,,,,,,,,,,,,,,,,,,,,,,,,,,,LP2804,001,2026-04-28_11h04.03.029,SEED,2024.2.5,None,2026-04-28 11h07.28.089256 +0100,
45,,,,,,,,,,,,2.9,31,31,0,,,,,,Scenes_Dataset/factory_B.jpg,"(600, 415)",Incongruent,Objects_Dataset/shield.png,"(199, 300)",old,left,Objects_Dataset/trumpet_retouched.png,"(300, 122)","(300, 200)","(300, -200)",up,,,,,,,,,,,,left,1,1.0997656999998071,0.1358499000007214,,,,,,,,,,,,,,,,,,,,0,31,31,44,,,,,,,,,1718.834817,,,,,,,,,,,,,,1718.8197293000003,1718.834817,1721.0680039999997,1721.3180607000004,1721.7400673000002,1721.718707,,,,,,,,,,,,,,,,,,,,,,,,,,,,,,,,,,,,,,,,,,,,,,,,,,,,,,,,,,,,,,,,,,,,,,,,,,,,,,,,,,,,,,,,,,,,,,,,,,,,,,,1721.7362792000004,1721.7400673000002,1721.7400673000002,1721.7400673000002,,,,1724.7350121999998,left,1,1.0997656999998071,0.1358499000007214,,,,,,,,,,,,,,,,,,,,,,,,,,,,,,,,,,,,,,,,,LP2804,001,2026-04-28_11h04.03.029,SEED,2024.2.5,None,2026-04-28 11h07.28.089256 +0100,
76,,,,,,,,,,,,2.9,32,32,0,,,,,,Scenes_Dataset/laboratory_A.jpg,"(600, 400)",Lure,None,None,new,right,None,None,None,None,None,,,,,,,,,,,,right,1,1.9623787999998967,0.15963580000061484,,,,,,,,,,,,,,,,,,,,0,32,32,75,,,,,,,,,1724.7514230999996,,,,,,,,,,,,,,1724.7356817,1724.7514230999996,1726.9680705,1727.2185552,1727.6535769000002,1727.635268,,,,,,,,,,,,,,,,,,,,,,,,,,,,,,,,,,,,,,,,,,,,,,,,,,,,,,,,,,,,,,,,,,,,,,,,,,,,,,,,,,,,,,,,,,,,,,,,,,,,,,,1727.6499461000003,1727.6535769000002,1727.6535769000002,1727.6535769000002,,,,1730.6517905,right,1,1.9623787999998967,0.15963580000061484,,,,,,,,,,,,,,,,,,,,,,,,,,,,,,,,,,,,,,,,,LP2804,001,2026-04-28_11h04.03.029,SEED,2024.2.5,None,2026-04-28 11h07.28.089256 +0100,
14,,,,,,,,,,,,2.65,33,33,0,,,,,,Scenes_Dataset/palace_interior_A.jpg,"(600, 447)",Congruent,Objects_Dataset/chandelier_retouched.png,"(250, 300)",old,left,Objects_Dataset/crown.png,"(300, 249)","(300, -200)","(300, 200)",down,,,,,,,,,,,,left,1,1.093824699999459,0.12781160000031377,,,,,,,,,,,,,,,,,,,,0,33,33,13,,,,,,,,,1730.6683747999996,,,,,,,,,,,,,,1730.6525422000004,1730.6683747999996,1732.8848139000002,1733.1350894999996,1733.3220462999998,1733.3025676999996,,,,,,,,,,,,,,,,,,,,,,,,,,,,,,,,,,,,,,,,,,,,,,,,,,,,,,,,,,,,,,,,,,,,,,,,,,,,,,,,,,,,,,,,,,,,,,,,,,,,,,,1733.3179988000002,1733.3220462999998,1733.3220462999998,1733.3220462999998,,,,1736.3187944000001,left,1,1.093824699999459,0.12781160000031377,,,,,,,,,,,,,,,,,,,,,,,,,,,,,,,,,,,,,,,,,LP2804,001,2026-04-28_11h04.03.029,SEED,2024.2.5,None,2026-04-28 11h07.28.089256 +0100,
12,,,,,,,,,,,,2.55,34,34,0,,,,,,Scenes_Dataset/castle_A.jpg,"(600, 450)",Congruent,Objects_Dataset/sword_retouched.png,"(300, 300)",old,left,Objects_Dataset/shield.png,"(199, 300)","(300, -200)","(300, 200)",down,,,,,,,,,,,,left,1,0.8929693999998563,0.11161720000018249,,,,,,,,,,,,,,,,,,,,0,34,34,11,,,,,,,,,1736.334922,,,,,,,,,,,,,,1736.3193647999997,1736.334922,1738.5516279000003,1738.8018636999996,1738.8910889999997,1738.8692075999998,,,,,,,,,,,,,,,,,,,,,,,,,,,,,,,,,,,,,,,,,,,,,,,,,,,,,,,,,,,,,,,,,,,,,,,,,,,,,,,,,,,,,,,,,,,,,,,,,,,,,,,1738.8871149999995,1738.8910889999997,1738.8910889999997,1738.8910889999997,,,,1741.8859318000004,left,1,0.8929693999998563,0.11161720000018249,,,,,,,,,,,,,,,,,,,,,,,,,,,,,,,,,,,,,,,,,LP2804,001,2026-04-28_11h04.03.029,SEED,2024.2.5,None,2026-04-28 11h07.28.089256 +0100,
66,,,,,,,,,,,,2.4,35,35,0,,,,,,Scenes_Dataset/vault_B.jpg,"(600, 400)",Lure,None,None,new,right,None,None,None,None,None,,,,,,,,,,,,right,1,2.518750799999907,0.08761370000047464,,,,,,,,,,,,,,,,,,,,0,35,35,65,,,,,,,,,1741.9017706000004,,,,,,,,,,,,,,1741.8864998,1741.9017706000004,1744.1194732000004,1744.3853208,1744.3016748,1744.3688192999998,,,,,,,,,,,,,,,,,,,,,,,,,,,,,,,,,,,,,,,,,,,,,,,,,,,,,,,,,,,,,,,,,,,,,,,,,,,,,,,,,,,,,,,,,,,,,,,,,,,,,,,1744.3813434000003,1744.3853208,1744.3853208,1744.3853208,1747.3850191000001,1747.3850191000001,1747.3850191000001,1747.3688756000001,right,1,2.518750799999907,0.08761370000047464,,,,,,,,,,,,,,,,,,,,,,,,,,,,,,,,,,,,,,,,,LP2804,001,2026-04-28_11h04.03.029,SEED,2024.2.5,None,2026-04-28 11h07.28.089256 +0100,
51,,,,,,,,,,,,3.2,36,36,0,,,,,,Scenes_Dataset/clinic_A.jpg,"(600, 400)",Incongruent,Objects_Dataset/juggling_balls_retouched.png,"(350, 197)",old,left,Objects_Dataset/sled_retouched.png,"(450, 286)","(300, 200)","(300, -200)",up,,,,,,,,,,,,right,0,2.2118365000005724,0.16803650000019843,,,,,,,,,,,,,,,,,,,,0,36,36,50,,,,,,,,,1747.3850191000001,,,,,,,,,,,,,,1747.3694883999997,1747.3850191000001,1749.6186172999996,1749.8684375000003,1750.5878481999998,1750.5689080000002,,,,,,,,,,,,,,,,,,,,,,,,,,,,,,,,,,,,,,,,,,,,,,,,,,,,,,,,,,,,,,,,,,,,,,,,,,,,,,,,,,,,,,,,,,,,,,,,,,,,,,,1750.5841215,1750.5878481999998,1750.5878481999998,1750.5878481999998,,,,1753.5855278,right,0,2.2118365000005724,0.16803650000019843,,,,,,,,,,,,,,,,,,,,,,,,,,,,,,,,,,,,,,,,,LP2804,001,2026-04-28_11h04.03.029,SEED,2024.2.5,None,2026-04-28 11h07.28.089256 +0100,
2,,,,,,,,,,,,2.05,37,37,0,,,,,,Scenes_Dataset/waiting_room_A.jpg,"(600, 450)",Congruent,Objects_Dataset/clock.png,"(250, 248)",old,left,Objects_Dataset/water_dispenser.png,"(300, 300)","(300, -200)","(300, 200)",down,,,,,,,,,,,,left,1,0.8725939999994807,0.10395220000009431,,,,,,,,,,,,,,,,,,,,0,37,37,1,,,,,,,,,1753.6018132,,,,,,,,,,,,,,1753.5861008000002,1753.6018132,1755.8185844999998,1756.0710435,1755.6528216999995,1756.0532569999996,,,,,,,,,,,,,,,,,,,,,,,,,,,,,,,,,,,,,,,,,,,,,,,,,,,,,,,,,,,,,,,,,,,,,,,,,,,,,,,,,,,,,,,,,,,,,,,,,,,,,,,1756.0670589000001,1756.0710435,1756.0710435,1756.0710435,,,,1759.0692897,left,1,0.8725939999994807,0.10395220000009431,,,,,,,,,,,,,,,,,,,,,,,,,,,,,,,,,,,,,,,,,LP2804,001,2026-04-28_11h04.03.029,SEED,2024.2.5,None,2026-04-28 11h07.28.089256 +0100,
53,,,,,,,,,,,,2,38,38,0,,,,,,Scenes_Dataset/operating_room_A.jpg,"(600, 416)",Incongruent,Objects_Dataset/rope.png,"(300, 248)",old,left,Objects_Dataset/scooter_retouched.png,"(311, 350)","(300, 200)","(300, -200)",up,,,,,,,,,,,,right,0,2.2784241999997903,0.14381700000012643,,,,,,,,,,,,,,,,,,,,0,38,38,52,,,,,,,,,1759.0851955999997,,,,,,,,,,,,,,1759.0698831999998,1759.0851955999997,1761.3188006999999,1761.5693155,1761.0852258000004,1761.5525962000002,,,,,,,,,,,,,,,,,,,,,,,,,,,,,,,,,,,,,,,,,,,,,,,,,,,,,,,,,,,,,,,,,,,,,,,,,,,,,,,,,,,,,,,,,,,,,,,,,,,,,,,1761.5656651,1761.5693155,1761.5693155,1761.5693155,1764.5689057999998,1764.5689057999998,1764.5689057999998,1764.5529526,right,0,2.2784241999997903,0.14381700000012643,,,,,,,,,,,,,,,,,,,,,,,,,,,,,,,,,,,,,,,,,LP2804,001,2026-04-28_11h04.03.029,SEED,2024.2.5,None,2026-04-28 11h07.28.089256 +0100,
56,,,,,,,,,,,,2.15,39,39,0,,,,,,Scenes_Dataset/fountain_A.jpg,"(600, 443)",Incongruent,Objects_Dataset/plasticine.png,"(250, 167)",old,left,Objects_Dataset/hands_dryer.png,"(350, 267)","(300, 200)","(300, -200)",up,,,,,,,,,,,,left,1,0.968087000000196,0.13592920000064623,,,,,,,,,,,,,,,,,,,,0,39,39,55,,,,,,,,,1764.5689057999998,,,,,,,,,,,,,,1764.5545056,1764.5689057999998,1766.8022041000004,1767.0555305999997,1766.7191429000004,1767.0360297999996,,,,,,,,,,,,,,,,,,,,,,,,,,,,,,,,,,,,,,,,,,,,,,,,,,,,,,,,,,,,,,,,,,,,,,,,,,,,,,,,,,,,,,,,,,,,,,,,,,,,,,,1767.0517597999997,1767.0555305999997,1767.0555305999997,1767.0555305999997,,,,1770.0526719,left,1,0.968087000000196,0.13592920000064623,,,,,,,,,,,,,,,,,,,,,,,,,,,,,,,,,,,,,,,,,LP2804,001,2026-04-28_11h04.03.029,SEED,2024.2.5,None,2026-04-28 11h07.28.089256 +0100,
64,,,,,,,,,,,,2.3,40,40,0,,,,,,Scenes_Dataset/building_entrance_B.jpg,"(600, 398)",Lure,None,None,new,right,None,None,None,None,None,,,,,,,,,,,,right,1,2.4157076000001325,0.08769439999923634,,,,,,,,,,,,,,,,,,,,0,40,40,63,,,,,,,,,1770.0687592000004,,,,,,,,,,,,,,1770.0532421999997,1770.0687592000004,1772.2854207999999,1772.5361769,1772.3688037000002,1772.5192881000003,,,,,,,,,,,,,,,,,,,,,,,,,,,,,,,,,,,,,,,,,,,,,,,,,,,,,,,,,,,,,,,,,,,,,,,,,,,,,,,,,,,,,,,,,,,,,,,,,,,,,,,1772.5319992000004,1772.5361769,1772.5361769,1772.5361769,,,,1775.5195889999995,right,1,2.4157076000001325,0.08769439999923634,,,,,,,,,,,,,,,,,,,,,,,,,,,,,,,,,,,,,,,,,LP2804,001,2026-04-28_11h04.03.029,SEED,2024.2.5,None,2026-04-28 11h07.28.089256 +0100,
15,,,,,,,,,,,,2.7,41,41,0,,,,,,Scenes_Dataset/river_A.jpg,"(600, 450)",Congruent,Objects_Dataset/kayak.png,"(450, 338)",old,left,Objects_Dataset/paddle.png,"(300, 299)","(300, -200)","(300, 200)",down,,,,,,,,,,,,left,1,0.8459587999996074,0.1519508000001224,,,,,,,,,,,,,,,,,,,,0,41,41,14,,,,,,,,,1775.5355926000002,,,,,,,,,,,,,,1775.5206881000004,1775.5355926000002,1777.7691824000003,1778.0187456000003,1778.2417035999997,1778.2193131000004,,,,,,,,,,,,,,,,,,,,,,,,,,,,,,,,,,,,,,,,,,,,,,,,,,,,,,,,,,,,,,,,,,,,,,,,,,,,,,,,,,,,,,,,,,,,,,,,,,,,,,,1778.2379143999997,1778.2417035999997,1778.2417035999997,1778.2417035999997,,,,1781.2358019000003,left,1,0.8459587999996074,0.1519508000001224,,,,,,,,,,,,,,,,,,,,,,,,,,,,,,,,,,,,,,,,,LP2804,001,2026-04-28_11h04.03.029,SEED,2024.2.5,None,2026-04-28 11h07.28.089256 +0100,
47,,,,,,,,,,,,3,42,42,0,,,,,,Scenes_Dataset/entrance_hall_B.jpg,"(600, 421)",Incongruent,Objects_Dataset/movie_reels.png,"(350, 268)",old,left,Objects_Dataset/payment_terminal.png,"(285, 300)","(300, 200)","(300, -200)",up,,,,,,,,,,,,left,1,0.9771593000004941,0.14387269999951968,,,,,,,,,,,,,,,,,,,,0,42,42,46,,,,,,,,,1781.2523113999996,,,,,,,,,,,,,,1781.2365487999996,1781.2523113999996,1783.4694091000001,1783.7189537000004,1784.2545903,1784.2361050999998,,,,,,,,,,,,,,,,,,,,,,,,,,,,,,,,,,,,,,,,,,,,,,,,,,,,,,,,,,,,,,,,,,,,,,,,,,,,,,,,,,,,,,,,,,,,,,,,,,,,,,,1784.2508226,1784.2545903,1784.2545903,1784.2545903,,,,1787.2527039999995,left,1,0.9771593000004941,0.14387269999951968,,,,,,,,,,,,,,,,,,,,,,,,,,,,,,,,,,,,,,,,,LP2804,001,2026-04-28_11h04.03.029,SEED,2024.2.5,None,2026-04-28 11h07.28.089256 +0100,
90,,,,,,,,,,,,2.3,43,43,0,,,,,,Scenes_Dataset/laundry_A.jpg,"(600, 408)",Lure,None,None,new,right,None,None,None,None,None,,,,,,,,,,,,None,0,,,,,,,,,,,,,,,,,,,,,,0,43,43,89,,,,,,,,,1787.2691013000003,,,,,,,,,,,,,,1787.2533893999998,1787.2691013000003,1789.4857908000004,1789.7355920999998,1789.5694065999996,1789.7195803000004,,,,,,,,,,,,,,,,,,,,,,,,,,,,,,,,,,,,,,,,,,,,,,,,,,,,,,,,,,,,,,,,,,,,,,,,,,,,,,,,,,,,,,,,,,,,,,,,,,,,,,,1789.7313664000003,1789.7355920999998,1789.7355920999998,1789.7355920999998,,,,1792.7216472999999,None,0,,,,,,,,,,,,,,,,,,,,,,,,,,,,,,,,,,,,,,,,,,,LP2804,001,2026-04-28_11h04.03.029,SEED,2024.2.5,None,2026-04-28 11h07.28.089256 +0100,
10,,,,,,,,,,,,2.45,44,44,0,,,,,,Scenes_Dataset/toy_store_B.jpg,"(600, 415)",Congruent,Objects_Dataset/doll.png,"(191, 300)",old,left,Objects_Dataset/abacus.png,"(185, 200)","(300, -200)","(300, 200)",down,,,,,,,,,,,,left,1,2.640883300000496,0.11193079999975453,,,,,,,,,,,,,,,,,,,,0,44,44,9,,,,,,,,,1792.7357776999997,,,,,,,,,,,,,,1792.7223382000002,1792.7357776999997,1794.9693058000003,1795.2228573000002,1795.1860747,1795.2031145,,,,,,,,,,,,,,,,,,,,,,,,,,,,,,,,,,,,,,,,,,,,,,,,,,,,,,,,,,,,,,,,,,,,,,,,,,,,,,,,,,,,,,,,,,,,,,,,,,,,,,,1795.2164007000001,1795.2228573000002,1795.2228573000002,1795.2228573000002,,,,1798.2198632,left,1,2.640883300000496,0.11193079999975453,,,,,,,,,,,,,,,,,,,,,,,,,,,,,,,,,,,,,,,,,LP2804,001,2026-04-28_11h04.03.029,SEED,2024.2.5,None,2026-04-28 11h07.28.089256 +0100,
37,,,,,,,,,,,,2.5,45,45,0,,,,,,Scenes_Dataset/vault_A.jpg,"(600, 398)",Incongruent,Objects_Dataset/fan.png,"(350, 350)",old,left,Objects_Dataset/cactus.png,"(300, 248)","(300, 200)","(300, -200)",up,,,,,,,,,,,,left,1,1.3670084999994288,0.15180010000040056,,,,,,,,,,,,,,,,,,,,0,45,45,36,,,,,,,,,1798.2362093000002,,,,,,,,,,,,,,1798.2204798000002,1798.2362093000002,1800.4527480999996,1800.7027109,1800.736884,1800.7198796000002,,,,,,,,,,,,,,,,,,,,,,,,,,,,,,,,,,,,,,,,,,,,,,,,,,,,,,,,,,,,,,,,,,,,,,,,,,,,,,,,,,,,,,,,,,,,,,,,,,,,,,,1800.7331906999998,1800.736884,1800.736884,1800.736884,1803.7378626999998,1803.7378626999998,1803.7378626999998,1803.7197964999996,left,1,1.3670084999994288,0.15180010000040056,,,,,,,,,,,,,,,,,,,,,,,,,,,,,,,,,,,,,,,,,LP2804,001,2026-04-28_11h04.03.029,SEED,2024.2.5,None,2026-04-28 11h07.28.089256 +0100,
82,,,,,,,,,,,,3.2,46,46,0,,,,,,Scenes_Dataset/classroom_A.jpg,"(600, 450)",Lure,None,None,new,right,None,None,None,None,None,,,,,,,,,,,,right,1,1.7164434999995137,0.1920060000002195,,,,,,,,,,,,,,,,,,,,0,46,46,81,,,,,,,,,1803.7378626999998,,,,,,,,,,,,,,1803.7203603999997,1803.7378626999998,1805.9696422999996,1806.2196831,1806.9554391000001,1806.9368754999996,,,,,,,,,,,,,,,,,,,,,,,,,,,,,,,,,,,,,,,,,,,,,,,,,,,,,,,,,,,,,,,,,,,,,,,,,,,,,,,,,,,,,,,,,,,,,,,,,,,,,,,1806.9513215999996,1806.9554391000001,1806.9554391000001,1806.9554391000001,,,,1809.9533048000003,right,1,1.7164434999995137,0.1920060000002195,,,,,,,,,,,,,,,,,,,,,,,,,,,,,,,,,,,,,,,,,LP2804,001,2026-04-28_11h04.03.029,SEED,2024.2.5,None,2026-04-28 11h07.28.089256 +0100,
33,,,,,,,,,,,,2.3,47,47,0,,,,,,Scenes_Dataset/ice_rink_A.jpg,"(600, 450)",Incongruent,Objects_Dataset/paper_towel_dispenser.png,"(300, 400)",old,left,Objects_Dataset/saxophone.png,"(250, 250)","(300, 200)","(300, -200)",up,,,,,,,,,,,,left,1,1.5235756000001857,0.10412709999945946,,,,,,,,,,,,,,,,,,,,0,47,47,32,,,,,,,,,1809.9697263999997,,,,,,,,,,,,,,1809.9539881,1809.9697263999997,1812.1864107000001,1812.4359125,1812.2697839000002,1812.420048,,,,,,,,,,,,,,,,,,,,,,,,,,,,,,,,,,,,,,,,,,,,,,,,,,,,,,,,,,,,,,,,,,,,,,,,,,,,,,,,,,,,,,,,,,,,,,,,,,,,,,,1812.4266859999998,1812.4359125,1812.4359125,1812.4359125,1815.4361933,1815.4361933,1815.4361933,1815.4201033,left,1,1.5235756000001857,0.10412709999945946,,,,,,,,,,,,,,,,,,,,,,,,,,,,,,,,,,,,,,,,,LP2804,001,2026-04-28_11h04.03.029,SEED,2024.2.5,None,2026-04-28 11h07.28.089256 +0100,
30,,,,,,,,,,,,2.15,48,48,0,,,,,,Scenes_Dataset/locker_room_B.jpg,"(600, 399)",Congruent,Objects_Dataset/locker.png,"(264, 400)",old,left,Objects_Dataset/slippers.png,"(280, 300)","(300, -200)","(300, 200)",down,,,,,,,,,,,,left,1,0.8146006999995734,0.11191229999985808,,,,,,,,,,,,,,,,,,,,0,48,48,29,,,,,,,,,1815.4361933,,,,,,,,,,,,,,1815.4209030000002,1815.4361933,1817.6725170999998,1817.9371413,1817.5861453999996,1817.9201423000004,,,,,,,,,,,,,,,,,,,,,,,,,,,,,,,,,,,,,,,,,,,,,,,,,,,,,,,,,,,,,,,,,,,,,,,,,,,,,,,,,,,,,,,,,,,,,,,,,,,,,,,1817.933666,1817.9371413,1817.9371413,1817.9371413,1820.9362475999997,1820.9362475999997,1820.9362475999997,1820.9199894000003,left,1,0.8146006999995734,0.11191229999985808,,,,,,,,,,,,,,,,,,,,,,,,,,,,,,,,,,,,,,,,,LP2804,001,2026-04-28_11h04.03.029,SEED,2024.2.5,None,2026-04-28 11h07.28.089256 +0100,
3,,,,,,,,,,,,2.1,49,49,0,,,,,,Scenes_Dataset/car_interior_A.jpg,"(600, 389)",Congruent,Objects_Dataset/car_mat.png,"(230, 258)",old,left,Objects_Dataset/car_key.png,"(300, 125)","(300, -200)","(300, 200)",down,,,,,,,,,,,,left,1,2.811472600000343,0.11200300000018615,,,,,,,,,,,,,,,,,,,,0,49,49,2,,,,,,,,,1820.9362475999997,,,,,,,,,,,,,,1820.9206243999997,1820.9362475999997,1823.1703711,1823.4201897000003,1823.0361666,1823.4034283,,,,,,,,,,,,,,,,,,,,,,,,,,,,,,,,,,,,,,,,,,,,,,,,,,,,,,,,,,,,,,,,,,,,,,,,,,,,,,,,,,,,,,,,,,,,,,,,,,,,,,,1823.4167063000004,1823.4201897000003,1823.4201897000003,1823.4201897000003,1826.4196543999997,1826.4196543999997,1826.4196543999997,1826.4034591999998,left,1,2.811472600000343,0.11200300000018615,,,,,,,,,,,,,,,,,,,,,,,,,,,,,,,,,,,,,,,,,LP2804,001,2026-04-28_11h04.03.029,SEED,2024.2.5,None,2026-04-28 11h07.28.089256 +0100,
35,,,,,,,,,,,,2.4,50,50,0,,,,,,Scenes_Dataset/dentist_A.jpg,"(600, 400)",Incongruent,Objects_Dataset/basketball.png,"(282, 300)",old,left,Objects_Dataset/chandelier_retouched.png,"(250, 300)","(300, 200)","(300, -200)",up,,,,,,,,,,,,left,1,0.7585061999998288,0.11997580000024755,,,,,,,,,,,,,,,,,,,,0,50,50,34,,,,,,,,,1826.4196543999997,,,,,,,,,,,,,,1826.4040127999997,1826.4196543999997,1828.6528230000004,1828.9051128,1828.8194475,1828.8877220000004,,,,,,,,,,,,,,,,,,,,,,,,,,,,,,,,,,,,,,,,,,,,,,,,,,,,,,,,,,,,,,,,,,,,,,,,,,,,,,,,,,,,,,,,,,,,,,,,,,,,,,,1828.9014072,1828.9051128,1828.9051128,1828.9051128,,,,1831.8881351,left,1,0.7585061999998288,0.11997580000024755,,,,,,,,,,,,,,,,,,,,,,,,,,,,,,,,,,,,,,,,,LP2804,001,2026-04-28_11h04.03.029,SEED,2024.2.5,None,2026-04-28 11h07.28.089256 +0100,
46,,,,,,,,,,,,2.95,51,51,0,,,,,,Scenes_Dataset/skate_park_A.jpg,"(600, 450)",Incongruent,Objects_Dataset/paddle.png,"(300, 299)",old,left,Objects_Dataset/fan.png,"(350, 350)","(300, 200)","(300, -200)",up,,,,,,,,,,,,left,1,0.9584978000002593,0.13596989999950893,,,,,,,,,,,,,,,,,,,,0,51,51,45,,,,,,,,,1831.9028489000002,,,,,,,,,,,,,,1831.8887332000004,1831.9028489000002,1834.1529183000002,1834.4028731999997,1834.8571413999998,1834.8366310000001,,,,,,,,,,,,,,,,,,,,,,,,,,,,,,,,,,,,,,,,,,,,,,,,,,,,,,,,,,,,,,,,,,,,,,,,,,,,,,,,,,,,,,,,,,,,,,,,,,,,,,,1834.8533631999999,1834.8571413999998,1834.8571413999998,1834.8571413999998,,,,1837.8532379999997,left,1,0.9584978000002593,0.13596989999950893,,,,,,,,,,,,,,,,,,,,,,,,,,,,,,,,,,,,,,,,,LP2804,001,2026-04-28_11h04.03.029,SEED,2024.2.5,None,2026-04-28 11h07.28.089256 +0100,
31,,,,,,,,,,,,2.2,52,52,0,,,,,,Scenes_Dataset/balcony.jpg,"(600, 450)",Incongruent,Objects_Dataset/car_key.png,"(300, 125)",old,left,Objects_Dataset/staple_puller_retouched.png,"(400, 400)","(300, 200)","(300, -200)",up,,,,,,,,,,,,left,1,1.8557411000001593,0.11232180000024528,,,,,,,,,,,,,,,,,,,,0,52,52,30,,,,,,,,,1837.8695907000001,,,,,,,,,,,,,,1837.8539662000003,1837.8695907000001,1840.0863135,1840.3360188999995,1840.0696846,1840.3202525999995,,,,,,,,,,,,,,,,,,,,,,,,,,,,,,,,,,,,,,,,,,,,,,,,,,,,,,,,,,,,,,,,,,,,,,,,,,,,,,,,,,,,,,,,,,,,,,,,,,,,,,,1840.3279116000003,1840.3360188999995,1840.3360188999995,1840.3360188999995,1843.3364435000003,1843.3364435000003,1843.3364435000003,1843.3205801000004,left,1,1.8557411000001593,0.11232180000024528,,,,,,,,,,,,,,,,,,,,,,,,,,,,,,,,,,,,,,,,,LP2804,001,2026-04-28_11h04.03.029,SEED,2024.2.5,None,2026-04-28 11h07.28.089256 +0100,
23,,,,,,,,,,,,3.1,53,53,0,,,,,,Scenes_Dataset/desert_A.jpg,"(600, 375)",Congruent,Objects_Dataset/cactus.png,"(300, 248)",old,left,Objects_Dataset/canteen.png,"(150, 250)","(300, -200)","(300, 200)",down,,,,,,,,,,,,left,1,0.819018899999719,0.12812599999961094,,,,,,,,,,,,,,,,,,,,0,53,53,22,,,,,,,,,1843.3364435000003,,,,,,,,,,,,,,1843.3211383999997,1843.3364435000003,1845.5698356000003,1845.8203192,1846.4367597,1846.4203541999996,,,,,,,,,,,,,,,,,,,,,,,,,,,,,,,,,,,,,,,,,,,,,,,,,,,,,,,,,,,,,,,,,,,,,,,,,,,,,,,,,,,,,,,,,,,,,,,,,,,,,,,1846.4332377,1846.4367597,1846.4367597,1846.4367597,1849.4366854,1849.4366854,1849.4366854,1849.4205064999996,left,1,0.819018899999719,0.12812599999961094,,,,,,,,,,,,,,,,,,,,,,,,,,,,,,,,,,,,,,,,,LP2804,001,2026-04-28_11h04.03.029,SEED,2024.2.5,None,2026-04-28 11h07.28.089256 +0100,
27,,,,,,,,,,,,2,54,54,0,,,,,,Scenes_Dataset/toilet_A.jpg,"(600, 450)",Congruent,Objects_Dataset/toothbrush.png,"(300, 215)",old,left,Objects_Dataset/hairdryer_retouched.png,"(250, 241)","(300, -200)","(300, 200)",down,,,,,,,,,,,,left,1,0.9910706999999093,0.1279234000003271,,,,,,,,,,,,,,,,,,,,0,54,54,26,,,,,,,,,1849.4366854,,,,,,,,,,,,,,1849.4210667999996,1849.4366854,1851.6698273000002,1851.9206723999996,1851.4367000000002,1851.9035765999997,,,,,,,,,,,,,,,,,,,,,,,,,,,,,,,,,,,,,,,,,,,,,,,,,,,,,,,,,,,,,,,,,,,,,,,,,,,,,,,,,,,,,,,,,,,,,,,,,,,,,,,1851.9161027999999,1851.9206723999996,1851.9206723999996,1851.9206723999996,1854.9201660999997,1854.9201660999997,1854.9201660999997,1854.9037001999995,left,1,0.9910706999999093,0.1279234000003271,,,,,,,,,,,,,,,,,,,,,,,,,,,,,,,,,,,,,,,,,LP2804,001,2026-04-28_11h04.03.029,SEED,2024.2.5,None,2026-04-28 11h07.28.089256 +0100,
7,,,,,,,,,,,,2.3,55,55,0,,,,,,Scenes_Dataset/snow_B.jpg,"(600, 450)",Congruent,Objects_Dataset/wool_cap.png,"(250, 250)",old,left,Objects_Dataset/eskimo_coat.png,"(300, 300)","(300, -200)","(300, 200)",down,,,,,,,,,,,,left,1,0.8446222000002308,0.1119392999999036,,,,,,,,,,,,,,,,,,,,0,55,55,6,,,,,,,,,1854.9201660999997,,,,,,,,,,,,,,1854.9042486999997,1854.9201660999997,1857.1534771999995,1857.4030783999997,1857.2199328999995,1857.3872105,,,,,,,,,,,,,,,,,,,,,,,,,,,,,,,,,,,,,,,,,,,,,,,,,,,,,,,,,,,,,,,,,,,,,,,,,,,,,,,,,,,,,,,,,,,,,,,,,,,,,,,1857.3954274999996,1857.4030783999997,1857.4030783999997,1857.4030783999997,,,,1860.3875503,left,1,0.8446222000002308,0.1119392999999036,,,,,,,,,,,,,,,,,,,,,,,,,,,,,,,,,,,,,,,,,LP2804,001,2026-04-28_11h04.03.029,SEED,2024.2.5,None,2026-04-28 11h07.28.089256 +0100,
21,,,,,,,,,,,,3,56,56,0,,,,,,Scenes_Dataset/pharmacy_A.jpg,"(600, 461)",Congruent,Objects_Dataset/pills.png,"(216, 250)",old,left,Objects_Dataset/thermometer.png,"(300, 199)","(300, -200)","(300, 200)",down,,,,,,,,,,,,left,1,0.9930852999996205,0.09591439999985596,,,,,,,,,,,,,,,,,,,,0,56,56,20,,,,,,,,,1860.4033286000003,,,,,,,,,,,,,,1860.3881198,1860.4033286000003,1862.6368362000003,1862.8867123999999,1863.4068512000003,1863.3874458999999,,,,,,,,,,,,,,,,,,,,,,,,,,,,,,,,,,,,,,,,,,,,,,,,,,,,,,,,,,,,,,,,,,,,,,,,,,,,,,,,,,,,,,,,,,,,,,,,,,,,,,,1863.4030432,1863.4068512000003,1863.4068512000003,1863.4068512000003,,,,1866.4040128999995,left,1,0.9930852999996205,0.09591439999985596,,,,,,,,,,,,,,,,,,,,,,,,,,,,,,,,,,,,,,,,,LP2804,001,2026-04-28_11h04.03.029,SEED,2024.2.5,None,2026-04-28 11h07.28.089256 +0100,
77,,,,,,,,,,,,2.95,57,57,0,,,,,,Scenes_Dataset/trash_A.jpg,"(600, 424)",Lure,None,None,new,right,None,None,None,None,None,,,,,,,,,,,,right,1,2.615219600000273,0.10402580000027228,,,,,,,,,,,,,,,,,,,,0,57,57,76,,,,,,,,,1866.4202594999997,,,,,,,,,,,,,,1866.4047497000001,1866.4202594999997,1868.6372299000004,1868.8867665999996,1869.3763415000003,1869.3539921000001,,,,,,,,,,,,,,,,,,,,,,,,,,,,,,,,,,,,,,,,,,,,,,,,,,,,,,,,,,,,,,,,,,,,,,,,,,,,,,,,,,,,,,,,,,,,,,,,,,,,,,,1869.3699631,1869.3763415000003,1869.3763415000003,1869.3763415000003,,,,1872.3734443000003,right,1,2.615219600000273,0.10402580000027228,,,,,,,,,,,,,,,,,,,,,,,,,,,,,,,,,,,,,,,,,LP2804,001,2026-04-28_11h04.03.029,SEED,2024.2.5,None,2026-04-28 11h07.28.089256 +0100,
49,,,,,,,,,,,,3.1,58,58,0,,,,,,Scenes_Dataset/restaurant_A.jpg,"(600, 400)",Incongruent,Objects_Dataset/comb.png,"(250, 250)",old,left,Objects_Dataset/football_boots.png,"(300, 300)","(300, 200)","(300, -200)",up,,,,,,,,,,,,right,0,2.255900300000576,0.1359482999996544,,,,,,,,,,,,,,,,,,,,0,58,58,48,,,,,,,,,1872.3869495999998,,,,,,,,,,,,,,1872.3741453000002,1872.3869495999998,1874.6035756,1874.8537137000003,1875.4877419000004,1875.4725448999998,,,,,,,,,,,,,,,,,,,,,,,,,,,,,,,,,,,,,,,,,,,,,,,,,,,,,,,,,,,,,,,,,,,,,,,,,,,,,,,,,,,,,,,,,,,,,,,,,,,,,,,1875.4842362,1875.4877419000004,1875.4877419000004,1875.4877419000004,1878.4870455999999,1878.4870455999999,1878.4870455999999,1878.4716200000003,right,0,2.255900300000576,0.1359482999996544,,,,,,,,,,,,,,,,,,,,,,,,,,,,,,,,,,,,,,,,,LP2804,001,2026-04-28_11h04.03.029,SEED,2024.2.5,None,2026-04-28 11h07.28.089256 +0100,
20,,,,,,,,,,,,2.95,59,59,0,,,,,,Scenes_Dataset/basketball_field_A.jpg,"(600, 399)",Congruent,Objects_Dataset/whistle.png,"(200, 151)",old,left,Objects_Dataset/basketball.png,"(282, 300)","(300, -200)","(300, 200)",down,,,,,,,,,,,,left,1,0.750790699999925,0.1358207000002949,,,,,,,,,,,,,,,,,,,,0,59,59,19,,,,,,,,,1878.4870455999999,,,,,,,,,,,,,,1878.4724876999999,1878.4870455999999,1880.7369611000004,1880.9896146,1881.4409322000001,1881.4206270000004,,,,,,,,,,,,,,,,,,,,,,,,,,,,,,,,,,,,,,,,,,,,,,,,,,,,,,,,,,,,,,,,,,,,,,,,,,,,,,,,,,,,,,,,,,,,,,,,,,,,,,,1881.4374090000001,1881.4409322000001,1881.4409322000001,1881.4409322000001,,,,1884.4373035999997,left,1,0.750790699999925,0.1358207000002949,,,,,,,,,,,,,,,,,,,,,,,,,,,,,,,,,,,,,,,,,LP2804,001,2026-04-28_11h04.03.029,SEED,2024.2.5,None,2026-04-28 11h07.28.089256 +0100,
11,,,,,,,,,,,,2.5,60,60,0,,,,,,Scenes_Dataset/airplane_interior_A.jpg,"(600, 480)",Congruent,Objects_Dataset/oxygen_mask_retouched.png,"(300, 300)",old,left,Objects_Dataset/airplane_belt.png,"(300, 249)","(300, -200)","(300, 200)",down,,,,,,,,,,,,left,1,1.2028045999995811,0.13599109999995562,,,,,,,,,,,,,,,,,,,,0,60,60,10,,,,,,,,,1884.4536772000001,,,,,,,,,,,,,,1884.4378767999997,1884.4536772000001,1886.6706304,1886.9204395999996,1886.9567992000002,1886.9377126,,,,,,,,,,,,,,,,,,,,,,,,,,,,,,,,,,,,,,,,,,,,,,,,,,,,,,,,,,,,,,,,,,,,,,,,,,,,,,,,,,,,,,,,,,,,,,,,,,,,,,,1886.9528964,1886.9567992000002,1886.9567992000002,1886.9567992000002,,,,1889.9540933999997,left,1,1.2028045999995811,0.13599109999995562,,,,,,,,,,,,,,,,,,,,,,,,,,,,,,,,,,,,,,,,,LP2804,001,2026-04-28_11h04.03.029,SEED,2024.2.5,None,2026-04-28 11h07.28.089256 +0100,
71,,,,,,,,,,,,2.65,61,61,0,,,,,,Scenes_Dataset/field_B.jpg,"(600, 381)",Lure,None,None,new,right,None,None,None,None,None,,,,,,,,,,,,right,1,1.8681956999998874,0.15861409999979514,,,,,,,,,,,,,,,,,,,,0,61,61,70,,,,,,,,,1889.9705371,,,,,,,,,,,,,,1889.9548791999996,1889.9705371,1892.1871560999998,1892.4371738999998,1892.6208199000002,1892.6044703999996,,,,,,,,,,,,,,,,,,,,,,,,,,,,,,,,,,,,,,,,,,,,,,,,,,,,,,,,,,,,,,,,,,,,,,,,,,,,,,,,,,,,,,,,,,,,,,,,,,,,,,,1892.6171083999998,1892.6208199000002,1892.6208199000002,1892.6208199000002,1895.6206589000003,1895.6206589000003,1895.6206589000003,1895.6043289999998,right,1,1.8681956999998874,0.15861409999979514,,,,,,,,,,,,,,,,,,,,,,,,,,,,,,,,,,,,,,,,,LP2804,001,2026-04-28_11h04.03.029,SEED,2024.2.5,None,2026-04-28 11h07.28.089256 +0100,
34,,,,,,,,,,,,2.35,62,62,0,,,,,,Scenes_Dataset/flower_shop_A.jpg,"(600, 450)",Incongruent,Objects_Dataset/trumpet_retouched.png,"(300, 122)",old,left,Objects_Dataset/sailor_hat.png,"(300, 250)","(300, 200)","(300, -200)",up,,,,,,,,,,,,left,1,0.9212246999995841,0.1278493999998318,,,,,,,,,,,,,,,,,,,,0,62,62,33,,,,,,,,,1895.6206589000003,,,,,,,,,,,,,,1895.6052679000004,1895.6206589000003,1897.8538713999997,1898.1104538999998,1897.9705734,1898.0876818999996,,,,,,,,,,,,,,,,,,,,,,,,,,,,,,,,,,,,,,,,,,,,,,,,,,,,,,,,,,,,,,,,,,,,,,,,,,,,,,,,,,,,,,,,,,,,,,,,,,,,,,,1898.1066440000004,1898.1104538999998,1898.1104538999998,1898.1104538999998,,,,1901.1042406999995,left,1,0.9212246999995841,0.1278493999998318,,,,,,,,,,,,,,,,,,,,,,,,,,,,,,,,,,,,,,,,,LP2804,001,2026-04-28_11h04.03.029,SEED,2024.2.5,None,2026-04-28 11h07.28.089256 +0100,
68,,,,,,,,,,,,2.5,63,63,0,,,,,,Scenes_Dataset/hut_B.jpg,"(600, 400)",Lure,None,None,new,right,None,None,None,None,None,,,,,,,,,,,,right,1,2.3991846999997506,0.11194530000011582,,,,,,,,,,,,,,,,,,,,0,63,63,67,,,,,,,,,1901.1223417,,,,,,,,,,,,,,1901.1051273000003,1901.1223417,1903.3374049000004,1903.5874876999997,1903.6405556,1903.6213790000002,,,,,,,,,,,,,,,,,,,,,,,,,,,,,,,,,,,,,,,,,,,,,,,,,,,,,,,,,,,,,,,,,,,,,,,,,,,,,,,,,,,,,,,,,,,,,,,,,,,,,,,1903.6367835,1903.6405556,1903.6405556,1903.6405556,,,,1906.6405255999998,right,1,2.3991846999997506,0.11194530000011582,,,,,,,,,,,,,,,,,,,,,,,,,,,,,,,,,,,,,,,,,LP2804,001,2026-04-28_11h04.03.029,SEED,2024.2.5,None,2026-04-28 11h07.28.089256 +0100,
9,,,,,,,,,,,,2.4,64,64,0,,,,,,Scenes_Dataset/childrens_room_A.jpg,"(600, 524)",Congruent,Objects_Dataset/abacus.png,"(185, 200)",old,left,Objects_Dataset/doll.png,"(191, 300)","(300, -200)","(300, 200)",down,,,,,,,,,,,,left,1,0.7919281000004048,0.14399549999961891,,,,,,,,,,,,,,,,,,,,0,64,64,8,,,,,,,,,1906.6541926,,,,,,,,,,,,,,1906.6411104,1906.6541926,1908.8709451000004,1909.1277014999996,1909.0542156000001,1909.1047687999999,,,,,,,,,,,,,,,,,,,,,,,,,,,,,,,,,,,,,,,,,,,,,,,,,,,,,,,,,,,,,,,,,,,,,,,,,,,,,,,,,,,,,,,,,,,,,,,,,,,,,,,1909.1208333000004,1909.1277014999996,1909.1277014999996,1909.1277014999996,,,,1912.1211967999998,left,1,0.7919281000004048,0.14399549999961891,,,,,,,,,,,,,,,,,,,,,,,,,,,,,,,,,,,,,,,,,LP2804,001,2026-04-28_11h04.03.029,SEED,2024.2.5,None,2026-04-28 11h07.28.089256 +0100,
59,,,,,,,,,,,,2.3,65,65,0,,,,,,Scenes_Dataset/golf_course_A.jpg,"(600, 400)",Incongruent,Objects_Dataset/clothesline_retouched_2.png,"(350, 231)",old,left,Objects_Dataset/computer_monitor.png,"(300, 300)","(300, 200)","(300, -200)",up,,,,,,,,,,,,left,1,0.7547761999994691,0.1359548000000359,,,,,,,,,,,,,,,,,,,,0,65,65,58,,,,,,,,,1912.1381792000002,,,,,,,,,,,,,,1912.1218566999996,1912.1381792000002,1914.3542698,1914.6048621999998,1914.4377235000002,1914.5881063999996,,,,,,,,,,,,,,,,,,,,,,,,,,,,,,,,,,,,,,,,,,,,,,,,,,,,,,,,,,,,,,,,,,,,,,,,,,,,,,,,,,,,,,,,,,,,,,,,,,,,,,,1914.6012975000003,1914.6048621999998,1914.6048621999998,1914.6048621999998,1917.6044633000001,1917.6044633000001,1917.6044633000001,1917.5881855999996,left,1,0.7547761999994691,0.1359548000000359,,,,,,,,,,,,,,,,,,,,,,,,,,,,,,,,,,,,,,,,,LP2804,001,2026-04-28_11h04.03.029,SEED,2024.2.5,None,2026-04-28 11h07.28.089256 +0100,
18,,,,,,,,,,,,2.85,66,66,0,,,,,,Scenes_Dataset/soccer_stadium_B.jpg,"(600, 400)",Congruent,Objects_Dataset/football_boots.png,"(300, 300)",old,left,Objects_Dataset/whistle.png,"(200, 151)","(300, -200)","(300, 200)",down,,,,,,,,,,,,left,1,1.0630809000003865,0.1119765000003099,,,,,,,,,,,,,,,,,,,,0,66,66,17,,,,,,,,,1917.6044633000001,,,,,,,,,,,,,,1917.5887948999998,1917.6044633000001,1919.8377371999995,1920.0879470999998,1920.4565107999997,1920.4381989000003,,,,,,,,,,,,,,,,,,,,,,,,,,,,,,,,,,,,,,,,,,,,,,,,,,,,,,,,,,,,,,,,,,,,,,,,,,,,,,,,,,,,,,,,,,,,,,,,,,,,,,,1920.4449777999998,1920.4565107999997,1920.4565107999997,1920.4565107999997,,,,1923.4549688999996,left,1,1.0630809000003865,0.1119765000003099,,,,,,,,,,,,,,,,,,,,,,,,,,,,,,,,,,,,,,,,,LP2804,001,2026-04-28_11h04.03.029,SEED,2024.2.5,None,2026-04-28 11h07.28.089256 +0100,
50,,,,,,,,,,,,3.15,67,67,0,,,,,,Scenes_Dataset/playground_A.jpg,"(600, 337)",Incongruent,Objects_Dataset/water_dispenser.png,"(300, 300)",old,left,Objects_Dataset/wine_cork.png,"(250, 163)","(300, 200)","(300, -200)",up,,,,,,,,,,,,left,1,1.795430000000124,0.11195499999939784,,,,,,,,,,,,,,,,,,,,0,67,67,49,,,,,,,,,1923.4711278000004,,,,,,,,,,,,,,1923.4558100000004,1923.4711278000004,1925.6878545,1925.9378293999998,1926.6282103000003,1926.6048876000004,,,,,,,,,,,,,,,,,,,,,,,,,,,,,,,,,,,,,,,,,,,,,,,,,,,,,,,,,,,,,,,,,,,,,,,,,,,,,,,,,,,,,,,,,,,,,,,,,,,,,,,1926.6221077999999,1926.6282103000003,1926.6282103000003,1926.6282103000003,,,,1929.6215216,left,1,1.795430000000124,0.11195499999939784,,,,,,,,,,,,,,,,,,,,,,,,,,,,,,,,,,,,,,,,,LP2804,001,2026-04-28_11h04.03.029,SEED,2024.2.5,None,2026-04-28 11h07.28.089256 +0100,
84,,,,,,,,,,,,2,68,68,0,,,,,,Scenes_Dataset/bedroom_A.jpg,"(600, 403)",Lure,None,None,new,right,None,None,None,None,None,,,,,,,,,,,,right,1,1.9711254000003464,0.1359787999999753,,,,,,,,,,,,,,,,,,,,0,68,68,83,,,,,,,,,1929.6378439,,,,,,,,,,,,,,1929.6221882,1929.6378439,1931.8547516999997,1932.1085253,1931.6379023999998,1932.0883863999998,,,,,,,,,,,,,,,,,,,,,,,,,,,,,,,,,,,,,,,,,,,,,,,,,,,,,,,,,,,,,,,,,,,,,,,,,,,,,,,,,,,,,,,,,,,,,,,,,,,,,,,1932.1046291000002,1932.1085253,1932.1085253,1932.1085253,,,,1935.1051681999998,right,1,1.9711254000003464,0.1359787999999753,,,,,,,,,,,,,,,,,,,,,,,,,,,,,,,,,,,,,,,,,LP2804,001,2026-04-28_11h04.03.029,SEED,2024.2.5,None,2026-04-28 11h07.28.089256 +0100,
6,,,,,,,,,,,,2.25,69,69,0,,,,,,Scenes_Dataset/stationary_store_A.jpg,"(600, 370)",Congruent,Objects_Dataset/stapler.png,"(250, 178)",old,left,Objects_Dataset/envelope_retouched.png,"(250, 211)","(300, -200)","(300, 200)",down,,,,,,,,,,,,left,1,1.068499900000461,0.12002959999972518,,,,,,,,,,,,,,,,,,,,0,69,69,5,,,,,,,,,1935.1212865999996,,,,,,,,,,,,,,1935.1059035999997,1935.1212865999996,1937.3378996000001,1937.5872443999997,1937.3709681,1937.5714944000001,,,,,,,,,,,,,,,,,,,,,,,,,,,,,,,,,,,,,,,,,,,,,,,,,,,,,,,,,,,,,,,,,,,,,,,,,,,,,,,,,,,,,,,,,,,,,,,,,,,,,,,1937.5827009000004,1937.5872443999997,1937.5872443999997,1937.5872443999997,1940.5875908999997,1940.5875908999997,1940.5875908999997,1940.5709815999999,left,1,1.068499900000461,0.12002959999972518,,,,,,,,,,,,,,,,,,,,,,,,,,,,,,,,,,,,,,,,,LP2804,001,2026-04-28_11h04.03.029,SEED,2024.2.5,None,2026-04-28 11h07.28.089256 +0100,
19,,,,,,,,,,,,2.9,70,70,0,,,,,,Scenes_Dataset/island_A.jpg,"(600, 420)",Congruent,Objects_Dataset/message_bottle.png,"(284, 177)",old,left,Objects_Dataset/kayak.png,"(450, 338)","(300, -200)","(300, 200)",down,,,,,,,,,,,,left,1,1.136091000000306,0.12776949999988574,,,,,,,,,,,,,,,,,,,,0,70,70,18,,,,,,,,,1940.5875908999997,,,,,,,,,,,,,,1940.5711313000002,1940.5875908999997,1942.8209604000003,1943.0710214,1943.4876623,1943.4711513000002,,,,,,,,,,,,,,,,,,,,,,,,,,,,,,,,,,,,,,,,,,,,,,,,,,,,,,,,,,,,,,,,,,,,,,,,,,,,,,,,,,,,,,,,,,,,,,,,,,,,,,,1943.4785063,1943.4876623,1943.4876623,1943.4876623,,,,1946.4720192000004,left,1,1.136091000000306,0.12776949999988574,,,,,,,,,,,,,,,,,,,,,,,,,,,,,,,,,,,,,,,,,LP2804,001,2026-04-28_11h04.03.029,SEED,2024.2.5,None,2026-04-28 11h07.28.089256 +0100,
26,,,,,,,,,,,,3.25,71,71,0,,,,,,Scenes_Dataset/hospital_room_B.jpg,"(600, 400)",Congruent,Objects_Dataset/saline_retouched.png,"(300, 225)",old,left,Objects_Dataset/pills.png,"(216, 250)","(300, -200)","(300, 200)",down,,,,,,,,,,,,left,1,1.548689899999772,0.13561590000063006,,,,,,,,,,,,,,,,,,,,0,71,71,25,,,,,,,,,1946.4881695000004,,,,,,,,,,,,,,1946.4727254,1946.4881695000004,1948.7212871000002,1948.9714199999999,1949.7391647000004,1949.7220215999996,,,,,,,,,,,,,,,,,,,,,,,,,,,,,,,,,,,,,,,,,,,,,,,,,,,,,,,,,,,,,,,,,,,,,,,,,,,,,,,,,,,,,,,,,,,,,,,,,,,,,,,1949.7356200000004,1949.7391647000004,1949.7391647000004,1949.7391647000004,,,,1952.7237647000002,left,1,1.548689899999772,0.13561590000063006,,,,,,,,,,,,,,,,,,,,,,,,,,,,,,,,,,,,,,,,,LP2804,001,2026-04-28_11h04.03.029,SEED,2024.2.5,None,2026-04-28 11h07.28.089256 +0100,
44,,,,,,,,,,,,2.85,72,72,0,,,,,,Scenes_Dataset/boat_interior_A.jpg,"(600, 400)",Incongruent,Objects_Dataset/scooter_retouched.png,"(311, 350)",old,left,Objects_Dataset/car_mat.png,"(230, 258)","(300, 200)","(300, -200)",up,,,,,,,,,,,,left,1,0.7955329999995229,0.1277792999999292,,,,,,,,,,,,,,,,,,,,0,72,72,43,,,,,,,,,1952.738464,,,,,,,,,,,,,,1952.7243393999997,1952.738464,1954.9715035999998,1955.2227991999998,1955.5880456000004,1955.5719187000004,,,,,,,,,,,,,,,,,,,,,,,,,,,,,,,,,,,,,,,,,,,,,,,,,,,,,,,,,,,,,,,,,,,,,,,,,,,,,,,,,,,,,,,,,,,,,,,,,,,,,,,1955.5744481000002,1955.5880456000004,1955.5880456000004,1955.5880456000004,1958.5879038000003,1958.5879038000003,1958.5879038000003,1958.5719855999996,left,1,0.7955329999995229,0.1277792999999292,,,,,,,,,,,,,,,,,,,,,,,,,,,,,,,,,,,,,,,,,LP2804,001,2026-04-28_11h04.03.029,SEED,2024.2.5,None,2026-04-28 11h07.28.089256 +0100,
32,,,,,,,,,,,,2.25,73,73,0,,,,,,Scenes_Dataset/elevator_A.jpg,"(600, 450)",Incongruent,Objects_Dataset/cake_tongs_retouched.png,"(300, 75)",old,left,Objects_Dataset/3d_glasses_retouched.png,"(300, 300)","(300, 200)","(300, -200)",up,,,,,,,,,,,,left,1,1.007898099999693,0.1437751000003118,,,,,,,,,,,,,,,,,,,,0,73,73,31,,,,,,,,,1958.5879038000003,,,,,,,,,,,,,,1958.5721837,1958.5879038000003,1960.8215818999997,1961.0716787000001,1960.8411632999996,1961.0550978,,,,,,,,,,,,,,,,,,,,,,,,,,,,,,,,,,,,,,,,,,,,,,,,,,,,,,,,,,,,,,,,,,,,,,,,,,,,,,,,,,,,,,,,,,,,,,,,,,,,,,,1961.0678899000004,1961.0716787000001,1961.0716787000001,1961.0716787000001,,,,1964.0554249999996,left,1,1.007898099999693,0.1437751000003118,,,,,,,,,,,,,,,,,,,,,,,,,,,,,,,,,,,,,,,,,LP2804,001,2026-04-28_11h04.03.029,SEED,2024.2.5,None,2026-04-28 11h07.28.089256 +0100,
70,,,,,,,,,,,,2.6,74,74,0,,,,,,Scenes_Dataset/ballet_room_B.jpg,"(600, 400)",Lure,None,None,new,right,None,None,None,None,None,,,,,,,,,,,,left,0,1.704493399999592,0.12800349999997707,,,,,,,,,,,,,,,,,,,,0,74,74,69,,,,,,,,,1964.0717328,,,,,,,,,,,,,,1964.0558235999997,1964.0717328,1966.3052195999999,1966.5551331999995,1966.6712491999997,1966.6557943999996,,,,,,,,,,,,,,,,,,,,,,,,,,,,,,,,,,,,,,,,,,,,,,,,,,,,,,,,,,,,,,,,,,,,,,,,,,,,,,,,,,,,,,,,,,,,,,,,,,,,,,,1966.6647443000002,1966.6712491999997,1966.6712491999997,1966.6712491999997,,,,1969.6576355999996,left,0,1.704493399999592,0.12800349999997707,,,,,,,,,,,,,,,,,,,,,,,,,,,,,,,,,,,,,,,,,LP2804,001,2026-04-28_11h04.03.029,SEED,2024.2.5,None,2026-04-28 11h07.28.089256 +0100,
72,,,,,,,,,,,,2.7,75,75,0,,,,,,Scenes_Dataset/underwater_A.jpg,"(600, 450)",Lure,None,None,new,right,None,None,None,None,None,,,,,,,,,,,,right,1,2.3872807000007015,0.1281500999994023,,,,,,,,,,,,,,,,,,,,0,75,75,71,,,,,,,,,1969.6719515000004,,,,,,,,,,,,,,1969.6584135000003,1969.6719515000004,1971.9054335,1972.1563895,1972.3724500999997,1972.3570185999997,,,,,,,,,,,,,,,,,,,,,,,,,,,,,,,,,,,,,,,,,,,,,,,,,,,,,,,,,,,,,,,,,,,,,,,,,,,,,,,,,,,,,,,,,,,,,,,,,,,,,,,1972.3677938,1972.3724500999997,1972.3724500999997,1972.3724500999997,1975.3722371000003,1975.3722371000003,1975.3722371000003,1975.3563649999996,right,1,2.3872807000007015,0.1281500999994023,,,,,,,,,,,,,,,,,,,,,,,,,,,,,,,,,,,,,,,,,LP2804,001,2026-04-28_11h04.03.029,SEED,2024.2.5,None,2026-04-28 11h07.28.089256 +0100,
88,,,,,,,,,,,,2.2,76,76,0,,,,,,Scenes_Dataset/library_A.jpg,"(600, 478)",Lure,None,None,new,right,None,None,None,None,None,,,,,,,,,,,,left,0,2.525974799999858,0.08778280000024097,,,,,,,,,,,,,,,,,,,,0,76,76,87,,,,,,,,,1975.3722371000003,,,,,,,,,,,,,,1975.3568785999996,1975.3722371000003,1977.6219695,1977.8738692999996,1977.5727232,1977.8555052000002,,,,,,,,,,,,,,,,,,,,,,,,,,,,,,,,,,,,,,,,,,,,,,,,,,,,,,,,,,,,,,,,,,,,,,,,,,,,,,,,,,,,,,,,,,,,,,,,,,,,,,,1977.8698334,1977.8738692999996,1977.8738692999996,1977.8738692999996,,,,1980.8717740000002,left,0,2.525974799999858,0.08778280000024097,,,,,,,,,,,,,,,,,,,,,,,,,,,,,,,,,,,,,,,,,LP2804,001,2026-04-28_11h04.03.029,SEED,2024.2.5,None,2026-04-28 11h07.28.089256 +0100,
80,,,,,,,,,,,,3.1,77,77,0,,,,,,Scenes_Dataset/amusement_park_A.jpg,"(600, 400)",Lure,None,None,new,right,None,None,None,None,None,,,,,,,,,,,,left,0,1.3235276000004887,0.15147150000029797,,,,,,,,,,,,,,,,,,,,0,77,77,79,,,,,,,,,1980.8886659,,,,,,,,,,,,,,1980.8719177000003,1980.8886659,1983.1053872000002,1983.3552646999997,1983.9883264999999,1983.9723476,,,,,,,,,,,,,,,,,,,,,,,,,,,,,,,,,,,,,,,,,,,,,,,,,,,,,,,,,,,,,,,,,,,,,,,,,,,,,,,,,,,,,,,,,,,,,,,,,,,,,,,1983.9813531999998,1983.9883264999999,1983.9883264999999,1983.9883264999999,1986.9887098999998,1986.9887098999998,1986.9887098999998,1986.9722836,left,0,1.3235276000004887,0.15147150000029797,,,,,,,,,,,,,,,,,,,,,,,,,,,,,,,,,,,,,,,,,LP2804,001,2026-04-28_11h04.03.029,SEED,2024.2.5,None,2026-04-28 11h07.28.089256 +0100,
8,,,,,,,,,,,,2.35,78,78,0,,,,,,Scenes_Dataset/igloo_A.jpg,"(600, 450)",Congruent,Objects_Dataset/eskimo_coat.png,"(300, 300)",old,left,Objects_Dataset/wool_cap.png,"(250, 250)","(300, -200)","(300, 200)",down,,,,,,,,,,,,left,1,0.8865255000000616,0.12800760000027367,,,,,,,,,,,,,,,,,,,,0,78,78,7,,,,,,,,,1986.9887098999998,,,,,,,,,,,,,,1986.9725196999998,1986.9887098999998,1989.2221016000003,1989.4728846999997,1989.3385626999998,1989.4560210999998,,,,,,,,,,,,,,,,,,,,,,,,,,,,,,,,,,,,,,,,,,,,,,,,,,,,,,,,,,,,,,,,,,,,,,,,,,,,,,,,,,,,,,,,,,,,,,,,,,,,,,,1989.4689601999999,1989.4728846999997,1989.4728846999997,1989.4728846999997,1992.4721281000002,1992.4721281000002,1992.4721281000002,1992.4560572999999,left,1,0.8865255000000616,0.12800760000027367,,,,,,,,,,,,,,,,,,,,,,,,,,,,,,,,,,,,,,,,,LP2804,001,2026-04-28_11h04.03.029,SEED,2024.2.5,None,2026-04-28 11h07.28.089256 +0100,
63,,,,,,,,,,,,2.25,79,79,0,,,,,,Scenes_Dataset/desert_B.jpg,"(600, 381)",Lure,None,None,new,right,None,None,None,None,None,,,,,,,,,,,,left,0,1.5083362999994279,0.11986430000069959,,,,,,,,,,,,,,,,,,,,0,79,79,62,,,,,,,,,1992.4721281000002,,,,,,,,,,,,,,1992.4566083999998,1992.4721281000002,1994.7070261,1994.9712634999996,1994.7224257999997,1994.9558872999996,,,,,,,,,,,,,,,,,,,,,,,,,,,,,,,,,,,,,,,,,,,,,,,,,,,,,,,,,,,,,,,,,,,,,,,,,,,,,,,,,,,,,,,,,,,,,,,,,,,,,,,1994.9675162000003,1994.9712634999996,1994.9712634999996,1994.9712634999996,1997.9723052999998,1997.9723052999998,1997.9723052999998,1997.9560407,left,0,1.5083362999994279,0.11986430000069959,,,,,,,,,,,,,,,,,,,,,,,,,,,,,,,,,,,,,,,,,LP2804,001,2026-04-28_11h04.03.029,SEED,2024.2.5,None,2026-04-28 11h07.28.089256 +0100,
40,,,,,,,,,,,,2.65,80,80,0,,,,,,Scenes_Dataset/kindergarten_A.jpg,"(600, 338)",Incongruent,Objects_Dataset/payment_terminal.png,"(285, 300)",old,left,Objects_Dataset/message_bottle.png,"(284, 177)","(300, 200)","(300, -200)",up,,,,,,,,,,,,left,1,1.1610312000002523,0.1518034999999145,,,,,,,,,,,,,,,,,,,,0,80,80,39,,,,,,,,,1997.9723052999998,,,,,,,,,,,,,,1997.9567059,1997.9723052999998,2000.2060502000004,2000.4558791,2000.6227479,2000.6063995000004,,,,,,,,,,,,,,,,,,,,,,,,,,,,,,,,,,,,,,,,,,,,,,,,,,,,,,,,,,,,,,,,,,,,,,,,,,,,,,,,,,,,,,,,,,,,,,,,,,,,,,,2000.6190946999996,2000.6227479,2000.6227479,2000.6227479,2003.6224046999996,2003.6224046999996,2003.6224046999996,2003.6066659999997,left,1,1.1610312000002523,0.1518034999999145,,,,,,,,,,,,,,,,,,,,,,,,,,,,,,,,,,,,,,,,,LP2804,001,2026-04-28_11h04.03.029,SEED,2024.2.5,None,2026-04-28 11h07.28.089256 +0100,
42,,,,,,,,,,,,2.75,81,81,0,,,,,,Scenes_Dataset/hut_A.jpg,"(600, 384)",Incongruent,Objects_Dataset/sled_retouched.png,"(450, 286)",old,left,Objects_Dataset/stapler.png,"(250, 178)","(300, 200)","(300, -200)",up,,,,,,,,,,,,left,1,1.344742700000097,0.1759871000003841,,,,,,,,,,,,,,,,,,,,0,81,81,41,,,,,,,,,2003.6224046999996,,,,,,,,,,,,,,2003.6075942999996,2003.6224046999996,2005.8558394000001,2006.1057008999996,2006.3749262000001,2006.3561658999997,,,,,,,,,,,,,,,,,,,,,,,,,,,,,,,,,,,,,,,,,,,,,,,,,,,,,,,,,,,,,,,,,,,,,,,,,,,,,,,,,,,,,,,,,,,,,,,,,,,,,,,2006.3712232999997,2006.3749262000001,2006.3749262000001,2006.3749262000001,,,,2009.3726356999996,left,1,1.344742700000097,0.1759871000003841,,,,,,,,,,,,,,,,,,,,,,,,,,,,,,,,,,,,,,,,,LP2804,001,2026-04-28_11h04.03.029,SEED,2024.2.5,None,2026-04-28 11h07.28.089256 +0100,
69,,,,,,,,,,,,2.55,82,82,0,,,,,,Scenes_Dataset/museum_B.jpg,"(600, 400)",Lure,None,None,new,right,None,None,None,None,None,,,,,,,,,,,,left,0,2.5992583999995986,0.11204090000046563,,,,,,,,,,,,,,,,,,,,0,82,82,68,,,,,,,,,2009.3889765000004,,,,,,,,,,,,,,2009.3734130000003,2009.3889765000004,2011.6057030000002,2011.8558483999996,2011.9444044000002,2011.9234202999996,,,,,,,,,,,,,,,,,,,,,,,,,,,,,,,,,,,,,,,,,,,,,,,,,,,,,,,,,,,,,,,,,,,,,,,,,,,,,,,,,,,,,,,,,,,,,,,,,,,,,,,2011.9405120000001,2011.9444044000002,2011.9444044000002,2011.9444044000002,,,,2014.9416652999998,left,0,2.5992583999995986,0.11204090000046563,,,,,,,,,,,,,,,,,,,,,,,,,,,,,,,,,,,,,,,,,LP2804,001,2026-04-28_11h04.03.029,SEED,2024.2.5,None,2026-04-28 11h07.28.089256 +0100,
74,,,,,,,,,,,,2.8,83,83,0,,,,,,Scenes_Dataset/terrace_A.jpg,"(600, 451)",Lure,None,None,new,right,None,None,None,None,None,,,,,,,,,,,,right,1,1.7735611000007339,0.19983069999943837,,,,,,,,,,,,,,,,,,,,0,83,83,73,,,,,,,,,2014.9556635,,,,,,,,,,,,,,2014.9423075000004,2014.9556635,2017.1726361,2017.4225656999997,2017.7622133000004,2017.7405239,,,,,,,,,,,,,,,,,,,,,,,,,,,,,,,,,,,,,,,,,,,,,,,,,,,,,,,,,,,,,,,,,,,,,,,,,,,,,,,,,,,,,,,,,,,,,,,,,,,,,,,2017.7584353000002,2017.7622133000004,2017.7622133000004,2017.7622133000004,,,,2020.7565151,right,1,1.7735611000007339,0.19983069999943837,,,,,,,,,,,,,,,,,,,,,,,,,,,,,,,,,,,,,,,,,LP2804,001,2026-04-28_11h04.03.029,SEED,2024.2.5,None,2026-04-28 11h07.28.089256 +0100,
48,,,,,,,,,,,,3.05,84,84,0,,,,,,Scenes_Dataset/ballet_room_A.jpg,"(600, 398)",Incongruent,Objects_Dataset/hiking_boots.png,"(300, 300)",old,left,Objects_Dataset/bicycle_bell.png,"(250, 210)","(300, 200)","(300, -200)",up,,,,,,,,,,,,right,0,2.0567546999991464,0.1918576000007306,,,,,,,,,,,,,,,,,,,,0,84,84,47,,,,,,,,,2020.7729817,,,,,,,,,,,,,,2020.7571202,2020.7729817,2023.0061667,2023.2562556000003,2023.8229537999996,2023.8067214000002,,,,,,,,,,,,,,,,,,,,,,,,,,,,,,,,,,,,,,,,,,,,,,,,,,,,,,,,,,,,,,,,,,,,,,,,,,,,,,,,,,,,,,,,,,,,,,,,,,,,,,,2023.8190232999996,2023.8229537999996,2023.8229537999996,2023.8229537999996,2026.8228891999997,2026.8228891999997,2026.8228891999997,2026.8068057,right,0,2.0567546999991464,0.1918576000007306,,,,,,,,,,,,,,,,,,,,,,,,,,,,,,,,,,,,,,,,,LP2804,001,2026-04-28_11h04.03.029,SEED,2024.2.5,None,2026-04-28 11h07.28.089256 +0100,
61,,,,,,,,,,,,2.15,85,85,0,,,,,,Scenes_Dataset/office_work_B.jpg,"(600, 402)",Lure,None,None,new,right,None,None,None,None,None,,,,,,,,,,,,right,1,2.9222046999993836,None,,,,,,,,,,,,,,,,,,,,0,85,85,60,,,,,,,,,2026.8228891999997,,,,,,,,,,,,,,2026.8076858000004,2026.8228891999997,2029.0560729,2029.3094811,2028.9730676999998,2029.2900687000001,,,,,,,,,,,,,,,,,,,,,,,,,,,,,,,,,,,,,,,,,,,,,,,,,,,,,,,,,,,,,,,,,,,,,,,,,,,,,,,,,,,,,,,,,,,,,,,,,,,,,,,2029.3058572999998,2029.3094811,2029.3094811,2029.3094811,,,,2032.3067792000002,right,1,2.9222046999993836,None,,,,,,,,,,,,,,,,,,,,,,,,,,,,,,,,,,,,,,,,,LP2804,001,2026-04-28_11h04.03.029,SEED,2024.2.5,None,2026-04-28 11h07.28.089256 +0100,
65,,,,,,,,,,,,2.35,86,86,0,,,,,,Scenes_Dataset/toy_store_A.jpg,"(600, 399)",Lure,None,None,new,right,None,None,None,None,None,,,,,,,,,,,,left,0,1.2323088000002826,0.15199159999974654,,,,,,,,,,,,,,,,,,,,0,86,86,64,,,,,,,,,2032.323018,,,,,,,,,,,,,,2032.3075360000003,2032.323018,2034.5395998000004,2034.7915306000004,2034.6743563,2034.7746058000002,,,,,,,,,,,,,,,,,,,,,,,,,,,,,,,,,,,,,,,,,,,,,,,,,,,,,,,,,,,,,,,,,,,,,,,,,,,,,,,,,,,,,,,,,,,,,,,,,,,,,,,2034.7875980999997,2034.7915306000004,2034.7915306000004,2034.7915306000004,,,,2037.7903399999996,left,0,1.2323088000002826,0.15199159999974654,,,,,,,,,,,,,,,,,,,,,,,,,,,,,,,,,,,,,,,,,LP2804,001,2026-04-28_11h04.03.029,SEED,2024.2.5,None,2026-04-28 11h07.28.089256 +0100,
36,,,,,,,,,,,,2.45,87,87,0,,,,,,Scenes_Dataset/stable_A.jpg,"(600, 450)",Incongruent,Objects_Dataset/remote_control.png,"(300, 293)",old,left,Objects_Dataset/sword_retouched.png,"(300, 300)","(300, 200)","(300, -200)",up,,,,,,,,,,,,right,0,1.6811611000002813,0.152083599999969,,,,,,,,,,,,,,,,,,,,0,87,87,35,,,,,,,,,2037.8063333,,,,,,,,,,,,,,2037.7909442999999,2037.8063333,2040.0398894999998,2040.2944595999998,2040.2563214000002,2040.2734933000002,,,,,,,,,,,,,,,,,,,,,,,,,,,,,,,,,,,,,,,,,,,,,,,,,,,,,,,,,,,,,,,,,,,,,,,,,,,,,,,,,,,,,,,,,,,,,,,,,,,,,,,2040.289167,2040.2944595999998,2040.2944595999998,2040.2944595999998,,,,2043.2901609,right,0,1.6811611000002813,0.152083599999969,,,,,,,,,,,,,,,,,,,,,,,,,,,,,,,,,,,,,,,,,LP2804,001,2026-04-28_11h04.03.029,SEED,2024.2.5,None,2026-04-28 11h07.28.089256 +0100,
24,,,,,,,,,,,,3.15,88,88,0,,,,,,Scenes_Dataset/marina_A.jpg,"(600, 450)",Congruent,Objects_Dataset/sailor_hat.png,"(300, 250)",old,left,Objects_Dataset/rope.png,"(300, 248)","(300, -200)","(300, 200)",down,,,,,,,,,,,,left,1,1.1037026000003607,0.11199669999950856,,,,,,,,,,,,,,,,,,,,0,88,88,23,,,,,,,,,2043.3065343999997,,,,,,,,,,,,,,2043.2907753999998,2043.3065343999997,2045.5231818000002,2045.7733719999997,2046.4560327999998,2046.4405539,,,,,,,,,,,,,,,,,,,,,,,,,,,,,,,,,,,,,,,,,,,,,,,,,,,,,,,,,,,,,,,,,,,,,,,,,,,,,,,,,,,,,,,,,,,,,,,,,,,,,,,2046.4500790000002,2046.4560327999998,2046.4560327999998,2046.4560327999998,2049.4565654999997,2049.4565654999997,2049.4565654999997,2049.4403555,left,1,1.1037026000003607,0.11199669999950856,,,,,,,,,,,,,,,,,,,,,,,,,,,,,,,,,,,,,,,,,LP2804,001,2026-04-28_11h04.03.029,SEED,2024.2.5,None,2026-04-28 11h07.28.089256 +0100,
22,,,,,,,,,,,,3.05,89,89,0,,,,,,Scenes_Dataset/cavern_A.jpg,"(600, 410)",Congruent,Objects_Dataset/canteen.png,"(150, 250)",old,left,Objects_Dataset/hiking_boots.png,"(300, 300)","(300, -200)","(300, 200)",down,,,,,,,,,,,,left,1,1.307483300000058,0.13619130000006407,,,,,,,,,,,,,,,,,,,,0,89,89,21,,,,,,,,,2049.4565654999997,,,,,,,,,,,,,,2049.4410773,2049.4565654999997,2051.6898537999996,2051.939719,2052.5080171,2052.4893899,,,,,,,,,,,,,,,,,,,,,,,,,,,,,,,,,,,,,,,,,,,,,,,,,,,,,,,,,,,,,,,,,,,,,,,,,,,,,,,,,,,,,,,,,,,,,,,,,,,,,,,2052.4971044000004,2052.5080171,2052.5080171,2052.5080171,,,,2055.4904341,left,1,1.307483300000058,0.13619130000006407,,,,,,,,,,,,,,,,,,,,,,,,,,,,,,,,,,,,,,,,,LP2804,001,2026-04-28_11h04.03.029,SEED,2024.2.5,None,2026-04-28 11h07.28.089256 +0100,
,,,,,,,,,,,,,,,,,,,,,,,,,,,,,,,,,,,,,,,,,,,,,,,,,,,,,,,,,,,,,,,,,,,,,,,,,,,,,,,,,,,,,,,,,,,,,,,,,,,,,,,,,,,,,,,,,,,,,,,,,,,,,,,,,,,,,,,,,,,,,,,,,,,,,,,,,,,,,,,,,,,,,,,,,,,,,,,,,,,,,,,,,,,,,,,,,,,,,,,,,,,,,,,,,,,,,2055.4910239,2055.5068358999997,2055.5068358999997,2065.1419951,space,9.620763599999918,None,,,,,,,,,,,,,,,,,,,,,,,,,,,,,,,,,,LP2804,001,2026-04-28_11h04.03.029,SEED,2024.2.5,None,2026-04-28 11h07.28.089256 +0100,
,,,,,,,,,,,,,,,,,,,,,,,,,,,,,,,,,,,,,,,,,,,,,,,,,,,,,,,,,,,,,,,,,,,,,,,,,,,,,,,,,,,,,,,,,,,,,,,,,,,,,,,,,,,,,,,,,,,,,,,,,,,,,,,,,,,,,,,,,,,,,,,,,,,,,,,,,,,,,,,,,,,,,,,,,,,,,,,,,,,,,,,,,,,,,,,,,,,,,,,,,,,,,,,,,,,,,,,,,,,,2065.1420975,2065.1565242999995,2065.1565242999995,2094.8928583999996,space,29.731164300000273,None,,,,,,,,,,,,,,,,,,,,,,,,,,,LP2804,001,2026-04-28_11h04.03.029,SEED,2024.2.5,None,2026-04-28 11h07.28.089256 +0100,
Ex4,Scenes_Dataset/river_B.jpg,"(600, 450)",Objects_Dataset/drone.png,"(300, 144)","(300, 200)",congruent,Objects_Dataset/fish_hook.png,"(130, 200)","(300, -200)",None,None,2.5,0,0,0,,,,,,,,,,,,,,,,,,,,,,,,,,,,,,,,,up,1.3070496999998795,0.14413630000035482,,,,,,,,,,,,,,,,,,,,,0,0,0,3,,,,,2094.9066431,,,,,,,,,,,,,,2094.9008846999996,2094.9066431,2097.1571633000003,2097.4129431,2097.4129431,2097.3922658,,,,,,,,,,,,,,,,,,,,,,,,,,,,,,,,,,,,,,,,,,,,,,,,,,,,,,,,,,,,,,,,,,,,,,,,,,,,,,,,,,,,,,,,,,,,,,,,,,,,,,,,,,,,,,,,,,,,,,,,,,,,,,,,,2097.410801,2097.4129431,2097.4129431,2097.4129431,2097.4129431,2100.4076004999997,up,1.3070496999998795,0.14413630000035482,,,,,,,,,,,,,,,,,,LP2804,001,2026-04-28_11h04.03.029,SEED,2024.2.5,None,2026-04-28 11h07.28.089256 +0100,
Ex1,Scenes_Dataset/sky_A.jpg,"(600, 398)",Objects_Dataset/hang_glider.png,"(450, 275)","(300, -200)",congruent,Objects_Dataset/drone.png,"(300, 144)","(300, 200)",Scenes_Dataset/temple_A.jpg,"(600, 358)",2,1,1,0,,,,,,,,,,,,,,,,,,,,,,,,,,,,,,,,,down,2.0971330000002126,0.1921386000003622,,,,,,,,,,,,,,,,,,,,,0,1,1,0,,,,,2100.4236743,,,,,,,,,,,,,,2100.4082209,2100.4236743,2102.6574539000003,2102.9185199000003,2102.4240320999997,2102.8915919,,,,,,,,,,,,,,,,,,,,,,,,,,,,,,,,,,,,,,,,,,,,,,,,,,,,,,,,,,,,,,,,,,,,,,,,,,,,,,,,,,,,,,,,,,,,,,,,,,,,,,,,,,,,,,,,,,,,,,,,,,,,,,,,,2102.9159904999997,2102.9185199000003,2102.9185199000003,2102.9185199000003,2102.9185199000003,2105.9084427,down,2.0971330000002126,0.1921386000003622,,,,,,,,,,,,,,,,,,LP2804,001,2026-04-28_11h04.03.029,SEED,2024.2.5,None,2026-04-28 11h07.28.089256 +0100,
Ex3,Scenes_Dataset/cellars_A.jpg,"(600, 399)",Objects_Dataset/barrier.png,"(300, 300)","(300, -200)",incongruent,Objects_Dataset/hang_glider.png,"(450, 275)","(300, 200)",None,None,3,2,2,0,,,,,,,,,,,,,,,,,,,,,,,,,,,,,,,,,down,1.5930040000002919,0.19196560000000318,,,,,,,,,,,,,,,,,,,,,0,2,2,2,,,,,2105.924029,,,,,,,,,,,,,,2105.9088699000004,2105.924029,2108.1404980999996,2108.3910948000002,2108.9346929000003,2108.9081011999997,,,,,,,,,,,,,,,,,,,,,,,,,,,,,,,,,,,,,,,,,,,,,,,,,,,,,,,,,,,,,,,,,,,,,,,,,,,,,,,,,,,,,,,,,,,,,,,,,,,,,,,,,,,,,,,,,,,,,,,,,,,,,,,,,2108.9313811,2108.9346929000003,2108.9346929000003,2108.9346929000003,2108.9346929000003,2111.9247021,down,1.5930040000002919,0.19196560000000318,,,,,,,,,,,,,,,,,,LP2804,001,2026-04-28_11h04.03.029,SEED,2024.2.5,None,2026-04-28 11h07.28.089256 +0100,
Ex2,Scenes_Dataset/painting_workshop_A.jpg,"(600, 450)",Objects_Dataset/fish_hook.png,"(130, 200)","(300, 200)",incongruent,Objects_Dataset/barrier.png,"(300, 300)","(300, -200)",Scenes_Dataset/athletics_track_A,"(600, 450)",2.5,3,3,0,,,,,,,,,,,,,,,,,,,,,,,,,,,,,,,,,up,1.644117499999993,0.1358940000000075,,,,,,,,,,,,,,,,,,,,,0,3,3,1,,,,,2111.9408704999996,,,,,,,,,,,,,,2111.9254456,2111.9408704999996,2114.1573879,2114.4074523,2114.4515991999997,2114.424653,,,,,,,,,,,,,,,,,,,,,,,,,,,,,,,,,,,,,,,,,,,,,,,,,,,,,,,,,,,,,,,,,,,,,,,,,,,,,,,,,,,,,,,,,,,,,,,,,,,,,,,,,,,,,,,,,,,,,,,,,,,,,,,,,2114.4484498,2114.4515991999997,2114.4515991999997,2114.4515991999997,2114.4515991999997,2117.4250353999996,up,1.644117499999993,0.1358940000000075,,,,,,,,,,,,,,,,,,LP2804,001,2026-04-28_11h04.03.029,SEED,2024.2.5,None,2026-04-28 11h07.28.089256 +0100,
,,,,,,,,,,,,,,,,,,,,,,,,,,,,,,,,,,,,,,,,,,,,,,,,,,,,,,,,,,,,,,,,,,,,,,,,,,,,,,,,,,,,,,,,,,,,,,,,,,,,,,,,,,,,,,,,,,,,,,,,,,,,,,,,,,,,,,,,,,,,,,,,,,,,,,,,,,,,,,,,,,,,,,,,,,,,,,,,,,,,,,,,,,,,,,,,,,2117.4254362,2117.4406823,2117.4406823,2149.375411,space,31.91925479999918,None,,,,,,,,,,,,,,,,,,,,,,,,,,,,,,,,,,,,,,,,,,,,,,,,,,,,,LP2804,001,2026-04-28_11h04.03.029,SEED,2024.2.5,None,2026-04-28 11h07.28.089256 +0100,
31,,,,,,,,,,,,2.2,0,0,0,,,,,,Scenes_Dataset/balcony.jpg,"(600, 450)",Incongruent,Objects_Dataset/car_key.png,"(300, 125)",old,left,Objects_Dataset/staple_puller_retouched.png,"(400, 400)","(300, 200)","(300, -200)",up,,,,,,,,,,,,,,,,,,,up,1,1.9723011999994924,0.13634350000029372,,,,,,,,,,,,,,,,,,,,,0,0,0,30,2149.4020216,,,,,,,,,,,,,,2149.4003599999996,2149.4020216,2151.6248331999996,2151.8834606,2151.6084714,2151.8582833,,,,,,,,,,,,,,,,,,,,,,,,,,,,,,,,,,,,,,,,,,,,,,,,,,,,,,,,,,,,,,,,,,,,,,,,,,,,,,,,,,,,,,,,,,,,,,,,,,,,,,,,,,,,,,,,,,,,,,,,,,,,,,,,,,,,,,,,,,2151.8786096000003,2151.8834606,2151.8834606,2151.8834606,2151.8834606,2154.8748607999996,up,1,1.9723011999994924,0.13634350000029372,,,,,,,,LP2804,001,2026-04-28_11h04.03.029,SEED,2024.2.5,None,2026-04-28 11h07.28.089256 +0100,
57,,,,,,,,,,,,2.2,1,1,0,,,,,,Scenes_Dataset/road_A.jpg,"(600, 450)",Incongruent,Objects_Dataset/wine_cork.png,"(250, 163)",old,left,Objects_Dataset/locker.png,"(264, 400)","(300, 200)","(300, -200)",up,,,,,,,,,,,,,,,,,,,up,1,1.211938200000077,0.15165059999981167,,,,,,,,,,,,,,,,,,,,,0,1,1,56,2154.8912839000004,,,,,,,,,,,,,,2154.8754738,2154.8912839000004,2157.1098854,2157.3799748,2157.0915715,2157.3587305,,,,,,,,,,,,,,,,,,,,,,,,,,,,,,,,,,,,,,,,,,,,,,,,,,,,,,,,,,,,,,,,,,,,,,,,,,,,,,,,,,,,,,,,,,,,,,,,,,,,,,,,,,,,,,,,,,,,,,,,,,,,,,,,,,,,,,,,,,2157.3766351000004,2157.3799748,2157.3799748,2157.3799748,2157.3799748,2160.3751900999996,up,1,1.211938200000077,0.15165059999981167,,,,,,,,LP2804,001,2026-04-28_11h04.03.029,SEED,2024.2.5,None,2026-04-28 11h07.28.089256 +0100,
10,,,,,,,,,,,,2.45,2,2,0,,,,,,Scenes_Dataset/toy_store_B.jpg,"(600, 415)",Congruent,Objects_Dataset/doll.png,"(191, 300)",old,left,Objects_Dataset/abacus.png,"(185, 200)","(300, -200)","(300, 200)",down,,,,,,,,,,,,,,,,,,,down,1,1.6830390999994052,0.14405560000068363,,,,,,,,,,,,,,,,,,,,,0,2,2,9,2160.3915018999996,,,,,,,,,,,,,,2160.3759763,2160.3915018999996,2162.6081722999998,2162.8685621000004,2162.8414700000003,2162.8419501999997,,,,,,,,,,,,,,,,,,,,,,,,,,,,,,,,,,,,,,,,,,,,,,,,,,,,,,,,,,,,,,,,,,,,,,,,,,,,,,,,,,,,,,,,,,,,,,,,,,,,,,,,,,,,,,,,,,,,,,,,,,,,,,,,,,,,,,,,,,2162.8661286999995,2162.8685621000004,2162.8685621000004,2162.8685621000004,2162.8685621000004,2165.8585928,down,1,1.6830390999994052,0.14405560000068363,,,,,,,,LP2804,001,2026-04-28_11h04.03.029,SEED,2024.2.5,None,2026-04-28 11h07.28.089256 +0100,
56,,,,,,,,,,,,2.15,3,3,0,,,,,,Scenes_Dataset/fountain_A.jpg,"(600, 443)",Incongruent,Objects_Dataset/plasticine.png,"(250, 167)",old,left,Objects_Dataset/hands_dryer.png,"(350, 267)","(300, 200)","(300, -200)",up,,,,,,,,,,,,,,,,,,,up,1,1.5884010999998281,0.12018170000010286,,,,,,,,,,,,,,,,,,,,,0,3,3,55,2165.8747387000003,,,,,,,,,,,,,,2165.8592246,2165.8747387000003,2168.0916061999997,2168.3552849,2168.0262435000004,2168.3265789999996,,,,,,,,,,,,,,,,,,,,,,,,,,,,,,,,,,,,,,,,,,,,,,,,,,,,,,,,,,,,,,,,,,,,,,,,,,,,,,,,,,,,,,,,,,,,,,,,,,,,,,,,,,,,,,,,,,,,,,,,,,,,,,,,,,,,,,,,,,2168.3515466999997,2168.3552849,2168.3552849,2168.3552849,2168.3552849,2171.3418889000004,up,1,1.5884010999998281,0.12018170000010286,,,,,,,,LP2804,001,2026-04-28_11h04.03.029,SEED,2024.2.5,None,2026-04-28 11h07.28.089256 +0100,
44,,,,,,,,,,,,2.85,4,4,0,,,,,,Scenes_Dataset/boat_interior_A.jpg,"(600, 400)",Incongruent,Objects_Dataset/scooter_retouched.png,"(311, 350)",old,left,Objects_Dataset/car_mat.png,"(230, 258)","(300, 200)","(300, -200)",up,,,,,,,,,,,,,,,,,,,up,1,1.337649699999929,0.14357010000003356,,,,,,,,,,,,,,,,,,,,,0,4,4,43,2171.3581211,,,,,,,,,,,,,,2171.3424944,2171.3581211,2173.5914810000004,2173.8439442999997,2174.2224945,2174.1920458000004,,,,,,,,,,,,,,,,,,,,,,,,,,,,,,,,,,,,,,,,,,,,,,,,,,,,,,,,,,,,,,,,,,,,,,,,,,,,,,,,,,,,,,,,,,,,,,,,,,,,,,,,,,,,,,,,,,,,,,,,,,,,,,,,,,,,,,,,,,2174.2191937,2174.2224945,2174.2224945,2174.2224945,2174.2224945,2177.208399,up,1,1.337649699999929,0.14357010000003356,,,,,,,,LP2804,001,2026-04-28_11h04.03.029,SEED,2024.2.5,None,2026-04-28 11h07.28.089256 +0100,
50,,,,,,,,,,,,3.15,5,5,0,,,,,,Scenes_Dataset/playground_A.jpg,"(600, 337)",Incongruent,Objects_Dataset/water_dispenser.png,"(300, 300)",old,left,Objects_Dataset/wine_cork.png,"(250, 163)","(300, 200)","(300, -200)",up,,,,,,,,,,,,,,,,,,,up,1,1.4580910000004224,0.14391520000026503,,,,,,,,,,,,,,,,,,,,,0,5,5,49,2177.2247644,,,,,,,,,,,,,,2177.2090006,2177.2247644,2179.4415904999996,2179.6915264,2180.3815195999996,2180.3588028000004,,,,,,,,,,,,,,,,,,,,,,,,,,,,,,,,,,,,,,,,,,,,,,,,,,,,,,,,,,,,,,,,,,,,,,,,,,,,,,,,,,,,,,,,,,,,,,,,,,,,,,,,,,,,,,,,,,,,,,,,,,,,,,,,,,,,,,,,,,2180.3793411999995,2180.3815195999996,2180.3815195999996,2180.3815195999996,2180.3815195999996,2183.3751537,up,1,1.4580910000004224,0.14391520000026503,,,,,,,,LP2804,001,2026-04-28_11h04.03.029,SEED,2024.2.5,None,2026-04-28 11h07.28.089256 +0100,
7,,,,,,,,,,,,2.3,6,6,0,,,,,,Scenes_Dataset/snow_B.jpg,"(600, 450)",Congruent,Objects_Dataset/wool_cap.png,"(250, 250)",old,left,Objects_Dataset/eskimo_coat.png,"(300, 300)","(300, -200)","(300, 200)",down,,,,,,,,,,,,,,,,,,,down,1,0.958224799999698,0.16783500000019558,,,,,,,,,,,,,,,,,,,,,0,6,6,6,2183.3915214,,,,,,,,,,,,,,2183.3757543,2183.3915214,2185.6083808000003,2185.8735008000003,2185.6917159000004,2185.8424207999997,,,,,,,,,,,,,,,,,,,,,,,,,,,,,,,,,,,,,,,,,,,,,,,,,,,,,,,,,,,,,,,,,,,,,,,,,,,,,,,,,,,,,,,,,,,,,,,,,,,,,,,,,,,,,,,,,,,,,,,,,,,,,,,,,,,,,,,,,,2185.8702412000002,2185.8735008000003,2185.8735008000003,2185.8735008000003,2185.8735008000003,2188.8591555000003,down,1,0.958224799999698,0.16783500000019558,,,,,,,,LP2804,001,2026-04-28_11h04.03.029,SEED,2024.2.5,None,2026-04-28 11h07.28.089256 +0100,
19,,,,,,,,,,,,2.9,7,7,0,,,,,,Scenes_Dataset/island_A.jpg,"(600, 420)",Congruent,Objects_Dataset/message_bottle.png,"(284, 177)",old,left,Objects_Dataset/kayak.png,"(450, 338)","(300, -200)","(300, 200)",down,,,,,,,,,,,,,,,,,,,down,1,1.1984786000002714,0.1518421999999191,,,,,,,,,,,,,,,,,,,,,0,7,7,18,2188.8751347999996,,,,,,,,,,,,,,2188.8599419,2188.8751347999996,2191.0916888,2191.3417523,2191.7932717000003,2191.7590303999996,,,,,,,,,,,,,,,,,,,,,,,,,,,,,,,,,,,,,,,,,,,,,,,,,,,,,,,,,,,,,,,,,,,,,,,,,,,,,,,,,,,,,,,,,,,,,,,,,,,,,,,,,,,,,,,,,,,,,,,,,,,,,,,,,,,,,,,,,,2191.7891972999996,2191.7932717000003,2191.7932717000003,2191.7932717000003,2191.7932717000003,2194.7767561,down,1,1.1984786000002714,0.1518421999999191,,,,,,,,LP2804,001,2026-04-28_11h04.03.029,SEED,2024.2.5,None,2026-04-28 11h07.28.089256 +0100,
26,,,,,,,,,,,,3.25,8,8,0,,,,,,Scenes_Dataset/hospital_room_B.jpg,"(600, 400)",Congruent,Objects_Dataset/saline_retouched.png,"(300, 225)",old,left,Objects_Dataset/pills.png,"(216, 250)","(300, -200)","(300, 200)",down,,,,,,,,,,,,,,,,,,,down,1,1.587551199999325,0.1439540000001216,,,,,,,,,,,,,,,,,,,,,0,8,8,25,2194.7918857000004,,,,,,,,,,,,,,2194.7774891,2194.7918857000004,2197.0085987,2197.2586565,2198.0520690000003,2198.0258445,,,,,,,,,,,,,,,,,,,,,,,,,,,,,,,,,,,,,,,,,,,,,,,,,,,,,,,,,,,,,,,,,,,,,,,,,,,,,,,,,,,,,,,,,,,,,,,,,,,,,,,,,,,,,,,,,,,,,,,,,,,,,,,,,,,,,,,,,,2198.0491585,2198.0520690000003,2198.0520690000003,2198.0520690000003,2198.0520690000003,2201.0423107999995,down,1,1.587551199999325,0.1439540000001216,,,,,,,,LP2804,001,2026-04-28_11h04.03.029,SEED,2024.2.5,None,2026-04-28 11h07.28.089256 +0100,
5,,,,,,,,,,,,2.2,9,9,0,,,,,,Scenes_Dataset/movie_theater_A.jpg,"(600, 364)",Congruent,Objects_Dataset/3d_glasses_retouched.png,"(300, 300)",old,left,Objects_Dataset/movie_reels.png,"(350, 268)","(300, -200)","(300, 200)",down,,,,,,,,,,,,,,,,,,,down,1,0.9349385000004986,0.15992519999963406,,,,,,,,,,,,,,,,,,,,,0,9,9,4,2201.058733,,,,,,,,,,,,,,2201.0430361999997,2201.058733,2203.2753847000004,2203.5288227,2203.258779,2203.509158,,,,,,,,,,,,,,,,,,,,,,,,,,,,,,,,,,,,,,,,,,,,,,,,,,,,,,,,,,,,,,,,,,,,,,,,,,,,,,,,,,,,,,,,,,,,,,,,,,,,,,,,,,,,,,,,,,,,,,,,,,,,,,,,,,,,,,,,,,2203.5260944,2203.5288227,2203.5288227,2203.5288227,2203.5288227,2206.5256343,down,1,0.9349385000004986,0.15992519999963406,,,,,,,,LP2804,001,2026-04-28_11h04.03.029,SEED,2024.2.5,None,2026-04-28 11h07.28.089256 +0100,
6,,,,,,,,,,,,2.25,10,10,0,,,,,,Scenes_Dataset/stationary_store_A.jpg,"(600, 370)",Congruent,Objects_Dataset/stapler.png,"(250, 178)",old,left,Objects_Dataset/envelope_retouched.png,"(250, 211)","(300, -200)","(300, 200)",down,,,,,,,,,,,,,,,,,,,down,1,1.7240006000001813,0.11192380000011326,,,,,,,,,,,,,,,,,,,,,0,10,10,5,2206.5420172000004,,,,,,,,,,,,,,2206.5262728,2206.5420172000004,2208.7587331000004,2209.0118554,2208.7920814999998,2208.9923633,,,,,,,,,,,,,,,,,,,,,,,,,,,,,,,,,,,,,,,,,,,,,,,,,,,,,,,,,,,,,,,,,,,,,,,,,,,,,,,,,,,,,,,,,,,,,,,,,,,,,,,,,,,,,,,,,,,,,,,,,,,,,,,,,,,,,,,,,,2209.0096067000004,2209.0118554,2209.0118554,2209.0118554,2209.0118554,2212.0092225,down,1,1.7240006000001813,0.11192380000011326,,,,,,,,LP2804,001,2026-04-28_11h04.03.029,SEED,2024.2.5,None,2026-04-28 11h07.28.089256 +0100,
25,,,,,,,,,,,,3.2,11,11,0,,,,,,Scenes_Dataset/building_entrance_A.jpg,"(600, 400)",Congruent,Objects_Dataset/envelope_retouched.png,"(250, 211)",old,left,Objects_Dataset/door_mat.png,"(300, 300)","(300, -200)","(300, 200)",down,,,,,,,,,,,,,,,,,,,down,1,1.205246999999872,0.1760177999994994,,,,,,,,,,,,,,,,,,,,,0,11,11,24,2212.0254306999996,,,,,,,,,,,,,,2212.0098411,2212.0254306999996,2214.2421099000003,2214.4922361999998,2215.2344224,2215.2095293,,,,,,,,,,,,,,,,,,,,,,,,,,,,,,,,,,,,,,,,,,,,,,,,,,,,,,,,,,,,,,,,,,,,,,,,,,,,,,,,,,,,,,,,,,,,,,,,,,,,,,,,,,,,,,,,,,,,,,,,,,,,,,,,,,,,,,,,,,2215.2314236,2215.2344224,2215.2344224,2215.2344224,2215.2344224,2218.2266233,down,1,1.205246999999872,0.1760177999994994,,,,,,,,LP2804,001,2026-04-28_11h04.03.029,SEED,2024.2.5,None,2026-04-28 11h07.28.089256 +0100,
27,,,,,,,,,,,,2,12,12,0,,,,,,Scenes_Dataset/toilet_A.jpg,"(600, 450)",Congruent,Objects_Dataset/toothbrush.png,"(300, 215)",old,left,Objects_Dataset/hairdryer_retouched.png,"(250, 241)","(300, -200)","(300, 200)",down,,,,,,,,,,,,,,,,,,,down,1,1.3480086999998093,0.1760242999998809,,,,,,,,,,,,,,,,,,,,,0,12,12,26,2218.2423148,,,,,,,,,,,,,,2218.2271871000003,2218.2423148,2220.4592763,2220.7158455,2220.2428036,2220.6929010000003,,,,,,,,,,,,,,,,,,,,,,,,,,,,,,,,,,,,,,,,,,,,,,,,,,,,,,,,,,,,,,,,,,,,,,,,,,,,,,,,,,,,,,,,,,,,,,,,,,,,,,,,,,,,,,,,,,,,,,,,,,,,,,,,,,,,,,,,,,2220.7129112000002,2220.7158455,2220.7158455,2220.7158455,2220.7158455,2223.7092896000004,down,1,1.3480086999998093,0.1760242999998809,,,,,,,,LP2804,001,2026-04-28_11h04.03.029,SEED,2024.2.5,None,2026-04-28 11h07.28.089256 +0100,
45,,,,,,,,,,,,2.9,13,13,0,,,,,,Scenes_Dataset/factory_B.jpg,"(600, 415)",Incongruent,Objects_Dataset/shield.png,"(199, 300)",old,left,Objects_Dataset/trumpet_retouched.png,"(300, 122)","(300, 200)","(300, -200)",up,,,,,,,,,,,,,,,,,,,up,1,1.706751599999734,0.1680263999996896,,,,,,,,,,,,,,,,,,,,,0,13,13,44,2223.7258097000004,,,,,,,,,,,,,,2223.7098882,2223.7258097000004,2225.9425358999997,2226.1925045,2226.6368918,2226.6097233,,,,,,,,,,,,,,,,,,,,,,,,,,,,,,,,,,,,,,,,,,,,,,,,,,,,,,,,,,,,,,,,,,,,,,,,,,,,,,,,,,,,,,,,,,,,,,,,,,,,,,,,,,,,,,,,,,,,,,,,,,,,,,,,,,,,,,,,,,2226.6334526,2226.6368918,2226.6368918,2226.6368918,2226.6368918,2229.6260153000003,up,1,1.706751599999734,0.1680263999996896,,,,,,,,LP2804,001,2026-04-28_11h04.03.029,SEED,2024.2.5,None,2026-04-28 11h07.28.089256 +0100,
14,,,,,,,,,,,,2.65,14,14,0,,,,,,Scenes_Dataset/palace_interior_A.jpg,"(600, 447)",Congruent,Objects_Dataset/chandelier_retouched.png,"(250, 300)",old,left,Objects_Dataset/crown.png,"(300, 249)","(300, -200)","(300, 200)",down,,,,,,,,,,,,,,,,,,,down,1,1.0564244999995935,0.1359904999999344,,,,,,,,,,,,,,,,,,,,,0,14,14,13,2229.6439440000004,,,,,,,,,,,,,,2229.6266380999996,2229.6439440000004,2231.8592326,2232.1090219,2232.3271910000003,2232.2928062,,,,,,,,,,,,,,,,,,,,,,,,,,,,,,,,,,,,,,,,,,,,,,,,,,,,,,,,,,,,,,,,,,,,,,,,,,,,,,,,,,,,,,,,,,,,,,,,,,,,,,,,,,,,,,,,,,,,,,,,,,,,,,,,,,,,,,,,,,2232.3242200000004,2232.3271910000003,2232.3271910000003,2232.3271910000003,2232.3271910000003,2235.3093231000003,down,1,1.0564244999995935,0.1359904999999344,,,,,,,,LP2804,001,2026-04-28_11h04.03.029,SEED,2024.2.5,None,2026-04-28 11h07.28.089256 +0100,
34,,,,,,,,,,,,2.35,15,15,0,,,,,,Scenes_Dataset/flower_shop_A.jpg,"(600, 450)",Incongruent,Objects_Dataset/trumpet_retouched.png,"(300, 122)",old,left,Objects_Dataset/sailor_hat.png,"(300, 250)","(300, 200)","(300, -200)",up,,,,,,,,,,,,,,,,,,,up,1,1.4420440999992934,0.12844900000072812,,,,,,,,,,,,,,,,,,,,,0,15,15,33,2235.3257482999998,,,,,,,,,,,,,,2235.3099472000004,2235.3257482999998,2237.5426074999996,2237.8055356000004,2237.6758435,2237.7761641999996,,,,,,,,,,,,,,,,,,,,,,,,,,,,,,,,,,,,,,,,,,,,,,,,,,,,,,,,,,,,,,,,,,,,,,,,,,,,,,,,,,,,,,,,,,,,,,,,,,,,,,,,,,,,,,,,,,,,,,,,,,,,,,,,,,,,,,,,,,2237.8026507000004,2237.8055356000004,2237.8055356000004,2237.8055356000004,2237.8055356000004,2240.7927534,up,1,1.4420440999992934,0.12844900000072812,,,,,,,,LP2804,001,2026-04-28_11h04.03.029,SEED,2024.2.5,None,2026-04-28 11h07.28.089256 +0100,
23,,,,,,,,,,,,3.1,16,16,0,,,,,,Scenes_Dataset/desert_A.jpg,"(600, 375)",Congruent,Objects_Dataset/cactus.png,"(300, 248)",old,left,Objects_Dataset/canteen.png,"(150, 250)","(300, -200)","(300, 200)",down,,,,,,,,,,,,,,,,,,,down,1,1.5453285000003234,0.1439855999997235,,,,,,,,,,,,,,,,,,,,,0,16,16,22,2240.8088390000003,,,,,,,,,,,,,,2240.7935409,2240.8088390000003,2243.0259124000004,2243.2768039000002,2243.9263008999997,2243.8933532,,,,,,,,,,,,,,,,,,,,,,,,,,,,,,,,,,,,,,,,,,,,,,,,,,,,,,,,,,,,,,,,,,,,,,,,,,,,,,,,,,,,,,,,,,,,,,,,,,,,,,,,,,,,,,,,,,,,,,,,,,,,,,,,,,,,,,,,,,2243.9231978,2243.9263008999997,2243.9263008999997,2243.9263008999997,2243.9263008999997,2246.9096504999998,down,1,1.5453285000003234,0.1439855999997235,,,,,,,,LP2804,001,2026-04-28_11h04.03.029,SEED,2024.2.5,None,2026-04-28 11h07.28.089256 +0100,
46,,,,,,,,,,,,2.95,17,17,0,,,,,,Scenes_Dataset/skate_park_A.jpg,"(600, 450)",Incongruent,Objects_Dataset/paddle.png,"(300, 299)",old,left,Objects_Dataset/fan.png,"(350, 350)","(300, 200)","(300, -200)",up,,,,,,,,,,,,,,,,,,,down,0,2.0966324999999415,0.11180580000018381,,,,,,,,,,,,,,,,,,,,,0,17,17,45,2246.9260256,,,,,,,,,,,,,,2246.9102607000004,2246.9260256,2249.1427615000002,2249.3929039000004,2249.8951237,2249.8598136,,,,,,,,,,,,,,,,,,,,,,,,,,,,,,,,,,,,,,,,,,,,,,,,,,,,,,,,,,,,,,,,,,,,,,,,,,,,,,,,,,,,,,,,,,,,,,,,,,,,,,,,,,,,,,,,,,,,,,,,,,,,,,,,,,,,,,,,,,2249.8919364000003,2249.8951237,2249.8951237,2249.8951237,2249.8951237,2252.8767525000003,down,0,2.0966324999999415,0.11180580000018381,,,,,,,,LP2804,001,2026-04-28_11h04.03.029,SEED,2024.2.5,None,2026-04-28 11h07.28.089256 +0100,
16,,,,,,,,,,,,2.75,18,18,0,,,,,,Scenes_Dataset/hair_salon_A.jpg,"(600, 386)",Congruent,Objects_Dataset/hairdryer_retouched.png,"(250, 241)",old,left,Objects_Dataset/comb.png,"(250, 250)","(300, -200)","(300, 200)",down,,,,,,,,,,,,,,,,,,,down,1,2.0459921000001486,0.14402589999917836,,,,,,,,,,,,,,,,,,,,,0,18,18,15,2252.8927967,,,,,,,,,,,,,,2252.877397,2252.8927967,2255.1095422999997,2255.35966,2255.6495949,2255.6265267,,,,,,,,,,,,,,,,,,,,,,,,,,,,,,,,,,,,,,,,,,,,,,,,,,,,,,,,,,,,,,,,,,,,,,,,,,,,,,,,,,,,,,,,,,,,,,,,,,,,,,,,,,,,,,,,,,,,,,,,,,,,,,,,,,,,,,,,,,2255.6468496999996,2255.6495949,2255.6495949,2255.6495949,2255.6495949,2258.6433693999998,down,1,2.0459921000001486,0.14402589999917836,,,,,,,,LP2804,001,2026-04-28_11h04.03.029,SEED,2024.2.5,None,2026-04-28 11h07.28.089256 +0100,
59,,,,,,,,,,,,2.3,19,19,0,,,,,,Scenes_Dataset/golf_course_A.jpg,"(600, 400)",Incongruent,Objects_Dataset/clothesline_retouched_2.png,"(350, 231)",old,left,Objects_Dataset/computer_monitor.png,"(300, 300)","(300, 200)","(300, -200)",up,,,,,,,,,,,,,,,,,,,down,0,1.9805904000004375,0.12797299999965617,,,,,,,,,,,,,,,,,,,,,0,19,19,58,2258.6595415,,,,,,,,,,,,,,2258.6440816000004,2258.6595415,2260.8764445999996,2261.1391206,2260.9597688000003,2261.1127604000003,,,,,,,,,,,,,,,,,,,,,,,,,,,,,,,,,,,,,,,,,,,,,,,,,,,,,,,,,,,,,,,,,,,,,,,,,,,,,,,,,,,,,,,,,,,,,,,,,,,,,,,,,,,,,,,,,,,,,,,,,,,,,,,,,,,,,,,,,,2261.1359504,2261.1391206,2261.1391206,2261.1391206,2261.1391206,2264.1273844999996,down,0,1.9805904000004375,0.12797299999965617,,,,,,,,LP2804,001,2026-04-28_11h04.03.029,SEED,2024.2.5,None,2026-04-28 11h07.28.089256 +0100,
21,,,,,,,,,,,,3,20,20,0,,,,,,Scenes_Dataset/pharmacy_A.jpg,"(600, 461)",Congruent,Objects_Dataset/pills.png,"(216, 250)",old,left,Objects_Dataset/thermometer.png,"(300, 199)","(300, -200)","(300, 200)",down,,,,,,,,,,,,,,,,,,,down,1,1.5514665000000605,0.12812680000024557,,,,,,,,,,,,,,,,,,,,,0,20,20,20,2264.1432174,,,,,,,,,,,,,,2264.1279782,2264.1432174,2266.3765756000003,2266.6268517,2267.15218,2267.1271795000002,,,,,,,,,,,,,,,,,,,,,,,,,,,,,,,,,,,,,,,,,,,,,,,,,,,,,,,,,,,,,,,,,,,,,,,,,,,,,,,,,,,,,,,,,,,,,,,,,,,,,,,,,,,,,,,,,,,,,,,,,,,,,,,,,,,,,,,,,,2267.1493123,2267.15218,2267.15218,2267.15218,2267.15218,2270.1299099999997,down,1,1.5514665000000605,0.12812680000024557,,,,,,,,LP2804,001,2026-04-28_11h04.03.029,SEED,2024.2.5,None,2026-04-28 11h07.28.089256 +0100,
33,,,,,,,,,,,,2.3,21,21,0,,,,,,Scenes_Dataset/ice_rink_A.jpg,"(600, 450)",Incongruent,Objects_Dataset/paper_towel_dispenser.png,"(300, 400)",old,left,Objects_Dataset/saxophone.png,"(250, 250)","(300, 200)","(300, -200)",up,,,,,,,,,,,,,,,,,,,up,1,1.9459593999999925,0.13594240000020363,,,,,,,,,,,,,,,,,,,,,0,21,21,32,2270.1431307000003,,,,,,,,,,,,,,2270.1305194999995,2270.1431307000003,2272.3765685,2272.6376774,2272.4434692000004,2272.6101289,,,,,,,,,,,,,,,,,,,,,,,,,,,,,,,,,,,,,,,,,,,,,,,,,,,,,,,,,,,,,,,,,,,,,,,,,,,,,,,,,,,,,,,,,,,,,,,,,,,,,,,,,,,,,,,,,,,,,,,,,,,,,,,,,,,,,,,,,,2272.6343997000004,2272.6376774,2272.6376774,2272.6376774,2272.6376774,2275.6102832999995,up,1,1.9459593999999925,0.13594240000020363,,,,,,,,LP2804,001,2026-04-28_11h04.03.029,SEED,2024.2.5,None,2026-04-28 11h07.28.089256 +0100,
9,,,,,,,,,,,,2.4,22,22,0,,,,,,Scenes_Dataset/childrens_room_A.jpg,"(600, 524)",Congruent,Objects_Dataset/abacus.png,"(185, 200)",old,left,Objects_Dataset/doll.png,"(191, 300)","(300, -200)","(300, 200)",down,,,,,,,,,,,,,,,,,,,down,1,1.893127899999854,0.0960466999995333,,,,,,,,,,,,,,,,,,,,,0,22,22,8,2275.6272304000004,,,,,,,,,,,,,,2275.6109045000003,2275.6272304000004,2277.8598893999997,2278.1224826999996,2278.0266881999996,2278.0935449,,,,,,,,,,,,,,,,,,,,,,,,,,,,,,,,,,,,,,,,,,,,,,,,,,,,,,,,,,,,,,,,,,,,,,,,,,,,,,,,,,,,,,,,,,,,,,,,,,,,,,,,,,,,,,,,,,,,,,,,,,,,,,,,,,,,,,,,,,2278.1174014999997,2278.1224826999996,2278.1224826999996,2278.1224826999996,2278.1224826999996,2281.0937706000004,down,1,1.893127899999854,0.0960466999995333,,,,,,,,LP2804,001,2026-04-28_11h04.03.029,SEED,2024.2.5,None,2026-04-28 11h07.28.089256 +0100,
60,,,,,,,,,,,,2.35,23,23,0,,,,,,Scenes_Dataset/field_A.jpg,"(600, 403)",Incongruent,Objects_Dataset/computer_monitor.png,"(300, 300)",old,left,Objects_Dataset/plasticine.png,"(250, 167)","(300, 200)","(300, -200)",up,,,,,,,,,,,,,,,,,,,up,1,1.621350800000073,0.13612379999995028,,,,,,,,,,,,,,,,,,,,,0,23,23,59,2281.1100247000004,,,,,,,,,,,,,,2281.0943637,2281.1100247000004,2283.3443172999996,2283.6022826,2283.4601392000004,2283.5769953999998,,,,,,,,,,,,,,,,,,,,,,,,,,,,,,,,,,,,,,,,,,,,,,,,,,,,,,,,,,,,,,,,,,,,,,,,,,,,,,,,,,,,,,,,,,,,,,,,,,,,,,,,,,,,,,,,,,,,,,,,,,,,,,,,,,,,,,,,,,2283.5989656,2283.6022826,2283.6022826,2283.6022826,2283.6022826,2286.577196,up,1,1.621350800000073,0.13612379999995028,,,,,,,,LP2804,001,2026-04-28_11h04.03.029,SEED,2024.2.5,None,2026-04-28 11h07.28.089256 +0100,
47,,,,,,,,,,,,3,24,24,0,,,,,,Scenes_Dataset/entrance_hall_B.jpg,"(600, 421)",Incongruent,Objects_Dataset/movie_reels.png,"(350, 268)",old,left,Objects_Dataset/payment_terminal.png,"(285, 300)","(300, 200)","(300, -200)",up,,,,,,,,,,,,,,,,,,,up,1,1.101408999999876,0.13588110000000597,,,,,,,,,,,,,,,,,,,,,0,24,24,46,2286.5933750000004,,,,,,,,,,,,,,2286.5777964999997,2286.5933750000004,2288.8268372,2289.0769307,2289.6022912999997,2289.5776223000003,,,,,,,,,,,,,,,,,,,,,,,,,,,,,,,,,,,,,,,,,,,,,,,,,,,,,,,,,,,,,,,,,,,,,,,,,,,,,,,,,,,,,,,,,,,,,,,,,,,,,,,,,,,,,,,,,,,,,,,,,,,,,,,,,,,,,,,,,,2289.5989312,2289.6022912999997,2289.6022912999997,2289.6022912999997,2289.6022912999997,2292.5936426,up,1,1.101408999999876,0.13588110000000597,,,,,,,,LP2804,001,2026-04-28_11h04.03.029,SEED,2024.2.5,None,2026-04-28 11h07.28.089256 +0100,
43,,,,,,,,,,,,2.8,25,25,0,,,,,,Scenes_Dataset/home_office_A.jpg,"(600, 399)",Incongruent,Objects_Dataset/bicycle_bell.png,"(250, 210)",old,left,Objects_Dataset/unicycle_retouched.png,"(159, 300)","(300, 200)","(300, -200)",up,,,,,,,,,,,,,,,,,,,up,1,1.53469159999986,0.1200050999996165,,,,,,,,,,,,,,,,,,,,,0,25,25,42,2292.6101007999996,,,,,,,,,,,,,,2292.5944224000004,2292.6101007999996,2294.8268952999997,2295.0769069,2295.4169076,2295.3939416000003,,,,,,,,,,,,,,,,,,,,,,,,,,,,,,,,,,,,,,,,,,,,,,,,,,,,,,,,,,,,,,,,,,,,,,,,,,,,,,,,,,,,,,,,,,,,,,,,,,,,,,,,,,,,,,,,,,,,,,,,,,,,,,,,,,,,,,,,,,2295.4140797,2295.4169076,2295.4169076,2295.4169076,2295.4169076,2298.4100221,up,1,1.53469159999986,0.1200050999996165,,,,,,,,LP2804,001,2026-04-28_11h04.03.029,SEED,2024.2.5,None,2026-04-28 11h07.28.089256 +0100,
35,,,,,,,,,,,,2.4,26,26,0,,,,,,Scenes_Dataset/dentist_A.jpg,"(600, 400)",Incongruent,Objects_Dataset/basketball.png,"(282, 300)",old,left,Objects_Dataset/chandelier_retouched.png,"(250, 300)","(300, 200)","(300, -200)",up,,,,,,,,,,,,,,,,,,,up,1,2.588011599999845,0.11192959999971208,,,,,,,,,,,,,,,,,,,,,0,26,26,34,2298.4264986999997,,,,,,,,,,,,,,2298.4101926000003,2298.4264986999997,2300.6436501999997,2300.8996558999997,2300.8269687,2300.877697,,,,,,,,,,,,,,,,,,,,,,,,,,,,,,,,,,,,,,,,,,,,,,,,,,,,,,,,,,,,,,,,,,,,,,,,,,,,,,,,,,,,,,,,,,,,,,,,,,,,,,,,,,,,,,,,,,,,,,,,,,,,,,,,,,,,,,,,,,2300.8969829,2300.8996558999997,2300.8996558999997,2300.8996558999997,2300.8996558999997,2303.8971271,up,1,2.588011599999845,0.11192959999971208,,,,,,,,LP2804,001,2026-04-28_11h04.03.029,SEED,2024.2.5,None,2026-04-28 11h07.28.089256 +0100,
48,,,,,,,,,,,,3.05,27,27,0,,,,,,Scenes_Dataset/ballet_room_A.jpg,"(600, 398)",Incongruent,Objects_Dataset/hiking_boots.png,"(300, 300)",old,left,Objects_Dataset/bicycle_bell.png,"(250, 210)","(300, 200)","(300, -200)",up,,,,,,,,,,,,,,,,,,,up,1,1.5052130999993096,0.11188960000072257,,,,,,,,,,,,,,,,,,,,,0,27,27,47,2303.9102122000004,,,,,,,,,,,,,,2303.8975050999998,2303.9102122000004,2306.1272981,2306.3773542,2306.9664229,2306.9440223,,,,,,,,,,,,,,,,,,,,,,,,,,,,,,,,,,,,,,,,,,,,,,,,,,,,,,,,,,,,,,,,,,,,,,,,,,,,,,,,,,,,,,,,,,,,,,,,,,,,,,,,,,,,,,,,,,,,,,,,,,,,,,,,,,,,,,,,,,2306.9635915,2306.9664229,2306.9664229,2306.9664229,2306.9664229,2309.9442397000003,up,1,1.5052130999993096,0.11188960000072257,,,,,,,,LP2804,001,2026-04-28_11h04.03.029,SEED,2024.2.5,None,2026-04-28 11h07.28.089256 +0100,
8,,,,,,,,,,,,2.35,28,28,0,,,,,,Scenes_Dataset/igloo_A.jpg,"(600, 450)",Congruent,Objects_Dataset/eskimo_coat.png,"(300, 300)",old,left,Objects_Dataset/wool_cap.png,"(250, 250)","(300, -200)","(300, 200)",down,,,,,,,,,,,,,,,,,,,down,1,1.3215448000000833,0.1437588999997388,,,,,,,,,,,,,,,,,,,,,0,28,28,7,2309.9603905000004,,,,,,,,,,,,,,2309.9449211,2309.9603905000004,2312.1938733999996,2312.4542239,2312.3107706,2312.4275428,,,,,,,,,,,,,,,,,,,,,,,,,,,,,,,,,,,,,,,,,,,,,,,,,,,,,,,,,,,,,,,,,,,,,,,,,,,,,,,,,,,,,,,,,,,,,,,,,,,,,,,,,,,,,,,,,,,,,,,,,,,,,,,,,,,,,,,,,,2312.4511383999998,2312.4542239,2312.4542239,2312.4542239,2312.4542239,2315.4441195,down,1,1.3215448000000833,0.1437588999997388,,,,,,,,LP2804,001,2026-04-28_11h04.03.029,SEED,2024.2.5,None,2026-04-28 11h07.28.089256 +0100,
32,,,,,,,,,,,,2.25,29,29,0,,,,,,Scenes_Dataset/elevator_A.jpg,"(600, 450)",Incongruent,Objects_Dataset/cake_tongs_retouched.png,"(300, 75)",old,left,Objects_Dataset/3d_glasses_retouched.png,"(300, 300)","(300, 200)","(300, -200)",up,,,,,,,,,,,,,,,,,,,up,1,1.343835399999989,0.15216660000078264,,,,,,,,,,,,,,,,,,,,,0,29,29,31,2315.4604919000003,,,,,,,,,,,,,,2315.444831,2315.4604919000003,2317.6773855,2317.9277998999996,2317.7125011999997,2317.9128585,,,,,,,,,,,,,,,,,,,,,,,,,,,,,,,,,,,,,,,,,,,,,,,,,,,,,,,,,,,,,,,,,,,,,,,,,,,,,,,,,,,,,,,,,,,,,,,,,,,,,,,,,,,,,,,,,,,,,,,,,,,,,,,,,,,,,,,,,,2317.9250902000003,2317.9277998999996,2317.9277998999996,2317.9277998999996,2317.9277998999996,2320.9119607000002,up,1,1.343835399999989,0.15216660000078264,2320.9273167,2320.9273167,2320.9273167,2320.9273167,,,,LP2804,001,2026-04-28_11h04.03.029,SEED,2024.2.5,None,2026-04-28 11h07.28.089256 +0100,
51,,,,,,,,,,,,3.2,30,30,0,,,,,,Scenes_Dataset/clinic_A.jpg,"(600, 400)",Incongruent,Objects_Dataset/juggling_balls_retouched.png,"(350, 197)",old,left,Objects_Dataset/sled_retouched.png,"(450, 286)","(300, 200)","(300, -200)",up,,,,,,,,,,,,,,,,,,,up,1,1.782975400000396,0.11198340000009921,,,,,,,,,,,,,,,,,,,,,0,30,30,50,2320.9273167,,,,,,,,,,,,,,2320.9127644,2320.9273167,2323.1775784,2323.4298129999997,2324.1367565,2324.111258,,,,,,,,,,,,,,,,,,,,,,,,,,,,,,,,,,,,,,,,,,,,,,,,,,,,,,,,,,,,,,,,,,,,,,,,,,,,,,,,,,,,,,,,,,,,,,,,,,,,,,,,,,,,,,,,,,,,,,,,,,,,,,,,,,,,,,,,,,2324.1337114999997,2324.1367565,2324.1367565,2324.1367565,2324.1367565,2327.1287544999996,up,1,1.782975400000396,0.11198340000009921,,,,,,,,LP2804,001,2026-04-28_11h04.03.029,SEED,2024.2.5,None,2026-04-28 11h07.28.089256 +0100,
55,,,,,,,,,,,,2.1,31,31,0,,,,,,Scenes_Dataset/lake_A.jpg,"(600, 442)",Incongruent,Objects_Dataset/thermometer.png,"(300, 199)",old,left,Objects_Dataset/ticket_machine.png,"(200, 300)","(300, 200)","(300, -200)",up,,,,,,,,,,,,,,,,,,,up,1,1.8293181999997614,0.11199940000005881,,,,,,,,,,,,,,,,,,,,,0,31,31,54,2327.1439018,,,,,,,,,,,,,,2327.1293164,2327.1439018,2329.3605498999996,2329.6183745999997,2329.2440834999998,2329.5944800999996,,,,,,,,,,,,,,,,,,,,,,,,,,,,,,,,,,,,,,,,,,,,,,,,,,,,,,,,,,,,,,,,,,,,,,,,,,,,,,,,,,,,,,,,,,,,,,,,,,,,,,,,,,,,,,,,,,,,,,,,,,,,,,,,,,,,,,,,,,2329.6154514,2329.6183745999997,2329.6183745999997,2329.6183745999997,2329.6183745999997,2332.6113637999997,up,1,1.8293181999997614,0.11199940000005881,,,,,,,,LP2804,001,2026-04-28_11h04.03.029,SEED,2024.2.5,None,2026-04-28 11h07.28.089256 +0100,
12,,,,,,,,,,,,2.55,32,32,0,,,,,,Scenes_Dataset/castle_A.jpg,"(600, 450)",Congruent,Objects_Dataset/sword_retouched.png,"(300, 300)",old,left,Objects_Dataset/shield.png,"(199, 300)","(300, -200)","(300, 200)",down,,,,,,,,,,,,,,,,,,,down,1,1.4476593000008506,0.12046339999960765,,,,,,,,,,,,,,,,,,,,,0,32,32,11,2332.6275137000002,,,,,,,,,,,,,,2332.6120625000003,2332.6275137000002,2334.8443955000002,2335.0943212,2335.1919877,2335.1617607,,,,,,,,,,,,,,,,,,,,,,,,,,,,,,,,,,,,,,,,,,,,,,,,,,,,,,,,,,,,,,,,,,,,,,,,,,,,,,,,,,,,,,,,,,,,,,,,,,,,,,,,,,,,,,,,,,,,,,,,,,,,,,,,,,,,,,,,,,2335.1887878999996,2335.1919877,2335.1919877,2335.1919877,2335.1919877,2338.1777928,down,1,1.4476593000008506,0.12046339999960765,,,,,,,,LP2804,001,2026-04-28_11h04.03.029,SEED,2024.2.5,None,2026-04-28 11h07.28.089256 +0100,
20,,,,,,,,,,,,2.95,33,33,0,,,,,,Scenes_Dataset/basketball_field_A.jpg,"(600, 399)",Congruent,Objects_Dataset/whistle.png,"(200, 151)",old,left,Objects_Dataset/basketball.png,"(282, 300)","(300, -200)","(300, 200)",down,,,,,,,,,,,,,,,,,,,down,1,1.1719500999997763,0.15938420000020415,,,,,,,,,,,,,,,,,,,,,0,33,33,19,2338.1944897000003,,,,,,,,,,,,,,2338.178618,2338.1944897000003,2340.410857,2340.6609623000004,2341.1563689000004,2341.1281931000003,,,,,,,,,,,,,,,,,,,,,,,,,,,,,,,,,,,,,,,,,,,,,,,,,,,,,,,,,,,,,,,,,,,,,,,,,,,,,,,,,,,,,,,,,,,,,,,,,,,,,,,,,,,,,,,,,,,,,,,,,,,,,,,,,,,,,,,,,,2341.1535722999997,2341.1563689000004,2341.1563689000004,2341.1563689000004,2341.1563689000004,2344.1446609000004,down,1,1.1719500999997763,0.15938420000020415,,,,,,,,LP2804,001,2026-04-28_11h04.03.029,SEED,2024.2.5,None,2026-04-28 11h07.28.089256 +0100,
2,,,,,,,,,,,,2.05,34,34,0,,,,,,Scenes_Dataset/waiting_room_A.jpg,"(600, 450)",Congruent,Objects_Dataset/clock.png,"(250, 248)",old,left,Objects_Dataset/water_dispenser.png,"(300, 300)","(300, -200)","(300, 200)",down,,,,,,,,,,,,,,,,,,,down,1,1.0165680000000066,0.1519146999999066,,,,,,,,,,,,,,,,,,,,,0,34,34,1,2344.1609107000004,,,,,,,,,,,,,,2344.145412,2344.1609107000004,2346.3780561000003,2346.6392225,2346.2109739999996,2346.6112694000003,,,,,,,,,,,,,,,,,,,,,,,,,,,,,,,,,,,,,,,,,,,,,,,,,,,,,,,,,,,,,,,,,,,,,,,,,,,,,,,,,,,,,,,,,,,,,,,,,,,,,,,,,,,,,,,,,,,,,,,,,,,,,,,,,,,,,,,,,,2346.6358180999996,2346.6392225,2346.6392225,2346.6392225,2346.6392225,2349.6281842,down,1,1.0165680000000066,0.1519146999999066,,,,,,,,LP2804,001,2026-04-28_11h04.03.029,SEED,2024.2.5,None,2026-04-28 11h07.28.089256 +0100,
1,,,,,,,,,,,,2,35,35,0,,,,,,Scenes_Dataset/office_work_A.jpg,"(600, 470)",Congruent,Objects_Dataset/staple_puller_retouched.png,"(400, 400)",old,left,Objects_Dataset/clock.png,"(250, 248)","(300, -200)","(300, 200)",down,,,,,,,,,,,,,,,,,,,down,1,1.0379533999994237,0.14393370000016148,,,,,,,,,,,,,,,,,,,,,0,35,35,0,2349.644343,,,,,,,,,,,,,,2349.6288355999995,2349.644343,2351.8610848,2352.1217350999996,2351.6444008999997,2352.0950028999996,,,,,,,,,,,,,,,,,,,,,,,,,,,,,,,,,,,,,,,,,,,,,,,,,,,,,,,,,,,,,,,,,,,,,,,,,,,,,,,,,,,,,,,,,,,,,,,,,,,,,,,,,,,,,,,,,,,,,,,,,,,,,,,,,,,,,,,,,,2352.1166021999998,2352.1217350999996,2352.1217350999996,2352.1217350999996,2352.1217350999996,2355.1114528999997,down,1,1.0379533999994237,0.14393370000016148,,,,,,,,LP2804,001,2026-04-28_11h04.03.029,SEED,2024.2.5,None,2026-04-28 11h07.28.089256 +0100,
17,,,,,,,,,,,,2.8,36,36,0,,,,,,Scenes_Dataset/stage_A.jpg,"(600, 396)",Congruent,Objects_Dataset/saxophone.png,"(250, 250)",old,left,Objects_Dataset/digital_piano_retouched.png,"(350, 350)","(300, -200)","(300, 200)",down,,,,,,,,,,,,,,,,,,,down,1,1.8613096999997651,0.10393410000051517,,,,,,,,,,,,,,,,,,,,,0,36,36,16,2355.1277878,,,,,,,,,,,,,,2355.1121252000003,2355.1277878,2357.3443067999997,2357.5946032,2357.9382697,2357.9118712,,,,,,,,,,,,,,,,,,,,,,,,,,,,,,,,,,,,,,,,,,,,,,,,,,,,,,,,,,,,,,,,,,,,,,,,,,,,,,,,,,,,,,,,,,,,,,,,,,,,,,,,,,,,,,,,,,,,,,,,,,,,,,,,,,,,,,,,,,2357.9350057,2357.9382697,2357.9382697,2357.9382697,2357.9382697,2360.9121857,down,1,1.8613096999997651,0.10393410000051517,,,,,,,,LP2804,001,2026-04-28_11h04.03.029,SEED,2024.2.5,None,2026-04-28 11h07.28.089256 +0100,
42,,,,,,,,,,,,2.75,37,37,0,,,,,,Scenes_Dataset/hut_A.jpg,"(600, 384)",Incongruent,Objects_Dataset/sled_retouched.png,"(450, 286)",old,left,Objects_Dataset/stapler.png,"(250, 178)","(300, 200)","(300, -200)",up,,,,,,,,,,,,,,,,,,,down,0,2.336759400000119,0.143906600000264,,,,,,,,,,,,,,,,,,,,,0,37,37,41,2360.9278027,,,,,,,,,,,,,,2360.9128655000004,2360.9278027,2363.1611359999997,2363.411527,2363.6868426,2363.6618946999997,,,,,,,,,,,,,,,,,,,,,,,,,,,,,,,,,,,,,,,,,,,,,,,,,,,,,,,,,,,,,,,,,,,,,,,,,,,,,,,,,,,,,,,,,,,,,,,,,,,,,,,,,,,,,,,,,,,,,,,,,,,,,,,,,,,,,,,,,,2363.6820383000004,2363.6868426,2363.6868426,2363.6868426,2363.6868426,2366.678575,down,0,2.336759400000119,0.143906600000264,,,,,,,,LP2804,001,2026-04-28_11h04.03.029,SEED,2024.2.5,None,2026-04-28 11h07.28.089256 +0100,
3,,,,,,,,,,,,2.1,38,38,0,,,,,,Scenes_Dataset/car_interior_A.jpg,"(600, 389)",Congruent,Objects_Dataset/car_mat.png,"(230, 258)",old,left,Objects_Dataset/car_key.png,"(300, 125)","(300, -200)","(300, 200)",down,,,,,,,,,,,,,,,,,,,down,1,1.124349099999563,0.09589140000025509,,,,,,,,,,,,,,,,,,,,,0,38,38,2,2366.6948075,,,,,,,,,,,,,,2366.6796914999995,2366.6948075,2368.9133970000003,2369.1873238999997,2368.7946531999996,2369.1624558000003,,,,,,,,,,,,,,,,,,,,,,,,,,,,,,,,,,,,,,,,,,,,,,,,,,,,,,,,,,,,,,,,,,,,,,,,,,,,,,,,,,,,,,,,,,,,,,,,,,,,,,,,,,,,,,,,,,,,,,,,,,,,,,,,,,,,,,,,,,2369.1848625000002,2369.1873238999997,2369.1873238999997,2369.1873238999997,2369.1873238999997,2372.1785382,down,1,1.124349099999563,0.09589140000025509,,,,,,,,LP2804,001,2026-04-28_11h04.03.029,SEED,2024.2.5,None,2026-04-28 11h07.28.089256 +0100,
40,,,,,,,,,,,,2.65,39,39,0,,,,,,Scenes_Dataset/kindergarten_A.jpg,"(600, 338)",Incongruent,Objects_Dataset/payment_terminal.png,"(285, 300)",old,left,Objects_Dataset/message_bottle.png,"(284, 177)","(300, 200)","(300, -200)",up,,,,,,,,,,,,,,,,,,,up,1,1.4469739000005575,0.12706449999950564,,,,,,,,,,,,,,,,,,,,,0,39,39,39,2372.19478,,,,,,,,,,,,,,2372.1796162,2372.19478,2374.4116925999997,2374.6615973,2374.8494788999997,2374.8293135000004,,,,,,,,,,,,,,,,,,,,,,,,,,,,,,,,,,,,,,,,,,,,,,,,,,,,,,,,,,,,,,,,,,,,,,,,,,,,,,,,,,,,,,,,,,,,,,,,,,,,,,,,,,,,,,,,,,,,,,,,,,,,,,,,,,,,,,,,,,2374.8467215,2374.8494788999997,2374.8494788999997,2374.8494788999997,2374.8494788999997,2377.8450476,up,1,1.4469739000005575,0.12706449999950564,,,,,,,,LP2804,001,2026-04-28_11h04.03.029,SEED,2024.2.5,None,2026-04-28 11h07.28.089256 +0100,
28,,,,,,,,,,,,2.05,40,40,0,,,,,,Scenes_Dataset/public_toilet_A.jpg,"(600, 375)",Congruent,Objects_Dataset/hands_dryer.png,"(350, 267)",old,left,Objects_Dataset/paper_towel_dispenser.png,"(300, 400)","(300, -200)","(300, 200)",down,,,,,,,,,,,,,,,,,,,down,1,2.0679426999995485,0.12815409999984695,,,,,,,,,,,,,,,,,,,,,0,40,40,27,2377.8617149,,,,,,,,,,,,,,2377.8459749000003,2377.8617149,2380.0948704,2380.3556533,2379.9116938999996,2380.3286938,,,,,,,,,,,,,,,,,,,,,,,,,,,,,,,,,,,,,,,,,,,,,,,,,,,,,,,,,,,,,,,,,,,,,,,,,,,,,,,,,,,,,,,,,,,,,,,,,,,,,,,,,,,,,,,,,,,,,,,,,,,,,,,,,,,,,,,,,,2380.3525938000002,2380.3556533,2380.3556533,2380.3556533,2380.3556533,2383.3454156,down,1,2.0679426999995485,0.12815409999984695,,,,,,,,LP2804,001,2026-04-28_11h04.03.029,SEED,2024.2.5,None,2026-04-28 11h07.28.089256 +0100,
22,,,,,,,,,,,,3.05,41,41,0,,,,,,Scenes_Dataset/cavern_A.jpg,"(600, 410)",Congruent,Objects_Dataset/canteen.png,"(150, 250)",old,left,Objects_Dataset/hiking_boots.png,"(300, 300)","(300, -200)","(300, 200)",down,,,,,,,,,,,,,,,,,,,down,1,2.2527000999998563,0.1598415999997087,,,,,,,,,,,,,,,,,,,,,0,41,41,21,2383.3616801,,,,,,,,,,,,,,2383.3466912000004,2383.3616801,2385.578396,2385.8282572,2386.4189969999998,2386.3959956,,,,,,,,,,,,,,,,,,,,,,,,,,,,,,,,,,,,,,,,,,,,,,,,,,,,,,,,,,,,,,,,,,,,,,,,,,,,,,,,,,,,,,,,,,,,,,,,,,,,,,,,,,,,,,,,,,,,,,,,,,,,,,,,,,,,,,,,,,2386.4160659,2386.4189969999998,2386.4189969999998,2386.4189969999998,2386.4189969999998,2389.4122160999996,down,1,2.2527000999998563,0.1598415999997087,,,,,,,,LP2804,001,2026-04-28_11h04.03.029,SEED,2024.2.5,None,2026-04-28 11h07.28.089256 +0100,
39,,,,,,,,,,,,2.6,42,42,0,,,,,,Scenes_Dataset/garage_A.jpg,"(600, 397)",Incongruent,Objects_Dataset/crown.png,"(300, 249)",old,left,Objects_Dataset/oxygen_mask_retouched.png,"(300, 300)","(300, 200)","(300, -200)",up,,,,,,,,,,,,,,,,,,,up,1,1.6421062999997957,0.143850399999792,,,,,,,,,,,,,,,,,,,,,0,42,42,38,2389.4285355,,,,,,,,,,,,,,2389.412811,2389.4285355,2391.645362,2391.8954396,2392.0375891000003,2392.0122841,,,,,,,,,,,,,,,,,,,,,,,,,,,,,,,,,,,,,,,,,,,,,,,,,,,,,,,,,,,,,,,,,,,,,,,,,,,,,,,,,,,,,,,,,,,,,,,,,,,,,,,,,,,,,,,,,,,,,,,,,,,,,,,,,,,,,,,,,,2392.0344888,2392.0375891000003,2392.0375891000003,2392.0375891000003,2392.0375891000003,2395.0130074999997,up,1,1.6421062999997957,0.143850399999792,,,,,,,,LP2804,001,2026-04-28_11h04.03.029,SEED,2024.2.5,None,2026-04-28 11h07.28.089256 +0100,
30,,,,,,,,,,,,2.15,43,43,0,,,,,,Scenes_Dataset/locker_room_B.jpg,"(600, 399)",Congruent,Objects_Dataset/locker.png,"(264, 400)",old,left,Objects_Dataset/slippers.png,"(280, 300)","(300, -200)","(300, 200)",down,,,,,,,,,,,,,,,,,,,down,1,1.6943079999991824,0.12787910000042757,,,,,,,,,,,,,,,,,,,,,0,43,43,29,2395.0290825,,,,,,,,,,,,,,2395.0138223000004,2395.0290825,2397.2631663,2397.5214339000004,2397.1784571,2397.4959789000004,,,,,,,,,,,,,,,,,,,,,,,,,,,,,,,,,,,,,,,,,,,,,,,,,,,,,,,,,,,,,,,,,,,,,,,,,,,,,,,,,,,,,,,,,,,,,,,,,,,,,,,,,,,,,,,,,,,,,,,,,,,,,,,,,,,,,,,,,,2397.5182365,2397.5214339000004,2397.5214339000004,2397.5214339000004,2397.5214339000004,2400.5124752,down,1,1.6943079999991824,0.12787910000042757,,,,,,,,LP2804,001,2026-04-28_11h04.03.029,SEED,2024.2.5,None,2026-04-28 11h07.28.089256 +0100,
18,,,,,,,,,,,,2.85,44,44,0,,,,,,Scenes_Dataset/soccer_stadium_B.jpg,"(600, 400)",Congruent,Objects_Dataset/football_boots.png,"(300, 300)",old,left,Objects_Dataset/whistle.png,"(200, 151)","(300, -200)","(300, 200)",down,,,,,,,,,,,,,,,,,,,down,1,1.7527563000003283,0.1284469000001991,,,,,,,,,,,,,,,,,,,,,0,44,44,17,2400.5286407000003,,,,,,,,,,,,,,2400.5130576,2400.5286407000003,2402.7453567000002,2402.9953202999995,2403.3829243,2403.3623317,,,,,,,,,,,,,,,,,,,,,,,,,,,,,,,,,,,,,,,,,,,,,,,,,,,,,,,,,,,,,,,,,,,,,,,,,,,,,,,,,,,,,,,,,,,,,,,,,,,,,,,,,,,,,,,,,,,,,,,,,,,,,,,,,,,,,,,,,,2403.3801958000004,2403.3829243,2403.3829243,2403.3829243,2403.3829243,2406.3806801,down,1,1.7527563000003283,0.1284469000001991,,,,,,,,LP2804,001,2026-04-28_11h04.03.029,SEED,2024.2.5,None,2026-04-28 11h07.28.089256 +0100,
38,,,,,,,,,,,,2.55,45,45,0,,,,,,Scenes_Dataset/garden_A.jpg,"(600, 446)",Incongruent,Objects_Dataset/airplane_belt.png,"(300, 249)",old,left,Objects_Dataset/saline_retouched.png,"(300, 225)","(300, 200)","(300, -200)",up,,,,,,,,,,,,,,,,,,,up,1,1.7543384999999034,0.11189790000025823,,,,,,,,,,,,,,,,,,,,,0,45,45,37,2406.3956136999996,,,,,,,,,,,,,,2406.3812910999995,2406.3956136999996,2408.6121397999996,2408.8622224,2408.9572955000003,2408.9308405,,,,,,,,,,,,,,,,,,,,,,,,,,,,,,,,,,,,,,,,,,,,,,,,,,,,,,,,,,,,,,,,,,,,,,,,,,,,,,,,,,,,,,,,,,,,,,,,,,,,,,,,,,,,,,,,,,,,,,,,,,,,,,,,,,,,,,,,,,2408.953813,2408.9572955000003,2408.9572955000003,2408.9572955000003,2408.9572955000003,2411.9454262,up,1,1.7543384999999034,0.11189790000025823,,,,,,,,LP2804,001,2026-04-28_11h04.03.029,SEED,2024.2.5,None,2026-04-28 11h07.28.089256 +0100,
58,,,,,,,,,,,,2.25,46,46,0,,,,,,Scenes_Dataset/museum_A.jpg,"(600, 337)",Incongruent,Objects_Dataset/bikini.png,"(350, 350)",old,left,Objects_Dataset/clothesline_retouched_2.png,"(350, 231)","(300, 200)","(300, -200)",up,,,,,,,,,,,,,,,,,,,up,1,1.820241200000055,0.11968239999987418,,,,,,,,,,,,,,,,,,,,,0,46,46,57,2411.9618302,,,,,,,,,,,,,,2411.9462409999996,2411.9618302,2414.1969988,2414.4756071,2414.2123038,2414.4459104999996,,,,,,,,,,,,,,,,,,,,,,,,,,,,,,,,,,,,,,,,,,,,,,,,,,,,,,,,,,,,,,,,,,,,,,,,,,,,,,,,,,,,,,,,,,,,,,,,,,,,,,,,,,,,,,,,,,,,,,,,,,,,,,,,,,,,,,,,,,2414.4722959,2414.4756071,2414.4756071,2414.4756071,2414.4756071,2417.4622440000003,up,1,1.820241200000055,0.11968239999987418,,,,,,,,LP2804,001,2026-04-28_11h04.03.029,SEED,2024.2.5,None,2026-04-28 11h07.28.089256 +0100,
49,,,,,,,,,,,,3.1,47,47,0,,,,,,Scenes_Dataset/restaurant_A.jpg,"(600, 400)",Incongruent,Objects_Dataset/comb.png,"(250, 250)",old,left,Objects_Dataset/football_boots.png,"(300, 300)","(300, 200)","(300, -200)",up,,,,,,,,,,,,,,,,,,,up,1,2.694457199999306,0.07971160000033706,,,,,,,,,,,,,,,,,,,,,0,47,47,48,2417.4785954,,,,,,,,,,,,,,2417.4630134999998,2417.4785954,2419.6955484,2419.9456615,2420.5854348000003,2420.5628011999997,,,,,,,,,,,,,,,,,,,,,,,,,,,,,,,,,,,,,,,,,,,,,,,,,,,,,,,,,,,,,,,,,,,,,,,,,,,,,,,,,,,,,,,,,,,,,,,,,,,,,,,,,,,,,,,,,,,,,,,,,,,,,,,,,,,,,,,,,,2420.5827449,2420.5854348000003,2420.5854348000003,2420.5854348000003,2420.5854348000003,2423.5791966999996,up,1,2.694457199999306,0.07971160000033706,,,,,,,,LP2804,001,2026-04-28_11h04.03.029,SEED,2024.2.5,None,2026-04-28 11h07.28.089256 +0100,
36,,,,,,,,,,,,2.45,48,48,0,,,,,,Scenes_Dataset/stable_A.jpg,"(600, 450)",Incongruent,Objects_Dataset/remote_control.png,"(300, 293)",old,left,Objects_Dataset/sword_retouched.png,"(300, 300)","(300, 200)","(300, -200)",up,,,,,,,,,,,,,,,,,,,up,1,2.687676200000169,0.11211120000007213,,,,,,,,,,,,,,,,,,,,,0,48,48,35,2423.5954260999997,,,,,,,,,,,,,,2423.579853,2423.5954260999997,2425.8122568,2426.0718883,2426.0457208999997,2426.0463307,,,,,,,,,,,,,,,,,,,,,,,,,,,,,,,,,,,,,,,,,,,,,,,,,,,,,,,,,,,,,,,,,,,,,,,,,,,,,,,,,,,,,,,,,,,,,,,,,,,,,,,,,,,,,,,,,,,,,,,,,,,,,,,,,,,,,,,,,,2426.0686151,2426.0718883,2426.0718883,2426.0718883,2426.0718883,2429.0626088,up,1,2.687676200000169,0.11211120000007213,,,,,,,,LP2804,001,2026-04-28_11h04.03.029,SEED,2024.2.5,None,2026-04-28 11h07.28.089256 +0100,
13,,,,,,,,,,,,2.6,49,49,0,,,,,,Scenes_Dataset/circus_A.jpg,"(600, 421)",Congruent,Objects_Dataset/unicycle_retouched.png,"(159, 300)",old,left,Objects_Dataset/juggling_balls_retouched.png,"(350, 197)","(300, -200)","(300, 200)",down,,,,,,,,,,,,,,,,,,,down,1,2.0875420999991547,0.11177260000022216,,,,,,,,,,,,,,,,,,,,,0,49,49,12,2429.0789162,,,,,,,,,,,,,,2429.0633226,2429.0789162,2431.2958652999996,2431.5455794,2431.6882294999996,2431.6627645,,,,,,,,,,,,,,,,,,,,,,,,,,,,,,,,,,,,,,,,,,,,,,,,,,,,,,,,,,,,,,,,,,,,,,,,,,,,,,,,,,,,,,,,,,,,,,,,,,,,,,,,,,,,,,,,,,,,,,,,,,,,,,,,,,,,,,,,,,2431.6852947999996,2431.6882294999996,2431.6882294999996,2431.6882294999996,2431.6882294999996,2434.6631536000004,down,1,2.0875420999991547,0.11177260000022216,,,,,,,,LP2804,001,2026-04-28_11h04.03.029,SEED,2024.2.5,None,2026-04-28 11h07.28.089256 +0100,
37,,,,,,,,,,,,2.5,50,50,0,,,,,,Scenes_Dataset/vault_A.jpg,"(600, 398)",Incongruent,Objects_Dataset/fan.png,"(350, 350)",old,left,Objects_Dataset/cactus.png,"(300, 248)","(300, 200)","(300, -200)",up,,,,,,,,,,,,,,,,,,,up,1,1.348159800000758,0.0960494999999355,,,,,,,,,,,,,,,,,,,,,0,50,50,36,2434.6789964,,,,,,,,,,,,,,2434.6642144999996,2434.6789964,2436.9123281,2437.1623579999996,2437.1873819,2437.1627046000003,,,,,,,,,,,,,,,,,,,,,,,,,,,,,,,,,,,,,,,,,,,,,,,,,,,,,,,,,,,,,,,,,,,,,,,,,,,,,,,,,,,,,,,,,,,,,,,,,,,,,,,,,,,,,,,,,,,,,,,,,,,,,,,,,,,,,,,,,,2437.1842261,2437.1873819,2437.1873819,2437.1873819,2437.1873819,2440.1797069000004,up,1,1.348159800000758,0.0960494999999355,,,,,,,,LP2804,001,2026-04-28_11h04.03.029,SEED,2024.2.5,None,2026-04-28 11h07.28.089256 +0100,
4,,,,,,,,,,,,2.15,51,51,0,,,,,,Scenes_Dataset/pastry_shop_A.jpg,"(600, 400)",Congruent,Objects_Dataset/cake_holder.png,"(300, 209)",old,left,Objects_Dataset/cake_tongs_retouched.png,"(300, 75)","(300, -200)","(300, 200)",down,,,,,,,,,,,,,,,,,,,down,1,1.3918829000003825,0.136453199999778,,,,,,,,,,,,,,,,,,,,,0,51,51,3,2440.1958738000003,,,,,,,,,,,,,,2440.1805581,2440.1958738000003,2442.4124289,2442.6637838999995,2442.3457121,2442.6473142000004,,,,,,,,,,,,,,,,,,,,,,,,,,,,,,,,,,,,,,,,,,,,,,,,,,,,,,,,,,,,,,,,,,,,,,,,,,,,,,,,,,,,,,,,,,,,,,,,,,,,,,,,,,,,,,,,,,,,,,,,,,,,,,,,,,,,,,,,,,2442.6610345999998,2442.6637838999995,2442.6637838999995,2442.6637838999995,2442.6637838999995,2445.6628588000003,down,1,1.3918829000003825,0.136453199999778,,,,,,,,LP2804,001,2026-04-28_11h04.03.029,SEED,2024.2.5,None,2026-04-28 11h07.28.089256 +0100,
24,,,,,,,,,,,,3.15,52,52,0,,,,,,Scenes_Dataset/marina_A.jpg,"(600, 450)",Congruent,Objects_Dataset/sailor_hat.png,"(300, 250)",old,left,Objects_Dataset/rope.png,"(300, 248)","(300, -200)","(300, 200)",down,,,,,,,,,,,,,,,,,,,down,1,1.6911701999997604,0.11996799999997165,,,,,,,,,,,,,,,,,,,,,0,52,52,23,2445.6789849999996,,,,,,,,,,,,,,2445.6634986999998,2445.6789849999996,2447.9123713,2448.1634590000003,2448.836491,2448.8131092000003,,,,,,,,,,,,,,,,,,,,,,,,,,,,,,,,,,,,,,,,,,,,,,,,,,,,,,,,,,,,,,,,,,,,,,,,,,,,,,,,,,,,,,,,,,,,,,,,,,,,,,,,,,,,,,,,,,,,,,,,,,,,,,,,,,,,,,,,,,2448.8335755999997,2448.836491,2448.836491,2448.836491,2448.836491,2451.8295442999997,down,1,1.6911701999997604,0.11996799999997165,,,,,,,,LP2804,001,2026-04-28_11h04.03.029,SEED,2024.2.5,None,2026-04-28 11h07.28.089256 +0100,
15,,,,,,,,,,,,2.7,53,53,0,,,,,,Scenes_Dataset/river_A.jpg,"(600, 450)",Congruent,Objects_Dataset/kayak.png,"(450, 338)",old,left,Objects_Dataset/paddle.png,"(300, 299)","(300, -200)","(300, 200)",down,,,,,,,,,,,,,,,,,,,down,1,1.015198999999484,0.1277442999999039,,,,,,,,,,,,,,,,,,,,,0,53,53,14,2451.8459044,,,,,,,,,,,,,,2451.8303772,2451.8459044,2454.063169,2454.3127493,2454.5606097,2454.5297782,,,,,,,,,,,,,,,,,,,,,,,,,,,,,,,,,,,,,,,,,,,,,,,,,,,,,,,,,,,,,,,,,,,,,,,,,,,,,,,,,,,,,,,,,,,,,,,,,,,,,,,,,,,,,,,,,,,,,,,,,,,,,,,,,,,,,,,,,,2454.5545500999997,2454.5606097,2454.5606097,2454.5606097,2454.5606097,2457.5469137,down,1,1.015198999999484,0.1277442999999039,,,,,,,,LP2804,001,2026-04-28_11h04.03.029,SEED,2024.2.5,None,2026-04-28 11h07.28.089256 +0100,
29,,,,,,,,,,,,2.1,54,54,0,,,,,,Scenes_Dataset/pool_B.jpg,"(600, 450)",Congruent,Objects_Dataset/slippers.png,"(280, 300)",old,left,Objects_Dataset/bikini.png,"(350, 350)","(300, -200)","(300, 200)",down,,,,,,,,,,,,,,,,,,,down,1,0.8942391999999018,0.12797239999963494,,,,,,,,,,,,,,,,,,,,,0,54,54,28,2457.5626742000004,,,,,,,,,,,,,,2457.5477985999996,2457.5626742000004,2459.7794065999997,2460.0334200999996,2459.6627338,2460.0130989,,,,,,,,,,,,,,,,,,,,,,,,,,,,,,,,,,,,,,,,,,,,,,,,,,,,,,,,,,,,,,,,,,,,,,,,,,,,,,,,,,,,,,,,,,,,,,,,,,,,,,,,,,,,,,,,,,,,,,,,,,,,,,,,,,,,,,,,,,2460.0303574,2460.0334200999996,2460.0334200999996,2460.0334200999996,2460.0334200999996,2463.0296867999996,down,1,0.8942391999999018,0.12797239999963494,,,,,,,,LP2804,001,2026-04-28_11h04.03.029,SEED,2024.2.5,None,2026-04-28 11h07.28.089256 +0100,
54,,,,,,,,,,,,2.05,55,55,0,,,,,,Scenes_Dataset/campsite_A.jpg,"(600, 402)",Incongruent,Objects_Dataset/door_mat.png,"(300, 300)",old,left,Objects_Dataset/remote_control.png,"(300, 293)","(300, 200)","(300, -200)",up,,,,,,,,,,,,,,,,,,,up,1,1.56087320000006,0.14338279999992665,,,,,,,,,,,,,,,,,,,,,0,55,55,53,2463.0460593999996,,,,,,,,,,,,,,2463.0304499000003,2463.0460593999996,2465.2627662000004,2465.5194123,2465.0967521000002,2465.496983,,,,,,,,,,,,,,,,,,,,,,,,,,,,,,,,,,,,,,,,,,,,,,,,,,,,,,,,,,,,,,,,,,,,,,,,,,,,,,,,,,,,,,,,,,,,,,,,,,,,,,,,,,,,,,,,,,,,,,,,,,,,,,,,,,,,,,,,,,2465.5165929000004,2465.5194123,2465.5194123,2465.5194123,2465.5194123,2468.5133100000003,up,1,1.56087320000006,0.14338279999992665,,,,,,,,LP2804,001,2026-04-28_11h04.03.029,SEED,2024.2.5,None,2026-04-28 11h07.28.089256 +0100,
11,,,,,,,,,,,,2.5,56,56,0,,,,,,Scenes_Dataset/airplane_interior_A.jpg,"(600, 480)",Congruent,Objects_Dataset/oxygen_mask_retouched.png,"(300, 300)",old,left,Objects_Dataset/airplane_belt.png,"(300, 249)","(300, -200)","(300, 200)",down,,,,,,,,,,,,,,,,,,,down,1,0.8373787999998967,0.0958690999996179,,,,,,,,,,,,,,,,,,,,,0,56,56,10,2468.5295330999998,,,,,,,,,,,,,,2468.5140377999996,2468.5295330999998,2470.7462441999996,2470.9963820000003,2471.0423251,2471.0136025,,,,,,,,,,,,,,,,,,,,,,,,,,,,,,,,,,,,,,,,,,,,,,,,,,,,,,,,,,,,,,,,,,,,,,,,,,,,,,,,,,,,,,,,,,,,,,,,,,,,,,,,,,,,,,,,,,,,,,,,,,,,,,,,,,,,,,,,,,2471.0391548999996,2471.0423251,2471.0423251,2471.0423251,2471.0423251,2474.0157109,down,1,0.8373787999998967,0.0958690999996179,,,,,,,,LP2804,001,2026-04-28_11h04.03.029,SEED,2024.2.5,None,2026-04-28 11h07.28.089256 +0100,
41,,,,,,,,,,,,2.7,57,57,0,,,,,,Scenes_Dataset/attic_A.jpg,"(600, 400)",Incongruent,Objects_Dataset/ticket_machine.png,"(200, 300)",old,left,Objects_Dataset/cake_holder.png,"(300, 209)","(300, 200)","(300, -200)",up,,,,,,,,,,,,,,,,,,,up,1,2.200554799999736,0.09595600000011473,,,,,,,,,,,,,,,,,,,,,0,57,57,40,2474.0294673,,,,,,,,,,,,,,2474.0163430000002,2474.0294673,2476.2629166999996,2476.5149181999996,2476.7430439,2476.7137132999997,,,,,,,,,,,,,,,,,,,,,,,,,,,,,,,,,,,,,,,,,,,,,,,,,,,,,,,,,,,,,,,,,,,,,,,,,,,,,,,,,,,,,,,,,,,,,,,,,,,,,,,,,,,,,,,,,,,,,,,,,,,,,,,,,,,,,,,,,,2476.7396101000004,2476.7430439,2476.7430439,2476.7430439,2476.7430439,2479.7300023999996,up,1,2.200554799999736,0.09595600000011473,,,,,,,,LP2804,001,2026-04-28_11h04.03.029,SEED,2024.2.5,None,2026-04-28 11h07.28.089256 +0100,
52,,,,,,,,,,,,3.25,58,58,0,,,,,,Scenes_Dataset/parking_lot_A.jpg,"(600, 397)",Incongruent,Objects_Dataset/digital_piano_retouched.png,"(350, 350)",old,left,Objects_Dataset/toothbrush.png,"(300, 215)","(300, 200)","(300, -200)",up,,,,,,,,,,,,,,,,,,,up,1,2.1288296000002447,0.1123397000001205,,,,,,,,,,,,,,,,,,,,,0,58,58,51,2479.7465223,,,,,,,,,,,,,,2479.7308009999997,2479.7465223,2481.9631953,2482.2130731999996,2483.0066264999996,2482.9806838000004,,,,,,,,,,,,,,,,,,,,,,,,,,,,,,,,,,,,,,,,,,,,,,,,,,,,,,,,,,,,,,,,,,,,,,,,,,,,,,,,,,,,,,,,,,,,,,,,,,,,,,,,,,,,,,,,,,,,,,,,,,,,,,,,,,,,,,,,,,2483.003839,2483.0066264999996,2483.0066264999996,2483.0066264999996,2483.0066264999996,2485.9966968,up,1,2.1288296000002447,0.1123397000001205,,,,,,,,LP2804,001,2026-04-28_11h04.03.029,SEED,2024.2.5,None,2026-04-28 11h07.28.089256 +0100,
53,,,,,,,,,,,,2,59,59,0,,,,,,Scenes_Dataset/operating_room_A.jpg,"(600, 416)",Incongruent,Objects_Dataset/rope.png,"(300, 248)",old,left,Objects_Dataset/scooter_retouched.png,"(311, 350)","(300, 200)","(300, -200)",up,,,,,,,,,,,,,,,,,,,up,1,2.016403100000389,0.11197720000018307,,,,,,,,,,,,,,,,,,,,,0,59,59,52,2486.0131499,,,,,,,,,,,,,,2485.9974172,2486.0131499,2488.2303948,2488.4871346,2488.0133044000004,2488.4638482,,,,,,,,,,,,,,,,,,,,,,,,,,,,,,,,,,,,,,,,,,,,,,,,,,,,,,,,,,,,,,,,,,,,,,,,,,,,,,,,,,,,,,,,,,,,,,,,,,,,,,,,,,,,,,,,,,,,,,,,,,,,,,,,,,,,,,,,,,2488.4839961,2488.4871346,2488.4871346,2488.4871346,2488.4871346,2491.480439,up,1,2.016403100000389,0.11197720000018307,,,,,,,,LP2804,001,2026-04-28_11h04.03.029,SEED,2024.2.5,None,2026-04-28 11h07.28.089256 +0100,
,,,,,,,,,,,,,,,,,,,,,,,,,,,,,,,,,,,,,,,,,,,,,,,,,,,,,,,,,,,,,,,,,,,,,,,,,,,,,,,,,,,,,,,,,,,,,,,,,,,,,,,,,,,,,,,,,,,,,,,,,,,,,,,,,,,,,,,,,,,,,,,,,,,,,,,,,,,,,,,,,,,,,,,,,,,,,,,,,,,,,,,,,,,,,,,,,,,,,,,,,,,,,,,,,,,,,,,,,,,,,,,,,,,,,,,,,,,,,,,,,,,,,,,,,,2491.4809937,2491.4965420999997,2501.4656938999997,LP2804,001,2026-04-28_11h04.03.029,SEED,2024.2.5,None,2026-04-28 11h07.28.089256 +0100,
